guide_id,guide_title,case_key,from_guide_version_date,to_guide_version_date,to_snapshot_date,label,importance_level,case_articles,guide_article_targets,article_overlap,bm25_max_score,split,score_random,score_importance,score_article_overlap,score_bm25,score_importance+art,score_importance+bm25
0a61f8f7ceb0,Rights of LGBTI persons,apps:7246/20,2023-02-28,2023-08-31,2024-04-05,1,1,35|8,,0,8.66553804265912,dev,0.639427,1.0,0.0,8.665538,0.65,0.508251
0a61f8f7ceb0,Rights of LGBTI persons,apps:20081/19,2023-02-28,2023-08-31,2024-04-05,1,3,41|8,,0,6.281958705459182,dev,0.025011,0.3,0.0,6.281959,0.195,0.155982
0a61f8f7ceb0,Rights of LGBTI persons,apps:47833/20,2023-02-28,2023-08-31,2024-04-05,1,3,10|17|35,,0,4.495387298168112,dev,0.275029,0.3,0.0,4.495387,0.195,0.154281
0a61f8f7ceb0,Rights of LGBTI persons,apps:75135/14,2023-02-28,2023-08-31,2024-04-05,1,3,14|41|8,,0,3.004962453685442,dev,0.223211,0.3,0.0,3.004962,0.195,0.152861
0a61f8f7ceb0,Rights of LGBTI persons,apps:53568/18|54741/18,2023-02-28,2023-08-31,2024-04-05,1,1,35|8,,0,7.53566245514434,dev,0.736471,1.0,0.0,7.535662,0.65,0.507176
0a61f8f7ceb0,Rights of LGBTI persons,apps:54006/20,2023-02-28,2023-08-31,2024-04-05,1,3,35|41|8,,0,4.951185338681725,dev,0.676699,0.3,0.0,4.951185,0.195,0.154715
0a61f8f7ceb0,Rights of LGBTI persons,apps:11454/17,2023-08-31,2024-02-29,2024-06-13,1,3,35|41|8,,0,6.9254856594089,dev,0.89218,0.3,0.0,6.925486,0.195,0.156594
0a61f8f7ceb0,Rights of LGBTI persons,apps:58358/14,2023-08-31,2024-02-29,2024-06-13,1,3,11|14|3|34|38|41|46|5|58,,0,6.124744843436751,dev,0.086939,0.3,0.0,6.124745,0.195,0.155832
0a61f8f7ceb0,Rights of LGBTI persons,apps:49014/16,2024-02-29,2025-02-28,2025-06-12,1,3,14|41|58|8,,0,5.775209754728344,dev,0.421922,0.3,0.0,5.77521,0.195,0.155499
0a61f8f7ceb0,Rights of LGBTI persons,apps:8825/22|19130/22,2024-02-29,2025-02-28,2025-06-12,1,3,14|41|58|8,,0,9.156126525242765,dev,0.029797,0.3,0.0,9.156127,0.195,0.158719
0a61f8f7ceb0,Rights of LGBTI persons,apps:40861/22,2024-02-29,2025-02-28,2025-06-12,1,3,14|3|35|41|8,,0,4.558766400155224,dev,0.218638,0.3,0.0,4.558766,0.195,0.154341
0a61f8f7ceb0,Rights of LGBTI persons,apps:18179/17,2024-02-29,2025-02-28,2025-06-12,1,3,14|3|41,,0,5.804120134210505,dev,0.505355,0.3,0.0,5.80412,0.195,0.155527
0a61f8f7ceb0,Rights of LGBTI persons,apps:33421/16,2024-02-29,2025-02-28,2025-06-12,1,3,10|41|58|8,,0,5.087189282644227,dev,0.026536,0.3,0.0,5.087189,0.195,0.154844
0a61f8f7ceb0,Rights of LGBTI persons,apps:59180/15,2024-02-29,2025-02-28,2025-06-12,1,3,10|14|17|35|41|8,,0,6.488909969620955,dev,0.198838,0.3,0.0,6.48891,0.195,0.156179
0a61f8f7ceb0,Rights of LGBTI persons,apps:46808/16,2024-02-29,2025-02-28,2025-06-12,1,3,35|8,,0,8.090204787510222,dev,0.649884,0.3,0.0,8.090205,0.195,0.157704
0a61f8f7ceb0,Rights of LGBTI persons,apps:16206/19,2024-02-29,2025-02-28,2025-06-12,1,3,1|14|34|41|8,,0,5.087189282644227,dev,0.544941,0.3,0.0,5.087189,0.195,0.154844
0a61f8f7ceb0,Rights of LGBTI persons,apps:32678/18,2024-02-29,2025-02-28,2025-06-12,1,3,10|35|41|58,,0,12.123952646342708,dev,0.220441,0.3,0.0,12.123953,0.195,0.161544
0a61f8f7ceb0,Rights of LGBTI persons,apps:31842/20,2024-02-29,2025-02-28,2025-06-12,1,3,34|41|8,,0,7.385669151899383,dev,0.589266,0.3,0.0,7.385669,0.195,0.157033
0bd62693ae9f,Article 3 Protocol 1,apps:58811/18,2023-02-28,2024-02-29,2024-08-07,1,4,35|P1-3,P1-3,1,2.980588123703209,dev,0.80943,0.1,1.0,2.980588,0.415,0.052838
0bd62693ae9f,Article 3 Protocol 1,apps:68958/17,2023-02-28,2024-02-29,2024-08-07,1,3,P1-3,P1-3,1,3.3782613870439056,dev,0.006499,0.3,1.0,3.378261,0.545,0.153217
0bd62693ae9f,Article 3 Protocol 1,apps:24159/22|25751/22,2024-02-29,2024-08-31,2024-10-30,1,3,13|41|6|P1-3,P1-3,1,4.355392369050265,dev,0.805819,0.3,1.0,4.355392,0.545,0.154147
0bd62693ae9f,Article 3 Protocol 1,apps:55159/16,2024-02-29,2024-08-31,2024-10-30,1,3,35|P1-3,P1-3,1,3.186981657788266,dev,0.698139,0.3,1.0,3.186982,0.545,0.153035
0bd62693ae9f,Article 3 Protocol 1,apps:29780/20|33702/20|48537/20,2024-08-31,2025-08-31,2025-12-20,1,4,10|11|13|14|18|35|6|P1-3|P12-1,P1-3,1,10.296939582529667,test,0.340251,0.1,1.0,10.29694,0.415,0.059805
0bd62693ae9f,Article 3 Protocol 1,apps:32648/22,2024-08-31,2025-08-31,2025-12-20,1,3,11|41|58|P1-3,P1-3,1,1.3234148580928666,test,0.155479,0.3,1.0,1.323415,0.545,0.15126
0bd62693ae9f,Article 3 Protocol 1,apps:79340/16,2024-08-31,2025-08-31,2025-12-20,1,1,41|P1-3,P1-3,1,2.3170542925500044,test,0.957213,1.0,1.0,2.317054,1.0,0.502206
0faa41c7c031,Article 18,apps:6180/15,2023-02-28,2023-08-31,2024-02-17,1,3,41|5,18,0,2.1645846614349473,dev,0.336595,0.3,0.0,2.164585,0.195,0.152061
0faa41c7c031,Article 18,apps:54003/20,2023-02-28,2023-08-31,2024-02-17,1,3,18|38|41|58|8,18,1,4.160752515729816,dev,0.092746,0.3,1.0,4.160753,0.545,0.153962
0faa41c7c031,Article 18,apps:13668/21,2023-08-31,2024-02-29,2024-04-09,1,3,18|5,18,1,2.0996977637470087,dev,0.096716,0.3,1.0,2.099698,0.545,0.151999
0faa41c7c031,Article 18,apps:11027/22,2024-02-29,2025-02-28,2025-04-03,1,3,35|41|6,18,0,2.1085391682646777,dev,0.847494,0.3,0.0,2.108539,0.195,0.152008
0faa41c7c031,Article 18,apps:20958/14|38334/18,2024-02-29,2025-02-28,2025-04-03,1,1,1|10|11|14|15|17|18|2|3|35|38|46|5|58|6|7|8|9|P1-1|P1-2|P4-2,18,1,8.440887270288004,dev,0.603726,1.0,1.0,8.440887,1.0,0.508037
154b01c3289a,Article 34/35,apps:35511/20,2022-08-31,2023-02-28,2023-10-27,1,3,35|41|6|P1-1,34|35,1,11.326209661747384,dev,0.807128,0.3,1.0,11.32621,0.545,0.160785
154b01c3289a,Article 34/35,apps:24384/19|44234/20,2022-08-31,2023-02-28,2023-10-27,1,1,1|34|35|41|46|P4-3,34|35,1,15.760243819174757,dev,0.729732,1.0,1.0,15.760244,1.0,0.515007
154b01c3289a,Article 34/35,apps:976/20,2022-08-31,2023-02-28,2023-10-27,1,3,11|14|35,34|35,1,13.919916719143977,dev,0.536228,0.3,1.0,13.919917,0.545,0.163255
154b01c3289a,Article 34/35,apps:2809/18,2022-08-31,2023-02-28,2023-10-27,1,3,3|37|41|5,34|35,0,6.942180552110461,dev,0.973116,0.3,0.0,6.942181,0.195,0.15661
154b01c3289a,Article 34/35,apps:383/12,2022-08-31,2023-02-28,2023-10-27,1,3,10|34|41|8,34|35,1,13.376612910442223,dev,0.378534,0.3,1.0,13.376613,0.545,0.162737
154b01c3289a,Article 34/35,apps:23158/20,2022-08-31,2023-02-28,2023-10-27,1,3,11|35|41|6,34|35,1,10.33315432879812,dev,0.552041,0.3,1.0,10.333154,0.545,0.159839
154b01c3289a,Article 34/35,apps:38358/22,2022-08-31,2023-02-28,2023-10-27,1,1,35,34|35,1,6.936254154519954,dev,0.829405,1.0,1.0,6.936254,1.0,0.506605
154b01c3289a,Article 34/35,apps:26922/19,2022-08-31,2023-02-28,2023-10-27,1,3,13|14|35|P1-1,34|35,1,7.048883531752323,dev,0.61852,0.3,1.0,7.048884,0.545,0.156712
154b01c3289a,Article 34/35,apps:1210/10,2022-08-31,2023-02-28,2023-10-27,1,4,35|6,34|35,1,7.877471684831319,dev,0.861707,0.1,1.0,7.877472,0.415,0.057501
154b01c3289a,Article 34/35,apps:8019/16|43800/14|28525/20,2022-08-31,2023-02-28,2023-10-27,1,1,1|10|14|2|3|35|4|5|58|8|9|P1-1|P1-2|P1-3|P4-2,34|35,1,22.815779184600217,dev,0.577352,1.0,1.0,22.815779,1.0,0.521725
154b01c3289a,Article 34/35,apps:67259/14,2022-08-31,2023-02-28,2023-10-27,1,3,10|35|41|6,34|35,1,23.00391966227304,dev,0.704572,0.3,1.0,23.00392,0.545,0.171904
154b01c3289a,Article 34/35,apps:4188/21,2023-02-28,2023-08-31,2023-12-12,1,3,34,34|35,1,13.372519551749752,dev,0.045824,0.3,1.0,13.37252,0.545,0.162733
154b01c3289a,Article 34/35,apps:22515/14,2023-02-28,2023-08-31,2023-12-12,1,3,1|10|34|35|41|5|58,34|35,1,9.04011085250969,dev,0.227898,0.3,1.0,9.040111,0.545,0.158608
154b01c3289a,Article 34/35,apps:46412/21,2023-02-28,2023-08-31,2023-12-12,1,3,34|35|8,34|35,1,7.366051821682372,dev,0.289388,0.3,1.0,7.366052,0.545,0.157014
154b01c3289a,Article 34/35,apps:4704/19,2023-02-28,2023-08-31,2023-12-12,1,4,2|35,34|35,1,11.61337750246322,dev,0.079792,0.1,1.0,11.613378,0.415,0.061058
154b01c3289a,Article 34/35,apps:1574/12,2023-02-28,2023-08-31,2023-12-12,1,3,35|46|P1-1,34|35,1,13.871981585228303,dev,0.232791,0.3,1.0,13.871982,0.545,0.163209
154b01c3289a,Article 34/35,apps:52132/19,2023-02-28,2023-08-31,2023-12-12,1,3,34|35|6,34|35,1,8.291624321559507,dev,0.101001,0.3,1.0,8.291624,0.545,0.157895
154b01c3289a,Article 34/35,apps:2394/22,2023-02-28,2023-08-31,2023-12-12,1,3,19|35|6|P1-1,34|35,1,9.762135091038441,dev,0.277974,0.3,1.0,9.762135,0.545,0.159296
154b01c3289a,Article 34/35,apps:24827/14,2023-02-28,2023-08-31,2023-12-12,1,1,35|6|P1-1,34|35,1,12.308406842172301,dev,0.635684,1.0,1.0,12.308407,1.0,0.51172
154b01c3289a,Article 34/35,apps:19750/13,2023-02-28,2023-08-31,2023-12-12,1,1,35|6|P7-2,34|35,1,11.175290044191227,dev,0.364832,1.0,1.0,11.17529,1.0,0.510641
154b01c3289a,Article 34/35,apps:48345/12,2023-02-28,2023-08-31,2023-12-12,1,4,6,34|35,0,5.953438388525727,dev,0.370181,0.1,0.0,5.953438,0.065,0.055669
154b01c3289a,Article 34/35,apps:53030/19,2023-02-28,2023-08-31,2023-12-12,1,3,35|41|6,34|35,1,9.51846032401945,dev,0.209507,0.3,1.0,9.51846,0.545,0.159064
154b01c3289a,Article 34/35,apps:29999/04|41424/04,2023-02-28,2023-08-31,2023-12-12,1,3,1|3|34|35|41|5|58|6,34|35,1,11.339582222120491,dev,0.266978,0.3,1.0,11.339582,0.545,0.160798
154b01c3289a,Article 34/35,apps:27094/20,2023-02-28,2023-08-31,2023-12-12,1,3,12|14|34|35|41|8,34|35,1,6.985805558654935,dev,0.936655,0.3,1.0,6.985806,0.545,0.156652
154b01c3289a,Article 34/35,apps:22060/20,2023-02-28,2023-08-31,2023-12-12,1,3,35|41|6,34|35,1,5.473573062859175,dev,0.648035,0.3,1.0,5.473573,0.545,0.155212
154b01c3289a,Article 34/35,apps:54421/21,2023-02-28,2023-08-31,2023-12-12,1,3,13|35|6,34|35,1,8.219824289841661,dev,0.609131,0.3,1.0,8.219824,0.545,0.157827
154b01c3289a,Article 34/35,apps:2758/05,2023-02-28,2023-08-31,2023-12-12,1,4,10|3|5|6|7,34|35,0,10.468527583157556,dev,0.171139,0.1,0.0,10.468528,0.065,0.059968
154b01c3289a,Article 34/35,name:van oosterwijck v belgium::1980,2023-02-28,2023-08-31,2023-12-12,1,2,35,34|35,1,9.53115178745931,dev,0.729127,0.8,1.0,9.531152,0.87,0.409076
154b01c3289a,Article 34/35,apps:24382/15,2023-08-31,2024-08-31,2025-01-26,1,3,35|6,34|35,1,11.109761467920624,dev,0.163402,0.3,1.0,11.109761,0.545,0.160579
154b01c3289a,Article 34/35,apps:38692/16,2023-08-31,2024-08-31,2025-01-26,1,4,35|P7-5,34|35,1,11.059102846950132,dev,0.379455,0.1,1.0,11.059103,0.415,0.060531
154b01c3289a,Article 34/35,apps:9987/14,2023-08-31,2024-08-31,2025-01-26,1,4,11|35|6,34|35,1,7.003826783439498,dev,0.989523,0.1,1.0,7.003827,0.415,0.056669
154b01c3289a,Article 34/35,apps:37364/10,2023-08-31,2024-08-31,2025-01-26,1,3,34|35,34|35,1,7.644183271778803,dev,0.64,0.3,1.0,7.644183,0.545,0.157279
154b01c3289a,Article 34/35,apps:7189/21,2023-08-31,2024-08-31,2025-01-26,1,1,2|34|35|8,34|35,1,8.162347949088083,dev,0.55695,1.0,1.0,8.162348,1.0,0.507772
154b01c3289a,Article 34/35,apps:18536/18,2023-08-31,2024-08-31,2025-01-26,1,4,10|13|35|8,34|35,1,14.356445202647821,dev,0.684614,0.1,1.0,14.356445,0.415,0.06367
154b01c3289a,Article 34/35,apps:33050/18,2023-08-31,2024-08-31,2025-01-26,1,3,3|35|41|5,34|35,1,9.982247250803008,dev,0.842852,0.3,1.0,9.982247,0.545,0.159505
154b01c3289a,Article 34/35,apps:24159/22|25751/22,2023-08-31,2024-08-31,2025-01-26,1,3,13|41|6|P1-3,34|35,0,10.010731206380555,dev,0.776,0.3,0.0,10.010731,0.195,0.159532
154b01c3289a,Article 34/35,apps:2059/16,2023-08-31,2024-08-31,2025-01-26,1,4,10|11|18|37|6,34|35,0,12.79663355356487,dev,0.229048,0.1,0.0,12.796634,0.065,0.062185
154b01c3289a,Article 34/35,apps:32439/19,2023-08-31,2024-08-31,2025-01-26,1,3,13|3|35|41,34|35,1,9.556320779994659,dev,0.0321,0.3,1.0,9.556321,0.545,0.1591
154b01c3289a,Article 34/35,apps:31592/18,2023-08-31,2024-08-31,2025-01-26,1,4,5,34|35,0,8.469131842725222,dev,0.315453,0.1,0.0,8.469132,0.065,0.058064
154b01c3289a,Article 34/35,apps:21714/22,2023-08-31,2024-08-31,2025-01-26,1,3,17|35|6,34|35,1,6.5308337524658295,dev,0.267741,0.3,1.0,6.530834,0.545,0.156219
154b01c3289a,Article 34/35,apps:3324/19,2023-08-31,2024-08-31,2025-01-26,1,3,35|41|46|6,34|35,1,11.558278858731741,dev,0.210983,0.3,1.0,11.558279,0.545,0.161006
154b01c3289a,Article 34/35,apps:14139/21,2023-08-31,2024-08-31,2025-01-26,1,3,10|3|35|41|5|6|8|P1-1,34|35,1,4.976843292731029,dev,0.94291,0.3,1.0,4.976843,0.545,0.154739
154b01c3289a,Article 34/35,apps:42126/15|42127/15,2023-08-31,2024-08-31,2025-01-26,1,3,1|35|41|5|58|6,34|35,1,19.639781497984877,dev,0.876368,0.3,1.0,19.639781,0.545,0.168701
154b01c3289a,Article 34/35,apps:56551/11,2023-08-31,2024-08-31,2025-01-26,1,4,,34|35,0,8.133337083871092,dev,0.314678,0.1,0.0,8.133337,0.065,0.057745
154b01c3289a,Article 34/35,apps:17131/19,2023-08-31,2024-08-31,2025-01-26,1,3,3|34|35|41|6|8|P1-1,34|35,1,9.556320779994659,dev,0.655439,0.3,1.0,9.556321,0.545,0.1591
154b01c3289a,Article 34/35,apps:48998/14,2023-08-31,2024-08-31,2025-01-26,1,3,1|13|2|35|41,34|35,1,6.78894892740673,dev,0.395632,0.3,1.0,6.788949,0.545,0.156464
154b01c3289a,Article 34/35,apps:49812/09,2023-08-31,2024-08-31,2025-01-26,1,1,41|6,34|35,0,12.137100724649432,dev,0.914548,1.0,0.0,12.137101,0.65,0.511557
154b01c3289a,Article 34/35,apps:53600/20,2023-08-31,2024-08-31,2025-01-26,1,1,1|19|2|34|35|46|6|8,34|35,1,16.77147809434568,dev,0.458852,1.0,1.0,16.771478,1.0,0.51597
154b01c3289a,Article 34/35,apps:14179/21,2023-08-31,2024-08-31,2025-01-26,1,,,34|35,0,4.77629861871241,dev,0.26488,0.2,0.0,4.776299,0.13,0.104548
154b01c3289a,Article 34/35,apps:41701/16,2023-08-31,2024-08-31,2025-01-26,1,3,41|8,34|35,0,13.101258837476827,dev,0.246628,0.3,0.0,13.101259,0.195,0.162475
154b01c3289a,Article 34/35,apps:21881/20,2024-08-31,2024-08-31,2025-04-13,1,3,11|15|35|41,34|35,1,8.671022374073836,dev,0.561368,0.3,1.0,8.671022,0.545,0.158257
154b01c3289a,Article 34/35,apps:58358/14,2024-08-31,2024-08-31,2025-04-13,1,3,11|14|3|34|38|41|46|5|58,34|35,1,11.087280070064958,dev,0.262742,0.3,1.0,11.08728,0.545,0.160557
154b01c3289a,Article 34/35,apps:40519/15,2024-08-31,2025-02-28,2025-06-04,1,3,35|41|8,34|35,1,7.001040926662885,dev,0.584586,0.3,1.0,7.001041,0.545,0.156666
154b01c3289a,Article 34/35,apps:25373/16,2024-08-31,2025-02-28,2025-06-04,1,3,14|41|6|8,34|35,0,11.742189962533253,dev,0.897823,0.3,0.0,11.74219,0.195,0.161181
154b01c3289a,Article 34/35,apps:32806/09,2024-08-31,2025-02-28,2025-06-04,1,4,6,34|35,0,2.805289518095201,dev,0.399401,0.1,0.0,2.80529,0.065,0.052671
154b01c3289a,Article 34/35,apps:12058/21,2024-08-31,2025-02-28,2025-06-04,1,3,3|34|35|41|5,34|35,1,9.394900046512664,dev,0.219321,0.3,1.0,9.3949,0.545,0.158946
154b01c3289a,Article 34/35,apps:25344/20,2024-08-31,2025-02-28,2025-06-04,1,3,1|10|35|41|5,34|35,1,10.23015931699235,dev,0.997538,0.3,1.0,10.230159,0.545,0.159741
154b01c3289a,Article 34/35,apps:13337/19,2024-08-31,2025-02-28,2025-06-04,1,3,3|41|5,34|35,0,10.825471607209558,dev,0.509526,0.3,0.0,10.825472,0.195,0.160308
154b01c3289a,Article 34/35,apps:16974/14,2024-08-31,2025-02-28,2025-06-04,1,3,41|8,34|35,0,5.263335891186725,dev,0.090909,0.3,0.0,5.263336,0.195,0.155012
154b01c3289a,Article 34/35,apps:56658/22,2024-08-31,2025-02-28,2025-06-04,1,3,35|6,34|35,1,6.673909152549785,dev,0.047116,0.3,1.0,6.673909,0.545,0.156355
154b01c3289a,Article 34/35,apps:10103/20,2024-08-31,2025-02-28,2025-06-04,1,3,10,34|35,0,6.484406762909606,dev,0.109649,0.3,0.0,6.484407,0.195,0.156174
154b01c3289a,Article 34/35,apps:64387/14,2024-08-31,2025-02-28,2025-06-04,1,3,34|35|41|46|6|P1-1,34|35,1,10.662715778903713,dev,0.627446,0.3,1.0,10.662716,0.545,0.160153
154b01c3289a,Article 34/35,apps:15830/16,2024-08-31,2025-02-28,2025-06-04,1,4,6|P1-1,34|35,0,5.359134364996079,dev,0.792079,0.1,0.0,5.359134,0.065,0.055103
154b01c3289a,Article 34/35,apps:29582/09,2024-08-31,2025-02-28,2025-06-04,1,1,11|35,34|35,1,12.838488260616325,dev,0.42216,1.0,1.0,12.838488,1.0,0.512225
154b01c3289a,Article 34/35,apps:55737/16,2025-02-28,2025-08-31,2025-12-02,1,3,34|41|5,34|35,1,5.647284322144493,test,0.063528,0.3,1.0,5.647284,0.545,0.155377
154b01c3289a,Article 34/35,apps:65087/19,2025-02-28,2025-08-31,2025-12-02,1,3,35|6,34|35,1,11.62873397733724,test,0.381619,0.3,1.0,11.628734,0.545,0.161073
154b01c3289a,Article 34/35,apps:17710/15,2025-02-28,2025-08-31,2025-12-02,1,3,3|34|41,34|35,1,6.079511082002437,test,0.996121,0.3,1.0,6.079511,0.545,0.155789
154b01c3289a,Article 34/35,apps:7535/21|58894/21,2025-02-28,2025-08-31,2025-12-02,1,4,3|37|6,34|35,0,14.038575451331074,test,0.529114,0.1,0.0,14.038575,0.065,0.063368
154b01c3289a,Article 34/35,apps:2474/21,2025-02-28,2025-08-31,2025-12-02,1,3,2|34|35,34|35,1,8.393197067762127,test,0.971078,0.3,1.0,8.393197,0.545,0.157992
154b01c3289a,Article 34/35,apps:3473/19,2025-02-28,2025-08-31,2025-12-02,1,4,35|6,34|35,1,11.45990779004747,test,0.86078,0.1,1.0,11.459908,0.415,0.060912
154b01c3289a,Article 34/35,apps:13959/20,2025-02-28,2025-08-31,2025-12-02,1,3,35|41|P1-1,34|35,1,11.485142750292727,test,0.011481,0.3,1.0,11.485143,0.545,0.160936
154b01c3289a,Article 34/35,apps:59144/16,2025-02-28,2025-08-31,2025-12-02,1,3,35|41|8,34|35,1,10.58091750511958,test,0.720722,0.3,1.0,10.580918,0.545,0.160075
154b01c3289a,Article 34/35,apps:29791/21,2025-02-28,2025-08-31,2025-12-02,1,3,10|11|34,34|35,1,11.171452153057265,test,0.68171,0.3,1.0,11.171452,0.545,0.160638
154b01c3289a,Article 34/35,apps:56605/19|25424/23,2025-02-28,2025-08-31,2025-12-02,1,3,35|P1-1,34|35,1,11.862224898972231,test,0.53697,0.3,1.0,11.862225,0.545,0.161295
154b01c3289a,Article 34/35,apps:3613/19,2025-02-28,2025-08-31,2025-12-02,1,4,35|6,34|35,1,7.918533132177634,test,0.266825,0.1,1.0,7.918533,0.415,0.05754
154b01c3289a,Article 34/35,apps:63386/16,2025-02-28,2025-08-31,2025-12-02,1,1,1|3|35,34|35,1,8.080319938269938,test,0.640962,1.0,1.0,8.08032,1.0,0.507694
154b01c3289a,Article 34/35,apps:75000/17,2025-02-28,2025-08-31,2025-12-02,1,3,10|34|41|58|8,34|35,1,10.069729037791754,test,0.111552,0.3,1.0,10.069729,0.545,0.159588
154b01c3289a,Article 34/35,apps:12908/23|24544/23,2025-02-28,2025-08-31,2025-12-02,1,4,35|8,34|35,1,16.534414854943936,test,0.434765,0.1,1.0,16.534415,0.415,0.065744
154b01c3289a,Article 34/35,apps:30085/13,2025-02-28,2025-08-31,2025-12-02,1,3,34|41|6|P1-1,34|35,1,10.695923064285747,test,0.453724,0.3,1.0,10.695923,0.545,0.160185
154b01c3289a,Article 34/35,apps:13609/20,2025-02-28,2025-08-31,2025-12-02,1,3,11|18|35|41|46|5,34|35,1,13.269767474758245,test,0.953816,0.3,1.0,13.269767,0.545,0.162636
154b01c3289a,Article 34/35,apps:10934/21,2025-02-28,2025-08-31,2025-12-02,1,3,1|13|14|35|8,34|35,1,7.481165241310513,test,0.875853,0.3,1.0,7.481165,0.545,0.157124
154b01c3289a,Article 34/35,apps:79549/16,2025-02-28,2025-08-31,2025-12-02,1,4,35|P1-2,34|35,1,8.490849413641081,test,0.263389,0.1,1.0,8.490849,0.415,0.058085
154b01c3289a,Article 34/35,apps:76634/16,2025-02-28,2025-08-31,2025-12-02,1,3,41|7,34|35,0,7.5531613279173815,test,0.500586,0.3,0.0,7.553161,0.195,0.157192
1900da194ee4,Article 10,apps:20725/20,2023-02-28,2024-02-29,2024-09-30,1,3,10|41,10,1,7.6026570068182275,dev,0.178652,0.3,1.0,7.602657,0.545,0.157239
1900da194ee4,Article 10,apps:39822/98,2023-02-28,2024-02-29,2024-09-30,1,4,10|6|7|9,10,1,9.14934454115792,dev,0.912628,0.1,1.0,9.149345,0.415,0.058712
1900da194ee4,Article 10,apps:30655/09,2023-02-28,2024-02-29,2024-09-30,1,4,10,10,1,4.063629747831992,dev,0.870519,0.1,1.0,4.06363,0.415,0.053869
1900da194ee4,Article 10,apps:20755/08,2023-02-28,2024-02-29,2024-09-30,1,3,10|41|8,10,1,8.141247271976713,dev,0.298445,0.3,1.0,8.141247,0.545,0.157752
1900da194ee4,Article 10,apps:28369/07,2023-02-28,2024-02-29,2024-09-30,1,4,10|14|6|9,10,1,7.283668589396097,dev,0.638949,0.1,1.0,7.283669,0.415,0.056936
1900da194ee4,Article 10,apps:49001/07,2023-02-28,2024-02-29,2024-09-30,1,4,10,10,1,5.04756440511668,dev,0.60897,0.1,1.0,5.047564,0.415,0.054806
1900da194ee4,Article 10,apps:77419/16,2023-02-28,2024-02-29,2024-09-30,1,1,10|8,10,1,5.210990924175018,dev,0.152839,1.0,1.0,5.210991,1.0,0.504962
1900da194ee4,Article 10,apps:9602/18,2023-02-28,2024-02-29,2024-09-30,1,3,10|8,10,1,11.746026660378126,dev,0.762511,0.3,1.0,11.746027,0.545,0.161185
1900da194ee4,Article 10,apps:13003/04,2023-02-28,2024-02-29,2024-09-30,1,3,10,10,1,6.580905873029316,dev,0.539379,0.3,1.0,6.580906,0.545,0.156266
1900da194ee4,Article 10,apps:48340/20,2023-02-28,2024-02-29,2024-09-30,1,3,10|41,10,1,5.243138718639205,dev,0.778626,0.3,1.0,5.243139,0.545,0.154993
1900da194ee4,Article 10,apps:15158/19,2023-02-28,2024-02-29,2024-09-30,1,3,10|35|41,10,1,6.253131003711614,dev,0.530354,0.3,1.0,6.253131,0.545,0.155954
1900da194ee4,Article 10,apps:84048/17|84051/17,2023-02-28,2024-02-29,2024-09-30,1,3,10|41,10,1,13.744612348141501,dev,0.000572,0.3,1.0,13.744612,0.545,0.163088
1900da194ee4,Article 10,apps:27926/21,2023-02-28,2024-02-29,2024-09-30,1,3,10|41|8,10,1,5.896483606037135,dev,0.324156,0.3,1.0,5.896484,0.545,0.155615
1900da194ee4,Article 10,apps:30237/18,2023-02-28,2024-02-29,2024-09-30,1,4,10|35|5,10,1,8.8771218670365,dev,0.019477,0.1,1.0,8.877122,0.415,0.058453
1900da194ee4,Article 10,apps:67783/13,2023-02-28,2024-02-29,2024-09-30,1,3,10|41,10,1,6.8737529171178515,dev,0.929099,0.3,1.0,6.873753,0.545,0.156545
1900da194ee4,Article 10,apps:1519/20,2023-02-28,2024-02-29,2024-09-30,1,1,10|41|58|8,10,1,6.6775237313932765,dev,0.878722,1.0,1.0,6.677524,1.0,0.506358
1900da194ee4,Article 10,apps:48135/08,2023-02-28,2024-02-29,2024-09-30,1,4,10|6,10,1,5.04756440511668,dev,0.831666,0.1,1.0,5.047564,0.415,0.054806
1900da194ee4,Article 10,apps:965/12,2023-02-28,2024-02-29,2024-09-30,1,3,10|41,10,1,6.713661634542122,dev,0.307514,0.3,1.0,6.713662,0.545,0.156393
1900da194ee4,Article 10,apps:57292/16,2023-02-28,2024-02-29,2024-09-30,1,1,10,10,1,8.085252723167253,dev,0.057925,1.0,1.0,8.085253,1.0,0.507699
1900da194ee4,Article 10,apps:8696/09,2023-02-28,2024-02-29,2024-09-30,1,4,10|11|14|35|8,10,1,6.486341372197694,dev,0.87801,0.1,1.0,6.486341,0.415,0.056176
1900da194ee4,Article 10,apps:25285/15,2023-02-28,2024-02-29,2024-09-30,1,4,5,10,0,8.026759952468607,dev,0.946949,0.1,0.0,8.02676,0.065,0.057643
1900da194ee4,Article 10,apps:9406/05,2023-02-28,2024-02-29,2024-09-30,1,4,10,10,1,3.2804180777587693,dev,0.085653,0.1,1.0,3.280418,0.415,0.053124
1900da194ee4,Article 10,apps:64659/11|24133/13,2023-02-28,2024-02-29,2024-09-30,1,4,10,10,1,15.730206921878038,dev,0.48599,0.1,1.0,15.730207,0.415,0.064978
1900da194ee4,Article 10,apps:26360/19,2023-02-28,2024-02-29,2024-09-30,1,3,10|35|41,10,1,19.224596603590697,dev,0.069213,0.3,1.0,19.224597,0.545,0.168306
1900da194ee4,Article 10,apps:36705/16,2023-02-28,2024-02-29,2024-09-30,1,3,35|41|8,10,0,5.660635036811051,dev,0.760602,0.3,0.0,5.660635,0.195,0.15539
1900da194ee4,Article 10,apps:51706/11,2023-02-28,2024-02-29,2024-09-30,1,3,10|35|41,10,1,8.22142460456396,dev,0.765834,0.3,1.0,8.221425,0.545,0.157828
1900da194ee4,Article 10,apps:45066/17,2023-02-28,2024-02-29,2024-09-30,1,3,10|8,10,1,9.099838512106796,dev,0.128391,0.3,1.0,9.099839,0.545,0.158665
1900da194ee4,Article 10,apps:24108/15,2023-02-28,2024-02-29,2024-09-30,1,3,10|41,10,1,7.703470724169245,dev,0.475282,0.3,1.0,7.703471,0.545,0.157335
1900da194ee4,Article 10,apps:40072/13,2023-02-28,2024-02-29,2024-09-30,1,3,10|18|35|6,10,1,6.157188388977286,dev,0.549804,0.3,1.0,6.157188,0.545,0.155863
1900da194ee4,Article 10,apps:80857/17,2023-02-28,2024-02-29,2024-09-30,1,3,10|35|6,10,1,11.485510983055327,dev,0.265057,0.3,1.0,11.485511,0.545,0.160937
1900da194ee4,Article 10,apps:27574/02,2023-02-28,2024-02-29,2024-09-30,1,3,10|11|14,10,1,5.636624633632962,dev,0.872433,0.3,1.0,5.636625,0.545,0.155367
1900da194ee4,Article 10,apps:28955/06|28957/06|28959/06|28964/06,2023-02-28,2024-02-29,2024-09-30,1,1,10,10,1,22.236491067446416,dev,0.423138,1.0,1.0,22.236491,1.0,0.521174
1900da194ee4,Article 10,apps:64209/01,2023-02-28,2024-02-29,2024-09-30,1,3,10|13|29|34|35|41|6|8,10,1,5.9052951342645486,dev,0.211798,0.3,1.0,5.905295,0.545,0.155623
1900da194ee4,Article 10,apps:39793/98,2023-02-28,2024-02-29,2024-09-30,1,1,10|14|6,10,1,7.04058266352094,dev,0.539296,1.0,1.0,7.040583,1.0,0.506704
1900da194ee4,Article 10,apps:67369/16,2023-02-28,2024-02-29,2024-09-30,1,3,10|41,10,1,9.421237735770301,dev,0.729931,0.3,1.0,9.421238,0.545,0.158971
1900da194ee4,Article 10,apps:23443/23,2023-02-28,2024-02-29,2024-09-30,1,4,10|35,10,1,6.524201501120833,dev,0.201151,0.1,1.0,6.524202,0.415,0.056212
1900da194ee4,Article 10,apps:5420/16,2023-02-28,2024-02-29,2024-09-30,1,3,10|41,10,1,4.691193140848796,dev,0.311716,0.3,1.0,4.691193,0.545,0.154467
1900da194ee4,Article 10,apps:57942/10,2023-02-28,2024-02-29,2024-09-30,1,3,10|35,10,1,8.885779640192705,dev,0.995149,0.3,1.0,8.88578,0.545,0.158461
1900da194ee4,Article 10,apps:45581/15,2023-02-28,2024-02-29,2024-09-30,1,1,10,10,1,9.400986854381701,dev,0.649878,1.0,1.0,9.400987,1.0,0.508952
1900da194ee4,Article 10,apps:18287/18,2023-02-28,2024-02-29,2024-09-30,1,3,10,10,1,7.485461088069586,dev,0.4381,0.3,1.0,7.485461,0.545,0.157128
1900da194ee4,Article 10,apps:29856/13,2023-02-28,2024-02-29,2024-09-30,1,3,10|41|8,10,1,21.812060113503435,dev,0.517576,0.3,1.0,21.81206,0.545,0.17077
1900da194ee4,Article 10,apps:11002/07,2023-02-28,2024-02-29,2024-09-30,1,4,10|35,10,1,5.3402369071008,dev,0.121004,0.1,1.0,5.340237,0.415,0.055085
1900da194ee4,Article 10,apps:20422/15,2023-02-28,2024-02-29,2024-09-30,1,3,10|P1-3,10,1,7.703470724169245,dev,0.224697,0.3,1.0,7.703471,0.545,0.157335
1900da194ee4,Article 10,apps:46396/14,2023-02-28,2024-02-29,2024-09-30,1,3,10|41,10,1,6.155935036807893,dev,0.338086,0.3,1.0,6.155935,0.545,0.155862
1900da194ee4,Article 10,apps:36658/18,2023-02-28,2024-02-29,2024-09-30,1,3,10|17|35,10,1,9.606206556860949,dev,0.588309,0.3,1.0,9.606207,0.545,0.159147
1900da194ee4,Article 10,apps:20007/22,2024-02-29,2024-08-31,2025-01-15,1,3,10|2|8,10,1,6.162577855882903,dev,0.230115,0.3,1.0,6.162578,0.545,0.155868
1900da194ee4,Article 10,apps:2933/03,2024-02-29,2024-08-31,2025-01-15,1,2,10|41,10,1,2.727102695353872,dev,0.220217,0.8,1.0,2.727103,0.87,0.402597
1900da194ee4,Article 10,apps:15028/16,2024-02-29,2024-08-31,2025-01-15,1,3,10|41,10,1,6.715597021710845,dev,0.070993,0.3,1.0,6.715597,0.545,0.156395
1900da194ee4,Article 10,apps:12174/22,2024-02-29,2024-08-31,2025-01-15,1,4,10|14|35|P1-1,10,1,6.162577855882903,dev,0.631103,0.1,1.0,6.162578,0.415,0.055868
1900da194ee4,Article 10,apps:36681/23,2024-02-29,2024-08-31,2025-01-15,1,3,10|41,10,1,7.211804896225802,dev,0.228942,0.3,1.0,7.211805,0.545,0.156867
1900da194ee4,Article 10,apps:15076/17,2024-02-29,2024-08-31,2025-01-15,1,3,10|41|8,10,1,7.843412513282354,dev,0.90542,0.3,1.0,7.843413,0.545,0.157469
1900da194ee4,Article 10,apps:13801/07,2024-02-29,2024-08-31,2025-01-15,1,4,10|6,10,1,8.032793501084946,dev,0.859635,0.1,1.0,8.032794,0.415,0.057649
1900da194ee4,Article 10,apps:15450/03,2024-02-29,2024-08-31,2025-01-15,1,3,10|35|41,10,1,8.558832163044686,dev,0.070857,0.3,1.0,8.558832,0.545,0.15815
1900da194ee4,Article 10,apps:42442/08,2024-02-29,2024-08-31,2025-01-15,1,4,10|35|6|8,10,1,9.71858566714993,dev,0.238005,0.1,1.0,9.718586,0.415,0.059254
1900da194ee4,Article 10,apps:15379/13,2024-02-29,2024-08-31,2025-01-15,1,3,10|41,10,1,18.573443170890506,dev,0.668978,0.3,1.0,18.573443,0.545,0.167686
1900da194ee4,Article 10,apps:44230/06,2024-02-29,2024-08-31,2025-01-15,1,1,10|11|13|35,10,1,6.146254498177089,dev,0.214237,1.0,1.0,6.146254,1.0,0.505852
1900da194ee4,Article 10,apps:56138/18,2024-02-29,2024-08-31,2025-01-15,1,3,10|41,10,1,9.372735736111617,dev,0.132312,0.3,1.0,9.372736,0.545,0.158925
1900da194ee4,Article 10,apps:26826/16,2024-02-29,2024-08-31,2025-01-15,1,3,10|35|41,10,1,26.667076087974806,dev,0.935514,0.3,1.0,26.667076,0.545,0.175393
1900da194ee4,Article 10,apps:42982/08,2024-02-29,2024-08-31,2025-01-15,1,4,10|35,10,1,8.524041846169867,dev,0.571043,0.1,1.0,8.524042,0.415,0.058117
1900da194ee4,Article 10,apps:10103/20,2024-02-29,2024-08-31,2025-01-15,1,3,10,10,1,6.908757195519816,dev,0.472671,0.3,1.0,6.908757,0.545,0.156579
1900da194ee4,Article 10,apps:58029/12,2024-02-29,2024-08-31,2025-01-15,1,4,10,10,1,10.1149690264626,dev,0.784619,0.1,1.0,10.114969,0.415,0.059632
1900da194ee4,Article 10,apps:41675/12,2024-08-31,2025-02-28,2025-09-18,1,3,10|41,10,1,6.356031912833031,dev,0.807497,0.3,1.0,6.356032,0.545,0.156052
1900da194ee4,Article 10,apps:1847/21,2024-08-31,2025-02-28,2025-09-18,1,3,10|41,10,1,6.807271197705472,dev,0.19041,0.3,1.0,6.807271,0.545,0.156482
1900da194ee4,Article 10,apps:44306/98,2024-08-31,2025-02-28,2025-09-18,1,1,10|11|13,10,1,11.607982126075918,dev,0.096931,1.0,1.0,11.607982,1.0,0.511053
1900da194ee4,Article 10,apps:4110/20,2024-08-31,2025-02-28,2025-09-18,1,3,10,10,1,6.291743663033712,dev,0.431051,0.3,1.0,6.291744,0.545,0.155991
1900da194ee4,Article 10,apps:11575/24,2024-08-31,2025-02-28,2025-09-18,1,4,10|35|8,10,1,7.4862631998657925,dev,0.423579,0.1,1.0,7.486263,0.415,0.057128
1900da194ee4,Article 10,apps:29780/20,2024-08-31,2025-02-28,2025-09-18,1,4,10|11|13|14|18|35|6|P1-3|P12-1,10,1,12.079587956794061,dev,0.467025,0.1,1.0,12.079588,0.415,0.061502
1900da194ee4,Article 10,apps:24738/19,2024-08-31,2025-02-28,2025-09-18,1,3,10,10,1,10.233376704953011,dev,0.729076,0.3,1.0,10.233377,0.545,0.159744
1900da194ee4,Article 10,apps:39446/16,2024-08-31,2025-02-28,2025-09-18,1,3,10|11|35|41|58|8,10,1,7.884866265942607,dev,0.673365,0.3,1.0,7.884866,0.545,0.157508
1900da194ee4,Article 10,apps:257/12,2024-08-31,2025-02-28,2025-09-18,1,3,10|39|41,10,1,19.31236035334692,dev,0.984165,0.3,1.0,19.31236,0.545,0.168389
1900da194ee4,Article 10,apps:56310/15,2024-08-31,2025-02-28,2025-09-18,1,4,10,10,1,7.584287401751877,dev,0.098418,0.1,1.0,7.584287,0.415,0.057222
1900da194ee4,Article 10,apps:28955/06,2024-08-31,2025-02-28,2025-09-18,1,1,10,10,1,19.15570181134205,dev,0.402621,1.0,1.0,19.155702,1.0,0.51824
1900da194ee4,Article 10,apps:32678/18,2024-08-31,2025-02-28,2025-09-18,1,3,10|35|41|58,10,1,11.781274934032293,dev,0.339303,0.3,1.0,11.781275,0.545,0.161218
1900da194ee4,Article 10,apps:28955/06|28957/06|28959/06|28964/06,2024-08-31,2025-02-28,2025-09-18,1,1,10,10,1,19.15570181134205,dev,0.861673,1.0,1.0,19.155702,1.0,0.51824
1b1f8de345be,Article 1 Protocol 1,apps:22619/14,2023-02-28,2023-08-31,2024-02-17,1,3,35|41|8,P1-1,0,7.38716736466789,dev,0.248656,0.3,0.0,7.387167,0.195,0.157034
1b1f8de345be,Article 1 Protocol 1,apps:37706/17,2023-02-28,2023-08-31,2024-02-17,1,3,35|41|P1-1,P1-1,1,8.5710205787068,dev,0.190209,0.3,1.0,8.571021,0.545,0.158161
1b1f8de345be,Article 1 Protocol 1,apps:61721/19|5496/20|21318/20|33522/20|43039/20|55448/20,2023-02-28,2023-08-31,2024-02-17,1,3,35|6|P1-1,P1-1,1,30.68144070937044,dev,0.448614,0.3,1.0,30.681441,0.545,0.179215
1b1f8de345be,Article 1 Protocol 1,apps:15553/15,2023-02-28,2023-08-31,2024-02-17,1,3,P1-1,P1-1,1,9.412834863120983,dev,0.421882,0.3,1.0,9.412835,0.545,0.158963
1b1f8de345be,Article 1 Protocol 1,apps:56774/18,2023-02-28,2023-08-31,2024-02-17,1,3,35|6,P1-1,0,4.700031161056931,dev,0.278545,0.3,0.0,4.700031,0.195,0.154475
1b1f8de345be,Article 1 Protocol 1,apps:3405/21,2023-02-28,2023-08-31,2024-02-17,1,3,P1-1,P1-1,1,9.237476864390466,dev,0.249806,0.3,1.0,9.237477,0.545,0.158796
1b1f8de345be,Article 1 Protocol 1,apps:22716/12,2023-08-31,2024-02-29,2024-08-28,1,3,41|P1-1,P1-1,1,7.281827165085181,dev,0.923266,0.3,1.0,7.281827,0.545,0.156934
1b1f8de345be,Article 1 Protocol 1,apps:46201/16|47379/18,2023-08-31,2024-02-29,2024-08-28,1,3,41|P1-1,P1-1,1,11.104444032742459,dev,0.443131,0.3,1.0,11.104444,0.545,0.160574
1b1f8de345be,Article 1 Protocol 1,apps:4558/20,2023-08-31,2024-02-29,2024-08-28,1,4,35|6|P1-1|P12-1,P1-1,1,8.654699562035022,dev,0.861349,0.1,1.0,8.6547,0.415,0.058241
1b1f8de345be,Article 1 Protocol 1,apps:59065/21,2023-08-31,2024-02-29,2024-08-28,1,3,P1-1,P1-1,1,4.09245850045754,dev,0.550325,0.3,1.0,4.092459,0.545,0.153897
1b1f8de345be,Article 1 Protocol 1,apps:14157/18,2023-08-31,2024-02-29,2024-08-28,1,3,6|P1-1,P1-1,1,2.859008559311273,dev,0.050588,0.3,1.0,2.859009,0.545,0.152722
1b1f8de345be,Article 1 Protocol 1,apps:35648/10,2023-08-31,2024-02-29,2024-08-28,1,3,35|41|8,P1-1,0,8.051854926990188,dev,0.999282,0.3,0.0,8.051855,0.195,0.157667
1b1f8de345be,Article 1 Protocol 1,apps:31620/15,2023-08-31,2024-02-29,2024-08-28,1,3,41|P1-1,P1-1,1,8.904519689759574,dev,0.836028,0.3,1.0,8.90452,0.545,0.158479
1b1f8de345be,Article 1 Protocol 1,apps:20445/15|59246/17,2023-08-31,2024-02-29,2024-08-28,1,4,35|P1-1,P1-1,1,14.724672771040929,dev,0.968996,0.1,1.0,14.724673,0.415,0.064021
1b1f8de345be,Article 1 Protocol 1,apps:24300/20,2023-08-31,2024-02-29,2024-08-28,1,3,P1-1,P1-1,1,7.139700949000943,dev,0.926367,0.3,1.0,7.139701,0.545,0.156798
1b1f8de345be,Article 1 Protocol 1,apps:26604/16,2023-08-31,2024-02-29,2024-08-28,1,3,41|P1-1,P1-1,1,6.506844454966769,dev,0.848696,0.3,1.0,6.506844,0.545,0.156196
1b1f8de345be,Article 1 Protocol 1,apps:51391/19,2023-08-31,2024-02-29,2024-08-28,1,3,P1-1,P1-1,1,6.523617691548203,dev,0.166311,0.3,1.0,6.523618,0.545,0.156212
1b1f8de345be,Article 1 Protocol 1,apps:41028/20,2024-02-29,2025-02-28,2025-06-12,1,4,P1-1,P1-1,1,6.09552752008665,dev,0.485641,0.1,1.0,6.095528,0.415,0.055804
1b1f8de345be,Article 1 Protocol 1,apps:50527/20,2024-02-29,2025-02-28,2025-06-12,1,3,35|41|P1-1,P1-1,1,8.830579918000945,dev,0.213747,0.3,1.0,8.83058,0.545,0.158409
1b1f8de345be,Article 1 Protocol 1,apps:33189/21,2024-02-29,2025-02-28,2025-06-12,1,4,P1-1,P1-1,1,10.003056286229581,dev,0.40104,0.1,1.0,10.003056,0.415,0.059525
1b1f8de345be,Article 1 Protocol 1,apps:27849/15|33358/15,2024-02-29,2025-02-28,2025-06-12,1,3,41|46|P1-1,P1-1,1,7.951932544230454,dev,0.058635,0.3,1.0,7.951933,0.545,0.157572
1b1f8de345be,Article 1 Protocol 1,apps:75088/17,2024-02-29,2025-02-28,2025-06-12,1,4,35|P1-1,P1-1,1,9.622575594482036,dev,0.378973,0.1,1.0,9.622576,0.415,0.059163
1b1f8de345be,Article 1 Protocol 1,apps:47284/16|84604/17,2024-02-29,2025-02-28,2025-06-12,1,3,35|41|6|P1-1,P1-1,1,8.103341168251806,dev,0.985309,0.3,1.0,8.103341,0.545,0.157716
1b1f8de345be,Article 1 Protocol 1,apps:25311/17,2024-02-29,2025-02-28,2025-06-12,1,4,13|35|P1-1,P1-1,1,8.04812482679819,dev,0.265203,0.1,1.0,8.048125,0.415,0.057663
1b1f8de345be,Article 1 Protocol 1,apps:32879/18,2024-02-29,2025-02-28,2025-06-12,1,3,1|41|P1-1,P1-1,1,4.560912004463001,dev,0.784071,0.3,1.0,4.560912,0.545,0.154343
1b1f8de345be,Article 1 Protocol 1,apps:61721/19,2024-02-29,2025-02-28,2025-06-12,1,3,35|6|P1-1,P1-1,1,12.27770266730846,dev,0.455008,0.3,1.0,12.277703,0.545,0.161691
1b1f8de345be,Article 1 Protocol 1,apps:57002/11,2024-02-29,2025-02-28,2025-06-12,1,3,34|35|41|6|P1-1,P1-1,1,8.923052427921078,dev,0.423007,0.3,1.0,8.923052,0.545,0.158497
1b1f8de345be,Article 1 Protocol 1,apps:25189/21,2024-02-29,2025-02-28,2025-06-12,1,4,P1-1,P1-1,1,9.648954145893576,dev,0.957318,0.1,1.0,9.648954,0.415,0.059188
1b1f8de345be,Article 1 Protocol 1,apps:24460/16,2024-02-29,2025-02-28,2025-06-12,1,3,41|8|P1-1,P1-1,1,5.2845523562326955,dev,0.995423,0.3,1.0,5.284552,0.545,0.155032
1b1f8de345be,Article 1 Protocol 1,apps:17131/19,2024-02-29,2025-02-28,2025-06-12,1,3,3|34|35|41|6|8|P1-1,P1-1,1,7.953603945509149,dev,0.555768,0.3,1.0,7.953604,0.545,0.157573
1b1f8de345be,Article 1 Protocol 1,apps:35271/19,2024-02-29,2025-02-28,2025-06-12,1,1,1|35|5|P1-1,P1-1,1,9.923972174228858,dev,0.718408,1.0,1.0,9.923972,1.0,0.50945
1b1f8de345be,Article 1 Protocol 1,apps:46264/22|50184/22,2024-02-29,2025-02-28,2025-06-12,1,1,P1-1,P1-1,1,15.339603819940583,dev,0.154797,1.0,1.0,15.339604,1.0,0.514606
1b1f8de345be,Article 1 Protocol 1,apps:15887/15,2024-02-29,2025-02-28,2025-06-12,1,3,41|P1-1,P1-1,1,4.063834212458061,dev,0.296708,0.3,1.0,4.063834,0.545,0.15387
1b1f8de345be,Article 1 Protocol 1,apps:61721/19|5496/20|21318/20|33522/20|43039/20|55448/20,2024-02-29,2025-02-28,2025-06-12,1,3,35|6|P1-1,P1-1,1,30.077560507454532,dev,0.968709,0.3,1.0,30.077561,0.545,0.17864
1b1f8de345be,Article 1 Protocol 1,apps:69080/13,2025-02-28,2025-08-31,2026-01-04,1,3,41|P1-1,P1-1,1,11.079147125272723,test,0.57918,0.3,1.0,11.079147,0.545,0.16055
1b1f8de345be,Article 1 Protocol 1,apps:84568/17,2025-02-28,2025-08-31,2026-01-04,1,3,35|41|8|P1-1,P1-1,1,4.433063890365171,test,0.542195,0.3,1.0,4.433064,0.545,0.154221
1b1f8de345be,Article 1 Protocol 1,apps:17985/18,2025-02-28,2025-08-31,2026-01-04,1,3,6|P1-1,P1-1,1,3.429674026783373,test,0.747976,0.3,1.0,3.429674,0.545,0.153266
1b1f8de345be,Article 1 Protocol 1,apps:12432/22,2025-02-28,2025-08-31,2026-01-04,1,3,41|P1-1,P1-1,1,5.096096520269777,test,0.057165,0.3,1.0,5.096097,0.545,0.154853
1b1f8de345be,Article 1 Protocol 1,apps:38785/18,2025-02-28,2025-08-31,2026-01-04,1,3,P1-1,P1-1,1,5.980011066617133,test,0.584178,0.3,1.0,5.980011,0.545,0.155694
1b1f8de345be,Article 1 Protocol 1,apps:30085/13,2025-02-28,2025-08-31,2026-01-04,1,3,34|41|6|P1-1,P1-1,1,11.496589101887416,test,0.50285,0.3,1.0,11.496589,0.545,0.160947
1b1f8de345be,Article 1 Protocol 1,apps:8019/16,2025-02-28,2025-08-31,2026-01-04,1,1,1|10|11|13|14|19|2|3|35|38|4|41|46|5|58|8|9|P1-1|P1-2,P1-1,1,9.427595593489622,test,0.85272,1.0,1.0,9.427596,1.0,0.508977
1d874b186d3e,Terrorism,apps:6383/17,2023-08-31,2025-02-28,2025-10-25,1,3,1|13|2|3|35|41|46|5|6|8|P6-1,,0,6.3474284551426345,dev,0.157433,0.3,0.0,6.347428,0.195,0.156044
1d874b186d3e,Terrorism,apps:34749/16|79607/17,2023-08-31,2025-02-28,2025-10-25,1,1,15|35|41|5|P4-2,,0,4.735179867769861,dev,0.960779,1.0,0.0,4.73518,0.65,0.504509
1d874b186d3e,Terrorism,apps:31913/21,2023-08-31,2025-02-28,2025-10-25,1,3,35|P4-2,,0,4.556971294839753,dev,0.080111,0.3,0.0,4.556971,0.195,0.154339
1e58f64bfb7a,Article 12,apps:6167/73,2023-08-31,2025-02-28,2025-09-06,1,4,12|9,12,1,10.12343883794632,dev,0.185825,0.1,1.0,10.123439,0.415,0.05964
1e58f64bfb7a,Article 12,apps:2300/64,2023-08-31,2025-02-28,2025-09-06,1,2,10|2|3|8,12,0,10.12343883794632,dev,0.595035,0.8,0.0,10.123439,0.52,0.40964
22935893a6e6,Article 5,apps:10207/21|10209/21,2023-02-28,2024-02-29,2024-04-09,1,3,41|5,5,1,11.07163243721038,dev,0.675213,0.3,1.0,11.071632,0.545,0.160542
22935893a6e6,Article 5,apps:25285/15,2023-02-28,2024-02-29,2024-04-09,1,4,5,5,1,5.473357460467979,dev,0.235204,0.1,1.0,5.473357,0.415,0.055212
22935893a6e6,Article 5,apps:61808/19,2023-02-28,2024-02-29,2024-04-09,1,4,5,5,1,5.109371866786108,dev,0.119887,0.1,1.0,5.109372,0.415,0.054865
22935893a6e6,Article 5,apps:59/17,2024-02-29,2025-08-31,2025-11-28,1,1,15|41|5|8,5,1,7.750228024821087,test,0.890287,1.0,1.0,7.750228,1.0,0.50738
22935893a6e6,Article 5,apps:24607/20,2024-02-29,2025-08-31,2025-11-28,1,3,41|5,5,1,9.308598420361852,test,0.246215,0.3,1.0,9.308598,0.545,0.158864
22935893a6e6,Article 5,apps:38283/18,2024-02-29,2025-08-31,2025-11-28,1,3,10|11|41|5,5,1,7.406846108031335,test,0.594519,0.3,1.0,7.406846,0.545,0.157053
22935893a6e6,Article 5,apps:42975/19,2024-02-29,2025-08-31,2025-11-28,1,3,5,5,1,5.68410165212412,test,0.619382,0.3,1.0,5.684102,0.545,0.155412
22935893a6e6,Article 5,apps:19358/17,2024-02-29,2025-08-31,2025-11-28,1,3,34|35|41|5,5,1,2.7659743266841046,test,0.419225,0.3,1.0,2.765974,0.545,0.152634
22935893a6e6,Article 5,apps:615/21,2024-02-29,2025-08-31,2025-11-28,1,3,35|41|5|6,5,1,5.70151172172115,test,0.583672,0.3,1.0,5.701512,0.545,0.155429
22935893a6e6,Article 5,apps:34749/16|79607/17,2024-02-29,2025-08-31,2025-11-28,1,1,15|35|41|5|P4-2,5,1,6.589909930062646,test,0.522783,1.0,1.0,6.58991,1.0,0.506275
22935893a6e6,Article 5,apps:5297/16,2024-02-29,2025-08-31,2025-11-28,1,3,35|41|5,5,1,6.589909930062646,test,0.934706,0.3,1.0,6.58991,0.545,0.156275
22935893a6e6,Article 5,apps:1766/23,2024-02-29,2025-08-31,2025-11-28,1,3,13|3|41|46|5,5,1,9.518875029290312,test,0.204259,0.3,1.0,9.518875,0.545,0.159064
22935893a6e6,Article 5,apps:20183/21,2024-02-29,2025-08-31,2025-11-28,1,3,35|5,5,1,7.243920288050312,test,0.716192,0.3,1.0,7.24392,0.545,0.156898
22935893a6e6,Article 5,apps:38239/22,2024-02-29,2025-08-31,2025-11-28,1,4,5,5,1,10.585535930538086,test,0.238686,0.1,1.0,10.585536,0.415,0.06008
22935893a6e6,Article 5,apps:71008/16,2024-02-29,2025-08-31,2025-11-28,1,3,41|5,5,1,8.459474587376317,test,0.395786,0.3,1.0,8.459475,0.545,0.158055
22935893a6e6,Article 5,apps:30814/22,2024-02-29,2025-08-31,2025-11-28,1,3,41|5,5,1,5.29811827053027,test,0.67169,0.3,1.0,5.298118,0.545,0.155045
22935893a6e6,Article 5,apps:19124/21|20085/21,2024-02-29,2025-08-31,2025-11-28,1,3,35|5,5,1,12.044105907514076,test,0.299997,0.3,1.0,12.044106,0.545,0.161468
22935893a6e6,Article 5,apps:13609/20,2024-02-29,2025-08-31,2025-11-28,1,3,11|18|35|41|46|5,5,1,13.814301315829205,test,0.316177,0.3,1.0,13.814301,0.545,0.163154
22935893a6e6,Article 5,apps:13375/18,2024-02-29,2025-08-31,2025-11-28,1,3,35|41|5,5,1,6.44774848910232,test,0.751864,0.3,1.0,6.447748,0.545,0.15614
22935893a6e6,Article 5,apps:13968/22,2024-02-29,2025-08-31,2025-11-28,1,3,14|34|41|5,5,1,9.603721174759567,test,0.072543,0.3,1.0,9.603721,0.545,0.159145
22935893a6e6,Article 5,apps:21180/15,2024-02-29,2025-08-31,2025-11-28,1,3,13|3|41|5,5,1,5.4903036007413,test,0.458286,0.3,1.0,5.490304,0.545,0.155228
2fbc08fc30bd,Article 9,apps:31172/19,2023-02-28,2023-08-31,2024-03-29,1,3,35|6|8|9,9,1,6.285983410436711,dev,0.998454,0.3,1.0,6.285983,0.545,0.155986
2fbc08fc30bd,Article 9,apps:27227/17,2023-02-28,2023-08-31,2024-03-29,1,3,10|14|35|41|58|9,9,1,5.709079101289122,dev,0.996096,0.3,1.0,5.709079,0.545,0.155436
2fbc08fc30bd,Article 9,apps:16760/22,2023-08-31,2024-02-29,2024-09-13,1,1,14|34|35|9,9,1,12.737052473546289,dev,0.073261,1.0,1.0,12.737052,1.0,0.512128
2fbc08fc30bd,Article 9,apps:24225/19,2023-08-31,2024-02-29,2024-09-13,1,3,14|3|34|41|8|9|P1-1,9,1,8.304541755868495,dev,0.213154,0.3,1.0,8.304542,0.545,0.157908
2fbc08fc30bd,Article 9,apps:43082/14,2023-08-31,2024-02-29,2024-09-13,1,4,9,9,1,4.765181984607036,dev,0.2652,0.1,1.0,4.765182,0.415,0.054537
2fbc08fc30bd,Article 9,apps:34015/17|26896/18,2023-08-31,2024-02-29,2024-09-13,1,3,3|41|5|9,9,1,5.974667694314851,dev,0.933259,0.3,1.0,5.974668,0.545,0.155689
2fbc08fc30bd,Article 9,apps:64220/19,2024-02-29,2024-08-31,2025-05-06,1,3,35|41|9,9,1,8.930736176011582,dev,0.880864,0.3,1.0,8.930736,0.545,0.158504
2fbc08fc30bd,Article 9,apps:18382/15,2024-02-29,2024-08-31,2025-05-06,1,3,41|9,9,1,5.740953492991933,dev,0.87927,0.3,1.0,5.740953,0.545,0.155467
2fbc08fc30bd,Article 9,apps:50681/20,2024-02-29,2024-08-31,2025-05-06,1,3,35|9,9,1,7.285815187885818,dev,0.369527,0.3,1.0,7.285815,0.545,0.156938
2fbc08fc30bd,Article 9,apps:25636/22,2024-08-31,2025-02-28,2025-05-31,1,3,35|8|9,9,1,13.78671846611929,dev,0.157747,0.3,1.0,13.786718,0.545,0.163128
2fbc08fc30bd,Article 9,apps:15541/20,2024-08-31,2025-02-28,2025-05-31,1,1,2|34|35|41|8|9,9,1,4.607350414258548,dev,0.833745,1.0,1.0,4.60735,1.0,0.504387
2fbc08fc30bd,Article 9,apps:81028/17,2025-02-28,2025-08-31,2025-11-22,1,3,11|41|5|6|9,9,1,4.982147771219983,test,0.70354,0.3,1.0,4.982148,0.545,0.154744
2fbc08fc30bd,Article 9,apps:8019/16,2025-02-28,2025-08-31,2025-11-22,1,1,1|10|11|13|14|19|2|3|35|38|4|41|46|5|58|8|9|P1-1|P1-2,9,1,9.881506712651849,test,0.611678,1.0,1.0,9.881507,1.0,0.509409
4026b1621d4a,Article 6 Criminal,apps:15736/22,2023-02-28,2024-02-29,2024-04-09,1,4,35|6,6,1,6.850073026450543,dev,0.987233,0.1,1.0,6.850073,0.415,0.056523
4026b1621d4a,Article 6 Criminal,apps:17053/20,2023-02-28,2024-02-29,2024-04-09,1,3,41|6|7,6,1,6.892727382405291,dev,0.653976,0.3,1.0,6.892727,0.545,0.156563
4026b1621d4a,Article 6 Criminal,apps:3016/16,2023-02-28,2024-02-29,2024-04-09,1,1,41|6,6,1,6.127001096091551,dev,0.007823,1.0,1.0,6.127001,1.0,0.505834
4026b1621d4a,Article 6 Criminal,apps:31349/20,2023-02-28,2024-02-29,2024-04-09,1,3,10|11|35|41,6,0,5.300193084593422,dev,0.817104,0.3,0.0,5.300193,0.195,0.155047
4026b1621d4a,Article 6 Criminal,apps:67414/11,2023-02-28,2024-02-29,2024-04-09,1,4,6,6,1,6.841048015900871,dev,0.299379,0.1,1.0,6.841048,0.415,0.056514
4026b1621d4a,Article 6 Criminal,apps:25852/18,2023-02-28,2024-02-29,2024-04-09,1,3,35|41|6,6,1,6.868175166647802,dev,0.663389,0.3,1.0,6.868175,0.545,0.15654
4026b1621d4a,Article 6 Criminal,apps:19990/20,2023-02-28,2024-02-29,2024-04-09,1,3,41|6,6,1,9.751627194216432,dev,0.93893,0.3,1.0,9.751627,0.545,0.159286
4026b1621d4a,Article 6 Criminal,apps:1269/13,2023-02-28,2024-02-29,2024-04-09,1,3,39|6,6,1,11.917410751572536,dev,0.134291,0.3,1.0,11.917411,0.545,0.161348
4026b1621d4a,Article 6 Criminal,apps:57378/18,2023-02-28,2024-02-29,2024-04-09,1,3,46|6,6,1,7.377240414142143,dev,0.115429,0.3,1.0,7.37724,0.545,0.157025
4026b1621d4a,Article 6 Criminal,apps:19750/13,2023-02-28,2024-02-29,2024-04-09,1,1,35|6|P7-2,6,1,11.275427583954686,dev,0.107036,1.0,1.0,11.275428,1.0,0.510737
4026b1621d4a,Article 6 Criminal,apps:10644/17,2023-02-28,2024-02-29,2024-04-09,1,3,6,6,1,4.937791619009753,dev,0.553224,0.3,1.0,4.937792,0.545,0.154702
4026b1621d4a,Article 6 Criminal,apps:16783/20,2023-02-28,2024-02-29,2024-04-09,1,4,13|6,6,1,6.221410757772435,dev,0.272348,0.1,1.0,6.221411,0.415,0.055924
4026b1621d4a,Article 6 Criminal,apps:47834/19,2023-02-28,2024-02-29,2024-04-09,1,4,6,6,1,6.104554480549463,dev,0.60483,0.1,1.0,6.104554,0.415,0.055813
4026b1621d4a,Article 6 Criminal,apps:3324/19,2023-02-28,2024-02-29,2024-04-09,1,3,35|41|46|6,6,1,16.402168218308603,dev,0.717612,0.3,1.0,16.402168,0.545,0.165618
4026b1621d4a,Article 6 Criminal,apps:43627/16|71667/16,2023-02-28,2024-02-29,2024-04-09,1,3,35|6,6,1,10.30091387415747,dev,0.203597,0.3,1.0,10.300914,0.545,0.159809
4026b1621d4a,Article 6 Criminal,apps:49072/21,2023-02-28,2024-02-29,2024-04-09,1,3,13|6,6,1,9.067146846746876,dev,0.634238,0.3,1.0,9.067147,0.545,0.158634
4026b1621d4a,Article 6 Criminal,apps:39272/15,2023-02-28,2024-02-29,2024-04-09,1,3,41|6,6,1,14.249503225683828,dev,0.263984,0.3,1.0,14.249503,0.545,0.163568
4026b1621d4a,Article 6 Criminal,apps:20148/09,2023-02-28,2024-02-29,2024-04-09,1,3,6,6,1,3.1159843862384404,dev,0.488532,0.3,1.0,3.115984,0.545,0.152967
4026b1621d4a,Article 6 Criminal,apps:44764/16,2023-02-28,2024-02-29,2024-04-09,1,3,6,6,1,6.142998377837852,dev,0.905336,0.3,1.0,6.142998,0.545,0.155849
4026b1621d4a,Article 6 Criminal,apps:38744/21,2023-02-28,2024-02-29,2024-04-09,1,4,35|6,6,1,6.390374442354173,dev,0.846104,0.1,1.0,6.390374,0.415,0.056085
4026b1621d4a,Article 6 Criminal,apps:22060/20,2023-02-28,2024-02-29,2024-04-09,1,3,35|41|6,6,1,7.300893137276625,dev,0.092298,0.3,1.0,7.300893,0.545,0.156952
4026b1621d4a,Article 6 Criminal,apps:57818/18,2023-02-28,2024-02-29,2024-04-09,1,3,6,6,1,6.916208795980451,dev,0.423576,0.3,1.0,6.916209,0.545,0.156586
4026b1621d4a,Article 6 Criminal,apps:25551/18,2023-02-28,2024-02-29,2024-04-09,1,3,6,6,1,6.857783030322929,dev,0.27668,0.3,1.0,6.857783,0.545,0.15653
4026b1621d4a,Article 6 Criminal,apps:21181/19|51751/20,2023-02-28,2024-02-29,2024-04-09,1,3,10|34|35|41|6|8,6,1,6.104554480549463,dev,0.003546,0.3,1.0,6.104554,0.545,0.155813
4026b1621d4a,Article 6 Criminal,apps:58073/17,2023-02-28,2024-02-29,2024-04-09,1,3,41|6,6,1,7.257707541242395,dev,0.771119,0.3,1.0,7.257708,0.545,0.156911
4026b1621d4a,Article 6 Criminal,apps:15669/20,2023-02-28,2024-02-29,2024-04-09,1,1,11|15|41|46|6|7,6,1,8.43139177506971,dev,0.637113,1.0,1.0,8.431392,1.0,0.508028
4026b1621d4a,Article 6 Criminal,apps:62199/19,2024-02-29,2024-08-31,2024-09-30,1,3,10|41|6,6,1,5.63090170021446,dev,0.261955,0.3,1.0,5.630902,0.545,0.155362
4026b1621d4a,Article 6 Criminal,apps:13459/15,2024-02-29,2024-08-31,2024-09-30,1,3,41|6,6,1,8.400558643071717,dev,0.741231,0.3,1.0,8.400559,0.545,0.157999
4026b1621d4a,Article 6 Criminal,apps:32483/19|35049/19,2024-02-29,2024-08-31,2024-09-30,1,1,6|P7-3|P7-4,6,1,15.505178165351051,dev,0.55168,1.0,1.0,15.505178,1.0,0.514764
4026b1621d4a,Article 6 Criminal,apps:52855/19,2024-02-29,2024-08-31,2024-09-30,1,3,35|41|5,6,0,6.401684124398912,dev,0.427687,0.3,0.0,6.401684,0.195,0.156096
4026b1621d4a,Article 6 Criminal,apps:16678/22,2024-08-31,2025-02-28,2025-06-12,1,3,6,6,1,6.39698803692171,dev,0.00967,0.3,1.0,6.396988,0.545,0.156091
4026b1621d4a,Article 6 Criminal,apps:21766/22,2024-08-31,2025-02-28,2025-06-12,1,1,41|6,6,1,11.084352020805753,dev,0.075244,1.0,1.0,11.084352,1.0,0.510555
4026b1621d4a,Article 6 Criminal,apps:36013/13,2024-08-31,2025-02-28,2025-06-12,1,3,34|6,6,1,10.820324595998526,dev,0.883106,0.3,1.0,10.820325,0.545,0.160303
4026b1621d4a,Article 6 Criminal,apps:30970/19,2024-08-31,2025-02-28,2025-06-12,1,4,6,6,1,8.44723156271947,dev,0.903929,0.1,1.0,8.447232,0.415,0.058044
4026b1621d4a,Article 6 Criminal,apps:61280/21,2024-08-31,2025-02-28,2025-06-12,1,3,6,6,1,8.788698877715698,dev,0.54559,0.3,1.0,8.788699,0.545,0.158369
4026b1621d4a,Article 6 Criminal,apps:34916/16,2024-08-31,2025-02-28,2025-06-12,1,3,35|5|6,6,1,8.631931763025817,dev,0.834595,0.3,1.0,8.631932,0.545,0.158219
4026b1621d4a,Article 6 Criminal,apps:11027/22,2024-08-31,2025-02-28,2025-06-12,1,3,35|41|6,6,1,5.4317083232636065,dev,0.58251,0.3,1.0,5.431708,0.545,0.155172
4026b1621d4a,Article 6 Criminal,apps:42760/16,2024-08-31,2025-02-28,2025-06-12,1,3,35|41|6,6,1,9.839982004340182,dev,0.148094,0.3,1.0,9.839982,0.545,0.15937
4026b1621d4a,Article 6 Criminal,apps:37324/16,2024-08-31,2025-02-28,2025-06-12,1,3,6,6,1,6.171549647093556,dev,0.127446,0.3,1.0,6.17155,0.545,0.155877
4026b1621d4a,Article 6 Criminal,apps:20224/18,2024-08-31,2025-02-28,2025-06-12,1,4,35|6,6,1,8.277529205097068,dev,0.308258,0.1,1.0,8.277529,0.415,0.057882
4026b1621d4a,Article 6 Criminal,apps:26760/22,2024-08-31,2025-02-28,2025-06-12,1,4,6,6,1,8.893161172902962,dev,0.898981,0.1,1.0,8.893161,0.415,0.058468
4026b1621d4a,Article 6 Criminal,apps:63277/19,2024-08-31,2025-02-28,2025-06-12,1,4,6,6,1,5.639817523447228,dev,0.796122,0.1,1.0,5.639818,0.415,0.05537
4026b1621d4a,Article 6 Criminal,apps:21492/17,2025-02-28,2025-08-31,2026-02-17,1,3,34|41|6,6,1,5.766629590762525,test,0.860703,0.3,1.0,5.76663,0.545,0.155491
4026b1621d4a,Article 6 Criminal,apps:54241/12,2025-02-28,2025-08-31,2026-02-17,1,4,35|6,6,1,10.773896684033517,test,0.898925,0.1,1.0,10.773897,0.415,0.060259
4026b1621d4a,Article 6 Criminal,apps:59494/09,2025-02-28,2025-08-31,2026-02-17,1,4,35|6,6,1,7.716395757506736,test,0.210077,0.1,1.0,7.716396,0.415,0.057348
4026b1621d4a,Article 6 Criminal,apps:42881/18,2025-02-28,2025-08-31,2026-02-17,1,3,35|41|6,6,1,7.720784942631451,test,0.24953,0.3,1.0,7.720785,0.545,0.157352
4026b1621d4a,Article 6 Criminal,apps:38110/18,2025-02-28,2025-08-31,2026-02-17,1,3,6,6,1,6.975674880406256,test,0.102794,0.3,1.0,6.975675,0.545,0.156642
4026b1621d4a,Article 6 Criminal,apps:56712/21,2025-02-28,2025-08-31,2026-02-17,1,3,6,6,1,8.051285954854874,test,0.780116,0.3,1.0,8.051286,0.545,0.157666
4026b1621d4a,Article 6 Criminal,apps:52302/19,2025-02-28,2025-08-31,2026-02-17,1,3,35|6,6,1,6.061893135580715,test,0.884135,0.3,1.0,6.061893,0.545,0.155772
4026b1621d4a,Article 6 Criminal,apps:58671/12,2025-02-28,2025-08-31,2026-02-17,1,4,3|35|6,6,1,10.773896684033517,test,0.406377,0.1,1.0,10.773897,0.415,0.060259
4026b1621d4a,Article 6 Criminal,apps:23963/21,2025-02-28,2025-08-31,2026-02-17,1,3,41|6,6,1,9.610925891824206,test,0.620662,0.3,1.0,9.610926,0.545,0.159152
4026b1621d4a,Article 6 Criminal,apps:42635/20,2025-02-28,2025-08-31,2026-02-17,1,4,10|35,6,0,6.971651395958574,test,0.154553,0.1,0.0,6.971651,0.065,0.056638
4026b1621d4a,Article 6 Criminal,apps:32324/22,2025-02-28,2025-08-31,2026-02-17,1,3,6,6,1,6.809989127434283,test,0.929881,0.3,1.0,6.809989,0.545,0.156485
4026b1621d4a,Article 6 Criminal,name:sharma v the united kingdom dec::2025,2025-02-28,2025-08-31,2026-02-17,1,4,35|6,6,1,7.716395757506736,test,0.864606,0.1,1.0,7.716396,0.415,0.057348
4026b1621d4a,Article 6 Criminal,apps:16497/20,2025-02-28,2025-08-31,2026-02-17,1,3,18|35|41|6|8,6,1,6.325212555930815,test,0.976206,0.3,1.0,6.325213,0.545,0.156023
4026b1621d4a,Article 6 Criminal,apps:15736/16,2025-02-28,2025-08-31,2026-02-17,1,3,41|6,6,1,8.735928317685046,test,0.810772,0.3,1.0,8.735928,0.545,0.158318
415c8994e0ed,Article 2,apps:36418/20,2023-02-28,2023-08-31,2023-12-18,1,3,2|41|46|58,2,1,5.597045633727236,dev,0.881416,0.3,1.0,5.597046,0.545,0.15533
415c8994e0ed,Article 2,apps:43146/15,2023-02-28,2023-08-31,2023-12-18,1,3,2|41|58,2,1,6.068278330187773,dev,0.024786,0.3,1.0,6.068278,0.545,0.155778
415c8994e0ed,Article 2,apps:5049/14|5122/14,2023-02-28,2023-08-31,2023-12-18,1,3,2|35,2,1,17.221762117153048,dev,0.736564,0.3,1.0,17.221762,0.545,0.166399
415c8994e0ed,Article 2,apps:56070/18,2023-02-28,2023-08-31,2023-12-18,1,3,14|2|41|46,2,1,8.783376286438541,dev,0.332185,0.3,1.0,8.783376,0.545,0.158364
415c8994e0ed,Article 2,apps:56070/08,2023-02-28,2023-08-31,2023-12-18,1,4,14|6|8,2,0,8.783376286438541,dev,0.930816,0.1,0.0,8.783376,0.065,0.058364
415c8994e0ed,Article 2,apps:2264/12,2023-08-31,2024-08-31,2025-01-22,1,3,2|41,2,1,7.9497354275816905,dev,0.802235,0.3,1.0,7.949735,0.545,0.15757
415c8994e0ed,Article 2,apps:6383/17,2023-08-31,2024-08-31,2025-01-22,1,3,1|13|2|3|35|41|46|5|6|8|P6-1,2,1,5.9817780253359745,dev,0.864064,0.3,1.0,5.981778,0.545,0.155696
415c8994e0ed,Article 2,apps:3566/16,2023-08-31,2024-08-31,2025-01-22,1,3,2|41,2,1,8.374828837575523,dev,0.810749,0.3,1.0,8.374829,0.545,0.157975
415c8994e0ed,Article 2,apps:29906/14,2023-08-31,2024-08-31,2025-01-22,1,3,1|13|2|41,2,1,7.687627391849993,dev,0.266806,0.3,1.0,7.687627,0.545,0.15732
415c8994e0ed,Article 2,apps:63543/09,2023-08-31,2024-08-31,2025-01-22,1,3,2|34|35|41,2,1,7.387509822867463,dev,0.787375,0.3,1.0,7.38751,0.545,0.157034
415c8994e0ed,Article 2,apps:42749/19,2023-08-31,2024-08-31,2025-01-22,1,3,2,2,1,7.692911514650987,dev,0.108096,0.3,1.0,7.692912,0.545,0.157325
415c8994e0ed,Article 2,apps:67351/13,2023-08-31,2024-08-31,2025-01-22,1,3,1|13|2|41,2,1,6.82153267228281,dev,0.872167,0.3,1.0,6.821533,0.545,0.156496
415c8994e0ed,Article 2,apps:55009/20,2023-08-31,2024-08-31,2025-01-22,1,3,2|35,2,1,4.384965627634767,dev,0.858593,0.3,1.0,4.384966,0.545,0.154175
415c8994e0ed,Article 2,apps:21882/09|6189/10,2023-08-31,2024-08-31,2025-01-22,1,3,1|2|3|35|41|5,2,1,3.343881616169732,dev,0.222434,0.3,1.0,3.343882,0.545,0.153184
415c8994e0ed,Article 2,apps:23093/20,2023-08-31,2024-08-31,2025-01-22,1,3,2,2,1,5.305998455814411,dev,0.816587,0.3,1.0,5.305998,0.545,0.155052
415c8994e0ed,Article 2,apps:47909/19,2023-08-31,2024-08-31,2025-01-22,1,3,2|41,2,1,7.979729533229086,dev,0.460303,0.3,1.0,7.97973,0.545,0.157598
415c8994e0ed,Article 2,apps:20958/14|38334/18,2023-08-31,2024-08-31,2025-01-22,1,1,1|10|11|14|15|17|18|2|3|35|38|46|5|58|6|7|8|9|P1-1|P1-2|P4-2,2,1,8.464379638373938,dev,0.305191,1.0,1.0,8.46438,1.0,0.50806
415c8994e0ed,Article 2,apps:26074/18,2023-08-31,2024-08-31,2025-01-22,1,3,2|41,2,1,8.880933491576448,dev,0.795345,0.3,1.0,8.880933,0.545,0.158456
415c8994e0ed,Article 2,apps:53600/20,2023-08-31,2024-08-31,2025-01-22,1,1,1|19|2|34|35|46|6|8,2,1,8.53159071823548,dev,0.227595,1.0,1.0,8.531591,1.0,0.508124
415c8994e0ed,Article 2,apps:1718/21,2024-08-31,2025-02-28,2025-06-19,1,3,2,2,1,6.115272406887281,dev,0.023664,0.3,1.0,6.115272,0.545,0.155823
415c8994e0ed,Article 2,apps:9375/20,2024-08-31,2025-02-28,2025-06-19,1,3,2|41,2,1,3.5634031869241247,dev,0.19313,0.3,1.0,3.563403,0.545,0.153393
415c8994e0ed,Article 2,apps:39742/14,2024-08-31,2025-02-28,2025-06-19,1,1,2|34|35|37|41|46|8,2,1,10.375034282718818,dev,0.328262,1.0,1.0,10.375034,1.0,0.509879
415c8994e0ed,Article 2,apps:5576/19,2024-08-31,2025-02-28,2025-06-19,1,3,2|35|41,2,1,6.32705065354441,dev,0.864353,0.3,1.0,6.327051,0.545,0.156025
415c8994e0ed,Article 2,apps:22525/21|47626/21,2024-08-31,2025-02-28,2025-06-19,1,3,2|41,2,1,17.735585573434932,dev,0.966889,0.3,1.0,17.735586,0.545,0.166888
415c8994e0ed,Article 2,apps:57507/19,2024-08-31,2025-02-28,2025-06-19,1,3,2|41,2,1,3.4921212306327742,dev,0.279125,0.3,1.0,3.492121,0.545,0.153325
415c8994e0ed,Article 2,apps:22776/18,2025-02-28,2025-08-31,2025-12-15,1,3,2|41,2,1,7.733697478407921,test,0.641482,0.3,1.0,7.733697,0.545,0.157364
415c8994e0ed,Article 2,apps:35950/20,2025-02-28,2025-08-31,2025-12-15,1,3,2,2,1,6.607109856589641,test,0.399678,0.3,1.0,6.60711,0.545,0.156291
415c8994e0ed,Article 2,apps:51781/22,2025-02-28,2025-08-31,2025-12-15,1,3,2|41,2,1,1.7767276640526086,test,0.98115,0.3,1.0,1.776728,0.545,0.151692
415c8994e0ed,Article 2,apps:56114/18,2025-02-28,2025-08-31,2025-12-15,1,3,2|41,2,1,6.825712030190818,test,0.536216,0.3,1.0,6.825712,0.545,0.156499
415c8994e0ed,Article 2,apps:8019/16,2025-02-28,2025-08-31,2025-12-15,1,1,1|10|11|13|14|19|2|3|35|38|4|41|46|5|58|8|9|P1-1|P1-2,2,1,11.679714557407399,test,0.939237,1.0,1.0,11.679715,1.0,0.511121
41c295afbaa0,Article 7,apps:28186/19|29092/19,2023-08-31,2024-02-29,2024-03-29,1,3,4|7,7,1,5.5781482039935195,dev,0.115342,0.3,1.0,5.578148,0.545,0.155312
41c295afbaa0,Article 7,apps:34634/18|43546/18,2023-08-31,2024-02-29,2024-03-29,1,3,7,7,1,8.128702991283108,dev,0.970401,0.3,1.0,8.128703,0.545,0.15774
41c295afbaa0,Article 7,apps:15669/20,2023-08-31,2024-02-29,2024-03-29,1,1,11|15|41|46|6|7,7,1,4.862185336373202,dev,0.178568,1.0,1.0,4.862185,1.0,0.50463
41c295afbaa0,Article 7,apps:71250/16,2024-02-29,2025-02-28,2025-06-04,1,3,6|7,7,1,2.1523257018980235,dev,0.962534,0.3,1.0,2.152326,0.545,0.152049
41c295afbaa0,Article 7,apps:38998/20,2024-02-29,2025-02-28,2025-06-04,1,4,7,7,1,3.668809695697421,dev,0.265466,0.1,1.0,3.66881,0.415,0.053493
41c295afbaa0,Article 7,apps:6232/20|22394/20,2024-02-29,2025-02-28,2025-06-04,1,3,18|35|6|7,7,1,4.239197582971711,dev,0.108403,0.3,1.0,4.239198,0.545,0.154037
41c295afbaa0,Article 7,apps:39300/18,2024-02-29,2025-02-28,2025-06-04,1,3,41|6|7|P1-3,7,1,2.068151736552452,dev,0.434564,0.3,1.0,2.068152,0.545,0.151969
41c295afbaa0,Article 7,apps:12386/86,2024-02-29,2025-02-28,2025-06-04,1,4,6|7|P1-1,7,1,3.586913647564481,dev,0.728545,0.1,1.0,3.586914,0.415,0.053415
54e38e09f96e,Article 2 Protocol 1,apps:24408/16,2023-02-28,2023-08-31,2023-12-06,1,3,14|41|46|P1-2,P1-2,1,3.6397805632376503,dev,0.313677,0.3,1.0,3.639781,0.545,0.153466
54e38e09f96e,Article 2 Protocol 1,apps:46519/20,2023-02-28,2023-08-31,2023-12-06,1,3,14|35|P1-2,P1-2,1,6.00071991343707,dev,0.606209,0.3,1.0,6.00072,0.545,0.155714
54e38e09f96e,Article 2 Protocol 1,apps:66763/17,2023-02-28,2023-08-31,2023-12-06,1,3,41|8|P1-2,P1-2,1,1.305240955769012,dev,0.511423,0.3,1.0,1.305241,0.545,0.151243
54e38e09f96e,Article 2 Protocol 1,apps:56928/19,2023-08-31,2024-02-29,2024-03-30,1,3,,P1-2,0,5.366297095823652,dev,0.385195,0.3,0.0,5.366297,0.195,0.15511
54e38e09f96e,Article 2 Protocol 1,apps:50942/20|2022/21,2024-02-29,2025-02-28,2025-04-24,1,3,14|35|P1-2,P1-2,1,7.355490820243664,dev,0.576588,0.3,1.0,7.355491,0.545,0.157004
54e38e09f96e,Article 2 Protocol 1,apps:225/20,2024-02-29,2025-02-28,2025-04-24,1,3,14|35|P1-2,P1-2,1,7.906598855298631,dev,0.254723,0.3,1.0,7.906599,0.545,0.157529
54e38e09f96e,Article 2 Protocol 1,apps:37614/22,2024-02-29,2025-02-28,2025-04-24,1,3,14|35|P1-2,P1-2,1,9.67369023731125,dev,0.708785,0.3,1.0,9.67369,0.545,0.159211
684d373b17e9,Article 11,apps:62239/12,2023-02-28,2023-08-31,2024-04-05,1,3,11|34|41,11,1,8.767538984071692,dev,0.001691,0.3,1.0,8.767539,0.545,0.158349
684d373b17e9,Article 11,apps:58262/10,2023-02-28,2023-08-31,2024-04-05,1,3,11,11,1,9.049911036345433,dev,0.925575,0.3,1.0,9.049911,0.545,0.158617
684d373b17e9,Article 11,apps:2134/23,2023-02-28,2023-08-31,2024-04-05,1,1,10|11|3|35|5|58|6|8|P7-2,11,1,8.876235086449544,dev,0.538452,1.0,1.0,8.876235,1.0,0.508452
684d373b17e9,Article 11,apps:26821/17,2023-08-31,2024-08-31,2024-09-30,1,3,11,11,1,15.708407688655821,dev,0.71943,0.3,1.0,15.708408,0.545,0.164958
684d373b17e9,Article 11,apps:1162/22,2023-08-31,2024-08-31,2024-09-30,1,3,10|11|35|P4-2,11,1,5.778794177963175,dev,0.74195,0.3,1.0,5.778794,0.545,0.155503
684d373b17e9,Article 11,apps:9987/14,2023-08-31,2024-08-31,2024-09-30,1,4,11|35|6,11,1,5.445357262923844,dev,0.670629,0.1,1.0,5.445357,0.415,0.055185
684d373b17e9,Article 11,apps:59433/18,2023-08-31,2024-08-31,2024-09-30,1,1,11|35|P1-2,11,1,9.718016755818926,dev,0.364221,1.0,1.0,9.718017,1.0,0.509254
684d373b17e9,Article 11,apps:11214/19,2023-08-31,2024-08-31,2024-09-30,1,1,11|17,11,1,5.976269342566326,dev,0.069974,1.0,1.0,5.976269,1.0,0.505691
684d373b17e9,Article 11,apps:56896/17,2023-08-31,2024-08-31,2024-09-30,1,3,11|35|41,11,1,11.176241437967828,dev,0.664238,0.3,1.0,11.176241,0.545,0.160642
684d373b17e9,Article 11,apps:26604/16,2023-08-31,2024-08-31,2024-09-30,1,3,41|P1-1,11,0,2.946236003917858,dev,0.3302,0.3,0.0,2.946236,0.195,0.152805
684d373b17e9,Article 11,apps:15669/20,2023-08-31,2024-08-31,2024-09-30,1,1,11|15|41|46|6|7,11,1,5.959959281914159,dev,0.313916,1.0,1.0,5.959959,1.0,0.505675
684d373b17e9,Article 11,apps:55789/19,2024-08-31,2025-08-31,2025-12-10,1,3,,11,0,8.186804588793448,test,0.848015,0.3,0.0,8.186805,0.195,0.157796
684d373b17e9,Article 11,apps:35834/22,2024-08-31,2025-08-31,2025-12-10,1,3,11|34|35,11,1,8.298937406542489,test,0.719754,0.3,1.0,8.298937,0.545,0.157902
684d373b17e9,Article 11,apps:38283/18,2024-08-31,2025-08-31,2025-12-10,1,3,10|11|41|5,11,1,9.904223419248236,test,0.300322,0.3,1.0,9.904223,0.545,0.159431
684d373b17e9,Article 11,apps:45401/15,2024-08-31,2025-08-31,2025-12-10,1,4,11|35,11,1,8.77331289695238,test,0.309285,0.1,1.0,8.773313,0.415,0.058354
684d373b17e9,Article 11,apps:52977/19,2024-08-31,2025-08-31,2025-12-10,1,3,11,11,1,5.442130148071545,test,0.408393,0.3,1.0,5.44213,0.545,0.155182
684d373b17e9,Article 11,apps:51194/19,2024-08-31,2025-08-31,2025-12-10,1,3,11|35,11,1,5.244011241032484,test,0.4024,0.3,1.0,5.244011,0.545,0.154993
684d373b17e9,Article 11,apps:29760/21|33931/21,2024-08-31,2025-08-31,2025-12-10,1,3,11|35|41|6,11,1,13.609268201649733,test,0.295655,0.3,1.0,13.609268,0.545,0.162959
684d373b17e9,Article 11,apps:2623/16|2299/16,2024-08-31,2025-08-31,2025-12-10,1,3,10|11|34,11,1,7.882092249939414,test,0.127288,0.3,1.0,7.882092,0.545,0.157505
684d373b17e9,Article 11,apps:44241/20,2024-08-31,2025-08-31,2025-12-10,1,3,10|11|35|41,11,1,2.96837945504363,test,0.420446,0.3,1.0,2.968379,0.545,0.152827
684d373b17e9,Article 11,apps:34724/18,2024-08-31,2025-08-31,2025-12-10,1,3,11|41|46,11,1,8.2822338720539,test,0.940364,0.3,1.0,8.282234,0.545,0.157886
684d373b17e9,Article 11,apps:39056/22,2024-08-31,2025-08-31,2025-12-10,1,3,10|11|41|58|8,11,1,6.200723025641537,test,0.677318,0.3,1.0,6.200723,0.545,0.155904
6d86f7b0f9c7,Article 4 Protocol 7,apps:19961/17,2023-02-28,2024-02-29,2024-03-29,1,3,35|P7-4,P7-4,1,2.8711547311612176,dev,0.902806,0.3,1.0,2.871155,0.545,0.152734
6d86f7b0f9c7,Article 4 Protocol 7,apps:17412/16,2023-02-28,2024-02-29,2024-03-29,1,3,41|P7-4,P7-4,1,4.188253211618264,dev,0.615515,0.3,1.0,4.188253,0.545,0.153988
726c25db1ffb,Article 17,apps:47833/20,2023-02-28,2024-02-29,2024-04-09,1,3,10|17|35,17,1,7.27954388094813,dev,0.30095,0.3,1.0,7.279544,0.545,0.156932
726c25db1ffb,Article 17,apps:39954/09|3465/17,2023-02-28,2024-02-29,2024-04-09,1,3,10|14|17|37|41|58|8,17,1,7.086475891053501,dev,0.547937,0.3,1.0,7.086476,0.545,0.156748
726c25db1ffb,Article 17,apps:36658/18,2023-02-28,2024-02-29,2024-04-09,1,3,10|17|35,17,1,5.850877277499001,dev,0.000406,0.3,1.0,5.850877,0.545,0.155571
762f0abff297,Article 4,apps:28186/19|29092/19,2023-02-28,2024-08-31,2024-09-30,1,3,4|7,4,1,2.0507943762731315,dev,0.286914,0.3,1.0,2.050794,0.545,0.151953
762f0abff297,Article 4,apps:18269/18,2023-02-28,2024-08-31,2024-09-30,1,1,35|4|41,4,1,2.0736767788738115,dev,0.429888,1.0,1.0,2.073677,1.0,0.501975
7a059e452dbd,Article 1,apps:22515/14,2023-02-28,2023-08-31,2023-11-14,1,3,1|10|34|35|41|5|58,1,1,7.589625805122788,dev,0.579985,0.3,1.0,7.589626,0.545,0.157227
7a059e452dbd,Article 1,apps:39611/18,2023-02-28,2023-08-31,2023-11-14,1,3,1|13|14|18|2|3|35|5|58|8|P1-1|P1-2|P4-2,1,1,6.525152170036307,dev,0.654706,0.3,1.0,6.525152,0.545,0.156213
7a059e452dbd,Article 1,apps:29999/04|41424/04,2023-02-28,2023-08-31,2023-11-14,1,3,1|3|34|35|41|5|58|6,1,1,8.016909444464021,dev,0.464988,0.3,1.0,8.016909,0.545,0.157634
7a059e452dbd,Article 1,apps:46454/11,2023-08-31,2024-08-31,2024-12-19,1,3,1|13|3|34|35|41|46|5|8,1,1,5.449182444299039,dev,0.44216,0.3,1.0,5.449182,0.545,0.155189
7a059e452dbd,Article 1,apps:6383/17,2023-08-31,2024-08-31,2024-12-19,1,3,1|13|2|3|35|41|46|5|6|8|P6-1,1,1,5.449182444299039,dev,0.213701,0.3,1.0,5.449182,0.545,0.155189
7a059e452dbd,Article 1,apps:25589/16,2023-08-31,2024-08-31,2024-12-19,1,3,1|13|14|2|35|8|P1-1,1,1,7.149508585337125,dev,0.473186,0.3,1.0,7.149509,0.545,0.156808
7a059e452dbd,Article 1,apps:25576/16,2023-08-31,2024-08-31,2024-12-19,1,3,1|13|14|2|35|8|P1-1,1,1,7.149508585337125,dev,0.901181,0.3,1.0,7.149509,0.545,0.156808
7a059e452dbd,Article 1,apps:22302/10,2023-08-31,2024-08-31,2024-12-19,1,3,1|35|41|6,1,1,1.4051743658675164,dev,0.796025,0.3,1.0,1.405174,0.545,0.151338
7a059e452dbd,Article 1,apps:58170/13,2023-08-31,2024-08-31,2024-12-19,1,1,10|34|8,1,0,11.432762001688968,dev,0.169691,1.0,0.0,11.432762,0.65,0.510886
7a059e452dbd,Article 1,apps:2327/20,2023-08-31,2024-08-31,2024-12-19,1,3,1|6,1,1,5.835101855082611,dev,0.084796,0.3,1.0,5.835102,0.545,0.155556
7a059e452dbd,Article 1,apps:29906/14,2023-08-31,2024-08-31,2024-12-19,1,3,1|13|2|41,1,1,7.876614911679464,dev,0.515452,0.3,1.0,7.876615,0.545,0.1575
7a059e452dbd,Article 1,apps:39371/20,2023-08-31,2024-08-31,2024-12-19,1,1,1|14|19|2|3|35|37|58|8,1,1,13.646683209395407,dev,0.632941,1.0,1.0,13.646683,1.0,0.512994
7a059e452dbd,Article 1,apps:42224/11,2023-08-31,2024-08-31,2024-12-19,1,4,13|3|34|5|8|P1-1,1,0,8.6859821536767,dev,0.335188,0.1,0.0,8.685982,0.065,0.058271
7a059e452dbd,Article 1,apps:25344/20,2023-08-31,2024-08-31,2024-12-19,1,3,1|10|35|41|5,1,1,5.507088862576026,dev,0.818423,0.3,1.0,5.507089,0.545,0.155244
7a059e452dbd,Article 1,apps:7432/17,2023-08-31,2024-08-31,2024-12-19,1,3,1|14|35|8,1,1,5.666960243078266,dev,0.751138,0.3,1.0,5.66696,0.545,0.155396
7a059e452dbd,Article 1,apps:74566/16|74573/16,2023-08-31,2024-08-31,2024-12-19,1,3,1|13|14|2|35|8|P1-1,1,1,7.514440494466141,dev,0.672796,0.3,1.0,7.51444,0.545,0.157155
7a059e452dbd,Article 1,apps:43082/14,2023-08-31,2024-08-31,2024-12-19,1,4,9,1,0,7.876614911679464,dev,0.224641,0.1,0.0,7.876615,0.065,0.0575
7a059e452dbd,Article 1,apps:67351/13,2023-08-31,2024-08-31,2024-12-19,1,3,1|13|2|41,1,1,8.577229898513654,dev,0.19913,0.3,1.0,8.57723,0.545,0.158167
7a059e452dbd,Article 1,apps:21882/09|6189/10,2023-08-31,2024-08-31,2024-12-19,1,3,1|2|3|35|41|5,1,1,2.810348731735033,dev,0.024425,0.3,1.0,2.810349,0.545,0.152676
7a059e452dbd,Article 1,apps:40926/16|73942/17,2023-08-31,2024-08-31,2024-12-19,1,3,1|13|3|34|35|41|5|58|6|P1-1|P4-2,1,1,11.662010594649757,dev,0.244843,0.3,1.0,11.662011,0.545,0.161105
7a059e452dbd,Article 1,apps:3963/18,2023-08-31,2024-08-31,2024-12-19,1,3,1|2|35|38|41|58,1,1,7.468178527658067,dev,0.475136,0.3,1.0,7.468179,0.545,0.157111
7a059e452dbd,Article 1,apps:42126/15|42127/15,2023-08-31,2024-08-31,2024-12-19,1,3,1|35|41|5|58|6,1,1,14.255921204049368,dev,0.849738,0.3,1.0,14.255921,0.545,0.163575
7a059e452dbd,Article 1,apps:74508/16,2023-08-31,2024-08-31,2024-12-19,1,3,1|13|14|2|35|8|P1-1,1,1,6.31990392359892,dev,0.072828,0.3,1.0,6.319904,0.545,0.156018
7a059e452dbd,Article 1,apps:35271/19,2023-08-31,2024-08-31,2024-12-19,1,1,1|35|5|P1-1,1,1,8.1275156728978,dev,0.414441,1.0,1.0,8.127516,1.0,0.507739
7a059e452dbd,Article 1,apps:48998/14,2023-08-31,2024-08-31,2024-12-19,1,3,1|13|2|35|41,1,1,7.876614911679464,dev,0.629765,0.3,1.0,7.876615,0.545,0.1575
7a059e452dbd,Article 1,apps:64371/16|64407/16,2023-08-31,2024-08-31,2024-12-19,1,3,1|34|37|41|8,1,1,9.465627770320165,dev,0.194435,0.3,1.0,9.465628,0.545,0.159013
7a059e452dbd,Article 1,apps:44715/20|47930/21,2024-08-31,2025-02-28,2025-06-26,1,1,,1,0,11.67509793226718,dev,0.696354,1.0,0.0,11.675098,0.65,0.511117
7a059e452dbd,Article 1,apps:32879/18,2024-08-31,2025-02-28,2025-06-26,1,3,1|41|P1-1,1,1,7.193011201959641,dev,0.494377,0.3,1.0,7.193011,0.545,0.156849
7a059e452dbd,Article 1,apps:51448/15,2024-08-31,2025-02-28,2025-06-26,1,3,1|13|2|37|41,1,1,5.029757890336498,dev,0.243984,0.3,1.0,5.029758,0.545,0.154789
7a059e452dbd,Article 1,apps:32514/22,2024-08-31,2025-02-28,2025-06-26,1,3,41|46|8,1,0,7.285256504277542,dev,0.656058,0.3,0.0,7.285257,0.195,0.156937
7a059e452dbd,Article 1,apps:18102/04,2024-08-31,2025-02-28,2025-06-26,1,3,1|34|35|41|56|57|58|6|8|P1-1,1,1,8.4458194152493,dev,0.005545,0.3,1.0,8.445819,0.545,0.158042
7a059e452dbd,Article 1,apps:53600/20,2024-08-31,2025-02-28,2025-06-26,1,1,1|19|2|34|35|46|6|8,1,1,16.813621430077802,dev,0.750964,1.0,1.0,16.813621,1.0,0.51601
7b2999efc3b7,Article 4 Protocol 4,apps:21329/18,2023-02-28,2023-08-31,2024-04-09,1,3,3|34|41|5|P4-4,P4-4,1,1.5999896929733117,dev,0.770046,0.3,1.0,1.59999,0.545,0.151524
7b2999efc3b7,Article 4 Protocol 4,apps:56417/19|44245/20,2023-08-31,2024-08-31,2024-09-30,1,3,3|41|P4-4,P4-4,1,1.8191897035522957,dev,0.106587,0.3,1.0,1.81919,0.545,0.151732
7b2999efc3b7,Article 4 Protocol 4,apps:54029/17,2023-08-31,2024-08-31,2024-09-30,1,3,13|3|41|P4-4,P4-4,1,1.2514583970152482,dev,0.425146,0.3,1.0,1.251458,0.545,0.151192
7b2999efc3b7,Article 4 Protocol 4,apps:39090/20,2024-08-31,2025-02-28,2025-09-18,1,3,1|13|3|35|41|P4-4,P4-4,1,2.842478258544327,dev,0.175887,0.3,1.0,2.842478,0.545,0.152707
7b2999efc3b7,Article 4 Protocol 4,apps:60778/19,2024-08-31,2025-02-28,2025-09-18,1,3,41|P4-4,P4-4,1,1.7864407448417627,dev,0.957966,0.3,1.0,1.786441,0.545,0.151701
7ff3d5fc46dd,Prisoners' rights,apps:27753/19,2023-08-31,2024-02-29,2024-04-05,1,3,3|41,,0,5.1094865031777115,dev,0.517958,0.3,0.0,5.109487,0.195,0.154865
7ff3d5fc46dd,Prisoners' rights,apps:68958/17,2023-08-31,2024-02-29,2024-04-05,1,3,P1-3,,0,7.399030043401938,dev,0.050218,0.3,0.0,7.39903,0.195,0.157045
7ff3d5fc46dd,Prisoners' rights,apps:3501/20,2023-08-31,2024-02-29,2024-04-05,1,1,3|34|35|41,,0,5.283880935132784,dev,0.249198,1.0,0.0,5.283881,0.65,0.505031
7ff3d5fc46dd,Prisoners' rights,apps:37522/16,2023-08-31,2024-02-29,2024-04-05,1,3,3|35|41,,0,5.290376035203572,dev,0.848336,0.3,0.0,5.290376,0.195,0.155038
7ff3d5fc46dd,Prisoners' rights,apps:26564/16,2024-02-29,2024-08-31,2024-09-28,1,3,13|3|41,,0,3.8222948453543797,dev,0.456462,0.3,0.0,3.822295,0.195,0.15364
7ff3d5fc46dd,Prisoners' rights,apps:32439/19,2024-02-29,2024-08-31,2024-09-28,1,3,13|3|35|41,,0,6.9565405340552795,dev,0.801417,0.3,0.0,6.956541,0.195,0.156624
7ff3d5fc46dd,Prisoners' rights,apps:17/19,2024-02-29,2024-08-31,2024-09-28,1,4,35|8,,0,15.796145172155573,dev,0.667578,0.1,0.0,15.796145,0.065,0.065041
7ff3d5fc46dd,Prisoners' rights,apps:22321/19,2024-02-29,2024-08-31,2024-09-28,1,3,6,,0,5.113972550433443,dev,0.987892,0.3,0.0,5.113973,0.195,0.15487
8ad6b528df3f,Rights of the child,apps:29359/22,2024-08-31,2025-02-28,2025-06-01,1,3,14|41|P1-2,,0,7.5833706571815735,dev,0.595452,0.3,0.0,7.583371,0.195,0.157221
8ad6b528df3f,Rights of the child,apps:27746/22|28291/22,2024-08-31,2025-02-28,2025-06-01,1,3,35|41|6|8,,0,11.293191709228314,dev,0.95004,0.3,0.0,11.293192,0.195,0.160753
96d370a07ab1,Article 6 Civil,apps:56064/16,2023-08-31,2024-02-29,2024-09-30,1,4,35|6,6,1,6.671260197546831,dev,0.891426,0.1,1.0,6.67126,0.415,0.056352
96d370a07ab1,Article 6 Civil,apps:48173/18,2023-08-31,2024-02-29,2024-09-30,1,3,35|41|6,6,1,8.616223858956591,dev,0.612652,0.3,1.0,8.616224,0.545,0.158204
96d370a07ab1,Article 6 Civil,apps:39247/14,2023-08-31,2024-02-29,2024-09-30,1,3,35|6,6,1,5.478205888450875,dev,0.719274,0.3,1.0,5.478206,0.545,0.155216
96d370a07ab1,Article 6 Civil,apps:25240/20,2023-08-31,2024-02-29,2024-09-30,1,3,14|18|35|6|8|P1-1,6,1,9.76639298617032,dev,0.504778,0.3,1.0,9.766393,0.545,0.1593
96d370a07ab1,Article 6 Civil,apps:49439/21,2023-08-31,2024-02-29,2024-09-30,1,3,3|35|41|6,6,1,4.529938946614537,dev,0.830569,0.3,1.0,4.529939,0.545,0.154313
96d370a07ab1,Article 6 Civil,apps:42180/19,2023-08-31,2024-02-29,2024-09-30,1,3,6,6,1,8.462989850174598,dev,0.547872,0.3,1.0,8.46299,0.545,0.158059
96d370a07ab1,Article 6 Civil,apps:4976/20,2023-08-31,2024-02-29,2024-09-30,1,3,41|46|6,6,1,6.4065842017753365,dev,0.897208,0.3,1.0,6.406584,0.545,0.1561
96d370a07ab1,Article 6 Civil,apps:72173/17,2023-08-31,2024-02-29,2024-09-30,1,3,41|6|P1-1,6,1,8.559266575756938,dev,0.743655,0.3,1.0,8.559267,0.545,0.15815
96d370a07ab1,Article 6 Civil,apps:4465/18,2023-08-31,2024-02-29,2024-09-30,1,4,35|6,6,1,5.837248211187868,dev,0.474674,0.1,1.0,5.837248,0.415,0.055558
96d370a07ab1,Article 6 Civil,apps:25226/18,2023-08-31,2024-02-29,2024-09-30,1,3,14|35|41|6|8,6,1,9.758652072738327,dev,0.259192,0.3,1.0,9.758652,0.545,0.159292
96d370a07ab1,Article 6 Civil,apps:66292/14,2023-08-31,2024-02-29,2024-09-30,1,3,35|41|6|8,6,1,3.8245313041110545,dev,0.24724,0.3,1.0,3.824531,0.545,0.153642
96d370a07ab1,Article 6 Civil,apps:19371/22,2023-08-31,2024-02-29,2024-09-30,1,3,41|6,6,1,8.859955574171323,dev,0.637661,0.3,1.0,8.859956,0.545,0.158437
96d370a07ab1,Article 6 Civil,apps:24269/18,2023-08-31,2024-02-29,2024-09-30,1,4,35|6,6,1,6.3898806092442815,dev,0.765814,0.1,1.0,6.389881,0.415,0.056084
96d370a07ab1,Article 6 Civil,apps:70267/17,2023-08-31,2024-02-29,2024-09-30,1,3,35|8,6,0,6.298495038363038,dev,0.5213,0.3,0.0,6.298495,0.195,0.155997
96d370a07ab1,Article 6 Civil,apps:46131/19,2023-08-31,2024-02-29,2024-09-30,1,3,6,6,1,5.739328517725213,dev,0.626748,0.3,1.0,5.739329,0.545,0.155465
96d370a07ab1,Article 6 Civil,apps:50849/21,2023-08-31,2024-02-29,2024-09-30,1,1,18|34|35|41|46|6|8,6,1,4.566237443509594,dev,0.274597,1.0,1.0,4.566237,1.0,0.504348
96d370a07ab1,Article 6 Civil,apps:48045/15,2024-02-29,2025-02-28,2025-06-26,1,3,41|6,6,1,6.374882163093298,dev,0.077483,0.3,1.0,6.374882,0.545,0.15607
96d370a07ab1,Article 6 Civil,apps:21766/22,2024-02-29,2025-02-28,2025-06-26,1,1,41|6,6,1,8.44549184125615,dev,0.285728,1.0,1.0,8.445492,1.0,0.508042
96d370a07ab1,Article 6 Civil,apps:8928/13,2024-02-29,2025-02-28,2025-06-26,1,4,35|6,6,1,22.25366945049433,dev,0.271715,0.1,1.0,22.253669,0.415,0.07119
96d370a07ab1,Article 6 Civil,apps:15771/20|53712/21,2024-02-29,2025-02-28,2025-06-26,1,4,35|6,6,1,10.440143599399612,dev,0.31971,0.1,1.0,10.440144,0.415,0.059941
96d370a07ab1,Article 6 Civil,apps:2327/20,2024-02-29,2025-02-28,2025-06-26,1,3,1|6,6,1,5.118671679324271,dev,0.540152,0.3,1.0,5.118672,0.545,0.154874
96d370a07ab1,Article 6 Civil,apps:25373/16,2024-02-29,2025-02-28,2025-06-26,1,3,14|41|6|8,6,1,9.967673884113905,dev,0.138374,0.3,1.0,9.967674,0.545,0.159491
96d370a07ab1,Article 6 Civil,apps:6319/21,2024-02-29,2025-02-28,2025-06-26,1,1,13|2|3|35|4|6,6,1,14.035686614189325,dev,0.231261,1.0,1.0,14.035687,1.0,0.513365
96d370a07ab1,Article 6 Civil,apps:64220/19,2024-02-29,2025-02-28,2025-06-26,1,3,35|41|9,6,0,7.256284689176032,dev,0.69395,0.3,0.0,7.256285,0.195,0.156909
96d370a07ab1,Article 6 Civil,apps:78664/17,2024-02-29,2025-02-28,2025-06-26,1,3,41|6,6,1,6.482437120682845,dev,0.706419,0.3,1.0,6.482437,0.545,0.156173
96d370a07ab1,Article 6 Civil,apps:84388/17,2024-02-29,2025-02-28,2025-06-26,1,3,35|41|6,6,1,6.339586627043936,dev,0.064229,0.3,1.0,6.339587,0.545,0.156037
96d370a07ab1,Article 6 Civil,apps:58901/19,2024-02-29,2025-02-28,2025-06-26,1,3,15|35|41|6,6,1,10.611522789246699,dev,0.407599,0.3,1.0,10.611523,0.545,0.160104
96d370a07ab1,Article 6 Civil,apps:47070/20,2024-02-29,2025-02-28,2025-06-26,1,4,35|6,6,1,5.430721685651907,dev,0.542611,0.1,1.0,5.430722,0.415,0.055171
96d370a07ab1,Article 6 Civil,apps:31029/15,2024-02-29,2025-02-28,2025-06-26,1,3,35|6,6,1,6.374882163093298,dev,0.415774,0.3,1.0,6.374882,0.545,0.15607
96d370a07ab1,Article 6 Civil,apps:13303/21,2024-02-29,2025-02-28,2025-06-26,1,4,3|35|6,6,1,10.37603168052516,dev,0.206834,0.1,1.0,10.376032,0.415,0.05988
96d370a07ab1,Article 6 Civil,apps:41373/21|48801/21,2024-02-29,2025-02-28,2025-06-26,1,3,35|41|6,6,1,13.15867924477626,dev,0.420144,0.3,1.0,13.158679,0.545,0.16253
96d370a07ab1,Article 6 Civil,apps:60272/21,2024-02-29,2025-02-28,2025-06-26,1,3,41|6,6,1,4.574196302833947,dev,0.904838,0.3,1.0,4.574196,0.545,0.154356
96d370a07ab1,Article 6 Civil,apps:37943/17,2024-02-29,2025-02-28,2025-06-26,1,3,35|41|6,6,1,8.496597362825149,dev,0.584079,0.3,1.0,8.496597,0.545,0.158091
96d370a07ab1,Article 6 Civil,apps:40825/98,2024-02-29,2025-02-28,2025-06-26,1,2,13|14|41|6|9,6,1,8.570965617854966,dev,0.695523,0.8,1.0,8.570966,0.87,0.408161
96d370a07ab1,Article 6 Civil,apps:35884/21|35886/21,2024-02-29,2025-02-28,2025-06-26,1,4,35|6,6,1,10.260414796919763,dev,0.856732,0.1,1.0,10.260415,0.415,0.05977
96d370a07ab1,Article 6 Civil,apps:20140/23,2024-02-29,2025-02-28,2025-06-26,1,3,41|6,6,1,5.491415869555834,dev,0.765595,0.3,1.0,5.491416,0.545,0.155229
96d370a07ab1,Article 6 Civil,apps:17131/19,2024-02-29,2025-02-28,2025-06-26,1,3,3|34|35|41|6|8|P1-1,6,1,8.706300308554278,dev,0.380381,0.3,1.0,8.7063,0.545,0.15829
96d370a07ab1,Article 6 Civil,apps:46514/15,2024-02-29,2025-02-28,2025-06-26,1,4,35|6,6,1,8.005624246310338,dev,0.005896,0.1,1.0,8.005624,0.415,0.057623
96d370a07ab1,Article 6 Civil,apps:53600/20,2024-02-29,2025-02-28,2025-06-26,1,1,1|19|2|34|35|46|6|8,6,1,13.126304136244613,dev,0.351759,1.0,1.0,13.126304,1.0,0.512499
96d370a07ab1,Article 6 Civil,apps:22321/19,2024-02-29,2025-02-28,2025-06-26,1,3,6,6,1,5.929412266642901,dev,0.753475,0.3,1.0,5.929412,0.545,0.155646
96d370a07ab1,Article 6 Civil,apps:27746/22|28291/22,2024-02-29,2025-02-28,2025-06-26,1,3,35|41|6|8,6,1,12.570907911407163,dev,0.853448,0.3,1.0,12.570908,0.545,0.16197
96d370a07ab1,Article 6 Civil,apps:38127/22,2024-02-29,2025-02-28,2025-06-26,1,4,6,6,1,12.787371391774172,dev,0.95343,0.1,1.0,12.787371,0.415,0.062176
96d370a07ab1,Article 6 Civil,apps:57246/21,2024-02-29,2025-02-28,2025-06-26,1,3,41|6,6,1,6.391679884155706,dev,0.419021,0.3,1.0,6.39168,0.545,0.156086
96d370a07ab1,Article 6 Civil,apps:4986/24,2025-02-28,2025-08-31,2026-02-17,1,3,35|6|8,6,1,8.79338700726612,test,0.747516,0.3,1.0,8.793387,0.545,0.158373
96d370a07ab1,Article 6 Civil,apps:22077/19,2025-02-28,2025-08-31,2026-02-17,1,1,10|35|6|8,6,1,7.189724601849704,test,0.546132,1.0,1.0,7.189725,1.0,0.506846
96d370a07ab1,Article 6 Civil,apps:41120/17,2025-02-28,2025-08-31,2026-02-17,1,3,35|41|46|6|P1-1,6,1,9.658929875097662,test,0.603253,0.3,1.0,9.65893,0.545,0.159197
96d370a07ab1,Article 6 Civil,apps:30671/08,2025-02-28,2025-08-31,2026-02-17,1,3,41|46|6,6,1,5.865252923106135,test,0.220539,0.3,1.0,5.865253,0.545,0.155585
96d370a07ab1,Article 6 Civil,apps:7428/17,2025-02-28,2025-08-31,2026-02-17,1,3,41|46|6,6,1,8.695798914765371,test,0.219422,0.3,1.0,8.695799,0.545,0.15828
96d370a07ab1,Article 6 Civil,apps:56297/21,2025-02-28,2025-08-31,2026-02-17,1,3,35|41|6,6,1,4.696348273815762,test,0.435836,0.3,1.0,4.696348,0.545,0.154472
96d370a07ab1,Article 6 Civil,apps:58751/00,2025-02-28,2025-08-31,2026-02-17,1,1,6,6,1,6.7613080969163555,test,0.029025,1.0,1.0,6.761308,1.0,0.506438
96d370a07ab1,Article 6 Civil,apps:30085/13,2025-02-28,2025-08-31,2026-02-17,1,3,34|41|6|P1-1,6,1,11.469182917100603,test,0.33613,0.3,1.0,11.469183,0.545,0.160921
96d370a07ab1,Article 6 Civil,apps:10934/21,2025-02-28,2025-08-31,2026-02-17,1,3,1|13|14|35|8,6,0,5.603950987632576,test,0.679142,0.3,0.0,5.603951,0.195,0.155336
96d370a07ab1,Article 6 Civil,apps:16497/20,2025-02-28,2025-08-31,2026-02-17,1,3,18|35|41|6|8,6,1,4.1383275625762845,test,0.404317,0.3,1.0,4.138328,0.545,0.153941
96d370a07ab1,Article 6 Civil,apps:15736/16,2025-02-28,2025-08-31,2026-02-17,1,3,41|6,6,1,9.228950913765576,test,0.165045,0.3,1.0,9.228951,0.545,0.158788
99cd2ce32cf8,Article 8,name:a and b v france::2023,2023-02-28,2023-08-31,2024-02-17,1,3,34|8,8,1,8.081732879652733,dev,0.46739,0.3,1.0,8.081733,0.545,0.157695
99cd2ce32cf8,Article 8,apps:7246/20,2023-02-28,2023-08-31,2024-02-17,1,1,35|8,8,1,13.606860049343211,dev,0.127628,1.0,1.0,13.60686,1.0,0.512957
99cd2ce32cf8,Article 8,apps:P16-2022-001,2023-02-28,2023-08-31,2024-02-17,1,1,,8,0,39.509068137254744,dev,0.622257,1.0,0.0,39.509068,0.65,0.537621
99cd2ce32cf8,Article 8,apps:22619/14,2023-02-28,2023-08-31,2024-02-17,1,3,35|41|8,8,1,11.356169401601633,dev,0.026966,0.3,1.0,11.356169,0.545,0.160813
99cd2ce32cf8,Article 8,apps:13258/18,2023-02-28,2023-08-31,2024-02-17,1,1,41|8,8,1,10.112789029888418,dev,0.39402,1.0,1.0,10.112789,1.0,0.509629
99cd2ce32cf8,Article 8,apps:47196/21,2023-02-28,2023-08-31,2024-02-17,1,3,41|8,8,1,5.208682186751252,dev,0.564392,0.3,1.0,5.208682,0.545,0.15496
99cd2ce32cf8,Article 8,apps:46412/21,2023-02-28,2023-08-31,2024-02-17,1,3,34|35|8,8,1,8.460510796418088,dev,0.027102,0.3,1.0,8.460511,0.545,0.158056
99cd2ce32cf8,Article 8,apps:44033/17,2023-02-28,2023-08-31,2024-02-17,1,3,3|35|41|8,8,1,12.614595159254367,dev,0.64275,0.3,1.0,12.614595,0.545,0.162012
99cd2ce32cf8,Article 8,apps:21768/19,2023-02-28,2023-08-31,2024-02-17,1,3,41|8,8,1,6.613729806413264,dev,0.135699,0.3,1.0,6.61373,0.545,0.156298
99cd2ce32cf8,Article 8,apps:11519/20,2023-02-28,2023-08-31,2024-02-17,1,1,10|41|58|8,8,1,7.45358143215887,dev,0.461698,1.0,1.0,7.453581,1.0,0.507097
99cd2ce32cf8,Article 8,apps:66015/17,2023-02-28,2023-08-31,2024-02-17,1,3,35|8,8,1,10.06909933429868,dev,0.050285,0.3,1.0,10.069099,0.545,0.159588
99cd2ce32cf8,Article 8,apps:36345/16,2023-02-28,2023-08-31,2024-02-17,1,1,35|41|8,8,1,6.93011851513323,dev,0.379104,1.0,1.0,6.930119,1.0,0.506599
99cd2ce32cf8,Article 8,apps:14709/07,2023-02-28,2023-08-31,2024-02-17,1,3,34|35|41|8,8,1,3.389102014254396,dev,0.21166,0.3,1.0,3.389102,0.545,0.153227
99cd2ce32cf8,Article 8,apps:39954/09|3465/17,2023-02-28,2023-08-31,2024-02-17,1,3,10|14|17|37|41|58|8,8,1,8.819958220458577,dev,0.326846,0.3,1.0,8.819958,0.545,0.158398
99cd2ce32cf8,Article 8,apps:53568/18|54741/18,2023-02-28,2023-08-31,2024-02-17,1,1,35|8,8,1,15.325191601900766,dev,0.76123,1.0,1.0,15.325192,1.0,0.514593
99cd2ce32cf8,Article 8,apps:10934/21,2023-02-28,2023-08-31,2024-02-17,1,3,1|13|14|35|8,8,1,6.351032488274658,dev,0.379126,0.3,1.0,6.351032,0.545,0.156047
99cd2ce32cf8,Article 8,apps:30782/16,2023-02-28,2023-08-31,2024-02-17,1,3,41|8,8,1,2.223477345436099,dev,0.75201,0.3,1.0,2.223477,0.545,0.152117
99cd2ce32cf8,Article 8,apps:19162/19,2023-02-28,2023-08-31,2024-02-17,1,3,8,8,1,7.811910962725701,dev,0.831924,0.3,1.0,7.811911,0.545,0.157439
99cd2ce32cf8,Article 8,apps:23851/20|24360/20,2023-02-28,2023-08-31,2024-02-17,1,3,14|35|8|P1-1,8,1,15.568214585988404,dev,0.252272,0.3,1.0,15.568215,0.545,0.164824
99cd2ce32cf8,Article 8,apps:56578/11,2023-08-31,2024-04-09,2024-06-18,1,3,8,8,1,10.01745336059121,dev,0.081906,0.3,1.0,10.017453,0.545,0.159539
99cd2ce32cf8,Article 8,apps:17791/22,2023-08-31,2024-04-09,2024-06-18,1,3,41|8,8,1,9.956819487901063,dev,0.019383,0.3,1.0,9.956819,0.545,0.159481
99cd2ce32cf8,Article 8,apps:26504/20,2023-08-31,2024-04-09,2024-06-18,1,4,8,8,1,6.659161245520233,dev,0.539419,0.1,1.0,6.659161,0.415,0.056341
99cd2ce32cf8,Article 8,apps:22296/20|37138/20,2023-08-31,2024-04-09,2024-06-18,1,3,8,8,1,10.384671090622444,dev,0.999908,0.3,1.0,10.384671,0.545,0.159888
99cd2ce32cf8,Article 8,apps:3000/16|7189/16,2023-08-31,2024-04-09,2024-06-18,1,4,35|6|8|P1-1,8,1,10.948894021608613,dev,0.34996,0.1,1.0,10.948894,0.415,0.060426
99cd2ce32cf8,Article 8,apps:56513/17|56515/17,2023-08-31,2024-04-09,2024-06-18,1,3,8,8,1,13.34381067450363,dev,0.650144,0.3,1.0,13.343811,0.545,0.162706
99cd2ce32cf8,Article 8,apps:18843/20,2023-08-31,2024-04-09,2024-06-18,1,3,8,8,1,5.249407650621076,dev,0.781233,0.3,1.0,5.249408,0.545,0.154999
99cd2ce32cf8,Article 8,apps:14925/18,2023-08-31,2024-04-09,2024-06-18,1,3,8,8,1,6.149945817911314,dev,0.651755,0.3,1.0,6.149946,0.545,0.155856
99cd2ce32cf8,Article 8,apps:53162/21,2023-08-31,2024-04-09,2024-06-18,1,3,41|8,8,1,4.739344773643525,dev,0.754233,0.3,1.0,4.739345,0.545,0.154513
99cd2ce32cf8,Article 8,apps:3041/19,2023-08-31,2024-04-09,2024-06-18,1,1,41|8,8,1,7.350428836669416,dev,0.949612,1.0,1.0,7.350429,1.0,0.506999
99cd2ce32cf8,Article 8,apps:21424/16|45728/17,2023-08-31,2024-04-09,2024-06-18,1,3,34|8,8,1,8.57771402084629,dev,0.199361,0.3,1.0,8.577714,0.545,0.158168
99cd2ce32cf8,Article 8,apps:7432/17,2023-08-31,2024-04-09,2024-06-18,1,3,1|14|35|8,8,1,10.333001127515718,dev,0.02038,0.3,1.0,10.333001,0.545,0.159839
99cd2ce32cf8,Article 8,apps:25240/20,2023-08-31,2024-04-09,2024-06-18,1,3,14|18|35|6|8|P1-1,8,1,10.730525623159888,dev,0.152382,0.3,1.0,10.730526,0.545,0.160218
99cd2ce32cf8,Article 8,apps:37031/21,2023-08-31,2024-04-09,2024-06-18,1,3,41|8,8,1,9.307932393972655,dev,0.126221,0.3,1.0,9.307932,0.545,0.158863
99cd2ce32cf8,Article 8,apps:17780/18,2023-08-31,2024-04-09,2024-06-18,1,3,8,8,1,6.059021095943144,dev,0.669459,0.3,1.0,6.059021,0.545,0.155769
99cd2ce32cf8,Article 8,apps:16974/14,2023-08-31,2024-04-09,2024-06-18,1,3,41|8,8,1,6.426740051867866,dev,0.56397,0.3,1.0,6.42674,0.545,0.15612
99cd2ce32cf8,Article 8,apps:40209/20,2023-08-31,2024-04-09,2024-06-18,1,3,41|8,8,1,7.096689239601327,dev,0.217965,0.3,1.0,7.096689,0.545,0.156758
99cd2ce32cf8,Article 8,apps:17254/11,2023-08-31,2024-04-09,2024-06-18,1,4,8,8,1,5.777782271754988,dev,0.699465,0.1,1.0,5.777782,0.415,0.055502
99cd2ce32cf8,Article 8,apps:55351/17,2023-08-31,2024-04-09,2024-06-18,1,3,14|3|41|8,8,1,10.559880374266132,dev,0.766898,0.3,1.0,10.55988,0.545,0.160055
99cd2ce32cf8,Article 8,apps:40119/21,2023-08-31,2024-04-09,2024-06-18,1,3,35|41|6|8,8,1,6.164916886265541,dev,0.167789,0.3,1.0,6.164917,0.545,0.15587
99cd2ce32cf8,Article 8,apps:62020/14,2023-08-31,2024-04-09,2024-06-18,1,3,41|8,8,1,6.524107048016731,dev,0.607247,0.3,1.0,6.524107,0.545,0.156212
99cd2ce32cf8,Article 8,apps:54366/08,2023-08-31,2024-04-09,2024-06-18,1,4,8,8,1,3.6008025140270155,dev,0.747926,0.1,1.0,3.600803,0.415,0.053429
99cd2ce32cf8,Article 8,apps:25226/18,2023-08-31,2024-04-09,2024-06-18,1,3,14|35|41|6|8,8,1,10.117019089845261,dev,0.114533,0.3,1.0,10.117019,0.545,0.159633
99cd2ce32cf8,Article 8,apps:66292/14,2023-08-31,2024-04-09,2024-06-18,1,3,35|41|6|8,8,1,6.029088667269719,dev,0.819301,0.3,1.0,6.029089,0.545,0.155741
99cd2ce32cf8,Article 8,apps:33696/19,2023-08-31,2024-04-09,2024-06-18,1,3,41|58|8,8,1,7.2747143650472665,dev,0.964721,0.3,1.0,7.274714,0.545,0.156927
99cd2ce32cf8,Article 8,apps:8165/03|70267/17,2023-08-31,2024-04-09,2024-06-18,1,3,10|6|8|9|P1-2,8,1,7.156238999012906,dev,0.108099,0.3,1.0,7.156239,0.545,0.156814
99cd2ce32cf8,Article 8,apps:42541/18,2023-08-31,2024-04-09,2024-06-18,1,3,8,8,1,6.059021095943144,dev,0.025678,0.3,1.0,6.059021,0.545,0.155769
99cd2ce32cf8,Article 8,apps:71160/13,2023-08-31,2024-04-09,2024-06-18,1,4,8,8,1,6.489479687130265,dev,0.311957,0.1,1.0,6.48948,0.415,0.056179
99cd2ce32cf8,Article 8,apps:9525/19,2023-08-31,2024-04-09,2024-06-18,1,3,41|8,8,1,5.797242378742733,dev,0.677347,0.3,1.0,5.797242,0.545,0.15552
99cd2ce32cf8,Article 8,apps:53600/20,2023-08-31,2024-04-09,2024-06-18,1,1,1|19|2|34|35|46|6|8,8,1,10.816570986708175,dev,0.958173,1.0,1.0,10.816571,1.0,0.5103
99cd2ce32cf8,Article 8,apps:59252/19,2023-08-31,2024-04-09,2024-06-18,1,4,35|8,8,1,10.461309213019591,dev,0.396654,0.1,1.0,10.461309,0.415,0.059961
99cd2ce32cf8,Article 8,apps:43868/18|25883/21,2023-08-31,2024-04-09,2024-06-18,1,3,13|14|35|8,8,1,6.332697599962363,dev,0.715015,0.3,1.0,6.332698,0.545,0.15603
99cd2ce32cf8,Article 8,apps:50849/21,2023-08-31,2024-04-09,2024-06-18,1,1,18|34|35|41|46|6|8,8,1,5.107983951868511,dev,0.075996,1.0,1.0,5.107984,1.0,0.504864
99cd2ce32cf8,Article 8,apps:8165/03,2023-08-31,2024-04-09,2024-06-18,1,3,10|6|8|9|P1-2,8,1,4.991828607163134,dev,0.690614,0.3,1.0,4.991829,0.545,0.154753
99cd2ce32cf8,Article 8,apps:49014/16,2024-04-09,2025-02-28,2025-05-23,1,3,14|41|58|8,8,1,6.3277332688145895,dev,0.627242,0.3,1.0,6.327733,0.545,0.156025
99cd2ce32cf8,Article 8,apps:29295/22,2024-04-09,2025-02-28,2025-05-23,1,4,14|35|8,8,1,5.273472770853511,dev,0.101901,0.1,1.0,5.273473,0.415,0.055021
99cd2ce32cf8,Article 8,apps:28540/20,2024-04-09,2025-02-28,2025-05-23,1,4,14|35|8,8,1,10.260612546273482,dev,0.772481,0.1,1.0,10.260613,0.415,0.05977
99cd2ce32cf8,Article 8,apps:81249/17,2024-04-09,2025-02-28,2025-05-23,1,3,14|41|8,8,1,4.854741245580968,dev,0.850293,0.3,1.0,4.854741,0.545,0.154623
99cd2ce32cf8,Article 8,apps:59/17,2024-04-09,2025-02-28,2025-05-23,1,1,15|41|5|8,8,1,6.577512305852812,dev,0.600412,1.0,1.0,6.577512,1.0,0.506263
99cd2ce32cf8,Article 8,apps:24228/18,2024-04-09,2025-02-28,2025-05-23,1,3,35|41|6|8,8,1,6.2200160284414965,dev,0.121055,0.3,1.0,6.220016,0.545,0.155923
99cd2ce32cf8,Article 8,apps:11575/24,2024-04-09,2025-02-28,2025-05-23,1,4,10|35|8,8,1,6.684838326987645,dev,0.983844,0.1,1.0,6.684838,0.415,0.056365
99cd2ce32cf8,Article 8,apps:2507/19,2024-04-09,2025-02-28,2025-05-23,1,3,35|41|8,8,1,8.650733615181675,dev,0.782635,0.3,1.0,8.650734,0.545,0.158237
99cd2ce32cf8,Article 8,apps:32312/23,2024-04-09,2025-02-28,2025-05-23,1,1,14|2|35|8,8,1,4.99871470439882,dev,0.347204,1.0,1.0,4.998715,1.0,0.50476
99cd2ce32cf8,Article 8,apps:44002/22,2024-04-09,2025-02-28,2025-05-23,1,1,35|8,8,1,6.032922442755078,dev,0.428378,1.0,1.0,6.032922,1.0,0.505745
99cd2ce32cf8,Article 8,apps:29550/17,2024-04-09,2025-02-28,2025-05-23,1,3,41|8,8,1,4.854741245580968,dev,0.370571,0.3,1.0,4.854741,0.545,0.154623
99cd2ce32cf8,Article 8,apps:13805/21,2024-04-09,2025-02-28,2025-05-23,1,3,41|8,8,1,6.938511053440695,dev,0.505961,0.3,1.0,6.938511,0.545,0.156607
99cd2ce32cf8,Article 8,apps:52319/22,2024-04-09,2025-02-28,2025-05-23,1,3,35|8,8,1,6.693254171526998,dev,0.341231,0.3,1.0,6.693254,0.545,0.156373
99cd2ce32cf8,Article 8,apps:25636/22,2024-04-09,2025-02-28,2025-05-23,1,3,35|8|9,8,1,10.001708467200121,dev,0.849576,0.3,1.0,10.001708,0.545,0.159524
99cd2ce32cf8,Article 8,apps:63664/19,2024-04-09,2025-02-28,2025-05-23,1,1,8,8,1,12.277666729254255,dev,0.822331,1.0,1.0,12.277667,1.0,0.511691
99cd2ce32cf8,Article 8,apps:28935/21,2024-04-09,2025-02-28,2025-05-23,1,3,41|8,8,1,5.752258325649638,dev,0.105539,0.3,1.0,5.752258,0.545,0.155477
99cd2ce32cf8,Article 8,apps:20949/21,2024-04-09,2025-02-28,2025-05-23,1,3,41|8,8,1,8.753819059236687,dev,0.960788,0.3,1.0,8.753819,0.545,0.158335
99cd2ce32cf8,Article 8,apps:24622/22,2024-04-09,2025-02-28,2025-05-23,1,1,35|8,8,1,12.207885018836981,dev,0.635585,1.0,1.0,12.207885,1.0,0.511624
99cd2ce32cf8,Article 8,apps:23570/22,2024-04-09,2025-02-28,2025-05-23,1,4,35|8,8,1,10.146276763063696,dev,0.828707,0.1,1.0,10.146277,0.415,0.059661
99cd2ce32cf8,Article 8,apps:32514/22,2024-04-09,2025-02-28,2025-05-23,1,3,41|46|8,8,1,5.057313341643821,dev,0.707309,0.3,1.0,5.057313,0.545,0.154816
99cd2ce32cf8,Article 8,apps:15541/20,2024-04-09,2025-02-28,2025-05-23,1,1,2|34|35|41|8|9,8,1,7.268508736142273,dev,0.435487,1.0,1.0,7.268509,1.0,0.506921
99cd2ce32cf8,Article 8,apps:46808/16,2024-04-09,2025-02-28,2025-05-23,1,3,35|8,8,1,9.29699167303205,dev,0.733795,0.3,1.0,9.296992,0.545,0.158853
99cd2ce32cf8,Article 8,apps:45430/19,2024-04-09,2025-02-28,2025-05-23,1,3,10|8,8,1,8.940407807032894,dev,0.965474,0.3,1.0,8.940408,0.545,0.158513
99cd2ce32cf8,Article 8,apps:42917/16,2024-04-09,2025-02-28,2025-05-23,1,3,14|35|8,8,1,7.489603557764612,dev,0.270082,0.3,1.0,7.489604,0.545,0.157132
99cd2ce32cf8,Article 8,apps:6033/19,2025-02-28,2025-08-31,2025-12-19,1,3,41|8,8,1,13.57502752873408,test,0.808199,0.3,1.0,13.575028,0.545,0.162926
99cd2ce32cf8,Article 8,apps:3485/21,2025-02-28,2025-08-31,2025-12-19,1,4,35|8,8,1,6.8562188283233,test,0.538173,0.1,1.0,6.856219,0.415,0.056529
99cd2ce32cf8,Article 8,apps:4581/16,2025-02-28,2025-08-31,2025-12-19,1,3,34|35|41|8,8,1,9.462506052739297,test,0.483498,0.3,1.0,9.462506,0.545,0.15901
99cd2ce32cf8,Article 8,apps:48302/21,2025-02-28,2025-08-31,2025-12-19,1,3,35|41|8|P7-1,8,1,5.152150418555939,test,0.435574,0.3,1.0,5.15215,0.545,0.154906
99cd2ce32cf8,Article 8,apps:22077/19,2025-02-28,2025-08-31,2025-12-19,1,1,10|35|6|8,8,1,10.567067879256644,test,0.731026,1.0,1.0,10.567068,1.0,0.510062
99cd2ce32cf8,Article 8,apps:46949/21|24989/22|39759/22,2025-02-28,2025-08-31,2025-12-19,1,1,14|3|41|46|8,8,1,14.403745390417779,test,0.268396,1.0,1.0,14.403745,1.0,0.513715
99cd2ce32cf8,Article 8,apps:24029/07,2025-02-28,2025-08-31,2025-12-19,1,3,35|8,8,1,8.832253552076736,test,0.851713,0.3,1.0,8.832254,0.545,0.15841
99cd2ce32cf8,Article 8,apps:12908/23|24544/23,2025-02-28,2025-08-31,2025-12-19,1,4,35|8,8,1,12.73604626972126,test,0.830731,0.1,1.0,12.736046,0.415,0.062127
99cd2ce32cf8,Article 8,apps:5742/22,2025-02-28,2025-08-31,2025-12-19,1,3,8,8,1,7.705060671436907,test,0.086663,0.3,1.0,7.705061,0.545,0.157337
99cd2ce32cf8,Article 8,apps:21669/21,2025-02-28,2025-08-31,2025-12-19,1,3,35|8,8,1,5.899228059710503,test,0.881631,0.3,1.0,5.899228,0.545,0.155617
99cd2ce32cf8,Article 8,apps:39056/22,2025-02-28,2025-08-31,2025-12-19,1,3,10|11|41|58|8,8,1,10.33732303054142,test,0.243863,0.3,1.0,10.337323,0.545,0.159843
99cd2ce32cf8,Article 8,apps:16497/20,2025-02-28,2025-08-31,2025-12-19,1,3,18|35|41|6|8,8,1,7.5892514548476,test,0.464708,0.3,1.0,7.589251,0.545,0.157227
99cd2ce32cf8,Article 8,apps:8019/16,2025-02-28,2025-08-31,2025-12-19,1,1,1|10|11|13|14|19|2|3|35|38|4|41|46|5|58|8|9|P1-1|P1-2,8,1,14.358707760468722,test,0.610332,1.0,1.0,14.358708,1.0,0.513672
99cd2ce32cf8,Article 8,apps:45644/18,2025-02-28,2025-08-31,2025-12-19,1,3,41|8,8,1,11.646295362800817,test,0.378989,0.3,1.0,11.646295,0.545,0.16109
99cd2ce32cf8,Article 8,apps:3795/22,2025-02-28,2025-08-31,2025-12-19,1,3,35|8,8,1,5.468127438023891,test,0.0287,0.3,1.0,5.468127,0.545,0.155207
99cd2ce32cf8,Article 8,apps:10934/21,2025-02-28,2025-08-31,2025-12-19,1,3,1|13|14|35|8,8,1,6.555814906111632,test,0.850953,0.3,1.0,6.555815,0.545,0.156242
a94e3bc7e2bf,Article 13,apps:49072/21,2023-02-28,2023-08-31,2024-02-17,1,3,13|6,13,1,9.207253709618554,dev,0.18184,0.3,1.0,9.207254,0.545,0.158767
a94e3bc7e2bf,Article 13,apps:37241/21,2023-02-28,2023-08-31,2024-02-17,1,4,13|3,13,1,8.97043904056996,dev,0.21212,0.1,1.0,8.970439,0.415,0.058542
a94e3bc7e2bf,Article 13,apps:10934/21,2023-02-28,2023-08-31,2024-02-17,1,3,1|13|14|35|8,13,1,5.201414457095901,dev,0.797832,0.3,1.0,5.201414,0.545,0.154953
a94e3bc7e2bf,Article 13,apps:36318/21,2023-08-31,2024-02-29,2024-04-09,1,3,13|35|41|P1-1,13,1,10.634571422060231,dev,0.340339,0.3,1.0,10.634571,0.545,0.160126
a94e3bc7e2bf,Article 13,apps:59476/21,2024-02-29,2025-02-28,2025-06-19,1,3,13|2|35|41,13,1,10.593264685797937,dev,0.88032,0.3,1.0,10.593265,0.545,0.160087
acdaf72cea98,Article 3,apps:39326/02,2023-02-28,2023-08-31,2024-02-23,1,4,3,3,1,6.337102110786809,dev,0.701184,0.1,1.0,6.337102,0.415,0.056034
acdaf72cea98,Article 3,apps:44394/15,2023-02-28,2023-08-31,2024-02-23,1,3,,3,0,14.53277233487065,dev,0.276269,0.3,0.0,14.532772,0.195,0.163838
acdaf72cea98,Article 3,apps:37928/20,2023-02-28,2023-08-31,2024-02-23,1,3,3,3,1,4.685650987184868,dev,0.010151,0.3,1.0,4.685651,0.545,0.154462
acdaf72cea98,Article 3,apps:36463/11,2023-02-28,2023-08-31,2024-02-23,1,1,13|3|35|41|58,3,1,8.15377192181134,dev,0.948063,1.0,1.0,8.153772,1.0,0.507764
acdaf72cea98,Article 3,apps:25276/15,2023-02-28,2023-08-31,2024-02-23,1,3,10|11|3|35|41|58,3,1,9.084256162616235,dev,0.085613,0.3,1.0,9.084256,0.545,0.15865
acdaf72cea98,Article 3,apps:55351/17,2023-08-31,2024-08-31,2024-09-30,1,3,14|3|41|8,3,1,1.5176223486509297,dev,0.720075,0.3,1.0,1.517622,0.545,0.151445
acdaf72cea98,Article 3,apps:58358/14,2023-08-31,2024-08-31,2024-09-30,1,3,11|14|3|34|38|41|46|5|58,3,1,0.8928278979764885,dev,0.488578,0.3,1.0,0.892828,0.545,0.15085
b8a991ab1181,Mass protests,apps:31349/20,2023-02-28,2023-08-31,2023-12-06,1,3,10|11|35|41,,0,4.279482673326417,dev,0.758165,0.3,0.0,4.279483,0.195,0.154075
b8a991ab1181,Mass protests,apps:15158/19,2023-02-28,2023-08-31,2023-12-06,1,3,10|35|41,,0,3.929447663452855,dev,0.690609,0.3,0.0,3.929448,0.195,0.153742
b8a991ab1181,Mass protests,apps:1162/22,2023-08-31,2025-02-28,2025-08-13,1,3,10|11|35|P4-2,,0,7.366063165348789,dev,0.645903,0.3,0.0,7.366063,0.195,0.157014
b8a991ab1181,Mass protests,apps:35834/22,2023-08-31,2025-02-28,2025-08-13,1,3,11|34|35,,0,9.542038041099032,dev,0.490821,0.3,0.0,9.542038,0.195,0.159086
b8a991ab1181,Mass protests,apps:49363/20,2023-08-31,2025-02-28,2025-08-13,1,3,11|2|8,,0,6.7414903881697406,dev,0.792933,0.3,0.0,6.74149,0.195,0.156419
b8a991ab1181,Mass protests,apps:56270/21,2023-08-31,2025-02-28,2025-08-13,1,3,11,,0,4.055853663481838,dev,0.093053,0.3,0.0,4.055854,0.195,0.153862
b8a991ab1181,Mass protests,apps:47626/21|22525/21,2023-08-31,2025-02-28,2025-08-13,1,3,2|41,,0,9.453591422913362,dev,0.221596,0.3,0.0,9.453591,0.195,0.159002
b8a991ab1181,Mass protests,apps:10443/12,2023-08-31,2025-02-28,2025-08-13,1,3,11|3|41,,0,9.503209359182168,dev,0.691787,0.3,0.0,9.503209,0.195,0.159049
b8a991ab1181,Mass protests,apps:5297/16,2023-08-31,2025-02-28,2025-08-13,1,3,35|41|5,,0,5.162054120746043,dev,0.306206,0.3,0.0,5.162054,0.195,0.154915
b8a991ab1181,Mass protests,apps:56896/17,2023-08-31,2025-02-28,2025-08-13,1,3,11|35|41,,0,8.147072347436094,dev,0.581556,0.3,0.0,8.147072,0.195,0.157758
b8a991ab1181,Mass protests,apps:38283/18,2025-02-28,2025-08-31,2025-11-04,1,3,10|11|41|5,,0,8.7320872450259,test,0.47326,0.3,0.0,8.732087,0.195,0.158315
b8a991ab1181,Mass protests,apps:17710/15,2025-02-28,2025-08-31,2025-11-04,1,3,3|34|41,,0,5.749821890401195,test,0.530922,0.3,0.0,5.749822,0.195,0.155475
b8a991ab1181,Mass protests,apps:45401/15,2025-02-28,2025-08-31,2025-11-04,1,4,11|35,,0,8.006418384442469,test,0.425504,0.1,0.0,8.006418,0.065,0.057624
b8a991ab1181,Mass protests,apps:29760/21|33931/21,2025-02-28,2025-08-31,2025-11-04,1,3,11|35|41|6,,0,9.09700020979991,test,0.745935,0.3,0.0,9.097,0.195,0.158662
b8a991ab1181,Mass protests,apps:44241/20,2025-02-28,2025-08-31,2025-11-04,1,3,10|11|35|41,,0,4.5069516643626795,test,0.330791,0.3,0.0,4.506952,0.195,0.154292
cfca8cb0bbc6,Social rights,apps:35289/11,2023-02-28,2023-08-31,2023-11-27,1,1,34|35|6,,0,16.344015884673862,dev,0.702855,1.0,0.0,16.344016,0.65,0.515563
cfca8cb0bbc6,Social rights,apps:30782/16,2023-02-28,2023-08-31,2023-11-27,1,3,41|8,,0,5.025146607202102,dev,0.270916,0.3,0.0,5.025147,0.195,0.154785
cfca8cb0bbc6,Social rights,apps:59065/21,2023-08-31,2025-02-28,2025-11-04,1,3,P1-1,,0,5.586177377778562,dev,0.251404,0.3,0.0,5.586177,0.195,0.155319
cfca8cb0bbc6,Social rights,apps:20007/22,2023-08-31,2025-02-28,2025-11-04,1,3,10|2|8,,0,4.553477028803262,dev,0.120656,0.3,0.0,4.553477,0.195,0.154336
cfca8cb0bbc6,Social rights,apps:7120/17,2023-08-31,2025-02-28,2025-11-04,1,3,14|35|37|P1-1,,0,5.758894367051124,dev,0.192584,0.3,0.0,5.758894,0.195,0.155484
cfca8cb0bbc6,Social rights,apps:44002/22,2023-08-31,2025-02-28,2025-11-04,1,1,35|8,,0,5.07603257816813,dev,0.119555,1.0,0.0,5.076033,0.65,0.504833
cfca8cb0bbc6,Social rights,apps:59433/18,2023-08-31,2025-02-28,2025-11-04,1,1,11|35|P1-2,,0,9.095932605572974,dev,0.535864,1.0,0.0,9.095933,0.65,0.508661
cfca8cb0bbc6,Social rights,apps:63664/19,2023-08-31,2025-02-28,2025-11-04,1,1,8,,0,11.36403390846452,dev,0.76219,1.0,0.0,11.364034,0.65,0.510821
cfca8cb0bbc6,Social rights,apps:49066/12,2023-08-31,2025-02-28,2025-11-04,1,3,35|41|8,,0,11.744787311436458,dev,0.18515,0.3,0.0,11.744787,0.195,0.161183
cfca8cb0bbc6,Social rights,apps:25226/18,2023-08-31,2025-02-28,2025-11-04,1,3,14|35|41|6|8,,0,9.526356125627895,dev,0.216385,0.3,0.0,9.526356,0.195,0.159071
cfca8cb0bbc6,Social rights,apps:24622/22,2023-08-31,2025-02-28,2025-11-04,1,1,35|8,,0,6.662083650429208,dev,0.484199,1.0,0.0,6.662084,0.65,0.506344
cfca8cb0bbc6,Social rights,apps:66292/14,2023-08-31,2025-02-28,2025-11-04,1,3,35|41|6|8,,0,5.727588059310473,dev,0.724585,0.3,0.0,5.727588,0.195,0.155454
cfca8cb0bbc6,Social rights,apps:29359/22,2023-08-31,2025-02-28,2025-11-04,1,3,14|41|P1-2,,0,7.766748953186897,dev,0.976607,0.3,0.0,7.766749,0.195,0.157396
cfca8cb0bbc6,Social rights,apps:2412/19,2023-08-31,2025-02-28,2025-11-04,1,3,14|35|P1-1,,0,6.692406035144539,dev,0.524637,0.3,0.0,6.692406,0.195,0.156373
cfca8cb0bbc6,Social rights,apps:59963/21,2023-08-31,2025-02-28,2025-11-04,1,4,14|35|8|P1-1,,0,4.622384326346248,dev,0.282999,0.1,0.0,4.622384,0.065,0.054401
d24a9ac722de,ECHR / EU,apps:27547/18,2024-02-29,2024-08-31,2024-11-11,1,4,35|6|8,,0,9.305476150803207,dev,0.100526,0.1,0.0,9.305476,0.065,0.058861
d5256ad78e38,Data protection,apps:44033/17,2023-02-28,2023-08-31,2024-03-31,1,3,3|35|41|8,,0,11.447941838773012,dev,0.194118,0.3,0.0,11.447942,0.195,0.160901
d5256ad78e38,Data protection,apps:11519/20,2023-02-28,2023-08-31,2024-03-31,1,1,10|41|58|8,,0,6.0285485364405265,dev,0.227483,1.0,0.0,6.028549,0.65,0.50574
d5256ad78e38,Data protection,apps:57292/16,2023-02-28,2023-08-31,2024-03-31,1,1,10,,0,6.483887776061799,dev,0.179442,1.0,0.0,6.483888,0.65,0.506174
d5256ad78e38,Data protection,apps:31172/19,2023-02-28,2023-08-31,2024-03-31,1,3,35|6|8|9,,0,10.736457887671408,dev,0.014148,0.3,0.0,10.736458,0.195,0.160223
d5256ad78e38,Data protection,apps:36345/16,2023-02-28,2023-08-31,2024-03-31,1,1,35|41|8,,0,7.0216950832932055,dev,0.534135,1.0,0.0,7.021695,0.65,0.506686
d5256ad78e38,Data protection,apps:36705/16,2023-02-28,2023-08-31,2024-03-31,1,3,35|41|8,,0,6.133423131895676,dev,0.274311,0.3,0.0,6.133423,0.195,0.15584
d5256ad78e38,Data protection,apps:80857/17,2023-02-28,2023-08-31,2024-03-31,1,3,10|35|6,,0,9.75761739665826,dev,0.974295,0.3,0.0,9.757617,0.195,0.159291
d5256ad78e38,Data protection,apps:7336/11,2023-02-28,2023-08-31,2024-03-31,1,3,41|8,,0,12.123046633966958,dev,0.553359,0.3,0.0,12.123047,0.195,0.161544
d5256ad78e38,Data protection,apps:34467/15,2023-02-28,2023-08-31,2024-03-31,1,3,35|8,,0,7.625294912969232,dev,0.697417,0.3,0.0,7.625295,0.195,0.157261
d5256ad78e38,Data protection,apps:18843/20,2023-08-31,2024-02-29,2024-06-13,1,3,8,,0,6.0754654952257,dev,0.126279,0.3,0.0,6.075465,0.195,0.155785
d5256ad78e38,Data protection,apps:21424/16|45728/17,2023-08-31,2024-02-29,2024-06-13,1,3,34|8,,0,8.12297842041616,dev,0.868461,0.3,0.0,8.122978,0.195,0.157735
d5256ad78e38,Data protection,apps:16974/14,2023-08-31,2024-02-29,2024-06-13,1,3,41|8,,0,7.828341472802924,dev,0.490879,0.3,0.0,7.828341,0.195,0.157454
d5256ad78e38,Data protection,apps:3866/20|9292/20,2023-08-31,2024-02-29,2024-06-13,1,4,3|35|6|8,,0,11.758896979904572,dev,0.87272,0.1,0.0,11.758897,0.065,0.061197
d5256ad78e38,Data protection,apps:3537/15,2023-08-31,2024-02-29,2024-06-13,1,3,35|41|6|8,,0,11.20684735092749,dev,0.574064,0.3,0.0,11.206847,0.195,0.160671
d5256ad78e38,Data protection,apps:36908/13,2023-08-31,2024-02-29,2024-06-13,1,4,10,,0,8.121400576365104,dev,0.469397,0.1,0.0,8.121401,0.065,0.057733
d5256ad78e38,Data protection,apps:33696/19,2023-08-31,2024-02-29,2024-06-13,1,3,41|58|8,,0,6.078756157892446,dev,0.440469,0.3,0.0,6.078756,0.195,0.155788
d5256ad78e38,Data protection,apps:23443/23,2023-08-31,2024-02-29,2024-06-13,1,4,10|35,,0,3.3412678493918198,dev,0.184364,0.1,0.0,3.341268,0.065,0.053182
d5256ad78e38,Data protection,apps:42541/18,2023-08-31,2024-02-29,2024-06-13,1,3,8,,0,5.6274866097173595,dev,0.051377,0.3,0.0,5.627487,0.195,0.155359
d5256ad78e38,Data protection,name:n s v croatia::2020,2023-08-31,2024-02-29,2024-06-13,1,4,10,,0,5.19528101823292,dev,0.941064,0.1,0.0,5.195281,0.065,0.054947
d5256ad78e38,Data protection,apps:58737/14,2024-02-29,2025-02-28,2025-07-05,1,3,13|3|41|8,,0,9.44993902466028,dev,0.477729,0.3,0.0,9.449939,0.195,0.158998
d5256ad78e38,Data protection,apps:25578/11,2024-02-29,2025-02-28,2025-07-05,1,3,34|35|8,,0,5.918234197367177,dev,0.822116,0.3,0.0,5.918234,0.195,0.155635
d5256ad78e38,Data protection,apps:22790/12,2024-02-29,2025-02-28,2025-07-05,1,3,34|35|38|41|8,,0,8.445601637868254,dev,0.400707,0.3,0.0,8.445602,0.195,0.158042
d5256ad78e38,Data protection,apps:29550/17,2024-02-29,2025-02-28,2025-07-05,1,3,41|8,,0,5.849558458378045,dev,0.074082,0.3,0.0,5.849558,0.195,0.15557
d5256ad78e38,Data protection,apps:52319/22,2024-02-29,2025-02-28,2025-07-05,1,3,35|8,,0,6.248820622494721,dev,0.629446,0.3,0.0,6.248821,0.195,0.15595
d5256ad78e38,Data protection,apps:62020/14,2024-02-29,2025-02-28,2025-07-05,1,3,41|8,,0,7.873311671030135,dev,0.053609,0.3,0.0,7.873312,0.195,0.157497
d5256ad78e38,Data protection,apps:40519/15,2024-02-29,2025-02-28,2025-07-05,1,3,35|41|8,,0,6.43061322930056,dev,0.149198,0.3,0.0,6.430613,0.195,0.156123
d5256ad78e38,Data protection,apps:6033/19,2025-02-28,2025-08-31,2026-01-01,1,3,41|8,,0,11.828847381203753,test,0.56284,0.3,0.0,11.828847,0.195,0.161263
d5256ad78e38,Data protection,apps:39056/22,2025-02-28,2025-08-31,2026-01-01,1,3,10|11|41|58|8,,0,6.506633976643038,test,0.303836,0.3,0.0,6.506634,0.195,0.156196
dbfbd08a4477,Article 2 Protocol 4,apps:31185/18,2023-02-28,2023-08-31,2024-02-17,1,3,P4-2,P4-2,1,5.76673748179261,dev,0.993918,0.3,1.0,5.766737,0.545,0.155491
dbfbd08a4477,Article 2 Protocol 4,apps:39611/18,2023-02-28,2023-08-31,2024-02-17,1,3,1|13|14|18|2|3|35|5|58|8|P1-1|P1-2|P4-2,P4-2,1,6.539732600952432,dev,0.118452,0.3,1.0,6.539733,0.545,0.156227
dbfbd08a4477,Article 2 Protocol 4,apps:61365/16,2023-02-28,2023-08-31,2024-02-17,1,3,35|41|46|P4-2,P4-2,1,6.289561107310896,dev,0.764443,0.3,1.0,6.289561,0.545,0.155989
dbfbd08a4477,Article 2 Protocol 4,apps:1162/22,2023-08-31,2024-02-29,2024-09-30,1,3,10|11|35|P4-2,P4-2,1,8.964111497779765,dev,0.606318,0.3,1.0,8.964111,0.545,0.158536
dbfbd08a4477,Article 2 Protocol 4,apps:40926/16|73942/17,2023-08-31,2024-02-29,2024-09-30,1,3,1|13|3|34|35|41|5|58|6|P1-1|P4-2,P4-2,1,15.199113416710176,dev,0.790741,0.3,1.0,15.199113,0.545,0.164473
dbfbd08a4477,Article 2 Protocol 4,apps:42429/16,2023-08-31,2024-02-29,2024-09-30,1,3,14|34|35|41|P4-2,P4-2,1,7.427872147234274,dev,0.225687,0.3,1.0,7.427872,0.545,0.157073
e12c697e461c,Article 14,apps:53891/20,2023-02-28,2023-08-31,2024-03-30,1,3,14|3|35|41,14,1,5.299614243413637,dev,0.522573,0.3,1.0,5.299614,0.545,0.155046
e12c697e461c,Article 14,apps:43651/22,2023-02-28,2023-08-31,2024-03-30,1,3,35|P12-1,14,0,11.682946482879778,dev,0.450514,0.3,0.0,11.682946,0.195,0.161125
e12c697e461c,Article 14,apps:75135/14,2023-02-28,2023-08-31,2024-03-30,1,3,14|41|8,14,1,7.299087640193511,dev,0.442721,0.3,1.0,7.299088,0.545,0.15695
e12c697e461c,Article 14,apps:39954/09|3465/17,2023-02-28,2023-08-31,2024-03-30,1,3,10|14|17|37|41|58|8,14,1,8.429974680991652,dev,0.860167,0.3,1.0,8.429975,0.545,0.158027
e12c697e461c,Article 14,apps:27094/20,2023-02-28,2023-08-31,2024-03-30,1,3,12|14|34|35|41|8,14,1,3.785814924234378,dev,0.990031,0.3,1.0,3.785815,0.545,0.153605
e12c697e461c,Article 14,apps:10934/21,2023-02-28,2023-08-31,2024-03-30,1,3,1|13|14|35|8,14,1,6.082488921027135,dev,0.30538,0.3,1.0,6.082489,0.545,0.155792
e12c697e461c,Article 14,apps:24408/16,2023-02-28,2023-08-31,2024-03-30,1,3,14|41|46|P1-2,14,1,5.120221415930367,dev,0.621027,0.3,1.0,5.120221,0.545,0.154876
e12c697e461c,Article 14,apps:23851/20|24360/20,2023-02-28,2023-08-31,2024-03-30,1,3,14|35|8|P1-1,14,1,8.846160239668784,dev,0.609631,0.3,1.0,8.84616,0.545,0.158423
e12c697e461c,Article 14,apps:225/20,2023-08-31,2024-02-29,2024-09-30,1,3,14|35|P1-2,14,1,7.4598094026345105,dev,0.740089,0.3,1.0,7.459809,0.545,0.157103
e12c697e461c,Article 14,apps:16760/22,2023-08-31,2024-02-29,2024-09-30,1,1,14|34|35|9,14,1,14.513455991722825,dev,0.94759,1.0,1.0,14.513456,1.0,0.51382
e12c697e461c,Article 14,apps:24225/19,2023-08-31,2024-02-29,2024-09-30,1,3,14|3|34|41|8|9|P1-1,14,1,10.041178829666524,dev,0.207788,0.3,1.0,10.041179,0.545,0.159561
e12c697e461c,Article 14,apps:42429/16,2023-08-31,2024-02-29,2024-09-30,1,3,14|34|35|41|P4-2,14,1,10.231151483971086,dev,0.211025,0.3,1.0,10.231151,0.545,0.159742
e12c697e461c,Article 14,apps:25226/18,2023-08-31,2024-02-29,2024-09-30,1,3,14|35|41|6|8,14,1,7.713247305889288,dev,0.660428,0.3,1.0,7.713247,0.545,0.157345
e12c697e461c,Article 14,apps:2412/19,2023-08-31,2024-02-29,2024-09-30,1,3,14|35|P1-1,14,1,4.722459905821824,dev,0.157057,0.3,1.0,4.72246,0.545,0.154497
e12c697e461c,Article 14,apps:56928/19,2023-08-31,2024-02-29,2024-09-30,1,3,,14,0,7.537674055521826,dev,0.173814,0.3,0.0,7.537674,0.195,0.157177
e12c697e461c,Article 14,apps:43868/18|25883/21,2023-08-31,2024-02-29,2024-09-30,1,3,13|14|35|8,14,1,6.117415507202683,dev,0.075065,0.3,1.0,6.117416,0.545,0.155825
e12c697e461c,Article 14,apps:29295/22,2024-02-29,2025-02-28,2025-05-23,1,4,14|35|8,14,1,4.562445092268183,dev,0.002676,0.1,1.0,4.562445,0.415,0.054344
e12c697e461c,Article 14,apps:81249/17,2024-02-29,2025-02-28,2025-05-23,1,3,14|41|8,14,1,4.416126308663695,dev,0.450504,0.3,1.0,4.416126,0.545,0.154205
e12c697e461c,Article 14,apps:20592/21,2024-02-29,2025-02-28,2025-05-23,1,3,10|11|14|41,14,1,4.416033268824429,dev,0.593811,0.3,1.0,4.416033,0.545,0.154205
e12c697e461c,Article 14,apps:71671/16|40190/18,2024-02-29,2025-02-28,2025-05-23,1,1,14|4|41|58,14,1,9.50573672737891,dev,0.291259,1.0,1.0,9.505737,1.0,0.509051
e12c697e461c,Article 14,apps:2669/19,2024-02-29,2025-02-28,2025-05-23,1,1,P12-1,14,0,4.3194367942058705,dev,0.231476,1.0,0.0,4.319437,0.65,0.504113
e12c697e461c,Article 14,apps:36436/22,2024-02-29,2025-02-28,2025-05-23,1,3,14|3|35|4|41|8,14,1,10.255562624165917,dev,0.706956,0.3,1.0,10.255563,0.545,0.159765
e12c697e461c,Article 14,apps:59180/15,2024-02-29,2025-02-28,2025-05-23,1,3,10|14|17|35|41|8,14,1,11.217680264744537,dev,0.702988,0.3,1.0,11.21768,0.545,0.160682
e12c697e461c,Article 14,apps:37614/22,2024-02-29,2025-02-28,2025-05-23,1,3,14|35|P1-2,14,1,9.242919828831939,dev,0.454031,0.3,1.0,9.24292,0.545,0.158801
e12c697e461c,Article 14,apps:29359/22,2024-02-29,2025-02-28,2025-05-23,1,3,14|41|P1-2,14,1,4.562445092268183,dev,0.687385,0.3,1.0,4.562445,0.545,0.154344
e12c697e461c,Article 14,apps:13968/22,2024-02-29,2025-02-28,2025-05-23,1,3,14|34|41|5,14,1,8.265697126394436,dev,0.923911,0.3,1.0,8.265697,0.545,0.157871
e12c697e461c,Article 14,apps:38963/18,2024-02-29,2025-02-28,2025-05-23,1,3,13|14|3|41|46,14,1,10.635217641439814,dev,0.787828,0.3,1.0,10.635218,0.545,0.160127
e12c697e461c,Article 14,apps:17106/18,2024-02-29,2025-02-28,2025-05-23,1,3,14|2|3|37|41,14,1,8.977285370074759,dev,0.625058,0.3,1.0,8.977285,0.545,0.158548
e12c697e461c,Article 14,apps:42917/16,2024-02-29,2025-02-28,2025-05-23,1,3,14|35|8,14,1,5.933640628307082,dev,0.661183,0.3,1.0,5.933641,0.545,0.15565
e19a063de5b3,Immigration,apps:4677/20,2023-02-28,2023-08-31,2024-03-31,1,3,2|3,,0,8.306063503984172,dev,0.933668,0.3,0.0,8.306064,0.195,0.157909
e19a063de5b3,Immigration,apps:4262/17,2023-02-28,2023-08-31,2024-03-31,1,4,13|3|35|6,,0,6.2822633349282295,dev,0.425139,0.1,0.0,6.282263,0.065,0.055982
e19a063de5b3,Immigration,apps:24917/15,2023-02-28,2023-08-31,2024-03-31,1,4,P4-4,,0,12.607267022397792,dev,0.544562,0.1,0.0,12.607267,0.065,0.062005
e19a063de5b3,Immigration,apps:8757/20,2023-02-28,2023-08-31,2024-03-31,1,3,41|8,,0,6.189739060413637,dev,0.647635,0.3,0.0,6.189739,0.195,0.155894
e19a063de5b3,Immigration,apps:13258/18,2023-02-28,2023-08-31,2024-03-31,1,1,41|8,,0,10.288431518751242,dev,0.908411,1.0,0.0,10.288432,0.65,0.509797
e19a063de5b3,Immigration,apps:9839/22,2023-02-28,2023-08-31,2024-03-31,1,3,3|35,,0,5.048042876769979,dev,0.826631,0.3,0.0,5.048043,0.195,0.154807
e19a063de5b3,Immigration,apps:38703/06,2023-02-28,2023-08-31,2024-03-31,1,3,,,0,12.093256752613975,dev,0.07141,0.3,0.0,12.093257,0.195,0.161515
e19a063de5b3,Immigration,apps:49255/22,2023-02-28,2023-08-31,2024-03-31,1,3,41|46|6,,0,4.15709180024452,dev,0.165923,0.3,0.0,4.157092,0.195,0.153958
e19a063de5b3,Immigration,apps:13869/22,2023-02-28,2023-08-31,2024-03-31,1,4,3|35,,0,5.46909133174086,dev,0.307612,0.1,0.0,5.469091,0.065,0.055208
e19a063de5b3,Immigration,apps:21768/19,2023-02-28,2023-08-31,2024-03-31,1,3,41|8,,0,5.304533038356483,dev,0.748958,0.3,0.0,5.304533,0.195,0.155051
e19a063de5b3,Immigration,apps:21329/18,2023-02-28,2023-08-31,2024-03-31,1,3,3|34|41|5|P4-4,,0,10.174296814355774,dev,0.569207,0.3,0.0,10.174297,0.195,0.159688
e19a063de5b3,Immigration,apps:15297/09,2023-02-28,2023-08-31,2024-03-31,1,3,3|34|35|41|5,,0,8.543104481467617,dev,0.288611,0.3,0.0,8.543104,0.195,0.158135
e19a063de5b3,Immigration,apps:70583/17,2023-02-28,2023-08-31,2024-03-31,1,3,3|35|41,,0,9.031702905684103,dev,0.124354,0.3,0.0,9.031703,0.195,0.1586
e19a063de5b3,Immigration,apps:34016/18,2023-02-28,2023-08-31,2024-03-31,1,3,13|2|3|34|37|41,,0,8.968559920721953,dev,0.688678,0.3,0.0,8.96856,0.195,0.15854
e19a063de5b3,Immigration,apps:61365/16,2023-02-28,2023-08-31,2024-03-31,1,3,35|41|46|P4-2,,0,6.214261977555964,dev,0.699734,0.3,0.0,6.214262,0.195,0.155917
e19a063de5b3,Immigration,apps:12427/22,2023-08-31,2024-02-29,2024-09-04,1,3,13|3|41|46|5,,0,6.201169410916451,dev,0.942676,0.3,0.0,6.201169,0.195,0.155905
e19a063de5b3,Immigration,apps:18911/17,2023-08-31,2024-02-29,2024-09-04,1,3,3|35|41|5,,0,10.848718831677623,dev,0.500472,0.3,0.0,10.848719,0.195,0.16033
e19a063de5b3,Immigration,apps:3566/16,2023-08-31,2024-02-29,2024-09-04,1,3,2|41,,0,8.353873901097732,dev,0.493795,0.3,0.0,8.353874,0.195,0.157955
e19a063de5b3,Immigration,apps:12510/18,2023-08-31,2024-02-29,2024-09-04,1,3,8,,0,5.321615198559494,dev,0.080442,0.3,0.0,5.321615,0.195,0.155067
e19a063de5b3,Immigration,apps:30919/20,2023-08-31,2024-02-29,2024-09-04,1,3,3,,0,7.6140385696702495,dev,0.039861,0.3,0.0,7.614039,0.195,0.15725
e19a063de5b3,Immigration,apps:80206/17,2023-08-31,2024-02-29,2024-09-04,1,3,2|3|41,,0,12.490386787334922,dev,0.432029,0.3,0.0,12.490387,0.195,0.161893
e19a063de5b3,Immigration,apps:10940/17|15977/17,2023-08-31,2024-02-29,2024-09-04,1,3,41|5,,0,19.339523460664658,dev,0.322322,0.3,0.0,19.339523,0.195,0.168415
e19a063de5b3,Immigration,apps:24650/19,2023-08-31,2024-02-29,2024-09-04,1,3,3|34|41,,0,6.219172301333471,dev,0.250368,0.3,0.0,6.219172,0.195,0.155922
e19a063de5b3,Immigration,apps:56417/19|44245/20,2023-08-31,2024-02-29,2024-09-04,1,3,3|41|P4-4,,0,8.96367854901663,dev,0.091327,0.3,0.0,8.963679,0.195,0.158535
e19a063de5b3,Immigration,apps:37967/18,2023-08-31,2024-02-29,2024-09-04,1,3,3|41|P4-4,,0,8.37996952420107,dev,0.961911,0.3,0.0,8.37997,0.195,0.157979
e19a063de5b3,Immigration,apps:18787/17,2023-08-31,2024-02-29,2024-09-04,1,3,3|35,,0,10.848718831677623,dev,0.835959,0.3,0.0,10.848719,0.195,0.16033
e19a063de5b3,Immigration,apps:48883/07,2023-08-31,2024-02-29,2024-09-04,1,4,5,,0,5.338902902951157,dev,0.575199,0.1,0.0,5.338903,0.065,0.055084
e19a063de5b3,Immigration,apps:62116/12,2023-08-31,2024-02-29,2024-09-04,1,3,41|5,,0,9.080172776693198,dev,0.950786,0.3,0.0,9.080173,0.195,0.158646
e19a063de5b3,Immigration,apps:2512/04,2023-08-31,2024-02-29,2024-09-04,1,2,38|41|5|8|9|P7-1,,0,9.526343292908939,dev,0.999572,0.8,0.0,9.526343,0.52,0.409071
e19a063de5b3,Immigration,apps:2559/23,2024-02-29,2025-02-28,2025-06-02,1,3,3|35,,0,9.337310910127426,dev,0.672282,0.3,0.0,9.337311,0.195,0.158891
e19a063de5b3,Immigration,apps:15457/20,2024-02-29,2025-02-28,2025-06-02,1,2,13|35|41|8,,0,5.651260592366992,dev,0.269511,0.8,0.0,5.651261,0.52,0.405381
e19a063de5b3,Immigration,apps:22283/21,2024-02-29,2025-02-28,2025-06-02,1,4,3,,0,10.075734931057507,dev,0.040232,0.1,0.0,10.075735,0.065,0.059594
e19a063de5b3,Immigration,apps:15783/21,2024-02-29,2025-02-28,2025-06-02,1,1,13|2|3|34|35|41|5,,0,9.41062707642075,dev,0.756269,1.0,0.0,9.410627,0.65,0.508961
e19a063de5b3,Immigration,apps:29295/22,2024-02-29,2025-02-28,2025-06-02,1,4,14|35|8,,0,4.108487324156565,dev,0.470501,0.1,0.0,4.108487,0.065,0.053912
e19a063de5b3,Immigration,apps:14171/23,2024-02-29,2025-02-28,2025-06-02,1,4,8,,0,6.209529941452337,dev,0.651509,0.1,0.0,6.20953,0.065,0.055913
e19a063de5b3,Immigration,apps:24607/20,2024-02-29,2025-02-28,2025-06-02,1,3,41|5,,0,8.134238949841041,dev,0.916073,0.3,0.0,8.134239,0.195,0.157745
e19a063de5b3,Immigration,apps:34210/19,2024-02-29,2025-02-28,2025-06-02,1,3,35|8,,0,9.833205963893189,dev,0.181489,0.3,0.0,9.833206,0.195,0.159363
e19a063de5b3,Immigration,apps:9568/22,2024-02-29,2025-02-28,2025-06-02,1,4,3|35,,0,11.281428764325023,dev,0.58533,0.1,0.0,11.281429,0.065,0.060742
e19a063de5b3,Immigration,apps:15067/21,2024-02-29,2025-02-28,2025-06-02,1,1,3|34|35,,0,8.273336603483095,dev,0.634785,1.0,0.0,8.273337,0.65,0.507878
e19a063de5b3,Immigration,apps:13337/19,2024-02-29,2025-02-28,2025-06-02,1,3,3|41|5,,0,7.777763063075321,dev,0.491726,0.3,0.0,7.777763,0.195,0.157406
e19a063de5b3,Immigration,apps:44051/20,2024-02-29,2025-02-28,2025-06-02,1,4,35|8,,0,6.201153862530491,dev,0.091242,0.1,0.0,6.201154,0.065,0.055905
e19a063de5b3,Immigration,apps:20183/21,2024-02-29,2025-02-28,2025-06-02,1,3,35|5,,0,7.880933928603852,dev,0.347961,0.3,0.0,7.880934,0.195,0.157504
e19a063de5b3,Immigration,apps:39090/20,2024-02-29,2025-02-28,2025-06-02,1,3,1|13|3|35|41|P4-4,,0,11.471090367719922,dev,0.333308,0.3,0.0,11.47109,0.195,0.160923
e19a063de5b3,Immigration,apps:71008/16,2024-02-29,2025-02-28,2025-06-02,1,3,41|5,,0,8.458783750871945,dev,0.670134,0.3,0.0,8.458784,0.195,0.158055
e19a063de5b3,Immigration,apps:60778/19,2024-02-29,2025-02-28,2025-06-02,1,3,41|P4-4,,0,9.534608110675192,dev,0.857733,0.3,0.0,9.534608,0.195,0.159079
e19a063de5b3,Immigration,apps:4470/21,2024-02-29,2025-02-28,2025-06-02,1,3,8,,0,7.094639208413639,dev,0.329804,0.3,0.0,7.094639,0.195,0.156756
e19a063de5b3,Immigration,apps:19124/21|20085/21,2024-02-29,2025-02-28,2025-06-02,1,3,35|5,,0,10.99025175059919,dev,0.693674,0.3,0.0,10.990252,0.195,0.160465
e19a063de5b3,Immigration,apps:15117/21|15689/21,2024-02-29,2025-02-28,2025-06-02,1,3,35|8,,0,10.971673379545468,dev,0.288218,0.3,0.0,10.971673,0.195,0.160447
e19a063de5b3,Immigration,apps:49755/18,2024-02-29,2025-02-28,2025-06-02,1,3,35|8,,0,5.380655532980679,dev,0.945194,0.3,0.0,5.380656,0.195,0.155123
e19a063de5b3,Immigration,apps:52232/20,2024-02-29,2025-02-28,2025-06-02,1,4,8,,0,11.597127788887983,dev,0.813566,0.1,0.0,11.597128,0.065,0.061043
e19a063de5b3,Immigration,apps:35276/20,2024-02-29,2025-02-28,2025-06-02,1,4,8,,0,9.291652282527734,dev,0.550097,0.1,0.0,9.291652,0.065,0.058848
e19a063de5b3,Immigration,apps:5199/23,2024-02-29,2025-02-28,2025-06-02,1,4,8,,0,6.209529941452337,dev,0.454826,0.1,0.0,6.20953,0.065,0.055913
e19a063de5b3,Immigration,apps:54029/17,2024-02-29,2025-02-28,2025-06-02,1,3,13|3|41|P4-4,,0,9.318820350345574,dev,0.314517,0.3,0.0,9.31882,0.195,0.158873
e19a063de5b3,Immigration,apps:9588/21,2024-02-29,2025-02-28,2025-06-02,1,4,8,,0,6.027109569486585,dev,0.323274,0.1,0.0,6.02711,0.065,0.055739
e19a063de5b3,Immigration,apps:67724/09,2024-02-29,2025-02-28,2025-06-02,1,3,35|4|41,,0,9.91403971946844,dev,0.970185,0.3,0.0,9.91404,0.195,0.15944
e19a063de5b3,Immigration,apps:4239/08,2024-02-29,2025-02-28,2025-06-02,1,3,4|41,,0,9.70217442647893,dev,0.404175,0.3,0.0,9.702174,0.195,0.159238
e19a063de5b3,Immigration,apps:21884/15,2024-02-29,2025-02-28,2025-06-02,1,1,34|35|4|41,,0,11.248820287317312,dev,0.514596,1.0,0.0,11.24882,0.65,0.510711
e19a063de5b3,Immigration,apps:71545/12,2024-02-29,2025-02-28,2025-06-02,1,2,13|4|41|6,,0,7.918767136421861,dev,0.988119,0.8,0.0,7.918767,0.52,0.40754
e19a063de5b3,Immigration,apps:73316/01,2024-02-29,2025-02-28,2025-06-02,1,1,34|4|41,,0,8.195853014161969,dev,0.65766,1.0,0.0,8.195853,0.65,0.507804
e19a063de5b3,Immigration,apps:4662/22,2025-02-28,2025-08-31,2025-11-22,1,4,3|34,,0,5.238809628235993,test,0.542594,0.1,0.0,5.23881,0.065,0.054988
e19a063de5b3,Immigration,apps:22776/18,2025-02-28,2025-08-31,2025-11-22,1,3,2|41,,0,7.65514161222033,test,0.413248,0.3,0.0,7.655142,0.195,0.157289
e19a063de5b3,Immigration,apps:48302/21,2025-02-28,2025-08-31,2025-11-22,1,3,35|41|8|P7-1,,0,7.019299475716328,test,0.187583,0.3,0.0,7.019299,0.195,0.156684
e19a063de5b3,Immigration,apps:47836/21,2025-02-28,2025-08-31,2025-11-22,1,3,35|41|8,,0,6.564348763231136,test,0.361779,0.3,0.0,6.564349,0.195,0.156251
e19a063de5b3,Immigration,apps:46084/21,2025-02-28,2025-08-31,2025-11-22,1,3,13|3|37|41|46|P4-4,,0,11.28766376830555,test,0.756443,0.3,0.0,11.287664,0.195,0.160748
e19a063de5b3,Immigration,apps:35950/20,2025-02-28,2025-08-31,2025-11-22,1,3,2,,0,4.912302388122013,test,0.625409,0.3,0.0,4.912302,0.195,0.154678
e19a063de5b3,Immigration,apps:56532/22,2025-02-28,2025-08-31,2025-11-22,1,3,3,,0,8.746722230874603,test,0.759991,0.3,0.0,8.746722,0.195,0.158329
e19a063de5b3,Immigration,apps:63386/16,2025-02-28,2025-08-31,2025-11-22,1,1,1|3|35,,0,4.653810548642496,test,0.203558,1.0,0.0,4.653811,0.65,0.504431
e19a063de5b3,Immigration,apps:21660/18,2025-02-28,2025-08-31,2025-11-22,1,3,1|35|37,,0,11.282155838010596,test,0.54922,0.3,0.0,11.282156,0.195,0.160743
e19a063de5b3,Immigration,apps:5212/23,2025-02-28,2025-08-31,2025-11-22,1,3,8,,0,6.2743631144949035,test,0.927673,0.3,0.0,6.274363,0.195,0.155974
e19a063de5b3,Immigration,apps:45240/22,2025-02-28,2025-08-31,2025-11-22,1,4,13|3|35,,0,5.778844478746899,test,0.438116,0.1,0.0,5.778844,0.065,0.055503
e751e8063f8b,Environment,apps:22515/14,2023-02-28,2023-08-31,2024-04-09,1,3,1|10|34|35|41|5|58,,0,3.1477916069252347,dev,0.69825,0.3,0.0,3.147792,0.195,0.152997
e751e8063f8b,Environment,apps:9988/13,2023-02-28,2023-08-31,2024-04-09,1,1,10|11|34|35|41,,0,3.0200119824237044,dev,0.121426,1.0,0.0,3.020012,0.65,0.502876
e751e8063f8b,Environment,apps:38948/10|8954/17,2023-02-28,2023-08-31,2024-04-09,1,3,35|41|6|P1-1,,0,4.078535126247743,dev,0.973147,0.3,0.0,4.078535,0.195,0.153884
e751e8063f8b,Environment,apps:39371/20,2023-08-31,2024-08-31,2025-06-04,1,1,1|14|19|2|3|35|37|58|8,,0,5.624741804729228,dev,0.608872,1.0,0.0,5.624742,0.65,0.505356
e751e8063f8b,Environment,apps:63543/09,2023-08-31,2024-08-31,2025-06-04,1,3,2|34|35|41,,0,2.894835477665899,dev,0.239297,0.3,0.0,2.894835,0.195,0.152756
e751e8063f8b,Environment,apps:42749/19,2023-08-31,2024-08-31,2025-06-04,1,3,2,,0,4.448117205620628,dev,0.158378,0.3,0.0,4.448117,0.195,0.154236
e751e8063f8b,Environment,apps:20793/07|29240/07,2023-08-31,2024-08-31,2025-06-04,1,4,13|2|35|6,,0,2.8861268744587747,dev,0.550839,0.1,0.0,2.886127,0.065,0.052748
e751e8063f8b,Environment,apps:53600/20,2023-08-31,2024-08-31,2025-06-04,1,1,1|19|2|34|35|46|6|8,,0,3.660666199355769,dev,0.552251,1.0,0.0,3.660666,0.65,0.503486
e751e8063f8b,Environment,apps:51567/14,2024-08-31,2025-09-17,2025-12-12,1,1,2|34|35|37|41|46|8,,0,3.7189541407980418,test,0.093209,1.0,0.0,3.718954,0.65,0.503541
e751e8063f8b,Environment,apps:52854/18,2024-08-31,2025-09-17,2025-12-12,1,3,35|41|46|8,,0,4.083325347447687,test,0.992257,0.3,0.0,4.083325,0.195,0.153888
e751e8063f8b,Environment,apps:30336/22,2024-08-31,2025-09-17,2025-12-12,1,3,2,,0,2.844167337252176,test,0.91293,0.3,0.0,2.844167,0.195,0.152708
e8704f851a2b,Article 15,apps:59/17,2023-08-31,2025-02-28,2025-07-08,1,1,15|41|5|8,15,1,2.6145678908987806,dev,0.461448,1.0,1.0,2.614568,1.0,0.50249
e8704f851a2b,Article 15,apps:34749/16|79607/17,2023-08-31,2025-02-28,2025-07-08,1,1,15|35|41|5|P4-2,15,1,0.501165729040231,dev,0.117466,1.0,1.0,0.501166,1.0,0.500477
ed0ed05ac958,Article 46,apps:38263/08,2023-02-28,2023-08-31,2024-02-16,1,1,1|15|2|3|33|35|38|41|5|8|P1-1|P1-2|P4-2,46,0,7.456938103387582,dev,0.832143,1.0,0.0,7.456938,0.65,0.507101
ed0ed05ac958,Article 46,apps:36418/20,2023-02-28,2023-08-31,2024-02-16,1,3,2|41|46|58,46,1,4.768072616862612,dev,0.498376,0.3,1.0,4.768073,0.545,0.15454
ed0ed05ac958,Article 46,apps:61365/16,2023-02-28,2023-08-31,2024-02-16,1,3,35|41|46|P4-2,46,1,5.343198874868134,dev,0.716603,0.3,1.0,5.343199,0.545,0.155088
ed0ed05ac958,Article 46,apps:12427/22,2023-08-31,2024-08-31,2024-09-30,1,3,13|3|41|46|5,46,1,6.846401143079721,dev,0.508872,0.3,1.0,6.846401,0.545,0.156519
ed0ed05ac958,Article 46,apps:33234/12,2023-08-31,2024-08-31,2024-09-30,1,3,1|13|2|3|35|41|46|5|6|8|P6-1,46,1,10.687859502087036,dev,0.273425,0.3,1.0,10.68786,0.545,0.160177
ed0ed05ac958,Article 46,apps:6383/17,2023-08-31,2024-08-31,2024-09-30,1,3,1|13|2|3|35|41|46|5|6|8|P6-1,46,1,6.012208295879409,dev,0.834724,0.3,1.0,6.012208,0.545,0.155725
ed0ed05ac958,Article 46,apps:3324/19,2023-08-31,2024-08-31,2024-09-30,1,3,35|41|46|6,46,1,9.37737012421259,dev,0.980245,0.3,1.0,9.37737,0.545,0.158929
ed0ed05ac958,Article 46,name:ukraine v russia re crimea gc::2024,2023-08-31,2024-08-31,2024-09-30,1,1,1|10|11|14|15|17|18|2|3|35|38|46|5|58|6|7|8|9|P1-1|P1-2|P4-2,46,1,5.470394306301561,dev,0.243731,1.0,1.0,5.470394,1.0,0.505209
ed0ed05ac958,Article 46,name:verein klimaseniorinnen schweiz and others v switzerland gc::2024,2023-08-31,2024-08-31,2024-09-30,1,1,1|19|2|34|35|46|6|8,46,1,12.817610971288737,dev,0.551265,1.0,1.0,12.817611,1.0,0.512205
ed0ed05ac958,Article 46,apps:50849/21,2023-08-31,2024-08-31,2024-09-30,1,1,18|34|35|41|46|6|8,46,1,3.720680139339875,dev,0.383586,1.0,1.0,3.72068,1.0,0.503543
ed0ed05ac958,Article 46,apps:2705/20,2024-08-31,2025-02-28,2025-09-18,1,3,3|33|35|41|46,46,1,4.656782351892294,dev,0.921868,0.3,1.0,4.656782,0.545,0.154434
ed0ed05ac958,Article 46,apps:51567/14,2024-08-31,2025-02-28,2025-09-18,1,1,2|34|35|37|41|46|8,46,1,6.487991502367725,dev,0.508241,1.0,1.0,6.487992,1.0,0.506178
ed0ed05ac958,Article 46,apps:1766/23,2024-08-31,2025-02-28,2025-09-18,1,3,13|3|41|46|5,46,1,5.909965564618698,dev,0.879326,0.3,1.0,5.909966,0.545,0.155628
ed0ed05ac958,Article 46,apps:32514/22,2024-08-31,2025-02-28,2025-09-18,1,3,41|46|8,46,1,5.793237840032458,dev,0.864027,0.3,1.0,5.793238,0.545,0.155516
ed0ed05ac958,Article 46,apps:3339/23,2024-08-31,2025-02-28,2025-09-18,1,3,37|46|6,46,1,4.656782351892294,dev,0.276247,0.3,1.0,4.656782,0.545,0.154434
ed0ed05ac958,Article 46,apps:20958/14|38334/18,2024-08-31,2025-02-28,2025-09-18,1,1,1|10|11|14|15|17|18|2|3|35|38|46|5|58|6|7|8|9|P1-1|P1-2|P4-2,46,1,14.031855137466316,dev,0.790006,1.0,1.0,14.031855,1.0,0.513361
ed0ed05ac958,Article 46,apps:53600/20,2024-08-31,2025-02-28,2025-09-18,1,1,1|19|2|34|35|46|6|8,46,1,11.617369816191179,dev,0.414942,1.0,1.0,11.61737,1.0,0.511062
ed0ed05ac958,Article 46,apps:21794/08,2024-08-31,2025-02-28,2025-09-18,1,1,35|41|46|8,46,1,4.984972799437368,dev,0.934248,1.0,1.0,4.984973,1.0,0.504747
ed0ed05ac958,Article 46,name:ukraine v russia re crimea gc::2024,2024-08-31,2025-02-28,2025-09-18,1,1,1|10|11|14|15|17|18|2|3|35|38|46|5|58|6|7|8|9|P1-1|P1-2|P4-2,46,1,9.520428662137864,dev,0.507738,1.0,1.0,9.520429,1.0,0.509065
ed0ed05ac958,Article 46,name:verein klimaseniorinnen schweiz and others v switzerland gc::2024,2024-08-31,2025-02-28,2025-09-18,1,1,1|19|2|34|35|46|6|8,46,1,11.617369816191179,dev,0.820549,1.0,1.0,11.61737,1.0,0.511062
ee9a61e98635,Article 2 Protocol 7,apps:37957/14,2024-02-29,2025-08-31,2025-11-26,1,3,34|41|P7-2,P7-2,1,3.112644976463476,test,0.282839,0.3,1.0,3.112645,0.545,0.152964
f1175c0d1e5c,Article 1 Protocol 7,apps:14594/07,2023-02-28,2023-08-31,2023-12-06,1,4,13|14|3|5|P4-4|P7-1,P7-1,1,2.9991016055666155,dev,0.298556,0.1,1.0,2.999102,0.415,0.052856
f1175c0d1e5c,Article 1 Protocol 7,apps:23038/15,2023-02-28,2023-08-31,2023-12-06,1,4,8,P7-1,0,5.529646209350982,dev,0.586938,0.1,0.0,5.529646,0.065,0.055265
f1175c0d1e5c,Article 1 Protocol 7,apps:1103/16,2023-02-28,2023-08-31,2023-12-06,1,3,41|P7-1,P7-1,1,0.9277246180059234,dev,0.998902,0.3,1.0,0.927725,0.545,0.150883
154b01c3289a,Article 34/35,apps:48393/12,2022-08-31,2023-02-28,2023-10-27,0,4,35|6,34|35,1,6.633749397859836,dev,0.48964,0.1,1.0,6.633749,0.415,0.056317
154b01c3289a,Article 34/35,apps:40796/19,2022-08-31,2023-02-28,2023-10-27,0,4,35|8,34|35,1,5.5792603620749075,dev,0.148595,0.1,1.0,5.57926,0.415,0.055313
154b01c3289a,Article 34/35,apps:52051/17,2022-08-31,2023-02-28,2023-10-27,0,4,11|35,34|35,1,18.9966875542799,dev,0.538581,0.1,1.0,18.996688,0.415,0.068089
154b01c3289a,Article 34/35,apps:39200/16,2022-08-31,2023-02-28,2023-10-27,0,4,35|8,34|35,1,6.144843902899346,dev,0.345124,0.1,1.0,6.144844,0.415,0.055851
154b01c3289a,Article 34/35,apps:4746/16,2022-08-31,2023-02-28,2023-10-27,0,4,35|P1-1,34|35,1,6.035339080305311,dev,0.551917,0.1,1.0,6.035339,0.415,0.055747
154b01c3289a,Article 34/35,apps:911/16,2022-08-31,2023-02-28,2023-10-27,0,3,P1-1,34|35,0,8.441022063520041,dev,0.54343,0.3,0.0,8.441022,0.195,0.158038
154b01c3289a,Article 34/35,apps:14166/19,2022-08-31,2023-02-28,2023-10-27,0,4,6,34|35,0,6.79933734053737,dev,0.455345,0.1,0.0,6.799337,0.065,0.056474
154b01c3289a,Article 34/35,apps:26605/19,2022-08-31,2023-02-28,2023-10-27,0,4,35|8,34|35,1,11.577575438396817,dev,0.321777,0.1,1.0,11.577575,0.415,0.061024
154b01c3289a,Article 34/35,apps:54155/21,2022-08-31,2023-02-28,2023-10-27,0,4,35|5,34|35,1,6.970930003335954,dev,0.188652,0.1,1.0,6.97093,0.415,0.056638
154b01c3289a,Article 34/35,apps:40734/22,2022-08-31,2023-02-28,2023-10-27,0,4,13|35|6,34|35,1,9.853224598807547,dev,0.697498,0.1,1.0,9.853225,0.415,0.059382
154b01c3289a,Article 34/35,apps:66614/10,2022-08-31,2023-02-28,2023-10-27,0,4,35|6,34|35,1,14.409457254728027,dev,0.571798,0.1,1.0,14.409457,0.415,0.063721
154b01c3289a,Article 34/35,apps:22916/20,2022-08-31,2023-02-28,2023-10-27,0,4,10|35,34|35,1,7.6215407180437555,dev,0.233562,0.1,1.0,7.621541,0.415,0.057257
154b01c3289a,Article 34/35,apps:55082/19,2022-08-31,2023-02-28,2023-10-27,0,4,13|35|P1-1,34|35,1,11.121612981758377,dev,0.775544,0.1,1.0,11.121613,0.415,0.06059
154b01c3289a,Article 34/35,apps:80857/17,2022-08-31,2023-02-28,2023-10-27,0,3,10|35|6,34|35,1,11.859231503982425,dev,0.043647,0.3,1.0,11.859232,0.545,0.161292
154b01c3289a,Article 34/35,apps:58367/18,2022-08-31,2023-02-28,2023-10-27,0,4,35|6|P1-1,34|35,1,11.36671142734152,dev,0.744705,0.1,1.0,11.366711,0.415,0.060823
154b01c3289a,Article 34/35,apps:35527/19,2022-08-31,2023-02-28,2023-10-27,0,4,10|35,34|35,1,10.155526762453494,dev,0.705228,0.1,1.0,10.155527,0.415,0.05967
154b01c3289a,Article 34/35,apps:44312/19,2022-08-31,2023-02-28,2023-10-27,0,4,35|6,34|35,1,12.255136364137353,dev,0.811409,0.1,1.0,12.255136,0.415,0.061669
154b01c3289a,Article 34/35,apps:26750/16,2022-08-31,2023-02-28,2023-10-27,0,4,35|6,34|35,1,6.294295432398964,dev,0.386079,0.1,1.0,6.294295,0.415,0.055993
154b01c3289a,Article 34/35,apps:18555/15,2022-08-31,2023-02-28,2023-10-27,0,4,11,34|35,0,14.121482790390441,dev,0.663689,0.1,0.0,14.121483,0.065,0.063447
154b01c3289a,Article 34/35,apps:79522/13,2022-08-31,2023-02-28,2023-10-27,0,4,11|34,34|35,1,8.817359364277497,dev,0.820748,0.1,1.0,8.817359,0.415,0.058396
154b01c3289a,Article 34/35,apps:21325/16,2022-08-31,2023-02-28,2023-10-27,0,4,5,34|35,0,5.765917055245007,dev,0.980818,0.1,0.0,5.765917,0.065,0.05549
154b01c3289a,Article 34/35,apps:41995/15,2022-08-31,2023-02-28,2023-10-27,0,4,11,34|35,0,8.817359364277497,dev,0.495329,0.1,0.0,8.817359,0.065,0.058396
154b01c3289a,Article 34/35,apps:73088/13,2022-08-31,2023-02-28,2023-10-27,0,4,11|34,34|35,1,14.011425493437816,dev,0.03702,0.1,1.0,14.011425,0.415,0.063342
154b01c3289a,Article 34/35,apps:22323/16,2022-08-31,2023-02-28,2023-10-27,0,4,10|6,34|35,0,9.912800428236244,dev,0.502291,0.1,0.0,9.9128,0.065,0.059439
154b01c3289a,Article 34/35,apps:43237/13,2022-08-31,2023-02-28,2023-10-27,0,3,41|6,34|35,0,14.779846444173156,dev,0.59018,0.3,0.0,14.779846,0.195,0.164073
154b01c3289a,Article 34/35,apps:16205/21,2022-08-31,2023-02-28,2023-10-27,0,3,8,34|35,0,8.477030826716849,dev,0.8697,0.3,0.0,8.477031,0.195,0.158072
154b01c3289a,Article 34/35,apps:52048/16,2022-08-31,2023-02-28,2023-10-27,0,3,37|41|5,34|35,0,6.115816779104207,dev,0.87419,0.3,0.0,6.115817,0.195,0.155824
154b01c3289a,Article 34/35,apps:57916/16,2022-08-31,2023-02-28,2023-10-27,0,3,2|35|41,34|35,1,6.294295432398964,dev,0.440306,0.3,1.0,6.294295,0.545,0.155993
154b01c3289a,Article 34/35,apps:32380/13,2022-08-31,2023-02-28,2023-10-27,0,3,P1-1,34|35,0,10.745041793136444,dev,0.525951,0.3,0.0,10.745042,0.195,0.160231
154b01c3289a,Article 34/35,apps:59462/14,2022-08-31,2023-02-28,2023-10-27,0,4,P1-1,34|35,0,66.38362199521242,dev,0.456928,0.1,0.0,66.383622,0.065,0.113211
0a61f8f7ceb0,Rights of LGBTI persons,apps:32891/22,2023-02-28,2023-08-31,2024-04-05,0,4,3|37,,0,9.223695605164231,dev,0.722444,0.1,0.0,9.223696,0.065,0.058783
0a61f8f7ceb0,Rights of LGBTI persons,apps:44328/18,2023-02-28,2023-08-31,2024-04-05,0,4,13|39|6,,0,7.442303335661904,dev,0.409979,0.1,0.0,7.442303,0.065,0.057087
0a61f8f7ceb0,Rights of LGBTI persons,apps:50568/11,2023-02-28,2023-08-31,2024-04-05,0,4,37|6|P1-1,,0,12.222530031349027,dev,0.654781,0.1,0.0,12.22253,0.065,0.061638
0a61f8f7ceb0,Rights of LGBTI persons,apps:40990/18,2023-02-28,2023-08-31,2024-04-05,0,4,37|5|6,,0,11.905129737439161,dev,0.154361,0.1,0.0,11.90513,0.065,0.061336
0a61f8f7ceb0,Rights of LGBTI persons,apps:19071/18,2023-02-28,2023-08-31,2024-04-05,0,4,37|6,,0,5.562998664624271,dev,0.469491,0.1,0.0,5.562999,0.065,0.055297
0a61f8f7ceb0,Rights of LGBTI persons,apps:57180/16,2023-02-28,2023-08-31,2024-04-05,0,4,3|37,,0,8.141747735468243,dev,0.969204,0.1,0.0,8.141748,0.065,0.057753
0a61f8f7ceb0,Rights of LGBTI persons,apps:23972/22,2023-02-28,2023-08-31,2024-04-05,0,4,37|6|P1-1,,0,8.019995608342622,dev,0.338561,0.1,0.0,8.019996,0.065,0.057637
0a61f8f7ceb0,Rights of LGBTI persons,apps:28227/18,2023-02-28,2023-08-31,2024-04-05,0,4,3|35,,0,5.186689155283032,dev,0.692705,0.1,0.0,5.186689,0.065,0.054939
0a61f8f7ceb0,Rights of LGBTI persons,apps:37706/17,2023-02-28,2023-08-31,2024-04-05,0,3,35|41|P1-1,,0,24.264236866355645,dev,0.649837,0.3,0.0,24.264237,0.195,0.173105
0a61f8f7ceb0,Rights of LGBTI persons,apps:2371/11,2023-02-28,2023-08-31,2024-04-05,0,4,41,,0,5.199165988435155,dev,0.851765,0.1,0.0,5.199166,0.065,0.054951
0a61f8f7ceb0,Rights of LGBTI persons,apps:47196/21,2023-02-28,2023-08-31,2024-04-05,0,3,41|8,,0,3.8738837200588376,dev,0.852341,0.3,0.0,3.873884,0.195,0.153689
0a61f8f7ceb0,Rights of LGBTI persons,apps:51424/08,2023-02-28,2023-08-31,2024-04-05,0,4,41,,0,1.495301715915232,dev,0.859342,0.1,0.0,1.495302,0.065,0.051424
0a61f8f7ceb0,Rights of LGBTI persons,apps:70583/17,2023-02-28,2023-08-31,2024-04-05,0,3,3|35|41,,0,6.775213557088489,dev,0.380009,0.3,0.0,6.775214,0.195,0.156451
0a61f8f7ceb0,Rights of LGBTI persons,apps:56669/18,2023-02-28,2023-08-31,2024-04-05,0,4,8,,0,1.495301715915232,dev,0.316661,0.1,0.0,1.495302,0.065,0.051424
0a61f8f7ceb0,Rights of LGBTI persons,apps:71304/16,2023-02-28,2023-08-31,2024-04-05,0,4,6,,0,3.467536773269479,dev,0.718717,0.1,0.0,3.467537,0.065,0.053302
0a61f8f7ceb0,Rights of LGBTI persons,apps:57752/21,2023-02-28,2023-08-31,2024-04-05,0,4,8,,0,3.385313096508883,dev,0.759402,0.1,0.0,3.385313,0.065,0.053224
0a61f8f7ceb0,Rights of LGBTI persons,apps:36257/21,2023-02-28,2023-08-31,2024-04-05,0,4,37|8,,0,3.6994174094937398,dev,0.872383,0.1,0.0,3.699417,0.065,0.053523
0a61f8f7ceb0,Rights of LGBTI persons,apps:49670/16,2023-02-28,2023-08-31,2024-04-05,0,4,3|39,,0,5.186689155283032,dev,0.035899,0.1,0.0,5.186689,0.065,0.054939
0a61f8f7ceb0,Rights of LGBTI persons,apps:41253/19,2023-02-28,2023-08-31,2024-04-05,0,4,39|6,,0,5.218894918161717,dev,0.068421,0.1,0.0,5.218895,0.065,0.054969
0a61f8f7ceb0,Rights of LGBTI persons,apps:38609/15,2023-02-28,2023-08-31,2024-04-05,0,4,3|35,,0,6.898056689601782,dev,0.631161,0.1,0.0,6.898057,0.065,0.056568
0a61f8f7ceb0,Rights of LGBTI persons,apps:50622/21,2023-02-28,2023-08-31,2024-04-05,0,4,37|6,,0,5.255176691563385,dev,0.920929,0.1,0.0,5.255177,0.065,0.055004
0a61f8f7ceb0,Rights of LGBTI persons,apps:19812/18,2023-02-28,2023-08-31,2024-04-05,0,4,39|5,,0,4.863294037592636,dev,0.997426,0.1,0.0,4.863294,0.065,0.054631
0a61f8f7ceb0,Rights of LGBTI persons,apps:30196/17,2023-02-28,2023-08-31,2024-04-05,0,4,37|6,,0,10.981166113241908,dev,0.746766,0.1,0.0,10.981166,0.065,0.060456
0a61f8f7ceb0,Rights of LGBTI persons,apps:38066/16,2023-02-28,2023-08-31,2024-04-05,0,4,3|35,,0,4.883959566268458,dev,0.433971,0.1,0.0,4.88396,0.065,0.054651
0a61f8f7ceb0,Rights of LGBTI persons,apps:49720/16,2023-02-28,2023-08-31,2024-04-05,0,4,3|35,,0,24.264236866355645,dev,0.098443,0.1,0.0,24.264237,0.065,0.073105
0a61f8f7ceb0,Rights of LGBTI persons,apps:10867/18,2023-02-28,2023-08-31,2024-04-05,0,4,3|39,,0,3.6994174094937398,dev,0.633748,0.1,0.0,3.699417,0.065,0.053523
0a61f8f7ceb0,Rights of LGBTI persons,apps:36983/22,2023-02-28,2023-08-31,2024-04-05,0,4,37|6,,0,9.140310820659924,dev,0.872579,0.1,0.0,9.140311,0.065,0.058703
0a61f8f7ceb0,Rights of LGBTI persons,apps:76865/17,2023-02-28,2023-08-31,2024-04-05,0,4,37|6,,0,5.382693044627541,dev,0.443679,0.1,0.0,5.382693,0.065,0.055125
0a61f8f7ceb0,Rights of LGBTI persons,apps:27901/07,2023-02-28,2023-08-31,2024-04-05,0,4,13|37|6|P1-1,,0,7.537311330646524,dev,0.694001,0.1,0.0,7.537311,0.065,0.057177
0a61f8f7ceb0,Rights of LGBTI persons,apps:21391/18,2023-02-28,2023-08-31,2024-04-05,0,4,39|6,,0,3.467536773269479,dev,0.903424,0.1,0.0,3.467537,0.065,0.053302
0faa41c7c031,Article 18,apps:32891/22,2023-02-28,2023-08-31,2024-02-17,0,4,3|37,18,0,3.8674286607155404,dev,0.045991,0.1,0.0,3.867429,0.065,0.053683
0faa41c7c031,Article 18,apps:44328/18,2023-02-28,2023-08-31,2024-02-17,0,4,13|39|6,18,0,4.1052103472574375,dev,0.796143,0.1,0.0,4.10521,0.065,0.053909
0faa41c7c031,Article 18,apps:50568/11,2023-02-28,2023-08-31,2024-02-17,0,4,37|6|P1-1,18,0,10.716872738746032,dev,0.293368,0.1,0.0,10.716873,0.065,0.060205
0faa41c7c031,Article 18,apps:40990/18,2023-02-28,2023-08-31,2024-02-17,0,4,37|5|6,18,0,6.152815281907784,dev,0.374841,0.1,0.0,6.152815,0.065,0.055859
0faa41c7c031,Article 18,apps:19071/18,2023-02-28,2023-08-31,2024-02-17,0,4,37|6,18,0,8.192295474372282,dev,0.14557,0.1,0.0,8.192295,0.065,0.057801
0faa41c7c031,Article 18,apps:57180/16,2023-02-28,2023-08-31,2024-02-17,0,4,3|37,18,0,9.845730257062346,dev,0.531166,0.1,0.0,9.84573,0.065,0.059375
0faa41c7c031,Article 18,apps:23972/22,2023-02-28,2023-08-31,2024-02-17,0,4,37|6|P1-1,18,0,3.1234747138632257,dev,0.565928,0.1,0.0,3.123475,0.065,0.052974
0faa41c7c031,Article 18,apps:28227/18,2023-02-28,2023-08-31,2024-02-17,0,4,3|35,18,0,5.256260654796047,dev,0.792519,0.1,0.0,5.256261,0.065,0.055005
0faa41c7c031,Article 18,apps:37706/17,2023-02-28,2023-08-31,2024-02-17,0,3,35|41|P1-1,18,0,5.171079648513572,dev,0.169984,0.3,0.0,5.17108,0.195,0.154924
0faa41c7c031,Article 18,apps:2371/11,2023-02-28,2023-08-31,2024-02-17,0,4,41,18,0,2.977730079470152,dev,0.078968,0.1,0.0,2.97773,0.065,0.052835
0faa41c7c031,Article 18,apps:47196/21,2023-02-28,2023-08-31,2024-02-17,0,3,41|8,18,0,1.4820944145315424,dev,0.87084,0.3,0.0,1.482094,0.195,0.151411
0faa41c7c031,Article 18,apps:51424/08,2023-02-28,2023-08-31,2024-02-17,0,4,41,18,0,2.1645846614349473,dev,0.61971,0.1,0.0,2.164585,0.065,0.052061
0faa41c7c031,Article 18,apps:70583/17,2023-02-28,2023-08-31,2024-02-17,0,3,3|35|41,18,0,2.136989224735821,dev,0.24083,0.3,0.0,2.136989,0.195,0.152035
0faa41c7c031,Article 18,apps:56669/18,2023-02-28,2023-08-31,2024-02-17,0,4,8,18,0,2.9891969412259134,dev,0.912829,0.1,0.0,2.989197,0.065,0.052846
0faa41c7c031,Article 18,apps:71304/16,2023-02-28,2023-08-31,2024-02-17,0,4,6,18,0,3.8986704646480836,dev,0.143118,0.1,0.0,3.89867,0.065,0.053712
0faa41c7c031,Article 18,apps:57752/21,2023-02-28,2023-08-31,2024-02-17,0,4,8,18,0,1.098715360178812,dev,0.46115,0.1,0.0,1.098715,0.065,0.051046
0faa41c7c031,Article 18,apps:36257/21,2023-02-28,2023-08-31,2024-02-17,0,4,37|8,18,0,2.22106069443939,dev,0.253977,0.1,0.0,2.221061,0.065,0.052115
0faa41c7c031,Article 18,apps:49670/16,2023-02-28,2023-08-31,2024-02-17,0,4,3|39,18,0,6.092744492476896,dev,0.255327,0.1,0.0,6.092744,0.065,0.055802
0faa41c7c031,Article 18,apps:41253/19,2023-02-28,2023-08-31,2024-02-17,0,4,39|6,18,0,3.891784174293574,dev,0.009397,0.1,0.0,3.891784,0.065,0.053706
0faa41c7c031,Article 18,apps:38609/15,2023-02-28,2023-08-31,2024-02-17,0,4,3|35,18,0,3.292789388007624,dev,0.804633,0.1,0.0,3.292789,0.065,0.053135
0faa41c7c031,Article 18,apps:50622/21,2023-02-28,2023-08-31,2024-02-17,0,4,37|6,18,0,1.098715360178812,dev,0.901209,0.1,0.0,1.098715,0.065,0.051046
0faa41c7c031,Article 18,apps:19812/18,2023-02-28,2023-08-31,2024-02-17,0,4,39|5,18,0,2.1208319486172167,dev,0.677611,0.1,0.0,2.120832,0.065,0.052019
0faa41c7c031,Article 18,apps:30196/17,2023-02-28,2023-08-31,2024-02-17,0,4,37|6,18,0,5.719208050117141,dev,0.157976,0.1,0.0,5.719208,0.065,0.055446
0faa41c7c031,Article 18,apps:38066/16,2023-02-28,2023-08-31,2024-02-17,0,4,3|35,18,0,5.021015798908662,dev,0.44173,0.1,0.0,5.021016,0.065,0.054781
0faa41c7c031,Article 18,apps:49720/16,2023-02-28,2023-08-31,2024-02-17,0,4,3|35,18,0,12.645685361531617,dev,0.345566,0.1,0.0,12.645685,0.065,0.062041
0faa41c7c031,Article 18,apps:10867/18,2023-02-28,2023-08-31,2024-02-17,0,4,3|39,18,0,3.202796327833602,dev,0.587572,0.1,0.0,3.202796,0.065,0.05305
0faa41c7c031,Article 18,apps:36983/22,2023-02-28,2023-08-31,2024-02-17,0,4,37|6,18,0,3.35454625706034,dev,0.638939,0.1,0.0,3.354546,0.065,0.053194
0faa41c7c031,Article 18,apps:76865/17,2023-02-28,2023-08-31,2024-02-17,0,4,37|6,18,0,2.3298662829631014,dev,0.424309,0.1,0.0,2.329866,0.065,0.052219
0faa41c7c031,Article 18,apps:27901/07,2023-02-28,2023-08-31,2024-02-17,0,4,13|37|6|P1-1,18,0,6.521416002079839,dev,0.250098,0.1,0.0,6.521416,0.065,0.05621
0faa41c7c031,Article 18,apps:21391/18,2023-02-28,2023-08-31,2024-02-17,0,4,39|6,18,0,2.1208319486172167,dev,0.845304,0.1,0.0,2.120832,0.065,0.052019
154b01c3289a,Article 34/35,apps:32891/22,2023-02-28,2023-08-31,2023-12-12,0,4,3|37,34|35,0,8.977395374714696,dev,0.199217,0.1,0.0,8.977395,0.065,0.058548
154b01c3289a,Article 34/35,apps:44328/18,2023-02-28,2023-08-31,2023-12-12,0,4,13|39|6,34|35,0,11.29069757194513,dev,0.384693,0.1,0.0,11.290698,0.065,0.060751
154b01c3289a,Article 34/35,apps:50568/11,2023-02-28,2023-08-31,2023-12-12,0,4,37|6|P1-1,34|35,0,17.977502651765395,dev,0.483208,0.1,0.0,17.977503,0.065,0.067118
154b01c3289a,Article 34/35,apps:40990/18,2023-02-28,2023-08-31,2023-12-12,0,4,37|5|6,34|35,0,16.119747042782176,dev,0.237206,0.1,0.0,16.119747,0.065,0.065349
154b01c3289a,Article 34/35,apps:19071/18,2023-02-28,2023-08-31,2023-12-12,0,4,37|6,34|35,0,57.366072704649625,dev,0.571923,0.1,0.0,57.366073,0.065,0.104624
154b01c3289a,Article 34/35,apps:57180/16,2023-02-28,2023-08-31,2023-12-12,0,4,3|37,34|35,0,15.722080961904664,dev,0.574812,0.1,0.0,15.722081,0.065,0.064971
154b01c3289a,Article 34/35,apps:23972/22,2023-02-28,2023-08-31,2023-12-12,0,4,37|6|P1-1,34|35,0,8.249478907150015,dev,0.992692,0.1,0.0,8.249479,0.065,0.057855
154b01c3289a,Article 34/35,apps:28227/18,2023-02-28,2023-08-31,2023-12-12,0,4,3|35,34|35,1,10.716159084942191,dev,0.295231,0.1,1.0,10.716159,0.415,0.060204
154b01c3289a,Article 34/35,apps:37706/17,2023-02-28,2023-08-31,2023-12-12,0,3,35|41|P1-1,34|35,1,22.858140579330083,dev,0.977944,0.3,1.0,22.858141,0.545,0.171766
154b01c3289a,Article 34/35,apps:2371/11,2023-02-28,2023-08-31,2023-12-12,0,4,41,34|35,0,5.4274257735242735,dev,0.65823,0.1,0.0,5.427426,0.065,0.055168
154b01c3289a,Article 34/35,apps:47196/21,2023-02-28,2023-08-31,2023-12-12,0,3,41|8,34|35,0,5.4508351630088905,dev,0.27448,0.3,0.0,5.450835,0.195,0.15519
154b01c3289a,Article 34/35,apps:51424/08,2023-02-28,2023-08-31,2023-12-12,0,4,41,34|35,0,4.895748869269125,dev,0.565929,0.1,0.0,4.895749,0.065,0.054662
154b01c3289a,Article 34/35,apps:70583/17,2023-02-28,2023-08-31,2023-12-12,0,3,3|35|41,34|35,1,8.515254526619358,dev,0.685799,0.3,1.0,8.515255,0.545,0.158108
154b01c3289a,Article 34/35,apps:56669/18,2023-02-28,2023-08-31,2023-12-12,0,4,8,34|35,0,5.0262479283425385,dev,0.744669,0.1,0.0,5.026248,0.065,0.054786
154b01c3289a,Article 34/35,apps:71304/16,2023-02-28,2023-08-31,2023-12-12,0,4,6,34|35,0,5.319134565671215,dev,0.049044,0.1,0.0,5.319135,0.065,0.055065
154b01c3289a,Article 34/35,apps:57752/21,2023-02-28,2023-08-31,2023-12-12,0,4,8,34|35,0,6.915208771380521,dev,0.606406,0.1,0.0,6.915209,0.065,0.056585
154b01c3289a,Article 34/35,apps:36257/21,2023-02-28,2023-08-31,2023-12-12,0,4,37|8,34|35,0,5.10240101671786,dev,0.496727,0.1,0.0,5.102401,0.065,0.054859
154b01c3289a,Article 34/35,apps:49670/16,2023-02-28,2023-08-31,2023-12-12,0,4,3|39,34|35,0,11.091515807177112,dev,0.904155,0.1,0.0,11.091516,0.065,0.060561
154b01c3289a,Article 34/35,apps:41253/19,2023-02-28,2023-08-31,2023-12-12,0,4,39|6,34|35,0,11.694769806154346,dev,0.286194,0.1,0.0,11.69477,0.065,0.061136
154b01c3289a,Article 34/35,apps:38609/15,2023-02-28,2023-08-31,2023-12-12,0,4,3|35,34|35,1,11.127893281139247,dev,0.79886,0.1,1.0,11.127893,0.415,0.060596
154b01c3289a,Article 34/35,apps:50622/21,2023-02-28,2023-08-31,2023-12-12,0,4,37|6,34|35,0,5.426918814900389,dev,0.607065,0.1,0.0,5.426919,0.065,0.055168
154b01c3289a,Article 34/35,apps:19812/18,2023-02-28,2023-08-31,2023-12-12,0,4,39|5,34|35,0,5.0262479283425385,dev,0.352321,0.1,0.0,5.026248,0.065,0.054786
154b01c3289a,Article 34/35,apps:30196/17,2023-02-28,2023-08-31,2023-12-12,0,4,37|6,34|35,0,14.399939693885818,dev,0.636618,0.1,0.0,14.39994,0.065,0.063712
154b01c3289a,Article 34/35,apps:38066/16,2023-02-28,2023-08-31,2023-12-12,0,4,3|35,34|35,1,7.047865144225678,dev,0.620891,0.1,1.0,7.047865,0.415,0.056711
154b01c3289a,Article 34/35,apps:49720/16,2023-02-28,2023-08-31,2023-12-12,0,4,3|35,34|35,1,31.719570939198167,dev,0.677764,0.1,1.0,31.719571,0.415,0.080204
154b01c3289a,Article 34/35,apps:10867/18,2023-02-28,2023-08-31,2023-12-12,0,4,3|39,34|35,0,5.715375995170533,dev,0.720928,0.1,0.0,5.715376,0.065,0.055442
154b01c3289a,Article 34/35,apps:36983/22,2023-02-28,2023-08-31,2023-12-12,0,4,37|6,34|35,0,6.155660035608643,dev,0.659182,0.1,0.0,6.15566,0.065,0.055861
154b01c3289a,Article 34/35,apps:76865/17,2023-02-28,2023-08-31,2023-12-12,0,4,37|6,34|35,0,7.148503193893975,dev,0.838337,0.1,0.0,7.148503,0.065,0.056807
154b01c3289a,Article 34/35,apps:27901/07,2023-02-28,2023-08-31,2023-12-12,0,4,13|37|6|P1-1,34|35,0,10.002991291162683,dev,0.628248,0.1,0.0,10.002991,0.065,0.059525
154b01c3289a,Article 34/35,apps:21391/18,2023-02-28,2023-08-31,2023-12-12,0,4,39|6,34|35,0,5.330067135785969,dev,0.903404,0.1,0.0,5.330067,0.065,0.055075
1b1f8de345be,Article 1 Protocol 1,apps:32891/22,2023-02-28,2023-08-31,2024-02-17,0,4,3|37,P1-1,0,7.944184024769075,dev,0.646341,0.1,0.0,7.944184,0.065,0.057564
1b1f8de345be,Article 1 Protocol 1,apps:44328/18,2023-02-28,2023-08-31,2024-02-17,0,4,13|39|6,P1-1,0,6.899204246918192,dev,0.308933,0.1,0.0,6.899204,0.065,0.056569
1b1f8de345be,Article 1 Protocol 1,apps:50568/11,2023-02-28,2023-08-31,2024-02-17,0,4,37|6|P1-1,P1-1,1,9.552764384134953,dev,0.440823,0.1,1.0,9.552764,0.415,0.059096
1b1f8de345be,Article 1 Protocol 1,apps:40990/18,2023-02-28,2023-08-31,2024-02-17,0,4,37|5|6,P1-1,0,13.986242917013882,dev,0.579574,0.1,0.0,13.986243,0.065,0.063318
1b1f8de345be,Article 1 Protocol 1,apps:19071/18,2023-02-28,2023-08-31,2024-02-17,0,4,37|6,P1-1,0,38.78010285623573,dev,0.73236,0.1,0.0,38.780103,0.065,0.086927
1b1f8de345be,Article 1 Protocol 1,apps:57180/16,2023-02-28,2023-08-31,2024-02-17,0,4,3|37,P1-1,0,12.643672643118801,dev,0.090133,0.1,0.0,12.643673,0.065,0.062039
1b1f8de345be,Article 1 Protocol 1,apps:23972/22,2023-02-28,2023-08-31,2024-02-17,0,4,37|6|P1-1,P1-1,1,7.87500230601417,dev,0.29511,0.1,1.0,7.875002,0.415,0.057499
1b1f8de345be,Article 1 Protocol 1,apps:28227/18,2023-02-28,2023-08-31,2024-02-17,0,4,3|35,P1-1,0,3.8953700874366577,dev,0.747481,0.1,0.0,3.89537,0.065,0.053709
1b1f8de345be,Article 1 Protocol 1,apps:2371/11,2023-02-28,2023-08-31,2024-02-17,0,4,41,P1-1,0,6.408172760743135,dev,0.17564,0.1,0.0,6.408173,0.065,0.056102
1b1f8de345be,Article 1 Protocol 1,apps:47196/21,2023-02-28,2023-08-31,2024-02-17,0,3,41|8,P1-1,0,3.96725390861828,dev,0.13216,0.3,0.0,3.967254,0.195,0.153778
1b1f8de345be,Article 1 Protocol 1,apps:51424/08,2023-02-28,2023-08-31,2024-02-17,0,4,41,P1-1,0,3.6728201757774586,dev,0.539408,0.1,0.0,3.67282,0.065,0.053497
1b1f8de345be,Article 1 Protocol 1,apps:70583/17,2023-02-28,2023-08-31,2024-02-17,0,3,3|35|41,P1-1,0,7.671467949840233,dev,0.97149,0.3,0.0,7.671468,0.195,0.157305
1b1f8de345be,Article 1 Protocol 1,apps:56669/18,2023-02-28,2023-08-31,2024-02-17,0,4,8,P1-1,0,2.9238294436148085,dev,0.530852,0.1,0.0,2.923829,0.065,0.052784
1b1f8de345be,Article 1 Protocol 1,apps:71304/16,2023-02-28,2023-08-31,2024-02-17,0,4,6,P1-1,0,6.591025948974963,dev,0.913487,0.1,0.0,6.591026,0.065,0.056276
1b1f8de345be,Article 1 Protocol 1,apps:57752/21,2023-02-28,2023-08-31,2024-02-17,0,4,8,P1-1,0,6.361124278465962,dev,0.830473,0.1,0.0,6.361124,0.065,0.056057
1b1f8de345be,Article 1 Protocol 1,apps:36257/21,2023-02-28,2023-08-31,2024-02-17,0,4,37|8,P1-1,0,4.372418120212679,dev,0.25697,0.1,0.0,4.372418,0.065,0.054163
1b1f8de345be,Article 1 Protocol 1,apps:49670/16,2023-02-28,2023-08-31,2024-02-17,0,4,3|39,P1-1,0,7.528821196122908,dev,0.82469,0.1,0.0,7.528821,0.065,0.057169
1b1f8de345be,Article 1 Protocol 1,apps:41253/19,2023-02-28,2023-08-31,2024-02-17,0,4,39|6,P1-1,0,9.243932255230082,dev,0.481848,0.1,0.0,9.243932,0.065,0.058802
1b1f8de345be,Article 1 Protocol 1,apps:38609/15,2023-02-28,2023-08-31,2024-02-17,0,4,3|35,P1-1,0,6.091947015708087,dev,0.806488,0.1,0.0,6.091947,0.065,0.055801
1b1f8de345be,Article 1 Protocol 1,apps:50622/21,2023-02-28,2023-08-31,2024-02-17,0,4,37|6,P1-1,0,5.344000425648648,dev,0.746559,0.1,0.0,5.344,0.065,0.055089
1b1f8de345be,Article 1 Protocol 1,apps:19812/18,2023-02-28,2023-08-31,2024-02-17,0,4,39|5,P1-1,0,3.0699313218630797,dev,0.338715,0.1,0.0,3.069931,0.065,0.052923
1b1f8de345be,Article 1 Protocol 1,apps:30196/17,2023-02-28,2023-08-31,2024-02-17,0,4,37|6,P1-1,0,11.64820154605807,dev,0.11517,0.1,0.0,11.648202,0.065,0.061091
1b1f8de345be,Article 1 Protocol 1,apps:38066/16,2023-02-28,2023-08-31,2024-02-17,0,4,3|35,P1-1,0,6.672717006850621,dev,0.962893,0.1,0.0,6.672717,0.065,0.056354
1b1f8de345be,Article 1 Protocol 1,apps:49720/16,2023-02-28,2023-08-31,2024-02-17,0,4,3|35,P1-1,0,16.436055832319063,dev,0.140757,0.1,0.0,16.436056,0.065,0.065651
1b1f8de345be,Article 1 Protocol 1,apps:10867/18,2023-02-28,2023-08-31,2024-02-17,0,4,3|39,P1-1,0,4.00905282583148,dev,0.9665,0.1,0.0,4.009053,0.065,0.053817
1b1f8de345be,Article 1 Protocol 1,apps:36983/22,2023-02-28,2023-08-31,2024-02-17,0,4,37|6,P1-1,0,5.0896883257596155,dev,0.860141,0.1,0.0,5.089688,0.065,0.054846
1b1f8de345be,Article 1 Protocol 1,apps:76865/17,2023-02-28,2023-08-31,2024-02-17,0,4,37|6,P1-1,0,4.268254649262678,dev,0.724217,0.1,0.0,4.268255,0.065,0.054064
1b1f8de345be,Article 1 Protocol 1,apps:27901/07,2023-02-28,2023-08-31,2024-02-17,0,4,13|37|6|P1-1,P1-1,1,9.574009270570679,dev,0.979942,0.1,1.0,9.574009,0.415,0.059116
1b1f8de345be,Article 1 Protocol 1,apps:21391/18,2023-02-28,2023-08-31,2024-02-17,0,4,39|6,P1-1,0,3.0988659241328067,dev,0.96727,0.1,0.0,3.098866,0.065,0.052951
1b1f8de345be,Article 1 Protocol 1,apps:64330/16,2023-02-28,2023-08-31,2024-02-17,0,4,3|35,P1-1,0,12.643672643118801,dev,0.804588,0.1,0.0,12.643673,0.065,0.062039
1e58f64bfb7a,Article 12,apps:32891/22,2023-02-28,2023-08-31,2023-12-06,0,4,3|37,12,0,2.254155665039513,dev,0.365775,0.1,0.0,2.254156,0.065,0.052146
1e58f64bfb7a,Article 12,apps:44328/18,2023-02-28,2023-08-31,2023-12-06,0,4,13|39|6,12,0,4.8397043092953025,dev,0.790682,0.1,0.0,4.839704,0.065,0.054608
1e58f64bfb7a,Article 12,apps:50568/11,2023-02-28,2023-08-31,2023-12-06,0,4,37|6|P1-1,12,0,8.048252232026766,dev,0.013919,0.1,0.0,8.048252,0.065,0.057664
1e58f64bfb7a,Article 12,apps:40990/18,2023-02-28,2023-08-31,2023-12-06,0,4,37|5|6,12,0,7.659452781772486,dev,0.536572,0.1,0.0,7.659453,0.065,0.057293
1e58f64bfb7a,Article 12,apps:19071/18,2023-02-28,2023-08-31,2023-12-06,0,4,37|6,12,0,13.298949726726853,dev,0.454786,0.1,0.0,13.29895,0.065,0.062663
1e58f64bfb7a,Article 12,apps:57180/16,2023-02-28,2023-08-31,2023-12-06,0,4,3|37,12,0,2.4738418032016125,dev,0.672828,0.1,0.0,2.473842,0.065,0.052356
1e58f64bfb7a,Article 12,apps:23972/22,2023-02-28,2023-08-31,2023-12-06,0,4,37|6|P1-1,12,0,3.9480524520069626,dev,0.672341,0.1,0.0,3.948052,0.065,0.053759
1e58f64bfb7a,Article 12,apps:28227/18,2023-02-28,2023-08-31,2023-12-06,0,4,3|35,12,0,7.659452781772486,dev,0.58456,0.1,0.0,7.659453,0.065,0.057293
1e58f64bfb7a,Article 12,apps:37706/17,2023-02-28,2023-08-31,2023-12-06,0,3,35|41|P1-1,12,0,4.8397043092953025,dev,0.822417,0.3,0.0,4.839704,0.195,0.154608
1e58f64bfb7a,Article 12,apps:2371/11,2023-02-28,2023-08-31,2023-12-06,0,4,41,12,0,2.3890517145364565,dev,0.940292,0.1,0.0,2.389052,0.065,0.052275
1e58f64bfb7a,Article 12,apps:47196/21,2023-02-28,2023-08-31,2023-12-06,0,3,41|8,12,0,2.977906989901861,dev,0.108346,0.3,0.0,2.977907,0.195,0.152836
1e58f64bfb7a,Article 12,apps:51424/08,2023-02-28,2023-08-31,2023-12-06,0,4,41,12,0,1.086229079189353,dev,0.233822,0.1,0.0,1.086229,0.065,0.051034
1e58f64bfb7a,Article 12,apps:70583/17,2023-02-28,2023-08-31,2023-12-06,0,3,3|35|41,12,0,4.160219367181668,dev,0.025025,0.3,0.0,4.160219,0.195,0.153961
1e58f64bfb7a,Article 12,apps:56669/18,2023-02-28,2023-08-31,2023-12-06,0,4,8,12,0,3.715297932049565,dev,0.884235,0.1,0.0,3.715298,0.065,0.053538
1e58f64bfb7a,Article 12,apps:71304/16,2023-02-28,2023-08-31,2023-12-06,0,4,6,12,0,2.5672373556324466,dev,0.561407,0.1,0.0,2.567237,0.065,0.052445
1e58f64bfb7a,Article 12,apps:57752/21,2023-02-28,2023-08-31,2023-12-06,0,4,8,12,0,2.1916676535969737,dev,0.915256,0.1,0.0,2.191668,0.065,0.052087
1e58f64bfb7a,Article 12,apps:36257/21,2023-02-28,2023-08-31,2023-12-06,0,4,37|8,12,0,1.086229079189353,dev,0.221367,0.1,0.0,1.086229,0.065,0.051034
1e58f64bfb7a,Article 12,apps:49670/16,2023-02-28,2023-08-31,2023-12-06,0,4,3|39,12,0,2.1597453046802206,dev,0.063217,0.1,0.0,2.159745,0.065,0.052057
1e58f64bfb7a,Article 12,apps:41253/19,2023-02-28,2023-08-31,2023-12-06,0,4,39|6,12,0,2.1597453046802206,dev,0.823855,0.1,0.0,2.159745,0.065,0.052057
1e58f64bfb7a,Article 12,apps:38609/15,2023-02-28,2023-08-31,2023-12-06,0,4,3|35,12,0,2.1597453046802206,dev,0.909388,0.1,0.0,2.159745,0.065,0.052057
1e58f64bfb7a,Article 12,apps:50622/21,2023-02-28,2023-08-31,2023-12-06,0,4,37|6,12,0,2.3890517145364565,dev,0.30219,0.1,0.0,2.389052,0.065,0.052275
1e58f64bfb7a,Article 12,apps:19812/18,2023-02-28,2023-08-31,2023-12-06,0,4,39|5,12,0,3.715297932049565,dev,0.408296,0.1,0.0,3.715298,0.065,0.053538
1e58f64bfb7a,Article 12,apps:30196/17,2023-02-28,2023-08-31,2023-12-06,0,4,37|6,12,0,6.182213658144315,dev,0.139777,0.1,0.0,6.182214,0.065,0.055887
1e58f64bfb7a,Article 12,apps:38066/16,2023-02-28,2023-08-31,2023-12-06,0,4,3|35,12,0,3.7563137753815434,dev,0.946262,0.1,0.0,3.756314,0.065,0.053577
1e58f64bfb7a,Article 12,apps:49720/16,2023-02-28,2023-08-31,2023-12-06,0,4,3|35,12,0,2.4738418032016125,dev,0.304365,0.1,0.0,2.473842,0.065,0.052356
1e58f64bfb7a,Article 12,apps:10867/18,2023-02-28,2023-08-31,2023-12-06,0,4,3|39,12,0,3.715297932049565,dev,0.492625,0.1,0.0,3.715298,0.065,0.053538
1e58f64bfb7a,Article 12,apps:36983/22,2023-02-28,2023-08-31,2023-12-06,0,4,37|6,12,0,2.665417427170776,dev,0.097192,0.1,0.0,2.665417,0.065,0.052538
1e58f64bfb7a,Article 12,apps:76865/17,2023-02-28,2023-08-31,2023-12-06,0,4,37|6,12,0,3.5485811168521897,dev,0.887259,0.1,0.0,3.548581,0.065,0.053379
1e58f64bfb7a,Article 12,apps:27901/07,2023-02-28,2023-08-31,2023-12-06,0,4,13|37|6|P1-1,12,0,2.4738418032016125,dev,0.135664,0.1,0.0,2.473842,0.065,0.052356
1e58f64bfb7a,Article 12,apps:21391/18,2023-02-28,2023-08-31,2023-12-06,0,4,39|6,12,0,3.715297932049565,dev,0.453644,0.1,0.0,3.715298,0.065,0.053538
2fbc08fc30bd,Article 9,apps:32891/22,2023-02-28,2023-08-31,2024-03-29,0,4,3|37,9,0,7.811221264373284,dev,0.670486,0.1,0.0,7.811221,0.065,0.057438
2fbc08fc30bd,Article 9,apps:44328/18,2023-02-28,2023-08-31,2024-03-29,0,4,13|39|6,9,0,6.967919564353028,dev,0.74314,0.1,0.0,6.96792,0.065,0.056635
2fbc08fc30bd,Article 9,apps:50568/11,2023-02-28,2023-08-31,2024-03-29,0,4,37|6|P1-1,9,0,9.635129798735097,dev,0.945974,0.1,0.0,9.63513,0.065,0.059175
2fbc08fc30bd,Article 9,apps:40990/18,2023-02-28,2023-08-31,2024-03-29,0,4,37|5|6,9,0,17.331831948715113,dev,0.419127,0.1,0.0,17.331832,0.065,0.066503
2fbc08fc30bd,Article 9,apps:19071/18,2023-02-28,2023-08-31,2024-03-29,0,4,37|6,9,0,29.541365982858984,dev,0.742269,0.1,0.0,29.541366,0.065,0.078129
2fbc08fc30bd,Article 9,apps:57180/16,2023-02-28,2023-08-31,2024-03-29,0,4,3|37,9,0,8.050207041700773,dev,0.154523,0.1,0.0,8.050207,0.065,0.057665
2fbc08fc30bd,Article 9,apps:23972/22,2023-02-28,2023-08-31,2024-03-29,0,4,37|6|P1-1,9,0,7.838600706584344,dev,0.414885,0.1,0.0,7.838601,0.065,0.057464
2fbc08fc30bd,Article 9,apps:28227/18,2023-02-28,2023-08-31,2024-03-29,0,4,3|35,9,0,5.266331487772778,dev,0.099022,0.1,0.0,5.266331,0.065,0.055015
2fbc08fc30bd,Article 9,apps:37706/17,2023-02-28,2023-08-31,2024-03-29,0,3,35|41|P1-1,9,0,22.074192076112215,dev,0.489347,0.3,0.0,22.074192,0.195,0.171019
2fbc08fc30bd,Article 9,apps:2371/11,2023-02-28,2023-08-31,2024-03-29,0,4,41,9,0,3.1782101984855142,dev,0.408116,0.1,0.0,3.17821,0.065,0.053026
2fbc08fc30bd,Article 9,apps:47196/21,2023-02-28,2023-08-31,2024-03-29,0,3,41|8,9,0,4.73301069724455,dev,0.951522,0.3,0.0,4.733011,0.195,0.154507
2fbc08fc30bd,Article 9,apps:51424/08,2023-02-28,2023-08-31,2024-03-29,0,4,41,9,0,3.640354560337558,dev,0.032716,0.1,0.0,3.640355,0.065,0.053466
2fbc08fc30bd,Article 9,apps:70583/17,2023-02-28,2023-08-31,2024-03-29,0,3,3|35|41,9,0,6.431171490964759,dev,0.37053,0.3,0.0,6.431171,0.195,0.156124
2fbc08fc30bd,Article 9,apps:56669/18,2023-02-28,2023-08-31,2024-03-29,0,4,8,9,0,2.778744378449323,dev,0.443383,0.1,0.0,2.778744,0.065,0.052646
2fbc08fc30bd,Article 9,apps:71304/16,2023-02-28,2023-08-31,2024-03-29,0,4,6,9,0,3.648389358685645,dev,0.950555,0.1,0.0,3.648389,0.065,0.053474
2fbc08fc30bd,Article 9,apps:57752/21,2023-02-28,2023-08-31,2024-03-29,0,4,8,9,0,4.4835017423065135,dev,0.85545,0.1,0.0,4.483502,0.065,0.054269
2fbc08fc30bd,Article 9,apps:36257/21,2023-02-28,2023-08-31,2024-03-29,0,4,37|8,9,0,4.5491336976495464,dev,0.099355,0.1,0.0,4.549134,0.065,0.054332
2fbc08fc30bd,Article 9,apps:49670/16,2023-02-28,2023-08-31,2024-03-29,0,4,3|39,9,0,5.785534107180977,dev,0.68568,0.1,0.0,5.785534,0.065,0.055509
2fbc08fc30bd,Article 9,apps:41253/19,2023-02-28,2023-08-31,2024-03-29,0,4,39|6,9,0,6.685388204679135,dev,0.544466,0.1,0.0,6.685388,0.065,0.056366
2fbc08fc30bd,Article 9,apps:38609/15,2023-02-28,2023-08-31,2024-03-29,0,4,3|35,9,0,6.867323020384475,dev,0.977843,0.1,0.0,6.867323,0.065,0.056539
2fbc08fc30bd,Article 9,apps:50622/21,2023-02-28,2023-08-31,2024-03-29,0,4,37|6,9,0,3.896425121401232,dev,0.358674,0.1,0.0,3.896425,0.065,0.05371
2fbc08fc30bd,Article 9,apps:19812/18,2023-02-28,2023-08-31,2024-03-29,0,4,39|5,9,0,3.9384166391298168,dev,0.39814,0.1,0.0,3.938417,0.065,0.05375
2fbc08fc30bd,Article 9,apps:30196/17,2023-02-28,2023-08-31,2024-03-29,0,4,37|6,9,0,9.76093426336277,dev,0.189809,0.1,0.0,9.760934,0.065,0.059294
2fbc08fc30bd,Article 9,apps:38066/16,2023-02-28,2023-08-31,2024-03-29,0,4,3|35,9,0,4.764800734271244,dev,0.12216,0.1,0.0,4.764801,0.065,0.054537
2fbc08fc30bd,Article 9,apps:49720/16,2023-02-28,2023-08-31,2024-03-29,0,4,3|35,9,0,22.33376041632814,dev,0.848033,0.1,0.0,22.33376,0.065,0.071266
2fbc08fc30bd,Article 9,apps:10867/18,2023-02-28,2023-08-31,2024-03-29,0,4,3|39,9,0,4.1958294409230765,dev,0.454717,0.1,0.0,4.195829,0.065,0.053995
2fbc08fc30bd,Article 9,apps:36983/22,2023-02-28,2023-08-31,2024-03-29,0,4,37|6,9,0,5.585895123909677,dev,0.662769,0.1,0.0,5.585895,0.065,0.055319
2fbc08fc30bd,Article 9,apps:76865/17,2023-02-28,2023-08-31,2024-03-29,0,4,37|6,9,0,6.3712508501582095,dev,0.641704,0.1,0.0,6.371251,0.065,0.056067
2fbc08fc30bd,Article 9,apps:27901/07,2023-02-28,2023-08-31,2024-03-29,0,4,13|37|6|P1-1,9,0,6.468696577565079,dev,0.597146,0.1,0.0,6.468697,0.065,0.05616
2fbc08fc30bd,Article 9,apps:21391/18,2023-02-28,2023-08-31,2024-03-29,0,4,39|6,9,0,3.132018776284899,dev,0.021357,0.1,0.0,3.132019,0.065,0.052982
415c8994e0ed,Article 2,apps:32891/22,2023-02-28,2023-08-31,2023-12-18,0,4,3|37,2,0,8.011490358097365,dev,0.786795,0.1,0.0,8.01149,0.065,0.057629
415c8994e0ed,Article 2,apps:44328/18,2023-02-28,2023-08-31,2023-12-18,0,4,13|39|6,2,0,7.274022535739736,dev,0.243569,0.1,0.0,7.274023,0.065,0.056926
415c8994e0ed,Article 2,apps:50568/11,2023-02-28,2023-08-31,2023-12-18,0,4,37|6|P1-1,2,0,17.69649713960263,dev,0.125924,0.1,0.0,17.696497,0.065,0.066851
415c8994e0ed,Article 2,apps:40990/18,2023-02-28,2023-08-31,2023-12-18,0,4,37|5|6,2,0,8.528938936528723,dev,0.564578,0.1,0.0,8.528939,0.065,0.058121
415c8994e0ed,Article 2,apps:19071/18,2023-02-28,2023-08-31,2023-12-18,0,4,37|6,2,0,13.106957207583363,dev,0.06861,0.1,0.0,13.106957,0.065,0.062481
415c8994e0ed,Article 2,apps:57180/16,2023-02-28,2023-08-31,2023-12-18,0,4,3|37,2,0,14.342483646641107,dev,0.765157,0.1,0.0,14.342484,0.065,0.063657
415c8994e0ed,Article 2,apps:23972/22,2023-02-28,2023-08-31,2023-12-18,0,4,37|6|P1-1,2,0,5.991532076058512,dev,0.207157,0.1,0.0,5.991532,0.065,0.055705
415c8994e0ed,Article 2,apps:28227/18,2023-02-28,2023-08-31,2023-12-18,0,4,3|35,2,0,5.35201242193486,dev,0.215951,0.1,0.0,5.352012,0.065,0.055096
415c8994e0ed,Article 2,apps:37706/17,2023-02-28,2023-08-31,2023-12-18,0,3,35|41|P1-1,2,0,27.09046169614803,dev,0.869695,0.3,0.0,27.090462,0.195,0.175796
415c8994e0ed,Article 2,apps:2371/11,2023-02-28,2023-08-31,2023-12-18,0,4,41,2,0,5.555747987840361,dev,0.32856,0.1,0.0,5.555748,0.065,0.05529
415c8994e0ed,Article 2,apps:47196/21,2023-02-28,2023-08-31,2023-12-18,0,3,41|8,2,0,4.634586462506449,dev,0.147554,0.3,0.0,4.634586,0.195,0.154413
415c8994e0ed,Article 2,apps:51424/08,2023-02-28,2023-08-31,2023-12-18,0,4,41,2,0,4.195271241143337,dev,0.900531,0.1,0.0,4.195271,0.065,0.053995
415c8994e0ed,Article 2,apps:70583/17,2023-02-28,2023-08-31,2023-12-18,0,3,3|35|41,2,0,9.278599462556452,dev,0.002836,0.3,0.0,9.278599,0.195,0.158835
415c8994e0ed,Article 2,apps:56669/18,2023-02-28,2023-08-31,2023-12-18,0,4,8,2,0,3.933446565094787,dev,0.858406,0.1,0.0,3.933447,0.065,0.053745
415c8994e0ed,Article 2,apps:71304/16,2023-02-28,2023-08-31,2023-12-18,0,4,6,2,0,5.821805768936535,dev,0.144688,0.1,0.0,5.821806,0.065,0.055544
415c8994e0ed,Article 2,apps:57752/21,2023-02-28,2023-08-31,2023-12-18,0,4,8,2,0,4.9494118304185655,dev,0.129992,0.1,0.0,4.949412,0.065,0.054713
415c8994e0ed,Article 2,apps:36257/21,2023-02-28,2023-08-31,2023-12-18,0,4,37|8,2,0,5.440540369396483,dev,0.250654,0.1,0.0,5.44054,0.065,0.055181
415c8994e0ed,Article 2,apps:49670/16,2023-02-28,2023-08-31,2023-12-18,0,4,3|39,2,0,9.42864924803127,dev,0.174497,0.1,0.0,9.428649,0.065,0.058978
415c8994e0ed,Article 2,apps:41253/19,2023-02-28,2023-08-31,2023-12-18,0,4,39|6,2,0,8.73142788517794,dev,0.661058,0.1,0.0,8.731428,0.065,0.058314
415c8994e0ed,Article 2,apps:38609/15,2023-02-28,2023-08-31,2023-12-18,0,4,3|35,2,0,8.837924236769085,dev,0.02578,0.1,0.0,8.837924,0.065,0.058416
415c8994e0ed,Article 2,apps:50622/21,2023-02-28,2023-08-31,2023-12-18,0,4,37|6,2,0,5.868684963490096,dev,0.01486,0.1,0.0,5.868685,0.065,0.055588
415c8994e0ed,Article 2,apps:19812/18,2023-02-28,2023-08-31,2023-12-18,0,4,39|5,2,0,4.804331764774746,dev,0.789985,0.1,0.0,4.804332,0.065,0.054575
415c8994e0ed,Article 2,apps:30196/17,2023-02-28,2023-08-31,2023-12-18,0,4,37|6,2,0,11.947050659958595,dev,0.237932,0.1,0.0,11.947051,0.065,0.061376
415c8994e0ed,Article 2,apps:38066/16,2023-02-28,2023-08-31,2023-12-18,0,4,3|35,2,0,9.392903297999563,dev,0.323771,0.1,0.0,9.392903,0.065,0.058944
415c8994e0ed,Article 2,apps:49720/16,2023-02-28,2023-08-31,2023-12-18,0,4,3|35,2,0,27.09046169614803,dev,0.174246,0.1,0.0,27.090462,0.065,0.075796
415c8994e0ed,Article 2,apps:10867/18,2023-02-28,2023-08-31,2023-12-18,0,4,3|39,2,0,3.7304947065764447,dev,0.052399,0.1,0.0,3.730495,0.065,0.053552
415c8994e0ed,Article 2,apps:36983/22,2023-02-28,2023-08-31,2023-12-18,0,4,37|6,2,0,4.252150099118088,dev,0.741718,0.1,0.0,4.25215,0.065,0.054049
415c8994e0ed,Article 2,apps:76865/17,2023-02-28,2023-08-31,2023-12-18,0,4,37|6,2,0,8.567579640887669,dev,0.526086,0.1,0.0,8.56758,0.065,0.058158
415c8994e0ed,Article 2,apps:27901/07,2023-02-28,2023-08-31,2023-12-18,0,4,13|37|6|P1-1,2,0,9.06082339489746,dev,0.745665,0.1,0.0,9.060823,0.065,0.058628
415c8994e0ed,Article 2,apps:21391/18,2023-02-28,2023-08-31,2023-12-18,0,4,39|6,2,0,3.1072198173142014,dev,0.476246,0.1,0.0,3.10722,0.065,0.052959
54e38e09f96e,Article 2 Protocol 1,apps:32891/22,2023-02-28,2023-08-31,2023-12-06,0,4,3|37,P1-2,0,6.097498558945432,dev,0.778017,0.1,0.0,6.097499,0.065,0.055806
54e38e09f96e,Article 2 Protocol 1,apps:44328/18,2023-02-28,2023-08-31,2023-12-06,0,4,13|39|6,P1-2,0,2.638181874128099,dev,0.513238,0.1,0.0,2.638182,0.065,0.052512
54e38e09f96e,Article 2 Protocol 1,apps:50568/11,2023-02-28,2023-08-31,2023-12-06,0,4,37|6|P1-1,P1-2,0,9.455142870505142,dev,0.109054,0.1,0.0,9.455143,0.065,0.059003
54e38e09f96e,Article 2 Protocol 1,apps:40990/18,2023-02-28,2023-08-31,2023-12-06,0,4,37|5|6,P1-2,0,2.638181874128099,dev,0.503839,0.1,0.0,2.638182,0.065,0.052512
54e38e09f96e,Article 2 Protocol 1,apps:19071/18,2023-02-28,2023-08-31,2023-12-06,0,4,37|6,P1-2,0,2.638181874128099,dev,0.945416,0.1,0.0,2.638182,0.065,0.052512
54e38e09f96e,Article 2 Protocol 1,apps:57180/16,2023-02-28,2023-08-31,2023-12-06,0,4,3|37,P1-2,0,4.590869886211505,dev,0.043365,0.1,0.0,4.59087,0.065,0.054371
54e38e09f96e,Article 2 Protocol 1,apps:23972/22,2023-02-28,2023-08-31,2023-12-06,0,4,37|6|P1-1,P1-2,0,4.445387949254198,dev,0.783227,0.1,0.0,4.445388,0.065,0.054233
54e38e09f96e,Article 2 Protocol 1,apps:28227/18,2023-02-28,2023-08-31,2023-12-06,0,4,3|35,P1-2,0,4.590869886211505,dev,0.866981,0.1,0.0,4.59087,0.065,0.054371
54e38e09f96e,Article 2 Protocol 1,apps:37706/17,2023-02-28,2023-08-31,2023-12-06,0,3,35|41|P1-1,P1-2,0,2.638181874128099,dev,0.521451,0.3,0.0,2.638182,0.195,0.152512
54e38e09f96e,Article 2 Protocol 1,apps:2371/11,2023-02-28,2023-08-31,2023-12-06,0,4,41,P1-2,0,3.520938879539962,dev,0.458043,0.1,0.0,3.520939,0.065,0.053353
54e38e09f96e,Article 2 Protocol 1,apps:47196/21,2023-02-28,2023-08-31,2023-12-06,0,3,41|8,P1-2,0,3.165535802023263,dev,0.964026,0.3,0.0,3.165536,0.195,0.153014
54e38e09f96e,Article 2 Protocol 1,apps:51424/08,2023-02-28,2023-08-31,2023-12-06,0,4,41,P1-2,0,1.305240955769012,dev,0.060825,0.1,0.0,1.305241,0.065,0.051243
54e38e09f96e,Article 2 Protocol 1,apps:70583/17,2023-02-28,2023-08-31,2023-12-06,0,3,3|35|41,P1-2,0,5.803533002479162,dev,0.478982,0.3,0.0,5.803533,0.195,0.155526
54e38e09f96e,Article 2 Protocol 1,apps:56669/18,2023-02-28,2023-08-31,2023-12-06,0,4,8,P1-2,0,1.305240955769012,dev,0.401617,0.1,0.0,1.305241,0.065,0.051243
54e38e09f96e,Article 2 Protocol 1,apps:71304/16,2023-02-28,2023-08-31,2023-12-06,0,4,6,P1-2,0,3.165535802023263,dev,0.686097,0.1,0.0,3.165536,0.065,0.053014
54e38e09f96e,Article 2 Protocol 1,apps:57752/21,2023-02-28,2023-08-31,2023-12-06,0,4,8,P1-2,0,3.952806504000243,dev,0.490269,0.1,0.0,3.952807,0.065,0.053764
54e38e09f96e,Article 2 Protocol 1,apps:36257/21,2023-02-28,2023-08-31,2023-12-06,0,4,37|8,P1-2,0,3.3525523987441233,dev,0.909701,0.1,0.0,3.352552,0.065,0.053192
54e38e09f96e,Article 2 Protocol 1,apps:49670/16,2023-02-28,2023-08-31,2023-12-06,0,4,3|39,P1-2,0,4.590869886211505,dev,0.073491,0.1,0.0,4.59087,0.065,0.054371
54e38e09f96e,Article 2 Protocol 1,apps:41253/19,2023-02-28,2023-08-31,2023-12-06,0,4,39|6,P1-2,0,2.638181874128099,dev,0.08079,0.1,0.0,2.638182,0.065,0.052512
54e38e09f96e,Article 2 Protocol 1,apps:38609/15,2023-02-28,2023-08-31,2023-12-06,0,4,3|35,P1-2,0,4.590869886211505,dev,0.608297,0.1,0.0,4.59087,0.065,0.054371
54e38e09f96e,Article 2 Protocol 1,apps:50622/21,2023-02-28,2023-08-31,2023-12-06,0,4,37|6,P1-2,0,5.530003011797568,dev,0.065682,0.1,0.0,5.530003,0.065,0.055266
54e38e09f96e,Article 2 Protocol 1,apps:19812/18,2023-02-28,2023-08-31,2023-12-06,0,4,39|5,P1-2,0,1.305240955769012,dev,0.275016,0.1,0.0,1.305241,0.065,0.051243
54e38e09f96e,Article 2 Protocol 1,apps:30196/17,2023-02-28,2023-08-31,2023-12-06,0,4,37|6,P1-2,0,6.63906886299147,dev,0.633077,0.1,0.0,6.639069,0.065,0.056322
54e38e09f96e,Article 2 Protocol 1,apps:38066/16,2023-02-28,2023-08-31,2023-12-06,0,4,3|35,P1-2,0,3.3525523987441233,dev,0.548356,0.1,0.0,3.352552,0.065,0.053192
54e38e09f96e,Article 2 Protocol 1,apps:49720/16,2023-02-28,2023-08-31,2023-12-06,0,4,3|35,P1-2,0,4.590869886211505,dev,0.325185,0.1,0.0,4.59087,0.065,0.054371
54e38e09f96e,Article 2 Protocol 1,apps:10867/18,2023-02-28,2023-08-31,2023-12-06,0,4,3|39,P1-2,0,3.3525523987441233,dev,0.994628,0.1,0.0,3.352552,0.065,0.053192
54e38e09f96e,Article 2 Protocol 1,apps:36983/22,2023-02-28,2023-08-31,2023-12-06,0,4,37|6,P1-2,0,5.530003011797568,dev,0.530557,0.1,0.0,5.530003,0.065,0.055266
54e38e09f96e,Article 2 Protocol 1,apps:76865/17,2023-02-28,2023-08-31,2023-12-06,0,4,37|6,P1-2,0,3.5070301053307595,dev,0.453715,0.1,0.0,3.50703,0.065,0.053339
54e38e09f96e,Article 2 Protocol 1,apps:27901/07,2023-02-28,2023-08-31,2023-12-06,0,4,13|37|6|P1-1,P1-2,0,4.815681162784482,dev,0.605427,0.1,0.0,4.815681,0.065,0.054586
54e38e09f96e,Article 2 Protocol 1,apps:21391/18,2023-02-28,2023-08-31,2023-12-06,0,4,39|6,P1-2,0,3.165535802023263,dev,0.099178,0.1,0.0,3.165536,0.065,0.053014
684d373b17e9,Article 11,apps:32891/22,2023-02-28,2023-08-31,2024-04-05,0,4,3|37,11,0,6.357093681483072,dev,0.701779,0.1,0.0,6.357094,0.065,0.056053
684d373b17e9,Article 11,apps:44328/18,2023-02-28,2023-08-31,2024-04-05,0,4,13|39|6,11,0,8.90243014671265,dev,0.852793,0.1,0.0,8.90243,0.065,0.058477
684d373b17e9,Article 11,apps:50568/11,2023-02-28,2023-08-31,2024-04-05,0,4,37|6|P1-1,11,0,11.782480033700939,dev,0.650917,0.1,0.0,11.78248,0.065,0.061219
684d373b17e9,Article 11,apps:40990/18,2023-02-28,2023-08-31,2024-04-05,0,4,37|5|6,11,0,13.222193456576978,dev,0.768963,0.1,0.0,13.222193,0.065,0.06259
684d373b17e9,Article 11,apps:19071/18,2023-02-28,2023-08-31,2024-04-05,0,4,37|6,11,0,21.861720076305634,dev,0.72084,0.1,0.0,21.86172,0.065,0.070817
684d373b17e9,Article 11,apps:57180/16,2023-02-28,2023-08-31,2024-04-05,0,4,3|37,11,0,9.487574487203826,dev,0.215023,0.1,0.0,9.487574,0.065,0.059034
684d373b17e9,Article 11,apps:23972/22,2023-02-28,2023-08-31,2024-04-05,0,4,37|6|P1-1,11,0,8.269077659300445,dev,0.451555,0.1,0.0,8.269078,0.065,0.057874
684d373b17e9,Article 11,apps:28227/18,2023-02-28,2023-08-31,2024-04-05,0,4,3|35,11,0,11.899795674393186,dev,0.228494,0.1,0.0,11.899796,0.065,0.061331
684d373b17e9,Article 11,apps:37706/17,2023-02-28,2023-08-31,2024-04-05,0,3,35|41|P1-1,11,0,28.133265184348456,dev,0.338932,0.3,0.0,28.133265,0.195,0.176789
684d373b17e9,Article 11,apps:2371/11,2023-02-28,2023-08-31,2024-04-05,0,4,41,11,0,5.6745834146347685,dev,0.453499,0.1,0.0,5.674583,0.065,0.055403
684d373b17e9,Article 11,apps:47196/21,2023-02-28,2023-08-31,2024-04-05,0,3,41|8,11,0,6.792271106380537,dev,0.41599,0.3,0.0,6.792271,0.195,0.156468
684d373b17e9,Article 11,apps:51424/08,2023-02-28,2023-08-31,2024-04-05,0,4,41,11,0,3.7937042965403704,dev,0.095086,0.1,0.0,3.793704,0.065,0.053612
684d373b17e9,Article 11,apps:70583/17,2023-02-28,2023-08-31,2024-04-05,0,3,3|35|41,11,0,8.382296862907102,dev,0.426764,0.3,0.0,8.382297,0.195,0.157982
684d373b17e9,Article 11,apps:56669/18,2023-02-28,2023-08-31,2024-04-05,0,4,8,11,0,5.922840913821624,dev,0.665108,0.1,0.0,5.922841,0.065,0.05564
684d373b17e9,Article 11,apps:71304/16,2023-02-28,2023-08-31,2024-04-05,0,4,6,11,0,5.356872872536932,dev,0.374301,0.1,0.0,5.356873,0.065,0.055101
684d373b17e9,Article 11,apps:57752/21,2023-02-28,2023-08-31,2024-04-05,0,4,8,11,0,5.721903459402322,dev,0.152639,0.1,0.0,5.721903,0.065,0.055448
684d373b17e9,Article 11,apps:36257/21,2023-02-28,2023-08-31,2024-04-05,0,4,37|8,11,0,5.721903459402322,dev,0.922985,0.1,0.0,5.721903,0.065,0.055448
684d373b17e9,Article 11,apps:49670/16,2023-02-28,2023-08-31,2024-04-05,0,4,3|39,11,0,6.083739042327548,dev,0.067133,0.1,0.0,6.083739,0.065,0.055793
684d373b17e9,Article 11,apps:41253/19,2023-02-28,2023-08-31,2024-04-05,0,4,39|6,11,0,7.444322478714988,dev,0.831772,0.1,0.0,7.444322,0.065,0.057089
684d373b17e9,Article 11,apps:38609/15,2023-02-28,2023-08-31,2024-04-05,0,4,3|35,11,0,7.915280918469054,dev,0.09323,0.1,0.0,7.915281,0.065,0.057537
684d373b17e9,Article 11,apps:50622/21,2023-02-28,2023-08-31,2024-04-05,0,4,37|6,11,0,5.721903459402322,dev,0.096564,0.1,0.0,5.721903,0.065,0.055448
684d373b17e9,Article 11,apps:19812/18,2023-02-28,2023-08-31,2024-04-05,0,4,39|5,11,0,5.922840913821624,dev,0.738796,0.1,0.0,5.922841,0.065,0.05564
684d373b17e9,Article 11,apps:30196/17,2023-02-28,2023-08-31,2024-04-05,0,4,37|6,11,0,12.881524696998817,dev,0.811769,0.1,0.0,12.881525,0.065,0.062266
684d373b17e9,Article 11,apps:38066/16,2023-02-28,2023-08-31,2024-04-05,0,4,3|35,11,0,6.146078349773386,dev,0.556371,0.1,0.0,6.146078,0.065,0.055852
684d373b17e9,Article 11,apps:49720/16,2023-02-28,2023-08-31,2024-04-05,0,4,3|35,11,0,28.133265184348456,dev,0.586465,0.1,0.0,28.133265,0.065,0.076789
684d373b17e9,Article 11,apps:10867/18,2023-02-28,2023-08-31,2024-04-05,0,4,3|39,11,0,5.922840913821624,dev,0.561586,0.1,0.0,5.922841,0.065,0.05564
684d373b17e9,Article 11,apps:36983/22,2023-02-28,2023-08-31,2024-04-05,0,4,37|6,11,0,5.389344807331156,dev,0.329646,0.1,0.0,5.389345,0.065,0.055132
684d373b17e9,Article 11,apps:76865/17,2023-02-28,2023-08-31,2024-04-05,0,4,37|6,11,0,6.33272120034991,dev,0.122231,0.1,0.0,6.332721,0.065,0.05603
684d373b17e9,Article 11,apps:27901/07,2023-02-28,2023-08-31,2024-04-05,0,4,13|37|6|P1-1,11,0,10.811763535147163,dev,0.353598,0.1,0.0,10.811764,0.065,0.060295
684d373b17e9,Article 11,apps:21391/18,2023-02-28,2023-08-31,2024-04-05,0,4,39|6,11,0,5.922840913821624,dev,0.665341,0.1,0.0,5.922841,0.065,0.05564
7a059e452dbd,Article 1,apps:32891/22,2023-02-28,2023-08-31,2023-11-14,0,4,3|37,1,0,6.333008994569527,dev,0.750284,0.1,0.0,6.333009,0.065,0.05603
7a059e452dbd,Article 1,apps:44328/18,2023-02-28,2023-08-31,2023-11-14,0,4,13|39|6,1,0,9.592372648997245,dev,0.868092,0.1,0.0,9.592373,0.065,0.059134
7a059e452dbd,Article 1,apps:50568/11,2023-02-28,2023-08-31,2023-11-14,0,4,37|6|P1-1,1,0,9.564791462169634,dev,0.721061,0.1,0.0,9.564791,0.065,0.059108
7a059e452dbd,Article 1,apps:40990/18,2023-02-28,2023-08-31,2023-11-14,0,4,37|5|6,1,0,15.761149166011265,dev,0.968399,0.1,0.0,15.761149,0.065,0.065008
7a059e452dbd,Article 1,apps:19071/18,2023-02-28,2023-08-31,2023-11-14,0,4,37|6,1,0,68.29899698652233,dev,0.60041,0.1,0.0,68.298997,0.065,0.115035
7a059e452dbd,Article 1,apps:57180/16,2023-02-28,2023-08-31,2023-11-14,0,4,3|37,1,0,8.499989132524135,dev,0.351646,0.1,0.0,8.499989,0.065,0.058094
7a059e452dbd,Article 1,apps:23972/22,2023-02-28,2023-08-31,2023-11-14,0,4,37|6|P1-1,1,0,6.741069899946411,dev,0.577919,0.1,0.0,6.74107,0.065,0.056419
7a059e452dbd,Article 1,apps:28227/18,2023-02-28,2023-08-31,2023-11-14,0,4,3|35,1,0,8.29114059801457,dev,0.212739,0.1,0.0,8.291141,0.065,0.057895
7a059e452dbd,Article 1,apps:37706/17,2023-02-28,2023-08-31,2023-11-14,0,3,35|41|P1-1,1,0,12.891452351061618,dev,0.656736,0.3,0.0,12.891452,0.195,0.162275
7a059e452dbd,Article 1,apps:2371/11,2023-02-28,2023-08-31,2023-11-14,0,4,41,1,0,3.8287915966558197,dev,0.224245,0.1,0.0,3.828792,0.065,0.053646
7a059e452dbd,Article 1,apps:47196/21,2023-02-28,2023-08-31,2023-11-14,0,3,41|8,1,0,6.998306657407185,dev,0.108218,0.3,0.0,6.998307,0.195,0.156664
7a059e452dbd,Article 1,apps:51424/08,2023-02-28,2023-08-31,2023-11-14,0,4,41,1,0,5.5192232647635695,dev,0.845373,0.1,0.0,5.519223,0.065,0.055255
7a059e452dbd,Article 1,apps:70583/17,2023-02-28,2023-08-31,2023-11-14,0,3,3|35|41,1,0,5.71796031206811,dev,0.367561,0.3,0.0,5.71796,0.195,0.155445
7a059e452dbd,Article 1,apps:56669/18,2023-02-28,2023-08-31,2023-11-14,0,4,8,1,0,4.562826015503547,dev,0.762606,0.1,0.0,4.562826,0.065,0.054345
7a059e452dbd,Article 1,apps:71304/16,2023-02-28,2023-08-31,2023-11-14,0,4,6,1,0,3.987528397276329,dev,0.5741,0.1,0.0,3.987528,0.065,0.053797
7a059e452dbd,Article 1,apps:57752/21,2023-02-28,2023-08-31,2023-11-14,0,4,8,1,0,5.7911877987379725,dev,0.807221,0.1,0.0,5.791188,0.065,0.055514
7a059e452dbd,Article 1,apps:36257/21,2023-02-28,2023-08-31,2023-11-14,0,4,37|8,1,0,5.873425584024399,dev,0.845155,0.1,0.0,5.873426,0.065,0.055593
7a059e452dbd,Article 1,apps:49670/16,2023-02-28,2023-08-31,2023-11-14,0,4,3|39,1,0,7.197930661209574,dev,0.974547,0.1,0.0,7.197931,0.065,0.056854
7a059e452dbd,Article 1,apps:41253/19,2023-02-28,2023-08-31,2023-11-14,0,4,39|6,1,0,10.26898038706088,dev,0.818427,0.1,0.0,10.26898,0.065,0.059778
7a059e452dbd,Article 1,apps:38609/15,2023-02-28,2023-08-31,2023-11-14,0,4,3|35,1,0,7.197930661209574,dev,0.613573,0.1,0.0,7.197931,0.065,0.056854
7a059e452dbd,Article 1,apps:50622/21,2023-02-28,2023-08-31,2023-11-14,0,4,37|6,1,0,4.672024867224708,dev,0.642699,0.1,0.0,4.672025,0.065,0.054449
7a059e452dbd,Article 1,apps:19812/18,2023-02-28,2023-08-31,2023-11-14,0,4,39|5,1,0,5.729204811923269,dev,0.026254,0.1,0.0,5.729205,0.065,0.055455
7a059e452dbd,Article 1,apps:30196/17,2023-02-28,2023-08-31,2023-11-14,0,4,37|6,1,0,10.29745531366961,dev,0.929084,0.1,0.0,10.297455,0.065,0.059805
7a059e452dbd,Article 1,apps:38066/16,2023-02-28,2023-08-31,2023-11-14,0,4,3|35,1,0,5.873425584024399,dev,0.829461,0.1,0.0,5.873426,0.065,0.055593
7a059e452dbd,Article 1,apps:49720/16,2023-02-28,2023-08-31,2023-11-14,0,4,3|35,1,0,11.586071113811133,dev,0.267448,0.1,0.0,11.586071,0.065,0.061032
7a059e452dbd,Article 1,apps:10867/18,2023-02-28,2023-08-31,2023-11-14,0,4,3|39,1,0,5.873425584024399,dev,0.180416,0.1,0.0,5.873426,0.065,0.055593
7a059e452dbd,Article 1,apps:36983/22,2023-02-28,2023-08-31,2023-11-14,0,4,37|6,1,0,4.650242847214306,dev,0.702699,0.1,0.0,4.650243,0.065,0.054428
7a059e452dbd,Article 1,apps:76865/17,2023-02-28,2023-08-31,2023-11-14,0,4,37|6,1,0,2.709918253959621,dev,0.308985,0.1,0.0,2.709918,0.065,0.05258
7a059e452dbd,Article 1,apps:27901/07,2023-02-28,2023-08-31,2023-11-14,0,4,13|37|6|P1-1,1,0,6.738504021450357,dev,0.339825,0.1,0.0,6.738504,0.065,0.056416
7a059e452dbd,Article 1,apps:21391/18,2023-02-28,2023-08-31,2023-11-14,0,4,39|6,1,0,4.0554139942151615,dev,0.006106,0.1,0.0,4.055414,0.065,0.053862
7b2999efc3b7,Article 4 Protocol 4,apps:32891/22,2023-02-28,2023-08-31,2024-04-09,0,4,3|37,P4-4,0,1.4501225774304047,dev,0.869863,0.1,0.0,1.450123,0.065,0.051381
7b2999efc3b7,Article 4 Protocol 4,apps:44328/18,2023-02-28,2023-08-31,2024-04-09,0,4,13|39|6,P4-4,0,0.9937777104272965,dev,0.566321,0.1,0.0,0.993778,0.065,0.050946
7b2999efc3b7,Article 4 Protocol 4,apps:50568/11,2023-02-28,2023-08-31,2024-04-09,0,4,37|6|P1-1,P4-4,0,2.3581783976375297,dev,0.400784,0.1,0.0,2.358178,0.065,0.052245
7b2999efc3b7,Article 4 Protocol 4,apps:40990/18,2023-02-28,2023-08-31,2024-04-09,0,4,37|5|6,P4-4,0,0.9937777104272965,dev,0.141875,0.1,0.0,0.993778,0.065,0.050946
7b2999efc3b7,Article 4 Protocol 4,apps:19071/18,2023-02-28,2023-08-31,2024-04-09,0,4,37|6,P4-4,0,0.9937777104272965,dev,0.633172,0.1,0.0,0.993778,0.065,0.050946
7b2999efc3b7,Article 4 Protocol 4,apps:57180/16,2023-02-28,2023-08-31,2024-04-09,0,4,3|37,P4-4,0,2.426140251582299,dev,0.030657,0.1,0.0,2.42614,0.065,0.05231
7b2999efc3b7,Article 4 Protocol 4,apps:23972/22,2023-02-28,2023-08-31,2024-04-09,0,4,37|6|P1-1,P4-4,0,1.2623105257624974,dev,0.746112,0.1,0.0,1.262311,0.065,0.051202
7b2999efc3b7,Article 4 Protocol 4,apps:28227/18,2023-02-28,2023-08-31,2024-04-09,0,4,3|35,P4-4,0,0.6766229891912217,dev,0.215133,0.1,0.0,0.676623,0.065,0.050644
7b2999efc3b7,Article 4 Protocol 4,apps:37706/17,2023-02-28,2023-08-31,2024-04-09,0,3,35|41|P1-1,P4-4,0,0.9937777104272965,dev,0.419832,0.3,0.0,0.993778,0.195,0.150946
7b2999efc3b7,Article 4 Protocol 4,apps:2371/11,2023-02-28,2023-08-31,2024-04-09,0,4,41,P4-4,0,2.5412844884381176,dev,0.340896,0.1,0.0,2.541284,0.065,0.05242
7b2999efc3b7,Article 4 Protocol 4,apps:47196/21,2023-02-28,2023-08-31,2024-04-09,0,3,41|8,P4-4,0,0.6087574957985074,dev,0.370053,0.3,0.0,0.608757,0.195,0.15058
7b2999efc3b7,Article 4 Protocol 4,apps:51424/08,2023-02-28,2023-08-31,2024-04-09,0,4,41,P4-4,0,0.3345242450044863,dev,0.721596,0.1,0.0,0.334524,0.065,0.050319
7b2999efc3b7,Article 4 Protocol 4,apps:70583/17,2023-02-28,2023-08-31,2024-04-09,0,3,3|35|41,P4-4,0,1.1920678000174674,dev,0.776836,0.3,0.0,1.192068,0.195,0.151135
7b2999efc3b7,Article 4 Protocol 4,apps:56669/18,2023-02-28,2023-08-31,2024-04-09,0,4,8,P4-4,0,1.4304002794315263,dev,0.567594,0.1,0.0,1.4304,0.065,0.051362
7b2999efc3b7,Article 4 Protocol 4,apps:71304/16,2023-02-28,2023-08-31,2024-04-09,0,4,6,P4-4,0,1.3192383309171887,dev,0.084957,0.1,0.0,1.319238,0.065,0.051256
7b2999efc3b7,Article 4 Protocol 4,apps:57752/21,2023-02-28,2023-08-31,2024-04-09,0,4,8,P4-4,0,0.48059337715155,dev,0.052609,0.1,0.0,0.480593,0.065,0.050458
7b2999efc3b7,Article 4 Protocol 4,apps:36257/21,2023-02-28,2023-08-31,2024-04-09,0,4,37|8,P4-4,0,0.3345242450044863,dev,0.15741,0.1,0.0,0.334524,0.065,0.050319
7b2999efc3b7,Article 4 Protocol 4,apps:49670/16,2023-02-28,2023-08-31,2024-04-09,0,4,3|39,P4-4,0,1.3928042597687231,dev,0.617838,0.1,0.0,1.392804,0.065,0.051326
7b2999efc3b7,Article 4 Protocol 4,apps:41253/19,2023-02-28,2023-08-31,2024-04-09,0,4,39|6,P4-4,0,0.9164335141903401,dev,0.673969,0.1,0.0,0.916434,0.065,0.050873
7b2999efc3b7,Article 4 Protocol 4,apps:38609/15,2023-02-28,2023-08-31,2024-04-09,0,4,3|35,P4-4,0,0.6766229891912217,dev,0.272103,0.1,0.0,0.676623,0.065,0.050644
7b2999efc3b7,Article 4 Protocol 4,apps:50622/21,2023-02-28,2023-08-31,2024-04-09,0,4,37|6,P4-4,0,0.8917879809125707,dev,0.661939,0.1,0.0,0.891788,0.065,0.050849
7b2999efc3b7,Article 4 Protocol 4,apps:19812/18,2023-02-28,2023-08-31,2024-04-09,0,4,39|5,P4-4,0,0.3345242450044863,dev,0.485662,0.1,0.0,0.334524,0.065,0.050319
7b2999efc3b7,Article 4 Protocol 4,apps:30196/17,2023-02-28,2023-08-31,2024-04-09,0,4,37|6,P4-4,0,1.7937712424739496,dev,0.442044,0.1,0.0,1.793771,0.065,0.051708
7b2999efc3b7,Article 4 Protocol 4,apps:38066/16,2023-02-28,2023-08-31,2024-04-09,0,4,3|35,P4-4,0,2.186817249003454,dev,0.273167,0.1,0.0,2.186817,0.065,0.052082
7b2999efc3b7,Article 4 Protocol 4,apps:49720/16,2023-02-28,2023-08-31,2024-04-09,0,4,3|35,P4-4,0,3.1423215221598007,dev,0.754943,0.1,0.0,3.142322,0.065,0.052992
7b2999efc3b7,Article 4 Protocol 4,apps:10867/18,2023-02-28,2023-08-31,2024-04-09,0,4,3|39,P4-4,0,0.3345242450044863,dev,0.113818,0.1,0.0,0.334524,0.065,0.050319
7b2999efc3b7,Article 4 Protocol 4,apps:36983/22,2023-02-28,2023-08-31,2024-04-09,0,4,37|6,P4-4,0,1.0713843812520842,dev,0.429914,0.1,0.0,1.071384,0.065,0.05102
7b2999efc3b7,Article 4 Protocol 4,apps:76865/17,2023-02-28,2023-08-31,2024-04-09,0,4,37|6,P4-4,0,0.8891362497292425,dev,0.283246,0.1,0.0,0.889136,0.065,0.050847
7b2999efc3b7,Article 4 Protocol 4,apps:27901/07,2023-02-28,2023-08-31,2024-04-09,0,4,13|37|6|P1-1,P4-4,0,2.0519772795908615,dev,0.678486,0.1,0.0,2.051977,0.065,0.051954
7b2999efc3b7,Article 4 Protocol 4,apps:21391/18,2023-02-28,2023-08-31,2024-04-09,0,4,39|6,P4-4,0,0.6087574957985074,dev,0.486633,0.1,0.0,0.608757,0.065,0.05058
99cd2ce32cf8,Article 8,apps:32891/22,2023-02-28,2023-08-31,2024-02-17,0,4,3|37,8,0,7.98967198001807,dev,0.667133,0.1,0.0,7.989672,0.065,0.057608
99cd2ce32cf8,Article 8,apps:44328/18,2023-02-28,2023-08-31,2024-02-17,0,4,13|39|6,8,0,10.260927781704673,dev,0.045417,0.1,0.0,10.260928,0.065,0.059771
99cd2ce32cf8,Article 8,apps:50568/11,2023-02-28,2023-08-31,2024-02-17,0,4,37|6|P1-1,8,0,14.015136605347877,dev,0.395263,0.1,0.0,14.015137,0.065,0.063345
99cd2ce32cf8,Article 8,apps:40990/18,2023-02-28,2023-08-31,2024-02-17,0,4,37|5|6,8,0,19.789808910963696,dev,0.599325,0.1,0.0,19.789809,0.065,0.068844
99cd2ce32cf8,Article 8,apps:19071/18,2023-02-28,2023-08-31,2024-02-17,0,4,37|6,8,0,60.007851123864775,dev,0.007687,0.1,0.0,60.007851,0.065,0.10714
99cd2ce32cf8,Article 8,apps:57180/16,2023-02-28,2023-08-31,2024-02-17,0,4,3|37,8,0,7.62601927657343,dev,0.301419,0.1,0.0,7.626019,0.065,0.057262
99cd2ce32cf8,Article 8,apps:23972/22,2023-02-28,2023-08-31,2024-02-17,0,4,37|6|P1-1,8,0,8.270539455003203,dev,0.211234,0.1,0.0,8.270539,0.065,0.057875
99cd2ce32cf8,Article 8,apps:28227/18,2023-02-28,2023-08-31,2024-02-17,0,4,3|35,8,0,12.410978444262405,dev,0.137235,0.1,0.0,12.410978,0.065,0.061818
99cd2ce32cf8,Article 8,apps:37706/17,2023-02-28,2023-08-31,2024-02-17,0,3,35|41|P1-1,8,0,19.118384320716615,dev,0.25552,0.3,0.0,19.118384,0.195,0.168205
99cd2ce32cf8,Article 8,apps:2371/11,2023-02-28,2023-08-31,2024-02-17,0,4,41,8,0,5.954237973324187,dev,0.328122,0.1,0.0,5.954238,0.065,0.05567
99cd2ce32cf8,Article 8,apps:51424/08,2023-02-28,2023-08-31,2024-02-17,0,4,41,8,0,4.553065519554882,dev,0.00773,0.1,0.0,4.553066,0.065,0.054335
99cd2ce32cf8,Article 8,apps:70583/17,2023-02-28,2023-08-31,2024-02-17,0,3,3|35|41,8,0,6.520943983034871,dev,0.747014,0.3,0.0,6.520944,0.195,0.156209
99cd2ce32cf8,Article 8,apps:56669/18,2023-02-28,2023-08-31,2024-02-17,0,4,8,8,1,6.19528082730573,dev,0.175695,0.1,1.0,6.195281,0.415,0.055899
99cd2ce32cf8,Article 8,apps:71304/16,2023-02-28,2023-08-31,2024-02-17,0,4,6,8,0,2.3524286526065374,dev,0.380207,0.1,0.0,2.352429,0.065,0.05224
99cd2ce32cf8,Article 8,apps:57752/21,2023-02-28,2023-08-31,2024-02-17,0,4,8,8,1,7.178798289613138,dev,0.703671,0.1,1.0,7.178798,0.415,0.056836
99cd2ce32cf8,Article 8,apps:36257/21,2023-02-28,2023-08-31,2024-02-17,0,4,37|8,8,1,4.660684262005442,dev,0.500262,0.1,1.0,4.660684,0.415,0.054438
99cd2ce32cf8,Article 8,apps:49670/16,2023-02-28,2023-08-31,2024-02-17,0,4,3|39,8,0,7.86910689230266,dev,0.833354,0.1,0.0,7.869107,0.065,0.057493
99cd2ce32cf8,Article 8,apps:41253/19,2023-02-28,2023-08-31,2024-02-17,0,4,39|6,8,0,12.382167299705513,dev,0.8062,0.1,0.0,12.382167,0.065,0.06179
99cd2ce32cf8,Article 8,apps:38609/15,2023-02-28,2023-08-31,2024-02-17,0,4,3|35,8,0,8.157200778598025,dev,0.072075,0.1,0.0,8.157201,0.065,0.057767
99cd2ce32cf8,Article 8,apps:50622/21,2023-02-28,2023-08-31,2024-02-17,0,4,37|6,8,0,6.116755257301685,dev,0.861764,0.1,0.0,6.116755,0.065,0.055824
99cd2ce32cf8,Article 8,apps:19812/18,2023-02-28,2023-08-31,2024-02-17,0,4,39|5,8,0,6.19528082730573,dev,0.042302,0.1,0.0,6.195281,0.065,0.055899
99cd2ce32cf8,Article 8,apps:30196/17,2023-02-28,2023-08-31,2024-02-17,0,4,37|6,8,0,13.250025511265038,dev,0.018742,0.1,0.0,13.250026,0.065,0.062617
99cd2ce32cf8,Article 8,apps:38066/16,2023-02-28,2023-08-31,2024-02-17,0,4,3|35,8,0,3.801843342333478,dev,0.921162,0.1,0.0,3.801843,0.065,0.05362
99cd2ce32cf8,Article 8,apps:49720/16,2023-02-28,2023-08-31,2024-02-17,0,4,3|35,8,0,16.92587801646934,dev,0.86211,0.1,0.0,16.925878,0.065,0.066117
99cd2ce32cf8,Article 8,apps:10867/18,2023-02-28,2023-08-31,2024-02-17,0,4,3|39,8,0,6.19528082730573,dev,0.575759,0.1,0.0,6.195281,0.065,0.055899
99cd2ce32cf8,Article 8,apps:36983/22,2023-02-28,2023-08-31,2024-02-17,0,4,37|6,8,0,6.0966004241839435,dev,0.5734,0.1,0.0,6.0966,0.065,0.055805
99cd2ce32cf8,Article 8,apps:76865/17,2023-02-28,2023-08-31,2024-02-17,0,4,37|6,8,0,5.389047155361163,dev,0.709499,0.1,0.0,5.389047,0.065,0.055131
99cd2ce32cf8,Article 8,apps:27901/07,2023-02-28,2023-08-31,2024-02-17,0,4,13|37|6|P1-1,8,0,9.940773648653677,dev,0.417694,0.1,0.0,9.940774,0.065,0.059466
99cd2ce32cf8,Article 8,apps:21391/18,2023-02-28,2023-08-31,2024-02-17,0,4,39|6,8,0,6.50317140829085,dev,0.115173,0.1,0.0,6.503171,0.065,0.056192
99cd2ce32cf8,Article 8,apps:64330/16,2023-02-28,2023-08-31,2024-02-17,0,4,3|35,8,0,7.62601927657343,dev,0.020857,0.1,0.0,7.626019,0.065,0.057262
a94e3bc7e2bf,Article 13,apps:32891/22,2023-02-28,2023-08-31,2024-02-17,0,4,3|37,13,0,7.833236872000931,dev,0.324768,0.1,0.0,7.833237,0.065,0.057459
a94e3bc7e2bf,Article 13,apps:44328/18,2023-02-28,2023-08-31,2024-02-17,0,4,13|39|6,13,1,14.44012515654339,dev,0.801322,0.1,1.0,14.440125,0.415,0.06375
a94e3bc7e2bf,Article 13,apps:50568/11,2023-02-28,2023-08-31,2024-02-17,0,4,37|6|P1-1,13,0,18.41867820947528,dev,0.618125,0.1,0.0,18.418678,0.065,0.067538
a94e3bc7e2bf,Article 13,apps:40990/18,2023-02-28,2023-08-31,2024-02-17,0,4,37|5|6,13,0,20.186963654246444,dev,0.832026,0.1,0.0,20.186964,0.065,0.069222
a94e3bc7e2bf,Article 13,apps:19071/18,2023-02-28,2023-08-31,2024-02-17,0,4,37|6,13,0,78.54409185529266,dev,0.91977,0.1,0.0,78.544092,0.065,0.12479
a94e3bc7e2bf,Article 13,apps:57180/16,2023-02-28,2023-08-31,2024-02-17,0,4,3|37,13,0,14.927142678216288,dev,0.08813,0.1,0.0,14.927143,0.065,0.064214
a94e3bc7e2bf,Article 13,apps:23972/22,2023-02-28,2023-08-31,2024-02-17,0,4,37|6|P1-1,13,0,9.791424079477158,dev,0.844484,0.1,0.0,9.791424,0.065,0.059323
a94e3bc7e2bf,Article 13,apps:28227/18,2023-02-28,2023-08-31,2024-02-17,0,4,3|35,13,0,13.180278321521854,dev,0.243316,0.1,0.0,13.180278,0.065,0.06255
a94e3bc7e2bf,Article 13,apps:37706/17,2023-02-28,2023-08-31,2024-02-17,0,3,35|41|P1-1,13,0,28.760132046610153,dev,0.588871,0.3,0.0,28.760132,0.195,0.177386
a94e3bc7e2bf,Article 13,apps:2371/11,2023-02-28,2023-08-31,2024-02-17,0,4,41,13,0,8.666115873311233,dev,0.523963,0.1,0.0,8.666116,0.065,0.058252
a94e3bc7e2bf,Article 13,apps:47196/21,2023-02-28,2023-08-31,2024-02-17,0,3,41|8,13,0,5.7307624868202645,dev,0.395767,0.3,0.0,5.730762,0.195,0.155457
a94e3bc7e2bf,Article 13,apps:51424/08,2023-02-28,2023-08-31,2024-02-17,0,4,41,13,0,4.967325784961368,dev,0.310275,0.1,0.0,4.967326,0.065,0.05473
a94e3bc7e2bf,Article 13,apps:70583/17,2023-02-28,2023-08-31,2024-02-17,0,3,3|35|41,13,0,9.38822159562841,dev,0.339513,0.3,0.0,9.388222,0.195,0.15894
a94e3bc7e2bf,Article 13,apps:56669/18,2023-02-28,2023-08-31,2024-02-17,0,4,8,13,0,5.628966776812748,dev,0.333069,0.1,0.0,5.628967,0.065,0.05536
a94e3bc7e2bf,Article 13,apps:71304/16,2023-02-28,2023-08-31,2024-02-17,0,4,6,13,0,5.572727720541786,dev,0.168133,0.1,0.0,5.572728,0.065,0.055306
a94e3bc7e2bf,Article 13,apps:57752/21,2023-02-28,2023-08-31,2024-02-17,0,4,8,13,0,7.829162617453518,dev,0.510483,0.1,0.0,7.829163,0.065,0.057455
a94e3bc7e2bf,Article 13,apps:36257/21,2023-02-28,2023-08-31,2024-02-17,0,4,37|8,13,0,7.035158147721118,dev,0.114027,0.1,0.0,7.035158,0.065,0.056699
a94e3bc7e2bf,Article 13,apps:49670/16,2023-02-28,2023-08-31,2024-02-17,0,4,3|39,13,0,8.2547023766699,dev,0.509952,0.1,0.0,8.254702,0.065,0.05786
a94e3bc7e2bf,Article 13,apps:41253/19,2023-02-28,2023-08-31,2024-02-17,0,4,39|6,13,0,13.303163799832596,dev,0.905923,0.1,0.0,13.303164,0.065,0.062667
a94e3bc7e2bf,Article 13,apps:38609/15,2023-02-28,2023-08-31,2024-02-17,0,4,3|35,13,0,9.936813091249139,dev,0.349375,0.1,0.0,9.936813,0.065,0.059462
a94e3bc7e2bf,Article 13,apps:50622/21,2023-02-28,2023-08-31,2024-02-17,0,4,37|6,13,0,6.380472876950875,dev,0.727379,0.1,0.0,6.380473,0.065,0.056076
a94e3bc7e2bf,Article 13,apps:19812/18,2023-02-28,2023-08-31,2024-02-17,0,4,39|5,13,0,8.727221049997379,dev,0.818949,0.1,0.0,8.727221,0.065,0.05831
a94e3bc7e2bf,Article 13,apps:30196/17,2023-02-28,2023-08-31,2024-02-17,0,4,37|6,13,0,12.473891538865798,dev,0.815037,0.1,0.0,12.473892,0.065,0.061878
a94e3bc7e2bf,Article 13,apps:38066/16,2023-02-28,2023-08-31,2024-02-17,0,4,3|35,13,0,5.7415013454342,dev,0.236269,0.1,0.0,5.741501,0.065,0.055467
a94e3bc7e2bf,Article 13,apps:49720/16,2023-02-28,2023-08-31,2024-02-17,0,4,3|35,13,0,30.141418888137014,dev,0.146444,0.1,0.0,30.141419,0.065,0.078701
a94e3bc7e2bf,Article 13,apps:10867/18,2023-02-28,2023-08-31,2024-02-17,0,4,3|39,13,0,7.710592205548423,dev,0.197272,0.1,0.0,7.710592,0.065,0.057342
a94e3bc7e2bf,Article 13,apps:36983/22,2023-02-28,2023-08-31,2024-02-17,0,4,37|6,13,0,6.374729252263703,dev,0.602399,0.1,0.0,6.374729,0.065,0.05607
a94e3bc7e2bf,Article 13,apps:76865/17,2023-02-28,2023-08-31,2024-02-17,0,4,37|6,13,0,6.599530598068583,dev,0.760215,0.1,0.0,6.599531,0.065,0.056284
a94e3bc7e2bf,Article 13,apps:27901/07,2023-02-28,2023-08-31,2024-02-17,0,4,13|37|6|P1-1,13,1,11.036170994129566,dev,0.655509,0.1,1.0,11.036171,0.415,0.060509
a94e3bc7e2bf,Article 13,apps:21391/18,2023-02-28,2023-08-31,2024-02-17,0,4,39|6,13,0,6.0820837750331185,dev,0.177146,0.1,0.0,6.082084,0.065,0.055791
acdaf72cea98,Article 3,apps:32891/22,2023-02-28,2023-08-31,2024-02-23,0,4,3|37,3,1,5.005240484339951,dev,0.772848,0.1,1.0,5.00524,0.415,0.054766
acdaf72cea98,Article 3,apps:44328/18,2023-02-28,2023-08-31,2024-02-23,0,4,13|39|6,3,0,4.623407702008857,dev,0.494117,0.1,0.0,4.623408,0.065,0.054402
acdaf72cea98,Article 3,apps:50568/11,2023-02-28,2023-08-31,2024-02-23,0,4,37|6|P1-1,3,0,10.9997330681996,dev,0.754446,0.1,0.0,10.999733,0.065,0.060474
acdaf72cea98,Article 3,apps:40990/18,2023-02-28,2023-08-31,2024-02-23,0,4,37|5|6,3,0,8.19895692099315,dev,0.759877,0.1,0.0,8.198957,0.065,0.057807
acdaf72cea98,Article 3,apps:19071/18,2023-02-28,2023-08-31,2024-02-23,0,4,37|6,3,0,52.120934221884774,dev,0.448905,0.1,0.0,52.120934,0.065,0.09963
acdaf72cea98,Article 3,apps:57180/16,2023-02-28,2023-08-31,2024-02-23,0,4,3|37,3,1,5.967889874854216,dev,0.924154,0.1,1.0,5.96789,0.415,0.055683
acdaf72cea98,Article 3,apps:23972/22,2023-02-28,2023-08-31,2024-02-23,0,4,37|6|P1-1,3,0,6.829119303770787,dev,0.564492,0.1,0.0,6.829119,0.065,0.056503
acdaf72cea98,Article 3,apps:28227/18,2023-02-28,2023-08-31,2024-02-23,0,4,3|35,3,1,4.598883323471535,dev,0.635298,0.1,1.0,4.598883,0.415,0.054379
acdaf72cea98,Article 3,apps:37706/17,2023-02-28,2023-08-31,2024-02-23,0,3,35|41|P1-1,3,0,7.375512767955709,dev,0.624522,0.3,0.0,7.375513,0.195,0.157023
acdaf72cea98,Article 3,apps:2371/11,2023-02-28,2023-08-31,2024-02-23,0,4,41,3,0,5.268077727925098,dev,0.864247,0.1,0.0,5.268078,0.065,0.055016
acdaf72cea98,Article 3,apps:47196/21,2023-02-28,2023-08-31,2024-02-23,0,3,41|8,3,0,5.317375525924932,dev,0.627217,0.3,0.0,5.317376,0.195,0.155063
acdaf72cea98,Article 3,apps:51424/08,2023-02-28,2023-08-31,2024-02-23,0,4,41,3,0,4.807493116506309,dev,0.150957,0.1,0.0,4.807493,0.065,0.054578
acdaf72cea98,Article 3,apps:70583/17,2023-02-28,2023-08-31,2024-02-23,0,3,3|35|41,3,1,6.113058529939476,dev,0.068286,0.3,1.0,6.113059,0.545,0.155821
acdaf72cea98,Article 3,apps:56669/18,2023-02-28,2023-08-31,2024-02-23,0,4,8,3,0,3.583833269067391,dev,0.442208,0.1,0.0,3.583833,0.065,0.053413
acdaf72cea98,Article 3,apps:71304/16,2023-02-28,2023-08-31,2024-02-23,0,4,6,3,0,4.009106774667796,dev,0.30282,0.1,0.0,4.009107,0.065,0.053817
acdaf72cea98,Article 3,apps:57752/21,2023-02-28,2023-08-31,2024-02-23,0,4,8,3,0,4.3845209859489485,dev,0.274674,0.1,0.0,4.384521,0.065,0.054175
acdaf72cea98,Article 3,apps:36257/21,2023-02-28,2023-08-31,2024-02-23,0,4,37|8,3,0,2.991463618244163,dev,0.056172,0.1,0.0,2.991464,0.065,0.052848
acdaf72cea98,Article 3,apps:49670/16,2023-02-28,2023-08-31,2024-02-23,0,4,3|39,3,1,6.045175849118943,dev,0.507337,0.1,1.0,6.045176,0.415,0.055756
acdaf72cea98,Article 3,apps:41253/19,2023-02-28,2023-08-31,2024-02-23,0,4,39|6,3,0,9.79840223196442,dev,0.310408,0.1,0.0,9.798402,0.065,0.05933
acdaf72cea98,Article 3,apps:38609/15,2023-02-28,2023-08-31,2024-02-23,0,4,3|35,3,1,7.87625774028132,dev,0.451914,0.1,1.0,7.876258,0.415,0.0575
acdaf72cea98,Article 3,apps:50622/21,2023-02-28,2023-08-31,2024-02-23,0,4,37|6,3,0,3.336749114065936,dev,0.05689,0.1,0.0,3.336749,0.065,0.053177
acdaf72cea98,Article 3,apps:19812/18,2023-02-28,2023-08-31,2024-02-23,0,4,39|5,3,0,1.646981445398803,dev,0.831697,0.1,0.0,1.646981,0.065,0.051568
acdaf72cea98,Article 3,apps:30196/17,2023-02-28,2023-08-31,2024-02-23,0,4,37|6,3,0,9.692284718500902,dev,0.076731,0.1,0.0,9.692285,0.065,0.059229
acdaf72cea98,Article 3,apps:38066/16,2023-02-28,2023-08-31,2024-02-23,0,4,3|35,3,1,4.196833061476887,dev,0.86425,0.1,1.0,4.196833,0.415,0.053996
acdaf72cea98,Article 3,apps:49720/16,2023-02-28,2023-08-31,2024-02-23,0,4,3|35,3,1,5.967889874854216,dev,0.855293,0.1,1.0,5.96789,0.415,0.055683
acdaf72cea98,Article 3,apps:10867/18,2023-02-28,2023-08-31,2024-02-23,0,4,3|39,3,1,2.991463618244163,dev,0.615008,0.1,1.0,2.991464,0.415,0.052848
acdaf72cea98,Article 3,apps:36983/22,2023-02-28,2023-08-31,2024-02-23,0,4,37|6,3,0,4.484035814918766,dev,0.507068,0.1,0.0,4.484036,0.065,0.05427
acdaf72cea98,Article 3,apps:76865/17,2023-02-28,2023-08-31,2024-02-23,0,4,37|6,3,0,4.899425687814931,dev,0.462712,0.1,0.0,4.899426,0.065,0.054665
acdaf72cea98,Article 3,apps:27901/07,2023-02-28,2023-08-31,2024-02-23,0,4,13|37|6|P1-1,3,0,8.176992746136253,dev,0.554316,0.1,0.0,8.176993,0.065,0.057786
acdaf72cea98,Article 3,apps:21391/18,2023-02-28,2023-08-31,2024-02-23,0,4,39|6,3,0,4.009106774667796,dev,0.791818,0.1,0.0,4.009107,0.065,0.053817
b8a991ab1181,Mass protests,apps:32891/22,2023-02-28,2023-08-31,2023-12-06,0,4,3|37,,0,5.4525698278828205,dev,0.895877,0.1,0.0,5.45257,0.065,0.055192
b8a991ab1181,Mass protests,apps:44328/18,2023-02-28,2023-08-31,2023-12-06,0,4,13|39|6,,0,7.052561589419815,dev,0.449734,0.1,0.0,7.052562,0.065,0.056715
b8a991ab1181,Mass protests,apps:50568/11,2023-02-28,2023-08-31,2023-12-06,0,4,37|6|P1-1,,0,10.222346521478421,dev,0.809816,0.1,0.0,10.222347,0.065,0.059734
b8a991ab1181,Mass protests,apps:40990/18,2023-02-28,2023-08-31,2023-12-06,0,4,37|5|6,,0,12.03313987113629,dev,0.651837,0.1,0.0,12.03314,0.065,0.061458
b8a991ab1181,Mass protests,apps:19071/18,2023-02-28,2023-08-31,2023-12-06,0,4,37|6,,0,16.94440737270062,dev,0.321527,0.1,0.0,16.944407,0.065,0.066135
b8a991ab1181,Mass protests,apps:57180/16,2023-02-28,2023-08-31,2023-12-06,0,4,3|37,,0,11.861611913445733,dev,0.475629,0.1,0.0,11.861612,0.065,0.061295
b8a991ab1181,Mass protests,apps:23972/22,2023-02-28,2023-08-31,2023-12-06,0,4,37|6|P1-1,,0,6.653868878362923,dev,0.150861,0.1,0.0,6.653869,0.065,0.056336
b8a991ab1181,Mass protests,apps:28227/18,2023-02-28,2023-08-31,2023-12-06,0,4,3|35,,0,8.810868181237455,dev,0.061874,0.1,0.0,8.810868,0.065,0.05839
b8a991ab1181,Mass protests,apps:37706/17,2023-02-28,2023-08-31,2023-12-06,0,3,35|41|P1-1,,0,19.73975011995536,dev,0.103502,0.3,0.0,19.73975,0.195,0.168796
b8a991ab1181,Mass protests,apps:2371/11,2023-02-28,2023-08-31,2023-12-06,0,4,41,,0,3.8244203775212577,dev,0.899127,0.1,0.0,3.82442,0.065,0.053642
b8a991ab1181,Mass protests,apps:47196/21,2023-02-28,2023-08-31,2023-12-06,0,3,41|8,,0,4.6288487563975025,dev,0.343438,0.3,0.0,4.628849,0.195,0.154408
b8a991ab1181,Mass protests,apps:51424/08,2023-02-28,2023-08-31,2023-12-06,0,4,41,,0,2.8159663881974564,dev,0.714316,0.1,0.0,2.815966,0.065,0.052681
b8a991ab1181,Mass protests,apps:70583/17,2023-02-28,2023-08-31,2023-12-06,0,3,3|35|41,,0,7.146828696276954,dev,0.504549,0.3,0.0,7.146829,0.195,0.156805
b8a991ab1181,Mass protests,apps:56669/18,2023-02-28,2023-08-31,2023-12-06,0,4,8,,0,5.760922786145182,dev,0.172559,0.1,0.0,5.760923,0.065,0.055486
b8a991ab1181,Mass protests,apps:71304/16,2023-02-28,2023-08-31,2023-12-06,0,4,6,,0,4.734461218645385,dev,0.247744,0.1,0.0,4.734461,0.065,0.054508
b8a991ab1181,Mass protests,apps:57752/21,2023-02-28,2023-08-31,2023-12-06,0,4,8,,0,4.049018640962152,dev,0.437758,0.1,0.0,4.049019,0.065,0.053855
b8a991ab1181,Mass protests,apps:36257/21,2023-02-28,2023-08-31,2023-12-06,0,4,37|8,,0,7.071346119919765,dev,0.439422,0.1,0.0,7.071346,0.065,0.056733
b8a991ab1181,Mass protests,apps:49670/16,2023-02-28,2023-08-31,2023-12-06,0,4,3|39,,0,8.312549138703762,dev,0.522748,0.1,0.0,8.312549,0.065,0.057915
b8a991ab1181,Mass protests,apps:41253/19,2023-02-28,2023-08-31,2023-12-06,0,4,39|6,,0,7.563118207470388,dev,0.158746,0.1,0.0,7.563118,0.065,0.057202
b8a991ab1181,Mass protests,apps:38609/15,2023-02-28,2023-08-31,2023-12-06,0,4,3|35,,0,6.019473891257797,dev,0.372852,0.1,0.0,6.019474,0.065,0.055732
b8a991ab1181,Mass protests,apps:50622/21,2023-02-28,2023-08-31,2023-12-06,0,4,37|6,,0,4.049018640962152,dev,0.282894,0.1,0.0,4.049019,0.065,0.053855
b8a991ab1181,Mass protests,apps:19812/18,2023-02-28,2023-08-31,2023-12-06,0,4,39|5,,0,4.359985005907531,dev,0.408769,0.1,0.0,4.359985,0.065,0.054152
b8a991ab1181,Mass protests,apps:30196/17,2023-02-28,2023-08-31,2023-12-06,0,4,37|6,,0,9.563842003644602,dev,0.338367,0.1,0.0,9.563842,0.065,0.059107
b8a991ab1181,Mass protests,apps:38066/16,2023-02-28,2023-08-31,2023-12-06,0,4,3|35,,0,7.463289545568527,dev,0.597886,0.1,0.0,7.46329,0.065,0.057107
b8a991ab1181,Mass protests,apps:49720/16,2023-02-28,2023-08-31,2023-12-06,0,4,3|35,,0,18.863285572952268,dev,0.789227,0.1,0.0,18.863286,0.065,0.067962
b8a991ab1181,Mass protests,apps:10867/18,2023-02-28,2023-08-31,2023-12-06,0,4,3|39,,0,4.478010809406399,dev,0.647305,0.1,0.0,4.478011,0.065,0.054264
b8a991ab1181,Mass protests,apps:36983/22,2023-02-28,2023-08-31,2023-12-06,0,4,37|6,,0,3.939551293729427,dev,0.065912,0.1,0.0,3.939551,0.065,0.053751
b8a991ab1181,Mass protests,apps:76865/17,2023-02-28,2023-08-31,2023-12-06,0,4,37|6,,0,4.744167329377817,dev,0.094506,0.1,0.0,4.744167,0.065,0.054517
b8a991ab1181,Mass protests,apps:27901/07,2023-02-28,2023-08-31,2023-12-06,0,4,13|37|6|P1-1,,0,6.9153310784972,dev,0.678379,0.1,0.0,6.915331,0.065,0.056585
b8a991ab1181,Mass protests,apps:21391/18,2023-02-28,2023-08-31,2023-12-06,0,4,39|6,,0,4.359985005907531,dev,0.284147,0.1,0.0,4.359985,0.065,0.054152
cfca8cb0bbc6,Social rights,apps:32891/22,2023-02-28,2023-08-31,2023-11-27,0,4,3|37,,0,7.199890742393748,dev,0.723734,0.1,0.0,7.199891,0.065,0.056856
cfca8cb0bbc6,Social rights,apps:44328/18,2023-02-28,2023-08-31,2023-11-27,0,4,13|39|6,,0,10.087125630625563,dev,0.656564,0.1,0.0,10.087126,0.065,0.059605
cfca8cb0bbc6,Social rights,apps:50568/11,2023-02-28,2023-08-31,2023-11-27,0,4,37|6|P1-1,,0,12.13081819645384,dev,0.906343,0.1,0.0,12.130818,0.065,0.061551
cfca8cb0bbc6,Social rights,apps:40990/18,2023-02-28,2023-08-31,2023-11-27,0,4,37|5|6,,0,10.996095733425632,dev,0.87328,0.1,0.0,10.996096,0.065,0.060471
cfca8cb0bbc6,Social rights,apps:19071/18,2023-02-28,2023-08-31,2023-11-27,0,4,37|6,,0,46.30317758088127,dev,0.333362,0.1,0.0,46.303178,0.065,0.09409
cfca8cb0bbc6,Social rights,apps:57180/16,2023-02-28,2023-08-31,2023-11-27,0,4,3|37,,0,7.998330077453309,dev,0.58274,0.1,0.0,7.99833,0.065,0.057616
cfca8cb0bbc6,Social rights,apps:23972/22,2023-02-28,2023-08-31,2023-11-27,0,4,37|6|P1-1,,0,7.2387417637248115,dev,0.141428,0.1,0.0,7.238742,0.065,0.056893
cfca8cb0bbc6,Social rights,apps:28227/18,2023-02-28,2023-08-31,2023-11-27,0,4,3|35,,0,7.710597823828291,dev,0.349821,0.1,0.0,7.710598,0.065,0.057342
cfca8cb0bbc6,Social rights,apps:37706/17,2023-02-28,2023-08-31,2023-11-27,0,3,35|41|P1-1,,0,4.8428578124507435,dev,0.967697,0.3,0.0,4.842858,0.195,0.154611
cfca8cb0bbc6,Social rights,apps:2371/11,2023-02-28,2023-08-31,2023-11-27,0,4,41,,0,6.1823688989335475,dev,0.69848,0.1,0.0,6.182369,0.065,0.055887
cfca8cb0bbc6,Social rights,apps:47196/21,2023-02-28,2023-08-31,2023-11-27,0,3,41|8,,0,4.786257320249276,dev,0.391958,0.3,0.0,4.786257,0.195,0.154558
cfca8cb0bbc6,Social rights,apps:51424/08,2023-02-28,2023-08-31,2023-11-27,0,4,41,,0,1.6395378647628756,dev,0.595041,0.1,0.0,1.639538,0.065,0.051561
cfca8cb0bbc6,Social rights,apps:56669/18,2023-02-28,2023-08-31,2023-11-27,0,4,8,,0,6.1823688989335475,dev,0.938002,0.1,0.0,6.182369,0.065,0.055887
cfca8cb0bbc6,Social rights,apps:71304/16,2023-02-28,2023-08-31,2023-11-27,0,4,6,,0,3.7944914122622757,dev,0.309582,0.1,0.0,3.794491,0.065,0.053613
cfca8cb0bbc6,Social rights,apps:57752/21,2023-02-28,2023-08-31,2023-11-27,0,4,8,,0,7.7533674166696285,dev,0.376679,0.1,0.0,7.753367,0.065,0.057383
cfca8cb0bbc6,Social rights,apps:36257/21,2023-02-28,2023-08-31,2023-11-27,0,4,37|8,,0,6.029091826771158,dev,0.791662,0.1,0.0,6.029092,0.065,0.055741
cfca8cb0bbc6,Social rights,apps:49670/16,2023-02-28,2023-08-31,2023-11-27,0,4,3|39,,0,7.710597823828291,dev,0.813185,0.1,0.0,7.710598,0.065,0.057342
cfca8cb0bbc6,Social rights,apps:41253/19,2023-02-28,2023-08-31,2023-11-27,0,4,39|6,,0,9.57564919523194,dev,0.670116,0.1,0.0,9.575649,0.065,0.059118
cfca8cb0bbc6,Social rights,apps:38609/15,2023-02-28,2023-08-31,2023-11-27,0,4,3|35,,0,11.857793010315092,dev,0.828959,0.1,0.0,11.857793,0.065,0.061291
cfca8cb0bbc6,Social rights,apps:50622/21,2023-02-28,2023-08-31,2023-11-27,0,4,37|6,,0,4.786257320249276,dev,0.738775,0.1,0.0,4.786257,0.065,0.054558
cfca8cb0bbc6,Social rights,apps:19812/18,2023-02-28,2023-08-31,2023-11-27,0,4,39|5,,0,8.426295013072624,dev,0.685414,0.1,0.0,8.426295,0.065,0.058024
cfca8cb0bbc6,Social rights,apps:30196/17,2023-02-28,2023-08-31,2023-11-27,0,4,37|6,,0,10.294136574640815,dev,0.526393,0.1,0.0,10.294137,0.065,0.059802
cfca8cb0bbc6,Social rights,apps:38066/16,2023-02-28,2023-08-31,2023-11-27,0,4,3|35,,0,6.029091826771158,dev,0.646025,0.1,0.0,6.029092,0.065,0.055741
cfca8cb0bbc6,Social rights,apps:49720/16,2023-02-28,2023-08-31,2023-11-27,0,4,3|35,,0,7.998330077453309,dev,0.423406,0.1,0.0,7.99833,0.065,0.057616
cfca8cb0bbc6,Social rights,apps:10867/18,2023-02-28,2023-08-31,2023-11-27,0,4,3|39,,0,6.029091826771158,dev,0.361828,0.1,0.0,6.029092,0.065,0.055741
cfca8cb0bbc6,Social rights,apps:36983/22,2023-02-28,2023-08-31,2023-11-27,0,4,37|6,,0,4.442844199346876,dev,0.362598,0.1,0.0,4.442844,0.065,0.054231
cfca8cb0bbc6,Social rights,apps:76865/17,2023-02-28,2023-08-31,2023-11-27,0,4,37|6,,0,8.663570950207584,dev,0.180263,0.1,0.0,8.663571,0.065,0.05825
cfca8cb0bbc6,Social rights,apps:27901/07,2023-02-28,2023-08-31,2023-11-27,0,4,13|37|6|P1-1,,0,7.590372167510962,dev,0.214193,0.1,0.0,7.590372,0.065,0.057228
cfca8cb0bbc6,Social rights,apps:21391/18,2023-02-28,2023-08-31,2023-11-27,0,4,39|6,,0,3.7944914122622757,dev,0.947668,0.1,0.0,3.794491,0.065,0.053613
cfca8cb0bbc6,Social rights,apps:64330/16,2023-02-28,2023-08-31,2023-11-27,0,4,3|35,,0,7.998330077453309,dev,0.486271,0.1,0.0,7.99833,0.065,0.057616
d5256ad78e38,Data protection,apps:32891/22,2023-02-28,2023-08-31,2024-03-31,0,4,3|37,,0,8.931513070001396,dev,0.226543,0.1,0.0,8.931513,0.065,0.058505
d5256ad78e38,Data protection,apps:44328/18,2023-02-28,2023-08-31,2024-03-31,0,4,13|39|6,,0,8.039658769517224,dev,0.137565,0.1,0.0,8.039659,0.065,0.057655
d5256ad78e38,Data protection,apps:50568/11,2023-02-28,2023-08-31,2024-03-31,0,4,37|6|P1-1,,0,13.769771644763509,dev,0.077165,0.1,0.0,13.769772,0.065,0.063112
d5256ad78e38,Data protection,apps:40990/18,2023-02-28,2023-08-31,2024-03-31,0,4,37|5|6,,0,27.876058448979624,dev,0.844428,0.1,0.0,27.876058,0.065,0.076544
d5256ad78e38,Data protection,apps:19071/18,2023-02-28,2023-08-31,2024-03-31,0,4,37|6,,0,82.41803805678062,dev,0.101141,0.1,0.0,82.418038,0.065,0.128479
d5256ad78e38,Data protection,apps:57180/16,2023-02-28,2023-08-31,2024-03-31,0,4,3|37,,0,11.447941838773012,dev,0.770875,0.1,0.0,11.447942,0.065,0.060901
d5256ad78e38,Data protection,apps:23972/22,2023-02-28,2023-08-31,2024-03-31,0,4,37|6|P1-1,,0,7.3234652857421025,dev,0.83512,0.1,0.0,7.323465,0.065,0.056973
d5256ad78e38,Data protection,apps:28227/18,2023-02-28,2023-08-31,2024-03-31,0,4,3|35,,0,11.21220403644336,dev,0.883682,0.1,0.0,11.212204,0.065,0.060676
d5256ad78e38,Data protection,apps:37706/17,2023-02-28,2023-08-31,2024-03-31,0,3,35|41|P1-1,,0,16.759236337988096,dev,0.037747,0.3,0.0,16.759236,0.195,0.165958
d5256ad78e38,Data protection,apps:2371/11,2023-02-28,2023-08-31,2024-03-31,0,4,41,,0,5.241042774073735,dev,0.336764,0.1,0.0,5.241043,0.065,0.054991
d5256ad78e38,Data protection,apps:47196/21,2023-02-28,2023-08-31,2024-03-31,0,3,41|8,,0,5.208299650094116,dev,0.766308,0.3,0.0,5.2083,0.195,0.154959
d5256ad78e38,Data protection,apps:51424/08,2023-02-28,2023-08-31,2024-03-31,0,4,41,,0,5.4986082141450225,dev,0.131049,0.1,0.0,5.498608,0.065,0.055236
d5256ad78e38,Data protection,apps:70583/17,2023-02-28,2023-08-31,2024-03-31,0,3,3|35|41,,0,8.07211231646262,dev,0.37672,0.3,0.0,8.072112,0.195,0.157686
d5256ad78e38,Data protection,apps:56669/18,2023-02-28,2023-08-31,2024-03-31,0,4,8,,0,7.324839498243375,dev,0.162247,0.1,0.0,7.324839,0.065,0.056975
d5256ad78e38,Data protection,apps:71304/16,2023-02-28,2023-08-31,2024-03-31,0,4,6,,0,5.748706396547163,dev,0.831345,0.1,0.0,5.748706,0.065,0.055474
d5256ad78e38,Data protection,apps:57752/21,2023-02-28,2023-08-31,2024-03-31,0,4,8,,0,6.835366544913243,dev,0.771098,0.1,0.0,6.835367,0.065,0.056509
d5256ad78e38,Data protection,apps:36257/21,2023-02-28,2023-08-31,2024-03-31,0,4,37|8,,0,5.591864427751981,dev,0.809044,0.1,0.0,5.591864,0.065,0.055325
d5256ad78e38,Data protection,apps:49670/16,2023-02-28,2023-08-31,2024-03-31,0,4,3|39,,0,7.464480049496423,dev,0.165539,0.1,0.0,7.46448,0.065,0.057108
d5256ad78e38,Data protection,apps:41253/19,2023-02-28,2023-08-31,2024-03-31,0,4,39|6,,0,12.110130251001898,dev,0.437673,0.1,0.0,12.11013,0.065,0.061531
d5256ad78e38,Data protection,apps:38609/15,2023-02-28,2023-08-31,2024-03-31,0,4,3|35,,0,7.96110898478427,dev,0.410859,0.1,0.0,7.961109,0.065,0.057581
d5256ad78e38,Data protection,apps:50622/21,2023-02-28,2023-08-31,2024-03-31,0,4,37|6,,0,5.6947448730285695,dev,0.676363,0.1,0.0,5.694745,0.065,0.055423
d5256ad78e38,Data protection,apps:19812/18,2023-02-28,2023-08-31,2024-03-31,0,4,39|5,,0,5.606102018221679,dev,0.23753,0.1,0.0,5.606102,0.065,0.055338
d5256ad78e38,Data protection,apps:30196/17,2023-02-28,2023-08-31,2024-03-31,0,4,37|6,,0,11.780258777369376,dev,0.444199,0.1,0.0,11.780259,0.065,0.061217
d5256ad78e38,Data protection,apps:38066/16,2023-02-28,2023-08-31,2024-03-31,0,4,3|35,,0,5.928511072469511,dev,0.284928,0.1,0.0,5.928511,0.065,0.055645
d5256ad78e38,Data protection,apps:49720/16,2023-02-28,2023-08-31,2024-03-31,0,4,3|35,,0,17.791663502616856,dev,0.748537,0.1,0.0,17.791664,0.065,0.066941
d5256ad78e38,Data protection,apps:10867/18,2023-02-28,2023-08-31,2024-03-31,0,4,3|39,,0,5.606102018221679,dev,0.448928,0.1,0.0,5.606102,0.065,0.055338
d5256ad78e38,Data protection,apps:36983/22,2023-02-28,2023-08-31,2024-03-31,0,4,37|6,,0,5.642547097318323,dev,0.534011,0.1,0.0,5.642547,0.065,0.055373
d5256ad78e38,Data protection,apps:76865/17,2023-02-28,2023-08-31,2024-03-31,0,4,37|6,,0,4.695114637350109,dev,0.309468,0.1,0.0,4.695115,0.065,0.054471
d5256ad78e38,Data protection,apps:27901/07,2023-02-28,2023-08-31,2024-03-31,0,4,13|37|6|P1-1,,0,8.160850935113436,dev,0.808624,0.1,0.0,8.160851,0.065,0.057771
d5256ad78e38,Data protection,apps:21391/18,2023-02-28,2023-08-31,2024-03-31,0,4,39|6,,0,5.606102018221679,dev,0.469016,0.1,0.0,5.606102,0.065,0.055338
dbfbd08a4477,Article 2 Protocol 4,apps:32891/22,2023-02-28,2023-08-31,2024-02-17,0,4,3|37,P4-2,0,8.65211111897437,dev,0.835113,0.1,0.0,8.652111,0.065,0.058239
dbfbd08a4477,Article 2 Protocol 4,apps:44328/18,2023-02-28,2023-08-31,2024-02-17,0,4,13|39|6,P4-2,0,7.287844709939978,dev,0.367841,0.1,0.0,7.287845,0.065,0.05694
dbfbd08a4477,Article 2 Protocol 4,apps:50568/11,2023-02-28,2023-08-31,2024-02-17,0,4,37|6|P1-1,P4-2,0,14.487115693671976,dev,0.94713,0.1,0.0,14.487116,0.065,0.063795
dbfbd08a4477,Article 2 Protocol 4,apps:40990/18,2023-02-28,2023-08-31,2024-02-17,0,4,37|5|6,P4-2,0,19.667392914931607,dev,0.98444,0.1,0.0,19.667393,0.065,0.068727
dbfbd08a4477,Article 2 Protocol 4,apps:19071/18,2023-02-28,2023-08-31,2024-02-17,0,4,37|6,P4-2,0,57.687521204549846,dev,0.46168,0.1,0.0,57.687521,0.065,0.10493
dbfbd08a4477,Article 2 Protocol 4,apps:57180/16,2023-02-28,2023-08-31,2024-02-17,0,4,3|37,P4-2,0,12.894146988614017,dev,0.281772,0.1,0.0,12.894147,0.065,0.062278
dbfbd08a4477,Article 2 Protocol 4,apps:23972/22,2023-02-28,2023-08-31,2024-02-17,0,4,37|6|P1-1,P4-2,0,8.965871205026666,dev,0.381872,0.1,0.0,8.965871,0.065,0.058537
dbfbd08a4477,Article 2 Protocol 4,apps:28227/18,2023-02-28,2023-08-31,2024-02-17,0,4,3|35,P4-2,0,11.474794071390635,dev,0.52746,0.1,0.0,11.474794,0.065,0.060926
dbfbd08a4477,Article 2 Protocol 4,apps:37706/17,2023-02-28,2023-08-31,2024-02-17,0,3,35|41|P1-1,P4-2,0,18.613503917644756,dev,0.966268,0.3,0.0,18.613504,0.195,0.167724
dbfbd08a4477,Article 2 Protocol 4,apps:2371/11,2023-02-28,2023-08-31,2024-02-17,0,4,41,P4-2,0,5.995905549542002,dev,0.816891,0.1,0.0,5.995906,0.065,0.055709
dbfbd08a4477,Article 2 Protocol 4,apps:47196/21,2023-02-28,2023-08-31,2024-02-17,0,3,41|8,P4-2,0,4.027366591546241,dev,0.801259,0.3,0.0,4.027367,0.195,0.153835
dbfbd08a4477,Article 2 Protocol 4,apps:51424/08,2023-02-28,2023-08-31,2024-02-17,0,4,41,P4-2,0,4.75161554309625,dev,0.138399,0.1,0.0,4.751616,0.065,0.054525
dbfbd08a4477,Article 2 Protocol 4,apps:70583/17,2023-02-28,2023-08-31,2024-02-17,0,3,3|35|41,P4-2,0,6.699317099422701,dev,0.250003,0.3,0.0,6.699317,0.195,0.156379
dbfbd08a4477,Article 2 Protocol 4,apps:56669/18,2023-02-28,2023-08-31,2024-02-17,0,4,8,P4-2,0,6.1123068039322845,dev,0.641179,0.1,0.0,6.112307,0.065,0.05582
dbfbd08a4477,Article 2 Protocol 4,apps:71304/16,2023-02-28,2023-08-31,2024-02-17,0,4,6,P4-2,0,5.045561386713808,dev,0.874117,0.1,0.0,5.045561,0.065,0.054804
dbfbd08a4477,Article 2 Protocol 4,apps:57752/21,2023-02-28,2023-08-31,2024-02-17,0,4,8,P4-2,0,6.368300784806759,dev,0.554541,0.1,0.0,6.368301,0.065,0.056064
dbfbd08a4477,Article 2 Protocol 4,apps:36257/21,2023-02-28,2023-08-31,2024-02-17,0,4,37|8,P4-2,0,4.027164693077523,dev,0.10259,0.1,0.0,4.027165,0.065,0.053835
dbfbd08a4477,Article 2 Protocol 4,apps:49670/16,2023-02-28,2023-08-31,2024-02-17,0,4,3|39,P4-2,0,7.863185019766629,dev,0.845892,0.1,0.0,7.863185,0.065,0.057487
dbfbd08a4477,Article 2 Protocol 4,apps:41253/19,2023-02-28,2023-08-31,2024-02-17,0,4,39|6,P4-2,0,11.45830360185809,dev,0.851166,0.1,0.0,11.458304,0.065,0.060911
dbfbd08a4477,Article 2 Protocol 4,apps:38609/15,2023-02-28,2023-08-31,2024-02-17,0,4,3|35,P4-2,0,8.430465297098046,dev,0.285063,0.1,0.0,8.430465,0.065,0.058028
dbfbd08a4477,Article 2 Protocol 4,apps:50622/21,2023-02-28,2023-08-31,2024-02-17,0,4,37|6,P4-2,0,4.782577876803903,dev,0.763117,0.1,0.0,4.782578,0.065,0.054554
dbfbd08a4477,Article 2 Protocol 4,apps:19812/18,2023-02-28,2023-08-31,2024-02-17,0,4,39|5,P4-2,0,5.76673748179261,dev,0.272791,0.1,0.0,5.766737,0.065,0.055491
dbfbd08a4477,Article 2 Protocol 4,apps:30196/17,2023-02-28,2023-08-31,2024-02-17,0,4,37|6,P4-2,0,13.136463161563192,dev,0.905306,0.1,0.0,13.136463,0.065,0.062509
dbfbd08a4477,Article 2 Protocol 4,apps:38066/16,2023-02-28,2023-08-31,2024-02-17,0,4,3|35,P4-2,0,5.045561386713808,dev,0.147349,0.1,0.0,5.045561,0.065,0.054804
dbfbd08a4477,Article 2 Protocol 4,apps:49720/16,2023-02-28,2023-08-31,2024-02-17,0,4,3|35,P4-2,0,23.80579072479069,dev,0.437473,0.1,0.0,23.805791,0.065,0.072668
dbfbd08a4477,Article 2 Protocol 4,apps:10867/18,2023-02-28,2023-08-31,2024-02-17,0,4,3|39,P4-2,0,5.76673748179261,dev,0.946413,0.1,0.0,5.766737,0.065,0.055491
dbfbd08a4477,Article 2 Protocol 4,apps:36983/22,2023-02-28,2023-08-31,2024-02-17,0,4,37|6,P4-2,0,6.537840184593659,dev,0.222038,0.1,0.0,6.53784,0.065,0.056225
dbfbd08a4477,Article 2 Protocol 4,apps:76865/17,2023-02-28,2023-08-31,2024-02-17,0,4,37|6,P4-2,0,5.0564895454262615,dev,0.451128,0.1,0.0,5.05649,0.065,0.054815
dbfbd08a4477,Article 2 Protocol 4,apps:27901/07,2023-02-28,2023-08-31,2024-02-17,0,4,13|37|6|P1-1,P4-2,0,9.045249299462226,dev,0.349585,0.1,0.0,9.045249,0.065,0.058613
dbfbd08a4477,Article 2 Protocol 4,apps:21391/18,2023-02-28,2023-08-31,2024-02-17,0,4,39|6,P4-2,0,5.76673748179261,dev,0.02667,0.1,0.0,5.766737,0.065,0.055491
e12c697e461c,Article 14,apps:32891/22,2023-02-28,2023-08-31,2024-03-30,0,4,3|37,14,0,6.804340979051765,dev,0.053257,0.1,0.0,6.804341,0.065,0.056479
e12c697e461c,Article 14,apps:44328/18,2023-02-28,2023-08-31,2024-03-30,0,4,13|39|6,14,0,7.617346183988368,dev,0.502007,0.1,0.0,7.617346,0.065,0.057253
e12c697e461c,Article 14,apps:50568/11,2023-02-28,2023-08-31,2024-03-30,0,4,37|6|P1-1,14,0,13.01265146628134,dev,0.235778,0.1,0.0,13.012651,0.065,0.062391
e12c697e461c,Article 14,apps:40990/18,2023-02-28,2023-08-31,2024-03-30,0,4,37|5|6,14,0,10.627882927172774,dev,0.994525,0.1,0.0,10.627883,0.065,0.06012
e12c697e461c,Article 14,apps:19071/18,2023-02-28,2023-08-31,2024-03-30,0,4,37|6,14,0,39.76726592932628,dev,0.374913,0.1,0.0,39.767266,0.065,0.087867
e12c697e461c,Article 14,apps:57180/16,2023-02-28,2023-08-31,2024-03-30,0,4,3|37,14,0,7.432582400898943,dev,0.028188,0.1,0.0,7.432582,0.065,0.057077
e12c697e461c,Article 14,apps:23972/22,2023-02-28,2023-08-31,2024-03-30,0,4,37|6|P1-1,14,0,8.251206323778826,dev,0.930826,0.1,0.0,8.251206,0.065,0.057857
e12c697e461c,Article 14,apps:28227/18,2023-02-28,2023-08-31,2024-03-30,0,4,3|35,14,0,9.444892804075293,dev,0.839176,0.1,0.0,9.444893,0.065,0.058993
e12c697e461c,Article 14,apps:37706/17,2023-02-28,2023-08-31,2024-03-30,0,3,35|41|P1-1,14,0,19.60606566129415,dev,0.649961,0.3,0.0,19.606066,0.195,0.168669
e12c697e461c,Article 14,apps:2371/11,2023-02-28,2023-08-31,2024-03-30,0,4,41,14,0,6.015626316145015,dev,0.791381,0.1,0.0,6.015626,0.065,0.055728
e12c697e461c,Article 14,apps:47196/21,2023-02-28,2023-08-31,2024-03-30,0,3,41|8,14,0,4.838420780367445,dev,0.1376,0.3,0.0,4.838421,0.195,0.154607
e12c697e461c,Article 14,apps:51424/08,2023-02-28,2023-08-31,2024-03-30,0,4,41,14,0,5.64446903211759,dev,0.286879,0.1,0.0,5.644469,0.065,0.055375
e12c697e461c,Article 14,apps:70583/17,2023-02-28,2023-08-31,2024-03-30,0,3,3|35|41,14,0,7.310906208188512,dev,0.829762,0.3,0.0,7.310906,0.195,0.156961
e12c697e461c,Article 14,apps:56669/18,2023-02-28,2023-08-31,2024-03-30,0,4,8,14,0,5.278612342524499,dev,0.696072,0.1,0.0,5.278612,0.065,0.055026
e12c697e461c,Article 14,apps:71304/16,2023-02-28,2023-08-31,2024-03-30,0,4,6,14,0,2.7350747768936117,dev,0.138793,0.1,0.0,2.735075,0.065,0.052604
e12c697e461c,Article 14,apps:57752/21,2023-02-28,2023-08-31,2024-03-30,0,4,8,14,0,4.647428153946171,dev,0.705536,0.1,0.0,4.647428,0.065,0.054425
e12c697e461c,Article 14,apps:36257/21,2023-02-28,2023-08-31,2024-03-30,0,4,37|8,14,0,4.353225889824602,dev,0.448601,0.1,0.0,4.353226,0.065,0.054145
e12c697e461c,Article 14,apps:49670/16,2023-02-28,2023-08-31,2024-03-30,0,4,3|39,14,0,6.051119687618807,dev,0.005251,0.1,0.0,6.05112,0.065,0.055762
e12c697e461c,Article 14,apps:41253/19,2023-02-28,2023-08-31,2024-03-30,0,4,39|6,14,0,8.59602586941176,dev,0.079226,0.1,0.0,8.596026,0.065,0.058185
e12c697e461c,Article 14,apps:38609/15,2023-02-28,2023-08-31,2024-03-30,0,4,3|35,14,0,6.025661573222987,dev,0.255924,0.1,0.0,6.025662,0.065,0.055738
e12c697e461c,Article 14,apps:50622/21,2023-02-28,2023-08-31,2024-03-30,0,4,37|6,14,0,4.353225889824602,dev,0.834963,0.1,0.0,4.353226,0.065,0.054145
e12c697e461c,Article 14,apps:19812/18,2023-02-28,2023-08-31,2024-03-30,0,4,39|5,14,0,4.70697824588362,dev,0.548804,0.1,0.0,4.706978,0.065,0.054482
e12c697e461c,Article 14,apps:30196/17,2023-02-28,2023-08-31,2024-03-30,0,4,37|6,14,0,10.71801499384259,dev,0.727235,0.1,0.0,10.718015,0.065,0.060206
e12c697e461c,Article 14,apps:38066/16,2023-02-28,2023-08-31,2024-03-30,0,4,3|35,14,0,3.950120344516893,dev,0.527772,0.1,0.0,3.95012,0.065,0.053761
e12c697e461c,Article 14,apps:49720/16,2023-02-28,2023-08-31,2024-03-30,0,4,3|35,14,0,17.709426127593236,dev,0.111187,0.1,0.0,17.709426,0.065,0.066863
e12c697e461c,Article 14,apps:10867/18,2023-02-28,2023-08-31,2024-03-30,0,4,3|39,14,0,4.70697824588362,dev,0.288102,0.1,0.0,4.706978,0.065,0.054482
e12c697e461c,Article 14,apps:36983/22,2023-02-28,2023-08-31,2024-03-30,0,4,37|6,14,0,5.6206272207598245,dev,0.301151,0.1,0.0,5.620627,0.065,0.055352
e12c697e461c,Article 14,apps:76865/17,2023-02-28,2023-08-31,2024-03-30,0,4,37|6,14,0,4.204632333742952,dev,0.047749,0.1,0.0,4.204632,0.065,0.054004
e12c697e461c,Article 14,apps:27901/07,2023-02-28,2023-08-31,2024-03-30,0,4,13|37|6|P1-1,14,0,8.077650677103502,dev,0.419826,0.1,0.0,8.077651,0.065,0.057692
e12c697e461c,Article 14,apps:21391/18,2023-02-28,2023-08-31,2024-03-30,0,4,39|6,14,0,5.463381874822732,dev,0.793899,0.1,0.0,5.463382,0.065,0.055202
e19a063de5b3,Immigration,apps:32891/22,2023-02-28,2023-08-31,2024-03-31,0,4,3|37,,0,7.26076472342533,dev,0.457114,0.1,0.0,7.260765,0.065,0.056914
e19a063de5b3,Immigration,apps:44328/18,2023-02-28,2023-08-31,2024-03-31,0,4,13|39|6,,0,10.952574374325302,dev,0.110858,0.1,0.0,10.952574,0.065,0.060429
e19a063de5b3,Immigration,apps:50568/11,2023-02-28,2023-08-31,2024-03-31,0,4,37|6|P1-1,,0,12.589898200167873,dev,0.905147,0.1,0.0,12.589898,0.065,0.061988
e19a063de5b3,Immigration,apps:40990/18,2023-02-28,2023-08-31,2024-03-31,0,4,37|5|6,,0,14.58270360722798,dev,0.596739,0.1,0.0,14.582704,0.065,0.063886
e19a063de5b3,Immigration,apps:19071/18,2023-02-28,2023-08-31,2024-03-31,0,4,37|6,,0,52.50613074245733,dev,0.016435,0.1,0.0,52.506131,0.065,0.099997
e19a063de5b3,Immigration,apps:57180/16,2023-02-28,2023-08-31,2024-03-31,0,4,3|37,,0,14.848991398339036,dev,0.515376,0.1,0.0,14.848991,0.065,0.064139
e19a063de5b3,Immigration,apps:23972/22,2023-02-28,2023-08-31,2024-03-31,0,4,37|6|P1-1,,0,6.364606341010566,dev,0.241938,0.1,0.0,6.364606,0.065,0.05606
e19a063de5b3,Immigration,apps:28227/18,2023-02-28,2023-08-31,2024-03-31,0,4,3|35,,0,10.592682429857978,dev,0.143577,0.1,0.0,10.592682,0.065,0.060086
e19a063de5b3,Immigration,apps:37706/17,2023-02-28,2023-08-31,2024-03-31,0,3,35|41|P1-1,,0,29.931991915536887,dev,0.429239,0.3,0.0,29.931992,0.195,0.178501
e19a063de5b3,Immigration,apps:2371/11,2023-02-28,2023-08-31,2024-03-31,0,4,41,,0,4.088539816026016,dev,0.61481,0.1,0.0,4.08854,0.065,0.053893
e19a063de5b3,Immigration,apps:47196/21,2023-02-28,2023-08-31,2024-03-31,0,3,41|8,,0,6.424966498081322,dev,0.240564,0.3,0.0,6.424966,0.195,0.156118
e19a063de5b3,Immigration,apps:51424/08,2023-02-28,2023-08-31,2024-03-31,0,4,41,,0,4.723380045463595,dev,0.416568,0.1,0.0,4.72338,0.065,0.054498
e19a063de5b3,Immigration,apps:56669/18,2023-02-28,2023-08-31,2024-03-31,0,4,8,,0,5.282527122696344,dev,0.664371,0.1,0.0,5.282527,0.065,0.05503
e19a063de5b3,Immigration,apps:71304/16,2023-02-28,2023-08-31,2024-03-31,0,4,6,,0,4.477026683307824,dev,0.085614,0.1,0.0,4.477027,0.065,0.054263
e19a063de5b3,Immigration,apps:57752/21,2023-02-28,2023-08-31,2024-03-31,0,4,8,,0,5.4535472521709805,dev,0.974654,0.1,0.0,5.453547,0.065,0.055193
e19a063de5b3,Immigration,apps:36257/21,2023-02-28,2023-08-31,2024-03-31,0,4,37|8,,0,5.464745840809504,dev,0.067679,0.1,0.0,5.464746,0.065,0.055204
e19a063de5b3,Immigration,apps:49670/16,2023-02-28,2023-08-31,2024-03-31,0,4,3|39,,0,6.928166349905627,dev,0.526059,0.1,0.0,6.928166,0.065,0.056597
e19a063de5b3,Immigration,apps:41253/19,2023-02-28,2023-08-31,2024-03-31,0,4,39|6,,0,10.609066076712965,dev,0.507328,0.1,0.0,10.609066,0.065,0.060102
e19a063de5b3,Immigration,apps:38609/15,2023-02-28,2023-08-31,2024-03-31,0,4,3|35,,0,9.097764309717324,dev,0.988331,0.1,0.0,9.097764,0.065,0.058663
e19a063de5b3,Immigration,apps:50622/21,2023-02-28,2023-08-31,2024-03-31,0,4,37|6,,0,6.963731064159464,dev,0.554152,0.1,0.0,6.963731,0.065,0.056631
e19a063de5b3,Immigration,apps:19812/18,2023-02-28,2023-08-31,2024-03-31,0,4,39|5,,0,5.706525268204907,dev,0.390454,0.1,0.0,5.706525,0.065,0.055434
e19a063de5b3,Immigration,apps:30196/17,2023-02-28,2023-08-31,2024-03-31,0,4,37|6,,0,12.635207096867296,dev,0.470135,0.1,0.0,12.635207,0.065,0.062031
e19a063de5b3,Immigration,apps:38066/16,2023-02-28,2023-08-31,2024-03-31,0,4,3|35,,0,5.464745840809504,dev,0.635671,0.1,0.0,5.464746,0.065,0.055204
e19a063de5b3,Immigration,apps:49720/16,2023-02-28,2023-08-31,2024-03-31,0,4,3|35,,0,34.77574906317668,dev,0.981039,0.1,0.0,34.775749,0.065,0.083114
e19a063de5b3,Immigration,apps:10867/18,2023-02-28,2023-08-31,2024-03-31,0,4,3|39,,0,5.464745840809504,dev,0.25365,0.1,0.0,5.464746,0.065,0.055204
e19a063de5b3,Immigration,apps:36983/22,2023-02-28,2023-08-31,2024-03-31,0,4,37|6,,0,5.110698992442714,dev,0.016242,0.1,0.0,5.110699,0.065,0.054866
e19a063de5b3,Immigration,apps:76865/17,2023-02-28,2023-08-31,2024-03-31,0,4,37|6,,0,5.927930107624538,dev,0.78852,0.1,0.0,5.92793,0.065,0.055645
e19a063de5b3,Immigration,apps:27901/07,2023-02-28,2023-08-31,2024-03-31,0,4,13|37|6|P1-1,,0,9.953817779035852,dev,0.344802,0.1,0.0,9.953818,0.065,0.059478
e19a063de5b3,Immigration,apps:21391/18,2023-02-28,2023-08-31,2024-03-31,0,4,39|6,,0,5.282527122696344,dev,0.732941,0.1,0.0,5.282527,0.065,0.05503
e19a063de5b3,Immigration,apps:64330/16,2023-02-28,2023-08-31,2024-03-31,0,4,3|35,,0,14.848991398339036,dev,0.628257,0.1,0.0,14.848991,0.065,0.064139
e751e8063f8b,Environment,apps:32891/22,2023-02-28,2023-08-31,2024-04-09,0,4,3|37,,0,1.99295435626811,dev,0.771501,0.1,0.0,1.992954,0.065,0.051898
e751e8063f8b,Environment,apps:44328/18,2023-02-28,2023-08-31,2024-04-09,0,4,13|39|6,,0,3.0200119824237044,dev,0.735187,0.1,0.0,3.020012,0.065,0.052876
e751e8063f8b,Environment,apps:50568/11,2023-02-28,2023-08-31,2024-04-09,0,4,37|6|P1-1,,0,4.694510634351402,dev,0.332519,0.1,0.0,4.694511,0.065,0.05447
e751e8063f8b,Environment,apps:40990/18,2023-02-28,2023-08-31,2024-04-09,0,4,37|5|6,,0,3.0200119824237044,dev,0.044336,0.1,0.0,3.020012,0.065,0.052876
e751e8063f8b,Environment,apps:19071/18,2023-02-28,2023-08-31,2024-04-09,0,4,37|6,,0,3.0200119824237044,dev,0.546014,0.1,0.0,3.020012,0.065,0.052876
e751e8063f8b,Environment,apps:57180/16,2023-02-28,2023-08-31,2024-04-09,0,4,3|37,,0,5.059317360197314,dev,0.813509,0.1,0.0,5.059317,0.065,0.054818
e751e8063f8b,Environment,apps:23972/22,2023-02-28,2023-08-31,2024-04-09,0,4,37|6|P1-1,,0,3.512330857327016,dev,0.175089,0.1,0.0,3.512331,0.065,0.053344
e751e8063f8b,Environment,apps:28227/18,2023-02-28,2023-08-31,2024-04-09,0,4,3|35,,0,4.193009810924432,dev,0.779143,0.1,0.0,4.19301,0.065,0.053993
e751e8063f8b,Environment,apps:37706/17,2023-02-28,2023-08-31,2024-04-09,0,3,35|41|P1-1,,0,13.296104554369899,dev,0.464623,0.3,0.0,13.296105,0.195,0.162661
e751e8063f8b,Environment,apps:2371/11,2023-02-28,2023-08-31,2024-04-09,0,4,41,,0,1.0140010830718003,dev,0.695389,0.1,0.0,1.014001,0.065,0.050966
e751e8063f8b,Environment,apps:47196/21,2023-02-28,2023-08-31,2024-04-09,0,3,41|8,,0,2.0311168827925288,dev,0.631736,0.3,0.0,2.031117,0.195,0.151934
e751e8063f8b,Environment,apps:51424/08,2023-02-28,2023-08-31,2024-04-09,0,4,41,,0,1.0140010830718003,dev,0.811498,0.1,0.0,1.014001,0.065,0.050966
e751e8063f8b,Environment,apps:70583/17,2023-02-28,2023-08-31,2024-04-09,0,3,3|35|41,,0,5.679216858243228,dev,0.063101,0.3,0.0,5.679217,0.195,0.155408
e751e8063f8b,Environment,apps:56669/18,2023-02-28,2023-08-31,2024-04-09,0,4,8,,0,1.0140010830718003,dev,0.77619,0.1,0.0,1.014001,0.065,0.050966
e751e8063f8b,Environment,apps:71304/16,2023-02-28,2023-08-31,2024-04-09,0,4,6,,0,1.5939236711463944,dev,0.45768,0.1,0.0,1.593924,0.065,0.051518
e751e8063f8b,Environment,apps:57752/21,2023-02-28,2023-08-31,2024-04-09,0,4,8,,0,1.0140010830718003,dev,0.293443,0.1,0.0,1.014001,0.065,0.050966
e751e8063f8b,Environment,apps:36257/21,2023-02-28,2023-08-31,2024-04-09,0,4,37|8,,0,3.228796429636381,dev,0.043806,0.1,0.0,3.228796,0.065,0.053074
e751e8063f8b,Environment,apps:49670/16,2023-02-28,2023-08-31,2024-04-09,0,4,3|39,,0,4.193009810924432,dev,0.19947,0.1,0.0,4.19301,0.065,0.053993
e751e8063f8b,Environment,apps:41253/19,2023-02-28,2023-08-31,2024-04-09,0,4,39|6,,0,4.193009810924432,dev,0.041906,0.1,0.0,4.19301,0.065,0.053993
e751e8063f8b,Environment,apps:38609/15,2023-02-28,2023-08-31,2024-04-09,0,4,3|35,,0,4.193009810924432,dev,0.933371,0.1,0.0,4.19301,0.065,0.053993
e751e8063f8b,Environment,apps:50622/21,2023-02-28,2023-08-31,2024-04-09,0,4,37|6,,0,1.0140010830718003,dev,0.515384,0.1,0.0,1.014001,0.065,0.050966
e751e8063f8b,Environment,apps:19812/18,2023-02-28,2023-08-31,2024-04-09,0,4,39|5,,0,1.0140010830718003,dev,0.989123,0.1,0.0,1.014001,0.065,0.050966
e751e8063f8b,Environment,apps:30196/17,2023-02-28,2023-08-31,2024-04-09,0,4,37|6,,0,6.451563187773077,dev,0.543031,0.1,0.0,6.451563,0.065,0.056143
e751e8063f8b,Environment,apps:38066/16,2023-02-28,2023-08-31,2024-04-09,0,4,3|35,,0,3.228796429636381,dev,0.253314,0.1,0.0,3.228796,0.065,0.053074
e751e8063f8b,Environment,apps:49720/16,2023-02-28,2023-08-31,2024-04-09,0,4,3|35,,0,13.296104554369899,dev,0.753291,0.1,0.0,13.296105,0.065,0.062661
e751e8063f8b,Environment,apps:10867/18,2023-02-28,2023-08-31,2024-04-09,0,4,3|39,,0,3.228796429636381,dev,0.191103,0.1,0.0,3.228796,0.065,0.053074
e751e8063f8b,Environment,apps:36983/22,2023-02-28,2023-08-31,2024-04-09,0,4,37|6,,0,1.6856557176651557,dev,0.356974,0.1,0.0,1.685656,0.065,0.051605
e751e8063f8b,Environment,apps:76865/17,2023-02-28,2023-08-31,2024-04-09,0,4,37|6,,0,3.228796429636381,dev,0.780842,0.1,0.0,3.228796,0.065,0.053074
e751e8063f8b,Environment,apps:27901/07,2023-02-28,2023-08-31,2024-04-09,0,4,13|37|6|P1-1,,0,4.620520387055933,dev,0.865798,0.1,0.0,4.62052,0.065,0.0544
e751e8063f8b,Environment,apps:21391/18,2023-02-28,2023-08-31,2024-04-09,0,4,39|6,,0,1.5939236711463944,dev,0.331925,0.1,0.0,1.593924,0.065,0.051518
ed0ed05ac958,Article 46,apps:32891/22,2023-02-28,2023-08-31,2024-02-16,0,4,3|37,46,0,5.453149330188483,dev,0.124475,0.1,0.0,5.453149,0.065,0.055193
ed0ed05ac958,Article 46,apps:44328/18,2023-02-28,2023-08-31,2024-02-16,0,4,13|39|6,46,0,7.661585243186158,dev,0.368019,0.1,0.0,7.661585,0.065,0.057295
ed0ed05ac958,Article 46,apps:50568/11,2023-02-28,2023-08-31,2024-02-16,0,4,37|6|P1-1,46,0,11.508674079952467,dev,0.889487,0.1,0.0,11.508674,0.065,0.060959
ed0ed05ac958,Article 46,apps:40990/18,2023-02-28,2023-08-31,2024-02-16,0,4,37|5|6,46,0,14.878738451934005,dev,0.743308,0.1,0.0,14.878738,0.065,0.064168
ed0ed05ac958,Article 46,apps:19071/18,2023-02-28,2023-08-31,2024-02-16,0,4,37|6,46,0,42.05382266156962,dev,0.894637,0.1,0.0,42.053823,0.065,0.090044
ed0ed05ac958,Article 46,apps:57180/16,2023-02-28,2023-08-31,2024-02-16,0,4,3|37,46,0,6.99059641840581,dev,0.386645,0.1,0.0,6.990596,0.065,0.056656
ed0ed05ac958,Article 46,apps:23972/22,2023-02-28,2023-08-31,2024-02-16,0,4,37|6|P1-1,46,0,5.173856172408831,dev,0.973724,0.1,0.0,5.173856,0.065,0.054927
ed0ed05ac958,Article 46,apps:28227/18,2023-02-28,2023-08-31,2024-02-16,0,4,3|35,46,0,12.883921938073343,dev,0.496203,0.1,0.0,12.883922,0.065,0.062268
ed0ed05ac958,Article 46,apps:37706/17,2023-02-28,2023-08-31,2024-02-16,0,3,35|41|P1-1,46,0,9.656401757046822,dev,0.497523,0.3,0.0,9.656402,0.195,0.159195
ed0ed05ac958,Article 46,apps:2371/11,2023-02-28,2023-08-31,2024-02-16,0,4,41,46,0,5.140029108793394,dev,0.92431,0.1,0.0,5.140029,0.065,0.054894
ed0ed05ac958,Article 46,apps:47196/21,2023-02-28,2023-08-31,2024-02-16,0,3,41|8,46,0,4.067378719909678,dev,0.519276,0.3,0.0,4.067379,0.195,0.153873
ed0ed05ac958,Article 46,apps:51424/08,2023-02-28,2023-08-31,2024-02-16,0,4,41,46,0,3.1401634796867333,dev,0.801148,0.1,0.0,3.140163,0.065,0.05299
ed0ed05ac958,Article 46,apps:70583/17,2023-02-28,2023-08-31,2024-02-16,0,3,3|35|41,46,0,6.334397738463492,dev,0.727081,0.3,0.0,6.334398,0.195,0.156032
ed0ed05ac958,Article 46,apps:56669/18,2023-02-28,2023-08-31,2024-02-16,0,4,8,46,0,6.367683660713253,dev,0.078927,0.1,0.0,6.367684,0.065,0.056063
ed0ed05ac958,Article 46,apps:71304/16,2023-02-28,2023-08-31,2024-02-16,0,4,6,46,0,3.4927076679514704,dev,0.602453,0.1,0.0,3.492708,0.065,0.053326
ed0ed05ac958,Article 46,apps:57752/21,2023-02-28,2023-08-31,2024-02-16,0,4,8,46,0,3.6921967409418155,dev,0.822341,0.1,0.0,3.692197,0.065,0.053516
ed0ed05ac958,Article 46,apps:36257/21,2023-02-28,2023-08-31,2024-02-16,0,4,37|8,46,0,3.8030687558283414,dev,0.545474,0.1,0.0,3.803069,0.065,0.053621
ed0ed05ac958,Article 46,apps:49670/16,2023-02-28,2023-08-31,2024-02-16,0,4,3|39,46,0,6.342898301755599,dev,0.321211,0.1,0.0,6.342898,0.065,0.05604
ed0ed05ac958,Article 46,apps:41253/19,2023-02-28,2023-08-31,2024-02-16,0,4,39|6,46,0,9.873668263353435,dev,0.080069,0.1,0.0,9.873668,0.065,0.059402
ed0ed05ac958,Article 46,apps:38609/15,2023-02-28,2023-08-31,2024-02-16,0,4,3|35,46,0,5.173846441869071,dev,0.660919,0.1,0.0,5.173846,0.065,0.054927
ed0ed05ac958,Article 46,apps:50622/21,2023-02-28,2023-08-31,2024-02-16,0,4,37|6,46,0,4.149175818918213,dev,0.306496,0.1,0.0,4.149176,0.065,0.053951
ed0ed05ac958,Article 46,apps:19812/18,2023-02-28,2023-08-31,2024-02-16,0,4,39|5,46,0,6.367683660713253,dev,0.602622,0.1,0.0,6.367684,0.065,0.056063
ed0ed05ac958,Article 46,apps:30196/17,2023-02-28,2023-08-31,2024-02-16,0,4,37|6,46,0,8.952036453784064,dev,0.426116,0.1,0.0,8.952036,0.065,0.058524
ed0ed05ac958,Article 46,apps:38066/16,2023-02-28,2023-08-31,2024-02-16,0,4,3|35,46,0,4.972778010371766,dev,0.689765,0.1,0.0,4.972778,0.065,0.054735
ed0ed05ac958,Article 46,apps:49720/16,2023-02-28,2023-08-31,2024-02-16,0,4,3|35,46,0,9.269830113792887,dev,0.351547,0.1,0.0,9.26983,0.065,0.058827
ed0ed05ac958,Article 46,apps:10867/18,2023-02-28,2023-08-31,2024-02-16,0,4,3|39,46,0,6.367683660713253,dev,0.042355,0.1,0.0,6.367684,0.065,0.056063
ed0ed05ac958,Article 46,apps:36983/22,2023-02-28,2023-08-31,2024-02-16,0,4,37|6,46,0,4.610726135140666,dev,0.870037,0.1,0.0,4.610726,0.065,0.05439
ed0ed05ac958,Article 46,apps:76865/17,2023-02-28,2023-08-31,2024-02-16,0,4,37|6,46,0,3.980402161847865,dev,0.352559,0.1,0.0,3.980402,0.065,0.05379
ed0ed05ac958,Article 46,apps:27901/07,2023-02-28,2023-08-31,2024-02-16,0,4,13|37|6|P1-1,46,0,5.564885032672339,dev,0.998151,0.1,0.0,5.564885,0.065,0.055299
ed0ed05ac958,Article 46,apps:21391/18,2023-02-28,2023-08-31,2024-02-16,0,4,39|6,46,0,6.367683660713253,dev,0.274555,0.1,0.0,6.367684,0.065,0.056063
f1175c0d1e5c,Article 1 Protocol 7,apps:32891/22,2023-02-28,2023-08-31,2023-12-06,0,4,3|37,P7-1,0,6.730610924917061,dev,0.980027,0.1,0.0,6.730611,0.065,0.056409
f1175c0d1e5c,Article 1 Protocol 7,apps:44328/18,2023-02-28,2023-08-31,2023-12-06,0,4,13|39|6,P7-1,0,4.005274898173522,dev,0.947904,0.1,0.0,4.005275,0.065,0.053814
f1175c0d1e5c,Article 1 Protocol 7,apps:50568/11,2023-02-28,2023-08-31,2023-12-06,0,4,37|6|P1-1,P7-1,0,9.315712485242141,dev,0.075041,0.1,0.0,9.315712,0.065,0.05887
f1175c0d1e5c,Article 1 Protocol 7,apps:40990/18,2023-02-28,2023-08-31,2023-12-06,0,4,37|5|6,P7-1,0,8.290386993310989,dev,0.637513,0.1,0.0,8.290387,0.065,0.057894
f1175c0d1e5c,Article 1 Protocol 7,apps:19071/18,2023-02-28,2023-08-31,2023-12-06,0,4,37|6,P7-1,0,7.869516094924583,dev,0.363311,0.1,0.0,7.869516,0.065,0.057493
f1175c0d1e5c,Article 1 Protocol 7,apps:57180/16,2023-02-28,2023-08-31,2023-12-06,0,4,3|37,P7-1,0,3.205067332063562,dev,0.801096,0.1,0.0,3.205067,0.065,0.053052
f1175c0d1e5c,Article 1 Protocol 7,apps:23972/22,2023-02-28,2023-08-31,2023-12-06,0,4,37|6|P1-1,P7-1,0,5.717992262293618,dev,0.679411,0.1,0.0,5.717992,0.065,0.055445
f1175c0d1e5c,Article 1 Protocol 7,apps:28227/18,2023-02-28,2023-08-31,2023-12-06,0,4,3|35,P7-1,0,2.6783334323623844,dev,0.952789,0.1,0.0,2.678333,0.065,0.05255
f1175c0d1e5c,Article 1 Protocol 7,apps:37706/17,2023-02-28,2023-08-31,2023-12-06,0,3,35|41|P1-1,P7-1,0,4.451108011512496,dev,0.142779,0.3,0.0,4.451108,0.195,0.154238
f1175c0d1e5c,Article 1 Protocol 7,apps:2371/11,2023-02-28,2023-08-31,2023-12-06,0,4,41,P7-1,0,2.9418300522281,dev,0.607573,0.1,0.0,2.94183,0.065,0.052801
f1175c0d1e5c,Article 1 Protocol 7,apps:47196/21,2023-02-28,2023-08-31,2023-12-06,0,3,41|8,P7-1,0,5.062502987917112,dev,0.781312,0.3,0.0,5.062503,0.195,0.154821
f1175c0d1e5c,Article 1 Protocol 7,apps:51424/08,2023-02-28,2023-08-31,2023-12-06,0,4,41,P7-1,0,2.9418300522281,dev,0.034799,0.1,0.0,2.94183,0.065,0.052801
f1175c0d1e5c,Article 1 Protocol 7,apps:70583/17,2023-02-28,2023-08-31,2023-12-06,0,3,3|35|41,P7-1,0,8.610131411767808,dev,0.067233,0.3,0.0,8.610131,0.195,0.158199
f1175c0d1e5c,Article 1 Protocol 7,apps:56669/18,2023-02-28,2023-08-31,2023-12-06,0,4,8,P7-1,0,1.9393239387400842,dev,0.778515,0.1,0.0,1.939324,0.065,0.051847
f1175c0d1e5c,Article 1 Protocol 7,apps:71304/16,2023-02-28,2023-08-31,2023-12-06,0,4,6,P7-1,0,4.4988672282690425,dev,0.366328,0.1,0.0,4.498867,0.065,0.054284
f1175c0d1e5c,Article 1 Protocol 7,apps:57752/21,2023-02-28,2023-08-31,2023-12-06,0,4,8,P7-1,0,2.787325417604639,dev,0.382854,0.1,0.0,2.787325,0.065,0.052654
f1175c0d1e5c,Article 1 Protocol 7,apps:36257/21,2023-02-28,2023-08-31,2023-12-06,0,4,37|8,P7-1,0,3.398621553987656,dev,0.567245,0.1,0.0,3.398622,0.065,0.053236
f1175c0d1e5c,Article 1 Protocol 7,apps:49670/16,2023-02-28,2023-08-31,2023-12-06,0,4,3|39,P7-1,0,2.6783334323623844,dev,0.605095,0.1,0.0,2.678333,0.065,0.05255
f1175c0d1e5c,Article 1 Protocol 7,apps:41253/19,2023-02-28,2023-08-31,2023-12-06,0,4,39|6,P7-1,0,3.9559256098737894,dev,0.679062,0.1,0.0,3.955926,0.065,0.053767
f1175c0d1e5c,Article 1 Protocol 7,apps:38609/15,2023-02-28,2023-08-31,2023-12-06,0,4,3|35,P7-1,0,7.113701310854784,dev,0.948824,0.1,0.0,7.113701,0.065,0.056774
f1175c0d1e5c,Article 1 Protocol 7,apps:50622/21,2023-02-28,2023-08-31,2023-12-06,0,4,37|6,P7-1,0,2.787325417604639,dev,0.372013,0.1,0.0,2.787325,0.065,0.052654
f1175c0d1e5c,Article 1 Protocol 7,apps:19812/18,2023-02-28,2023-08-31,2023-12-06,0,4,39|5,P7-1,0,0.9277246180059234,dev,0.763084,0.1,0.0,0.927725,0.065,0.050883
f1175c0d1e5c,Article 1 Protocol 7,apps:30196/17,2023-02-28,2023-08-31,2023-12-06,0,4,37|6,P7-1,0,6.070444874732265,dev,0.573922,0.1,0.0,6.070445,0.065,0.05578
f1175c0d1e5c,Article 1 Protocol 7,apps:38066/16,2023-02-28,2023-08-31,2023-12-06,0,4,3|35,P7-1,0,2.2267714493169515,dev,0.52946,0.1,0.0,2.226771,0.065,0.05212
f1175c0d1e5c,Article 1 Protocol 7,apps:49720/16,2023-02-28,2023-08-31,2023-12-06,0,4,3|35,P7-1,0,3.205067332063562,dev,0.398034,0.1,0.0,3.205067,0.065,0.053052
f1175c0d1e5c,Article 1 Protocol 7,apps:10867/18,2023-02-28,2023-08-31,2023-12-06,0,4,3|39,P7-1,0,1.7562002514309516,dev,0.649561,0.1,0.0,1.7562,0.065,0.051672
f1175c0d1e5c,Article 1 Protocol 7,apps:36983/22,2023-02-28,2023-08-31,2023-12-06,0,4,37|6,P7-1,0,4.081879986308817,dev,0.249612,0.1,0.0,4.08188,0.065,0.053887
f1175c0d1e5c,Article 1 Protocol 7,apps:76865/17,2023-02-28,2023-08-31,2023-12-06,0,4,37|6,P7-1,0,2.326948131962909,dev,0.113449,0.1,0.0,2.326948,0.065,0.052216
f1175c0d1e5c,Article 1 Protocol 7,apps:27901/07,2023-02-28,2023-08-31,2023-12-06,0,4,13|37|6|P1-1,P7-1,0,7.113701310854784,dev,0.735675,0.1,0.0,7.113701,0.065,0.056774
f1175c0d1e5c,Article 1 Protocol 7,apps:21391/18,2023-02-28,2023-08-31,2023-12-06,0,4,39|6,P7-1,0,4.4988672282690425,dev,0.499044,0.1,0.0,4.498867,0.065,0.054284
0bd62693ae9f,Article 3 Protocol 1,apps:45205/22,2023-02-28,2024-02-29,2024-08-07,0,4,11|5|6,P1-3,0,30.55482254984611,dev,0.386987,0.1,0.0,30.554823,0.065,0.079094
0bd62693ae9f,Article 3 Protocol 1,apps:7827/23,2023-02-28,2024-02-29,2024-08-07,0,4,13|6,P1-3,0,17.536195720674147,dev,0.561673,0.1,0.0,17.536196,0.065,0.066698
0bd62693ae9f,Article 3 Protocol 1,apps:13072/23,2023-02-28,2024-02-29,2024-08-07,0,4,6,P1-3,0,5.845495567371229,dev,0.261777,0.1,0.0,5.845496,0.065,0.055566
0bd62693ae9f,Article 3 Protocol 1,apps:20256/20,2023-02-28,2024-02-29,2024-08-07,0,3,41,P1-3,0,4.420337941703677,dev,0.26029,0.3,0.0,4.420338,0.195,0.154209
0bd62693ae9f,Article 3 Protocol 1,apps:45987/21,2023-02-28,2024-02-29,2024-08-07,0,4,2,P1-3,0,3.8606263941207457,dev,0.446273,0.1,0.0,3.860626,0.065,0.053676
0bd62693ae9f,Article 3 Protocol 1,apps:9166/14,2023-02-28,2024-02-29,2024-08-07,0,4,P1-1,P1-3,0,2.7082265089280932,dev,0.996365,0.1,0.0,2.708227,0.065,0.052579
0bd62693ae9f,Article 3 Protocol 1,apps:25870/21,2023-02-28,2024-02-29,2024-08-07,0,4,11|5|6|P7-4,P1-3,0,3.8841969788508197,dev,0.285577,0.1,0.0,3.884197,0.065,0.053699
0bd62693ae9f,Article 3 Protocol 1,apps:54470/21,2023-02-28,2024-02-29,2024-08-07,0,4,11|5|6,P1-3,0,3.8841969788508197,dev,0.916479,0.1,0.0,3.884197,0.065,0.053699
0bd62693ae9f,Article 3 Protocol 1,apps:16974/14,2023-02-28,2024-02-29,2024-08-07,0,3,41|8,P1-3,0,3.6567116708446763,dev,0.4912,0.3,0.0,3.656712,0.195,0.153482
0bd62693ae9f,Article 3 Protocol 1,apps:35012/19,2023-02-28,2024-02-29,2024-08-07,0,4,13|14|3|5|8,P1-3,0,9.006847193365264,dev,0.122637,0.1,0.0,9.006847,0.065,0.058576
0bd62693ae9f,Article 3 Protocol 1,apps:10940/17,2023-02-28,2024-02-29,2024-08-07,0,3,41|5,P1-3,0,5.727004358288567,dev,0.852826,0.3,0.0,5.727004,0.195,0.155453
0bd62693ae9f,Article 3 Protocol 1,apps:47048/21,2023-02-28,2024-02-29,2024-08-07,0,4,11|5|6,P1-3,0,3.8841969788508197,dev,0.452043,0.1,0.0,3.884197,0.065,0.053699
0bd62693ae9f,Article 3 Protocol 1,apps:31516/22,2023-02-28,2024-02-29,2024-08-07,0,4,13|3,P1-3,0,3.2921962220728958,dev,0.898679,0.1,0.0,3.292196,0.065,0.053135
0bd62693ae9f,Article 3 Protocol 1,apps:46570/18,2023-02-28,2024-02-29,2024-08-07,0,4,10|11|5|6|P7-2,P1-3,0,3.8841969788508197,dev,0.445111,0.1,0.0,3.884197,0.065,0.053699
0bd62693ae9f,Article 3 Protocol 1,apps:26096/16,2023-02-28,2024-02-29,2024-08-07,0,4,37,P1-3,0,5.809395626520819,dev,0.087791,0.1,0.0,5.809396,0.065,0.055532
0bd62693ae9f,Article 3 Protocol 1,apps:53209/17,2023-02-28,2024-02-29,2024-08-07,0,4,3|5,P1-3,0,3.8841969788508197,dev,0.681929,0.1,0.0,3.884197,0.065,0.053699
0bd62693ae9f,Article 3 Protocol 1,apps:9429/23,2023-02-28,2024-02-29,2024-08-07,0,4,11|5,P1-3,0,34.14615177592625,dev,0.845521,0.1,0.0,34.146152,0.065,0.082514
0bd62693ae9f,Article 3 Protocol 1,apps:41877/21,2023-02-28,2024-02-29,2024-08-07,0,4,13|3,P1-3,0,2.7082265089280932,dev,0.319588,0.1,0.0,2.708227,0.065,0.052579
0bd62693ae9f,Article 3 Protocol 1,apps:57580/21,2023-02-28,2024-02-29,2024-08-07,0,4,11|5|6|P7-2,P1-3,0,3.8841969788508197,dev,0.347425,0.1,0.0,3.884197,0.065,0.053699
0bd62693ae9f,Article 3 Protocol 1,apps:31018/09,2023-02-28,2024-02-29,2024-08-07,0,4,6,P1-3,0,2.881179789727399,dev,0.064939,0.1,0.0,2.88118,0.065,0.052743
0bd62693ae9f,Article 3 Protocol 1,apps:62444/10,2023-02-28,2024-02-29,2024-08-07,0,4,6|P1-1,P1-3,0,3.9932133376667616,dev,0.542171,0.1,0.0,3.993213,0.065,0.053802
0bd62693ae9f,Article 3 Protocol 1,apps:48029/21,2023-02-28,2024-02-29,2024-08-07,0,4,11|5|6|P7-2|P7-4,P1-3,0,3.8841969788508197,dev,0.891332,0.1,0.0,3.884197,0.065,0.053699
0bd62693ae9f,Article 3 Protocol 1,apps:18371/17,2023-02-28,2024-02-29,2024-08-07,0,4,13|6,P1-3,0,4.670153614207174,dev,0.851362,0.1,0.0,4.670154,0.065,0.054447
0bd62693ae9f,Article 3 Protocol 1,apps:47784/18,2023-02-28,2024-02-29,2024-08-07,0,4,10|11|5|6|8|P7-2|P7-4,P1-3,0,3.8841969788508197,dev,0.711809,0.1,0.0,3.884197,0.065,0.053699
0bd62693ae9f,Article 3 Protocol 1,apps:19657/18,2023-02-28,2024-02-29,2024-08-07,0,4,13|3|35|5,P1-3,0,3.37319419364686,dev,0.927324,0.1,0.0,3.373194,0.065,0.053212
0bd62693ae9f,Article 3 Protocol 1,apps:56716/16,2023-02-28,2024-02-29,2024-08-07,0,4,13|35|8,P1-3,0,3.37319419364686,dev,0.6377,0.1,0.0,3.373194,0.065,0.053212
0bd62693ae9f,Article 3 Protocol 1,apps:62157/13,2023-02-28,2024-02-29,2024-08-07,0,4,6,P1-3,0,9.817865493671501,dev,0.793696,0.1,0.0,9.817865,0.065,0.059349
0bd62693ae9f,Article 3 Protocol 1,apps:16915/21,2023-02-28,2024-02-29,2024-08-07,0,3,10|35,P1-3,0,3.965170014558308,dev,0.508756,0.3,0.0,3.96517,0.195,0.153776
0bd62693ae9f,Article 3 Protocol 1,apps:48340/20,2023-02-28,2024-02-29,2024-08-07,0,3,10|41,P1-3,0,2.980588123703209,dev,0.121362,0.3,0.0,2.980588,0.195,0.152838
0bd62693ae9f,Article 3 Protocol 1,apps:53162/21,2023-02-28,2024-02-29,2024-08-07,0,3,41|8,P1-3,0,3.965170014558308,dev,0.20098,0.3,0.0,3.96517,0.195,0.153776
1900da194ee4,Article 10,apps:45205/22,2023-02-28,2024-02-29,2024-09-30,0,4,11|5|6,10,0,73.8074240314028,dev,0.138877,0.1,0.0,73.807424,0.065,0.12028
1900da194ee4,Article 10,apps:7827/23,2023-02-28,2024-02-29,2024-09-30,0,4,13|6,10,0,37.270435719230356,dev,0.790373,0.1,0.0,37.270436,0.065,0.085489
1900da194ee4,Article 10,apps:13072/23,2023-02-28,2024-02-29,2024-09-30,0,4,6,10,0,13.0457580800519,dev,0.026284,0.1,0.0,13.045758,0.065,0.062422
1900da194ee4,Article 10,apps:20256/20,2023-02-28,2024-02-29,2024-09-30,0,3,41,10,0,6.481686721999891,dev,0.554021,0.3,0.0,6.481687,0.195,0.156172
1900da194ee4,Article 10,apps:45987/21,2023-02-28,2024-02-29,2024-09-30,0,4,2,10,0,7.926397689848926,dev,0.368911,0.1,0.0,7.926398,0.065,0.057548
1900da194ee4,Article 10,apps:9166/14,2023-02-28,2024-02-29,2024-09-30,0,4,P1-1,10,0,6.155935036807893,dev,0.803662,0.1,0.0,6.155935,0.065,0.055862
1900da194ee4,Article 10,apps:25870/21,2023-02-28,2024-02-29,2024-09-30,0,4,11|5|6|P7-4,10,0,118.78807407833047,dev,0.551647,0.1,0.0,118.788074,0.065,0.163111
1900da194ee4,Article 10,apps:54470/21,2023-02-28,2024-02-29,2024-09-30,0,4,11|5|6,10,0,41.63647655652048,dev,0.611948,0.1,0.0,41.636477,0.065,0.089646
1900da194ee4,Article 10,apps:16974/14,2023-02-28,2024-02-29,2024-09-30,0,3,41|8,10,0,7.409525742942767,dev,0.086215,0.3,0.0,7.409526,0.195,0.157055
1900da194ee4,Article 10,apps:35012/19,2023-02-28,2024-02-29,2024-09-30,0,4,13|14|3|5|8,10,0,44.60576335042158,dev,0.309291,0.1,0.0,44.605763,0.065,0.092474
1900da194ee4,Article 10,apps:10940/17,2023-02-28,2024-02-29,2024-09-30,0,3,41|5,10,0,13.671346833102305,dev,0.999595,0.3,0.0,13.671347,0.195,0.163018
1900da194ee4,Article 10,apps:47048/21,2023-02-28,2024-02-29,2024-09-30,0,4,11|5|6,10,0,87.55341692973725,dev,0.71887,0.1,0.0,87.553417,0.065,0.133369
1900da194ee4,Article 10,apps:31516/22,2023-02-28,2024-02-29,2024-09-30,0,4,13|3,10,0,7.0325157060303845,dev,0.525696,0.1,0.0,7.032516,0.065,0.056696
1900da194ee4,Article 10,apps:46570/18,2023-02-28,2024-02-29,2024-09-30,0,4,10|11|5|6|P7-2,10,1,99.26641336045971,dev,0.769165,0.1,1.0,99.266413,0.415,0.144522
1900da194ee4,Article 10,apps:26096/16,2023-02-28,2024-02-29,2024-09-30,0,4,37,10,0,30.345765566577672,dev,0.823339,0.1,0.0,30.345766,0.065,0.078895
1900da194ee4,Article 10,apps:53209/17,2023-02-28,2024-02-29,2024-09-30,0,4,3|5,10,0,83.6490847861631,dev,0.073751,0.1,0.0,83.649085,0.065,0.129651
1900da194ee4,Article 10,apps:9429/23,2023-02-28,2024-02-29,2024-09-30,0,4,11|5,10,0,70.92664747640819,dev,0.97238,0.1,0.0,70.926647,0.065,0.117537
1900da194ee4,Article 10,apps:41877/21,2023-02-28,2024-02-29,2024-09-30,0,4,13|3,10,0,8.210513999447729,dev,0.642339,0.1,0.0,8.210514,0.065,0.057818
1900da194ee4,Article 10,apps:57580/21,2023-02-28,2024-02-29,2024-09-30,0,4,11|5|6|P7-2,10,0,53.87719438390921,dev,0.449974,0.1,0.0,53.877194,0.065,0.101302
1900da194ee4,Article 10,apps:31018/09,2023-02-28,2024-02-29,2024-09-30,0,4,6,10,0,7.499962403540006,dev,0.680109,0.1,0.0,7.499962,0.065,0.057142
1900da194ee4,Article 10,apps:62444/10,2023-02-28,2024-02-29,2024-09-30,0,4,6|P1-1,10,0,4.152653002878144,dev,0.344515,0.1,0.0,4.152653,0.065,0.053954
1900da194ee4,Article 10,apps:48029/21,2023-02-28,2024-02-29,2024-09-30,0,4,11|5|6|P7-2|P7-4,10,0,44.60576335042158,dev,0.87796,0.1,0.0,44.605763,0.065,0.092474
1900da194ee4,Article 10,apps:18371/17,2023-02-28,2024-02-29,2024-09-30,0,4,13|6,10,0,17.822705228754657,dev,0.780263,0.1,0.0,17.822705,0.065,0.066971
1900da194ee4,Article 10,apps:47784/18,2023-02-28,2024-02-29,2024-09-30,0,4,10|11|5|6|8|P7-2|P7-4,10,1,83.6490847861631,dev,0.639794,0.1,1.0,83.649085,0.415,0.129651
1900da194ee4,Article 10,apps:19657/18,2023-02-28,2024-02-29,2024-09-30,0,4,13|3|35|5,10,0,8.722051347444307,dev,0.181963,0.1,0.0,8.722051,0.065,0.058305
1900da194ee4,Article 10,apps:56716/16,2023-02-28,2024-02-29,2024-09-30,0,4,13|35|8,10,0,6.130778668951576,dev,0.966265,0.1,0.0,6.130779,0.065,0.055838
1900da194ee4,Article 10,apps:62157/13,2023-02-28,2024-02-29,2024-09-30,0,4,6,10,0,9.702132424732586,dev,0.432618,0.1,0.0,9.702132,0.065,0.059238
1900da194ee4,Article 10,apps:16915/21,2023-02-28,2024-02-29,2024-09-30,0,3,10|35,10,1,7.023354913513026,dev,0.910712,0.3,1.0,7.023355,0.545,0.156688
1900da194ee4,Article 10,apps:53162/21,2023-02-28,2024-02-29,2024-09-30,0,3,41|8,10,0,7.023354913513026,dev,0.055413,0.3,0.0,7.023355,0.195,0.156688
1900da194ee4,Article 10,apps:36609/16,2023-02-28,2024-02-29,2024-09-30,0,4,3|5,10,0,7.608872544993508,dev,0.124161,0.1,0.0,7.608873,0.065,0.057245
22935893a6e6,Article 5,apps:45205/22,2023-02-28,2024-02-29,2024-04-09,0,4,11|5|6,5,1,81.19560730363503,dev,0.153015,0.1,1.0,81.195607,0.415,0.127315
22935893a6e6,Article 5,apps:7827/23,2023-02-28,2024-02-29,2024-04-09,0,4,13|6,5,0,33.217420427432046,dev,0.164657,0.1,0.0,33.21742,0.065,0.08163
22935893a6e6,Article 5,apps:13072/23,2023-02-28,2024-02-29,2024-04-09,0,4,6,5,0,10.63793452847044,dev,0.322661,0.1,0.0,10.637935,0.065,0.06013
22935893a6e6,Article 5,apps:20256/20,2023-02-28,2024-02-29,2024-04-09,0,3,41,5,0,6.612002858922958,dev,0.709332,0.3,0.0,6.612003,0.195,0.156296
22935893a6e6,Article 5,apps:45987/21,2023-02-28,2024-02-29,2024-04-09,0,4,2,5,0,5.692719737928995,dev,0.346023,0.1,0.0,5.69272,0.065,0.055421
22935893a6e6,Article 5,apps:9166/14,2023-02-28,2024-02-29,2024-04-09,0,4,P1-1,5,0,5.069869270613916,dev,0.940904,0.1,0.0,5.069869,0.065,0.054828
22935893a6e6,Article 5,apps:25870/21,2023-02-28,2024-02-29,2024-04-09,0,4,11|5|6|P7-4,5,1,120.40877601421077,dev,0.894926,0.1,1.0,120.408776,0.415,0.164654
22935893a6e6,Article 5,apps:54470/21,2023-02-28,2024-02-29,2024-04-09,0,4,11|5|6,5,1,34.15494321719573,dev,0.845934,0.1,1.0,34.154943,0.415,0.082523
22935893a6e6,Article 5,apps:16974/14,2023-02-28,2024-02-29,2024-04-09,0,3,41|8,5,0,4.995754271855644,dev,0.250605,0.3,0.0,4.995754,0.195,0.154757
22935893a6e6,Article 5,apps:35012/19,2023-02-28,2024-02-29,2024-04-09,0,4,13|14|3|5|8,5,1,56.09228483656514,dev,0.635057,0.1,1.0,56.092285,0.415,0.103411
22935893a6e6,Article 5,apps:10940/17,2023-02-28,2024-02-29,2024-04-09,0,3,41|5,5,1,12.641776153261223,dev,0.550841,0.3,1.0,12.641776,0.545,0.162038
22935893a6e6,Article 5,apps:47048/21,2023-02-28,2024-02-29,2024-04-09,0,4,11|5|6,5,1,88.46510775473614,dev,0.12517,0.1,1.0,88.465108,0.415,0.134237
22935893a6e6,Article 5,apps:31516/22,2023-02-28,2024-02-29,2024-04-09,0,4,13|3,5,0,6.171921379147309,dev,0.302825,0.1,0.0,6.171921,0.065,0.055877
22935893a6e6,Article 5,apps:46570/18,2023-02-28,2024-02-29,2024-04-09,0,4,10|11|5|6|P7-2,5,1,100.44398335203913,dev,0.533478,0.1,1.0,100.443983,0.415,0.145643
22935893a6e6,Article 5,apps:26096/16,2023-02-28,2024-02-29,2024-04-09,0,4,37,5,0,46.24798741649533,dev,0.502573,0.1,0.0,46.247987,0.065,0.094038
22935893a6e6,Article 5,apps:53209/17,2023-02-28,2024-02-29,2024-04-09,0,4,3|5,5,1,84.47214922230181,dev,0.168636,0.1,1.0,84.472149,0.415,0.130435
22935893a6e6,Article 5,apps:9429/23,2023-02-28,2024-02-29,2024-04-09,0,4,11|5,5,1,68.41941117192569,dev,0.941607,0.1,1.0,68.419411,0.415,0.115149
22935893a6e6,Article 5,apps:41877/21,2023-02-28,2024-02-29,2024-04-09,0,4,13|3,5,0,5.692719737928995,dev,0.154194,0.1,0.0,5.69272,0.065,0.055421
22935893a6e6,Article 5,apps:57580/21,2023-02-28,2024-02-29,2024-04-09,0,4,11|5|6|P7-2,5,1,43.92842456239339,dev,0.658733,0.1,1.0,43.928425,0.415,0.091829
22935893a6e6,Article 5,apps:31018/09,2023-02-28,2024-02-29,2024-04-09,0,4,6,5,0,6.15029577409908,dev,0.720633,0.1,0.0,6.150296,0.065,0.055856
22935893a6e6,Article 5,apps:62444/10,2023-02-28,2024-02-29,2024-04-09,0,4,6|P1-1,5,0,5.351416222547586,dev,0.605139,0.1,0.0,5.351416,0.065,0.055096
22935893a6e6,Article 5,apps:48029/21,2023-02-28,2024-02-29,2024-04-09,0,4,11|5|6|P7-2|P7-4,5,1,44.54256389795851,dev,0.84253,0.1,1.0,44.542564,0.415,0.092414
22935893a6e6,Article 5,apps:18371/17,2023-02-28,2024-02-29,2024-04-09,0,4,13|6,5,0,16.09334760183966,dev,0.563618,0.1,0.0,16.093348,0.065,0.065324
22935893a6e6,Article 5,apps:47784/18,2023-02-28,2024-02-29,2024-04-09,0,4,10|11|5|6|8|P7-2|P7-4,5,1,84.47214922230181,dev,0.825236,0.1,1.0,84.472149,0.415,0.130435
22935893a6e6,Article 5,apps:19657/18,2023-02-28,2024-02-29,2024-04-09,0,4,13|3|35|5,5,1,10.061767945936843,dev,0.028373,0.1,1.0,10.061768,0.415,0.059581
22935893a6e6,Article 5,apps:56716/16,2023-02-28,2024-02-29,2024-04-09,0,4,13|35|8,5,0,6.582353235087336,dev,0.045462,0.1,0.0,6.582353,0.065,0.056268
22935893a6e6,Article 5,apps:62157/13,2023-02-28,2024-02-29,2024-04-09,0,4,6,5,0,6.964865090799918,dev,0.641454,0.1,0.0,6.964865,0.065,0.056632
22935893a6e6,Article 5,apps:16915/21,2023-02-28,2024-02-29,2024-04-09,0,3,10|35,5,0,6.8289734470632535,dev,0.576771,0.3,0.0,6.828973,0.195,0.156503
22935893a6e6,Article 5,apps:48340/20,2023-02-28,2024-02-29,2024-04-09,0,3,10|41,5,0,6.612002858922958,dev,0.65113,0.3,0.0,6.612003,0.195,0.156296
22935893a6e6,Article 5,apps:53162/21,2023-02-28,2024-02-29,2024-04-09,0,3,41|8,5,0,6.8289734470632535,dev,0.766959,0.3,0.0,6.828973,0.195,0.156503
4026b1621d4a,Article 6 Criminal,apps:45205/22,2023-02-28,2024-02-29,2024-04-09,0,4,11|5|6,6,1,60.43218007575133,dev,0.416587,0.1,1.0,60.43218,0.415,0.107544
4026b1621d4a,Article 6 Criminal,apps:7827/23,2023-02-28,2024-02-29,2024-04-09,0,4,13|6,6,1,34.02007581137778,dev,0.638991,0.1,1.0,34.020076,0.415,0.082394
4026b1621d4a,Article 6 Criminal,apps:13072/23,2023-02-28,2024-02-29,2024-04-09,0,4,6,6,1,11.381129299057598,dev,0.498038,0.1,1.0,11.381129,0.415,0.060837
4026b1621d4a,Article 6 Criminal,apps:20256/20,2023-02-28,2024-02-29,2024-04-09,0,3,41,6,0,6.892727382405291,dev,0.627164,0.3,0.0,6.892727,0.195,0.156563
4026b1621d4a,Article 6 Criminal,apps:45987/21,2023-02-28,2024-02-29,2024-04-09,0,4,2,6,0,6.390374442354173,dev,0.289672,0.1,0.0,6.390374,0.065,0.056085
4026b1621d4a,Article 6 Criminal,apps:9166/14,2023-02-28,2024-02-29,2024-04-09,0,4,P1-1,6,0,7.280707889272971,dev,0.95665,0.1,0.0,7.280708,0.065,0.056933
4026b1621d4a,Article 6 Criminal,apps:25870/21,2023-02-28,2024-02-29,2024-04-09,0,4,11|5|6|P7-4,6,1,131.61273292767356,dev,0.482945,0.1,1.0,131.612733,0.415,0.175322
4026b1621d4a,Article 6 Criminal,apps:54470/21,2023-02-28,2024-02-29,2024-04-09,0,4,11|5|6,6,1,47.58061010437765,dev,0.804688,0.1,1.0,47.58061,0.415,0.095307
4026b1621d4a,Article 6 Criminal,apps:16974/14,2023-02-28,2024-02-29,2024-04-09,0,3,41|8,6,0,6.873739091203696,dev,0.684991,0.3,0.0,6.873739,0.195,0.156545
4026b1621d4a,Article 6 Criminal,apps:35012/19,2023-02-28,2024-02-29,2024-04-09,0,4,13|14|3|5|8,6,0,47.89616522002766,dev,0.297434,0.1,0.0,47.896165,0.065,0.095607
4026b1621d4a,Article 6 Criminal,apps:10940/17,2023-02-28,2024-02-29,2024-04-09,0,3,41|5,6,0,18.312804277389162,dev,0.072973,0.3,0.0,18.312804,0.195,0.167438
4026b1621d4a,Article 6 Criminal,apps:47048/21,2023-02-28,2024-02-29,2024-04-09,0,4,11|5|6,6,1,96.36365178761213,dev,0.059913,0.1,1.0,96.363652,0.415,0.141758
4026b1621d4a,Article 6 Criminal,apps:31516/22,2023-02-28,2024-02-29,2024-04-09,0,4,13|3,6,0,5.843325240114986,dev,0.439605,0.1,0.0,5.843325,0.065,0.055564
4026b1621d4a,Article 6 Criminal,apps:46570/18,2023-02-28,2024-02-29,2024-04-09,0,4,10|11|5|6|P7-2,6,1,109.58205721513517,dev,0.484251,0.1,1.0,109.582057,0.415,0.154345
4026b1621d4a,Article 6 Criminal,apps:26096/16,2023-02-28,2024-02-29,2024-04-09,0,4,37,6,0,42.479906338242166,dev,0.204023,0.1,0.0,42.479906,0.065,0.09045
4026b1621d4a,Article 6 Criminal,apps:53209/17,2023-02-28,2024-02-29,2024-04-09,0,4,3|5,6,0,91.95751664510445,dev,0.60666,0.1,0.0,91.957517,0.065,0.137562
4026b1621d4a,Article 6 Criminal,apps:9429/23,2023-02-28,2024-02-29,2024-04-09,0,4,11|5,6,0,67.97849557985806,dev,0.312582,0.1,0.0,67.978496,0.065,0.11473
4026b1621d4a,Article 6 Criminal,apps:41877/21,2023-02-28,2024-02-29,2024-04-09,0,4,13|3,6,0,7.454586245590709,dev,0.718363,0.1,0.0,7.454586,0.065,0.057098
4026b1621d4a,Article 6 Criminal,apps:57580/21,2023-02-28,2024-02-29,2024-04-09,0,4,11|5|6|P7-2,6,1,58.14079932457152,dev,0.7342,0.1,1.0,58.140799,0.415,0.105362
4026b1621d4a,Article 6 Criminal,apps:31018/09,2023-02-28,2024-02-29,2024-04-09,0,4,6,6,1,8.353298876321944,dev,0.860777,0.1,1.0,8.353299,0.415,0.057954
4026b1621d4a,Article 6 Criminal,apps:62444/10,2023-02-28,2024-02-29,2024-04-09,0,4,6|P1-1,6,1,6.7862211013420035,dev,0.975374,0.1,1.0,6.786221,0.415,0.056462
4026b1621d4a,Article 6 Criminal,apps:48029/21,2023-02-28,2024-02-29,2024-04-09,0,4,11|5|6|P7-2|P7-4,6,1,55.85468241152358,dev,0.130766,0.1,1.0,55.854682,0.415,0.103185
4026b1621d4a,Article 6 Criminal,apps:18371/17,2023-02-28,2024-02-29,2024-04-09,0,4,13|6,6,1,17.792496611270927,dev,0.37054,0.1,1.0,17.792497,0.415,0.066942
4026b1621d4a,Article 6 Criminal,apps:47784/18,2023-02-28,2024-02-29,2024-04-09,0,4,10|11|5|6|8|P7-2|P7-4,6,1,91.95751664510445,dev,0.561651,0.1,1.0,91.957517,0.415,0.137562
4026b1621d4a,Article 6 Criminal,apps:19657/18,2023-02-28,2024-02-29,2024-04-09,0,4,13|3|35|5,6,0,7.637794154334429,dev,0.319116,0.1,0.0,7.637794,0.065,0.057273
4026b1621d4a,Article 6 Criminal,apps:56716/16,2023-02-28,2024-02-29,2024-04-09,0,4,13|35|8,6,0,6.127001096091551,dev,0.466473,0.1,0.0,6.127001,0.065,0.055834
4026b1621d4a,Article 6 Criminal,apps:62157/13,2023-02-28,2024-02-29,2024-04-09,0,4,6,6,1,10.840499596396086,dev,0.267472,0.1,1.0,10.8405,0.415,0.060322
4026b1621d4a,Article 6 Criminal,apps:16915/21,2023-02-28,2024-02-29,2024-04-09,0,3,10|35,6,0,6.390374442354173,dev,0.247919,0.3,0.0,6.390374,0.195,0.156085
4026b1621d4a,Article 6 Criminal,apps:48340/20,2023-02-28,2024-02-29,2024-04-09,0,3,10|41,6,0,7.481157234325819,dev,0.096812,0.3,0.0,7.481157,0.195,0.157124
4026b1621d4a,Article 6 Criminal,apps:53162/21,2023-02-28,2024-02-29,2024-04-09,0,3,41|8,6,0,6.390374442354173,dev,0.290212,0.3,0.0,6.390374,0.195,0.156085
6d86f7b0f9c7,Article 4 Protocol 7,apps:45205/22,2023-02-28,2024-02-29,2024-03-29,0,4,11|5|6,P7-4,0,40.506418303580716,dev,0.38415,0.1,0.0,40.506418,0.065,0.08857
6d86f7b0f9c7,Article 4 Protocol 7,apps:7827/23,2023-02-28,2024-02-29,2024-03-29,0,4,13|6,P7-4,0,23.215182574647926,dev,0.615377,0.1,0.0,23.215183,0.065,0.072106
6d86f7b0f9c7,Article 4 Protocol 7,apps:13072/23,2023-02-28,2024-02-29,2024-03-29,0,4,6,P7-4,0,7.106344616540129,dev,0.24827,0.1,0.0,7.106345,0.065,0.056767
6d86f7b0f9c7,Article 4 Protocol 7,apps:20256/20,2023-02-28,2024-02-29,2024-03-29,0,3,41,P7-4,0,1.0922458915819955,dev,0.865308,0.3,0.0,1.092246,0.195,0.15104
6d86f7b0f9c7,Article 4 Protocol 7,apps:45987/21,2023-02-28,2024-02-29,2024-03-29,0,4,2,P7-4,0,3.562422424286681,dev,0.1597,0.1,0.0,3.562422,0.065,0.053392
6d86f7b0f9c7,Article 4 Protocol 7,apps:9166/14,2023-02-28,2024-02-29,2024-03-29,0,4,P1-1,P7-4,0,3.886662805121528,dev,0.327436,0.1,0.0,3.886663,0.065,0.053701
6d86f7b0f9c7,Article 4 Protocol 7,apps:25870/21,2023-02-28,2024-02-29,2024-03-29,0,4,11|5|6|P7-4,P7-4,1,75.0888897614463,dev,0.577687,0.1,1.0,75.08889,0.415,0.1215
6d86f7b0f9c7,Article 4 Protocol 7,apps:54470/21,2023-02-28,2024-02-29,2024-03-29,0,4,11|5|6,P7-4,0,18.274829509238558,dev,0.312715,0.1,0.0,18.27483,0.065,0.067401
6d86f7b0f9c7,Article 4 Protocol 7,apps:16974/14,2023-02-28,2024-02-29,2024-03-29,0,3,41|8,P7-4,0,3.449593420093585,dev,0.763121,0.3,0.0,3.449593,0.195,0.153285
6d86f7b0f9c7,Article 4 Protocol 7,apps:35012/19,2023-02-28,2024-02-29,2024-03-29,0,4,13|14|3|5|8,P7-4,0,28.155535640057295,dev,0.498266,0.1,0.0,28.155536,0.065,0.07681
6d86f7b0f9c7,Article 4 Protocol 7,apps:10940/17,2023-02-28,2024-02-29,2024-03-29,0,3,41|5,P7-4,0,4.295921374527101,dev,0.514725,0.3,0.0,4.295921,0.195,0.154091
6d86f7b0f9c7,Article 4 Protocol 7,apps:47048/21,2023-02-28,2024-02-29,2024-03-29,0,4,11|5|6,P7-4,0,55.32747749980882,dev,0.49876,0.1,0.0,55.327477,0.065,0.102683
6d86f7b0f9c7,Article 4 Protocol 7,apps:31516/22,2023-02-28,2024-02-29,2024-03-29,0,4,13|3,P7-4,0,1.0922458915819955,dev,0.30854,0.1,0.0,1.092246,0.065,0.05104
6d86f7b0f9c7,Article 4 Protocol 7,apps:46570/18,2023-02-28,2024-02-29,2024-03-29,0,4,10|11|5|6|P7-2,P7-4,0,62.738007097922875,dev,0.023176,0.1,0.0,62.738007,0.065,0.109739
6d86f7b0f9c7,Article 4 Protocol 7,apps:26096/16,2023-02-28,2024-02-29,2024-03-29,0,4,37,P7-4,0,32.06296408308996,dev,0.945233,0.1,0.0,32.062964,0.065,0.080531
6d86f7b0f9c7,Article 4 Protocol 7,apps:53209/17,2023-02-28,2024-02-29,2024-03-29,0,4,3|5,P7-4,0,52.85730096710414,dev,0.505444,0.1,0.0,52.857301,0.065,0.100331
6d86f7b0f9c7,Article 4 Protocol 7,apps:9429/23,2023-02-28,2024-02-29,2024-03-29,0,4,11|5,P7-4,0,45.446771368990085,dev,0.966687,0.1,0.0,45.446771,0.065,0.093275
6d86f7b0f9c7,Article 4 Protocol 7,apps:41877/21,2023-02-28,2024-02-29,2024-03-29,0,4,13|3,P7-4,0,3.562422424286681,dev,0.215144,0.1,0.0,3.562422,0.065,0.053392
6d86f7b0f9c7,Article 4 Protocol 7,apps:57580/21,2023-02-28,2024-02-29,2024-03-29,0,4,11|5|6|P7-2,P7-4,0,20.745006041943242,dev,0.352895,0.1,0.0,20.745006,0.065,0.069754
6d86f7b0f9c7,Article 4 Protocol 7,apps:31018/09,2023-02-28,2024-02-29,2024-03-29,0,4,6,P7-4,0,2.6294034398688586,dev,0.05054,0.1,0.0,2.629403,0.065,0.052504
6d86f7b0f9c7,Article 4 Protocol 7,apps:62444/10,2023-02-28,2024-02-29,2024-03-29,0,4,6|P1-1,P7-4,0,4.405681251251876,dev,0.494894,0.1,0.0,4.405681,0.065,0.054195
6d86f7b0f9c7,Article 4 Protocol 7,apps:48029/21,2023-02-28,2024-02-29,2024-03-29,0,4,11|5|6|P7-2|P7-4,P7-4,1,28.155535640057295,dev,0.882339,0.1,1.0,28.155536,0.415,0.07681
6d86f7b0f9c7,Article 4 Protocol 7,apps:18371/17,2023-02-28,2024-02-29,2024-03-29,0,4,13|6,P7-4,0,9.839403836629883,dev,0.65426,0.1,0.0,9.839404,0.065,0.059369
6d86f7b0f9c7,Article 4 Protocol 7,apps:47784/18,2023-02-28,2024-02-29,2024-03-29,0,4,10|11|5|6|8|P7-2|P7-4,P7-4,1,52.85730096710414,dev,0.470587,0.1,1.0,52.857301,0.415,0.100331
6d86f7b0f9c7,Article 4 Protocol 7,apps:19657/18,2023-02-28,2024-02-29,2024-03-29,0,4,13|3|35|5,P7-4,0,3.3810498562058013,dev,0.536691,0.1,0.0,3.38105,0.065,0.053219
6d86f7b0f9c7,Article 4 Protocol 7,apps:56716/16,2023-02-28,2024-02-29,2024-03-29,0,4,13|35|8,P7-4,0,4.188253211618264,dev,0.847172,0.1,0.0,4.188253,0.065,0.053988
6d86f7b0f9c7,Article 4 Protocol 7,apps:62157/13,2023-02-28,2024-02-29,2024-03-29,0,4,6,P7-4,0,5.442325753081496,dev,0.430928,0.1,0.0,5.442326,0.065,0.055182
6d86f7b0f9c7,Article 4 Protocol 7,apps:16915/21,2023-02-28,2024-02-29,2024-03-29,0,3,10|35,P7-4,0,4.040120295703427,dev,0.882456,0.3,0.0,4.04012,0.195,0.153847
6d86f7b0f9c7,Article 4 Protocol 7,apps:48340/20,2023-02-28,2024-02-29,2024-03-29,0,3,10|41,P7-4,0,3.785924239431113,dev,0.727508,0.3,0.0,3.785924,0.195,0.153605
6d86f7b0f9c7,Article 4 Protocol 7,apps:53162/21,2023-02-28,2024-02-29,2024-03-29,0,3,41|8,P7-4,0,4.040120295703427,dev,0.763857,0.3,0.0,4.04012,0.195,0.153847
726c25db1ffb,Article 17,apps:45205/22,2023-02-28,2024-02-29,2024-04-09,0,4,11|5|6,17,0,105.05198286785922,dev,0.365937,0.1,0.0,105.051983,0.065,0.150031
726c25db1ffb,Article 17,apps:7827/23,2023-02-28,2024-02-29,2024-04-09,0,4,13|6,17,0,34.31213839181751,dev,0.400582,0.1,0.0,34.312138,0.065,0.082672
726c25db1ffb,Article 17,apps:13072/23,2023-02-28,2024-02-29,2024-04-09,0,4,6,17,0,11.293237407831763,dev,0.570282,0.1,0.0,11.293237,0.065,0.060753
726c25db1ffb,Article 17,apps:20256/20,2023-02-28,2024-02-29,2024-04-09,0,3,41,17,0,6.905969307788037,dev,0.194655,0.3,0.0,6.905969,0.195,0.156576
726c25db1ffb,Article 17,apps:45987/21,2023-02-28,2024-02-29,2024-04-09,0,4,2,17,0,3.8996238438807307,dev,0.553223,0.1,0.0,3.899624,0.065,0.053713
726c25db1ffb,Article 17,apps:9166/14,2023-02-28,2024-02-29,2024-04-09,0,4,P1-1,17,0,5.989628280633218,dev,0.073532,0.1,0.0,5.989628,0.065,0.055703
726c25db1ffb,Article 17,apps:25870/21,2023-02-28,2024-02-29,2024-04-09,0,4,11|5|6|P7-4,17,0,5.771130251545041,dev,0.504256,0.1,0.0,5.77113,0.065,0.055495
726c25db1ffb,Article 17,apps:54470/21,2023-02-28,2024-02-29,2024-04-09,0,4,11|5|6,17,0,41.72390705965894,dev,0.764404,0.1,0.0,41.723907,0.065,0.08973
726c25db1ffb,Article 17,apps:16974/14,2023-02-28,2024-02-29,2024-04-09,0,3,41|8,17,0,7.5135740528220465,dev,0.279721,0.3,0.0,7.513574,0.195,0.157154
726c25db1ffb,Article 17,apps:35012/19,2023-02-28,2024-02-29,2024-04-09,0,4,13|14|3|5|8,17,0,19.535116774310815,dev,0.989091,0.1,0.0,19.535117,0.065,0.068601
726c25db1ffb,Article 17,apps:10940/17,2023-02-28,2024-02-29,2024-04-09,0,3,41|5,17,0,13.774186060261997,dev,0.680399,0.3,0.0,13.774186,0.195,0.163116
726c25db1ffb,Article 17,apps:47048/21,2023-02-28,2024-02-29,2024-04-09,0,4,11|5|6,17,0,5.771130251545041,dev,0.118811,0.1,0.0,5.77113,0.065,0.055495
726c25db1ffb,Article 17,apps:31516/22,2023-02-28,2024-02-29,2024-04-09,0,4,13|3,17,0,5.476159141090484,dev,0.975083,0.1,0.0,5.476159,0.065,0.055214
726c25db1ffb,Article 17,apps:46570/18,2023-02-28,2024-02-29,2024-04-09,0,4,10|11|5|6|P7-2,17,0,8.91977734354144,dev,0.393904,0.1,0.0,8.919777,0.065,0.058493
726c25db1ffb,Article 17,apps:26096/16,2023-02-28,2024-02-29,2024-04-09,0,4,37,17,0,59.752367907739924,dev,0.794897,0.1,0.0,59.752368,0.065,0.106897
726c25db1ffb,Article 17,apps:53209/17,2023-02-28,2024-02-29,2024-04-09,0,4,3|5,17,0,10.20642761430614,dev,0.339085,0.1,0.0,10.206428,0.065,0.059719
726c25db1ffb,Article 17,apps:9429/23,2023-02-28,2024-02-29,2024-04-09,0,4,11|5,17,0,69.71681127610877,dev,0.938949,0.1,0.0,69.716811,0.065,0.116385
726c25db1ffb,Article 17,apps:41877/21,2023-02-28,2024-02-29,2024-04-09,0,4,13|3,17,0,4.634444121443657,dev,0.754965,0.1,0.0,4.634444,0.065,0.054413
726c25db1ffb,Article 17,apps:57580/21,2023-02-28,2024-02-29,2024-04-09,0,4,11|5|6|P7-2,17,0,54.684770062803494,dev,0.199058,0.1,0.0,54.68477,0.065,0.102071
726c25db1ffb,Article 17,apps:31018/09,2023-02-28,2024-02-29,2024-04-09,0,4,6,17,0,5.918213846622453,dev,0.509123,0.1,0.0,5.918214,0.065,0.055635
726c25db1ffb,Article 17,apps:62444/10,2023-02-28,2024-02-29,2024-04-09,0,4,6|P1-1,17,0,3.025534483345017,dev,0.500078,0.1,0.0,3.025534,0.065,0.052881
726c25db1ffb,Article 17,apps:48029/21,2023-02-28,2024-02-29,2024-04-09,0,4,11|5|6|P7-2|P7-4,17,0,33.08333172422924,dev,0.045303,0.1,0.0,33.083332,0.065,0.081502
726c25db1ffb,Article 17,apps:18371/17,2023-02-28,2024-02-29,2024-04-09,0,4,13|6,17,0,17.78001133628694,dev,0.137036,0.1,0.0,17.780011,0.065,0.06693
726c25db1ffb,Article 17,apps:47784/18,2023-02-28,2024-02-29,2024-04-09,0,4,10|11|5|6|8|P7-2|P7-4,17,0,8.91977734354144,dev,0.333041,0.1,0.0,8.919777,0.065,0.058493
726c25db1ffb,Article 17,apps:19657/18,2023-02-28,2024-02-29,2024-04-09,0,4,13|3|35|5,17,0,7.923075510383329,dev,0.473744,0.1,0.0,7.923076,0.065,0.057544
726c25db1ffb,Article 17,apps:56716/16,2023-02-28,2024-02-29,2024-04-09,0,4,13|35|8,17,0,7.424723754277773,dev,0.456989,0.1,0.0,7.424724,0.065,0.05707
726c25db1ffb,Article 17,apps:62157/13,2023-02-28,2024-02-29,2024-04-09,0,4,6,17,0,6.9495914509846095,dev,0.606261,0.1,0.0,6.949591,0.065,0.056617
726c25db1ffb,Article 17,apps:16915/21,2023-02-28,2024-02-29,2024-04-09,0,3,10|35,17,0,5.20639538270648,dev,0.515506,0.3,0.0,5.206395,0.195,0.154958
726c25db1ffb,Article 17,apps:48340/20,2023-02-28,2024-02-29,2024-04-09,0,3,10|41,17,0,6.905969307788037,dev,0.327966,0.3,0.0,6.905969,0.195,0.156576
726c25db1ffb,Article 17,apps:53162/21,2023-02-28,2024-02-29,2024-04-09,0,3,41|8,17,0,5.20639538270648,dev,0.613068,0.3,0.0,5.206395,0.195,0.154958
762f0abff297,Article 4,apps:40776/16,2023-02-28,2024-08-31,2024-09-30,0,4,P1-1,4,0,2.297149397374401,dev,0.162502,0.1,0.0,2.297149,0.065,0.052187
762f0abff297,Article 4,apps:59464/21,2023-02-28,2024-08-31,2024-09-30,0,3,35|41|6,4,0,4.513027205607553,dev,0.990616,0.3,0.0,4.513027,0.195,0.154297
762f0abff297,Article 4,apps:12767/21,2023-02-28,2024-08-31,2024-09-30,0,4,10,4,0,1.2400315875261323,dev,0.739319,0.1,0.0,1.240032,0.065,0.051181
762f0abff297,Article 4,apps:24622/22,2023-02-28,2024-08-31,2024-09-30,0,1,35|8,4,0,4.513027205607553,dev,0.299234,1.0,0.0,4.513027,0.65,0.504297
762f0abff297,Article 4,apps:44681/21,2023-02-28,2024-08-31,2024-09-30,0,3,41|6,4,0,4.513027205607553,dev,0.336373,0.3,0.0,4.513027,0.195,0.154297
762f0abff297,Article 4,apps:33394/12,2023-02-28,2024-08-31,2024-09-30,0,4,10|35|6,4,0,4.081227746599069,dev,0.828289,0.1,0.0,4.081228,0.065,0.053886
762f0abff297,Article 4,apps:28540/20,2023-02-28,2024-08-31,2024-09-30,0,4,14|35|8,4,0,2.5536104289532644,dev,0.53234,0.1,0.0,2.55361,0.065,0.052432
762f0abff297,Article 4,apps:50058/12,2023-02-28,2024-08-31,2024-09-30,0,4,5,4,0,3.3331880440281587,dev,0.70874,0.1,0.0,3.333188,0.065,0.053174
762f0abff297,Article 4,apps:20007/22,2023-02-28,2024-08-31,2024-09-30,0,3,10|2|8,4,0,3.774476976972055,dev,0.299791,0.3,0.0,3.774477,0.195,0.153594
762f0abff297,Article 4,apps:15028/16,2023-02-28,2024-08-31,2024-09-30,0,3,10|41,4,0,3.196743000929578,dev,0.815749,0.3,0.0,3.196743,0.195,0.153044
762f0abff297,Article 4,apps:32887/19,2023-02-28,2024-08-31,2024-09-30,0,3,3|34,4,0,3.483105655105045,dev,0.368358,0.3,0.0,3.483106,0.195,0.153317
762f0abff297,Article 4,apps:28791/10,2023-02-28,2024-08-31,2024-09-30,0,3,8,4,0,4.169380244565319,dev,0.673806,0.3,0.0,4.16938,0.195,0.15397
762f0abff297,Article 4,apps:989/18,2023-02-28,2024-08-31,2024-09-30,0,4,6,4,0,5.242451642916299,dev,0.979898,0.1,0.0,5.242452,0.065,0.054992
762f0abff297,Article 4,apps:17389/20,2023-02-28,2024-08-31,2024-09-30,0,3,3|35|7,4,0,3.0658260027094433,dev,0.583702,0.3,0.0,3.065826,0.195,0.152919
762f0abff297,Article 4,apps:35780/18,2023-02-28,2024-08-31,2024-09-30,0,4,35|6|7|P1-1,4,0,2.0736767788738115,dev,0.796755,0.1,0.0,2.073677,0.065,0.051975
762f0abff297,Article 4,apps:22463/17,2023-02-28,2024-08-31,2024-09-30,0,4,3|35|5,4,0,4.144360069936169,dev,0.725324,0.1,0.0,4.14436,0.065,0.053946
762f0abff297,Article 4,apps:2327/20,2023-02-28,2024-08-31,2024-09-30,0,3,1|6,4,0,1.0038213386040953,dev,0.688044,0.3,0.0,1.003821,0.195,0.150956
762f0abff297,Article 4,apps:34210/19,2023-02-28,2024-08-31,2024-09-30,0,3,35|8,4,0,3.366272457801087,dev,0.026647,0.3,0.0,3.366272,0.195,0.153205
762f0abff297,Article 4,apps:63664/19,2023-02-28,2024-08-31,2024-09-30,0,1,8,4,0,4.479591652417064,dev,0.47459,1.0,0.0,4.479592,0.65,0.504265
762f0abff297,Article 4,apps:49755/18,2023-02-28,2024-08-31,2024-09-30,0,3,35|8,4,0,1.0038213386040953,dev,0.967071,0.3,0.0,1.003821,0.195,0.150956
762f0abff297,Article 4,apps:42221/18,2023-02-28,2024-08-31,2024-09-30,0,3,P1-3,4,0,2.775374173027395,dev,0.782904,0.3,0.0,2.775374,0.195,0.152643
762f0abff297,Article 4,apps:50374/21,2023-02-28,2024-08-31,2024-09-30,0,4,10|11|5|6|8,4,0,80.87728572271622,dev,0.776162,0.1,0.0,80.877286,0.065,0.127012
762f0abff297,Article 4,apps:28467/18,2023-02-28,2024-08-31,2024-09-30,0,4,13|6,4,0,16.9087815629226,dev,0.577634,0.1,0.0,16.908782,0.065,0.066101
762f0abff297,Article 4,apps:23734/21,2023-02-28,2024-08-31,2024-09-30,0,4,6,4,0,2.740256039574657,dev,0.7214,0.1,0.0,2.740256,0.065,0.052609
762f0abff297,Article 4,apps:205/22,2023-02-28,2024-08-31,2024-09-30,0,4,13|5|6,4,0,4.513027205607553,dev,0.583523,0.1,0.0,4.513027,0.065,0.054297
762f0abff297,Article 4,apps:4325/22,2023-02-28,2024-08-31,2024-09-30,0,4,13|6,4,0,14.427390257431297,dev,0.170512,0.1,0.0,14.42739,0.065,0.063738
762f0abff297,Article 4,apps:50942/20,2023-02-28,2024-08-31,2024-09-30,0,3,14|35|P1-2,4,0,2.819496880973852,dev,0.629025,0.3,0.0,2.819497,0.195,0.152685
762f0abff297,Article 4,apps:40861/22,2023-02-28,2024-08-31,2024-09-30,0,3,14|3|35|41|8,4,0,3.774476976972055,dev,0.619736,0.3,0.0,3.774477,0.195,0.153594
762f0abff297,Article 4,apps:6823/19,2023-02-28,2024-08-31,2024-09-30,0,4,6,4,0,3.404708067701466,dev,0.841167,0.1,0.0,3.404708,0.065,0.053242
762f0abff297,Article 4,apps:50764/18,2023-02-28,2024-08-31,2024-09-30,0,4,3,4,0,12.523486183473532,dev,0.147776,0.1,0.0,12.523486,0.065,0.061925
0a61f8f7ceb0,Rights of LGBTI persons,apps:45205/22,2023-08-31,2024-02-29,2024-06-13,0,4,11|5|6,,0,31.99893534466417,dev,0.680727,0.1,0.0,31.998935,0.065,0.08047
0a61f8f7ceb0,Rights of LGBTI persons,apps:7827/23,2023-08-31,2024-02-29,2024-06-13,0,4,13|6,,0,5.311224484947251,dev,0.031571,0.1,0.0,5.311224,0.065,0.055057
0a61f8f7ceb0,Rights of LGBTI persons,apps:13072/23,2023-08-31,2024-02-29,2024-06-13,0,4,6,,0,5.311224484947251,dev,0.948205,0.1,0.0,5.311224,0.065,0.055057
0a61f8f7ceb0,Rights of LGBTI persons,apps:20256/20,2023-08-31,2024-02-29,2024-06-13,0,3,41,,0,3.806801432893579,dev,0.109896,0.3,0.0,3.806801,0.195,0.153625
0a61f8f7ceb0,Rights of LGBTI persons,apps:45987/21,2023-08-31,2024-02-29,2024-06-13,0,4,2,,0,4.428720491976198,dev,0.018937,0.1,0.0,4.42872,0.065,0.054217
0a61f8f7ceb0,Rights of LGBTI persons,apps:9166/14,2023-08-31,2024-02-29,2024-06-13,0,4,P1-1,,0,4.264633754170784,dev,0.313692,0.1,0.0,4.264634,0.065,0.054061
0a61f8f7ceb0,Rights of LGBTI persons,apps:25870/21,2023-08-31,2024-02-29,2024-06-13,0,4,11|5|6|P7-4,,0,5.229961014964846,dev,0.151431,0.1,0.0,5.229961,0.065,0.05498
0a61f8f7ceb0,Rights of LGBTI persons,apps:54470/21,2023-08-31,2024-02-29,2024-06-13,0,4,11|5|6,,0,29.17834920875726,dev,0.6905,0.1,0.0,29.178349,0.065,0.077784
0a61f8f7ceb0,Rights of LGBTI persons,apps:16974/14,2023-08-31,2024-02-29,2024-06-13,0,3,41|8,,0,4.025548273263773,dev,0.410377,0.3,0.0,4.025548,0.195,0.153833
0a61f8f7ceb0,Rights of LGBTI persons,apps:35012/19,2023-08-31,2024-02-29,2024-06-13,0,4,13|14|3|5|8,,0,8.30806758365443,dev,0.774972,0.1,0.0,8.308068,0.065,0.057911
0a61f8f7ceb0,Rights of LGBTI persons,apps:10940/17,2023-08-31,2024-02-29,2024-06-13,0,3,41|5,,0,10.197195259436878,dev,0.920521,0.3,0.0,10.197195,0.195,0.15971
0a61f8f7ceb0,Rights of LGBTI persons,apps:47048/21,2023-08-31,2024-02-29,2024-06-13,0,4,11|5|6,,0,5.229961014964846,dev,0.872818,0.1,0.0,5.229961,0.065,0.05498
0a61f8f7ceb0,Rights of LGBTI persons,apps:31516/22,2023-08-31,2024-02-29,2024-06-13,0,4,13|3,,0,6.399777767168162,dev,0.735837,0.1,0.0,6.399778,0.065,0.056094
0a61f8f7ceb0,Rights of LGBTI persons,apps:46570/18,2023-08-31,2024-02-29,2024-06-13,0,4,10|11|5|6|P7-2,,0,5.229961014964846,dev,0.062281,0.1,0.0,5.229961,0.065,0.05498
0a61f8f7ceb0,Rights of LGBTI persons,apps:26096/16,2023-08-31,2024-02-29,2024-06-13,0,4,37,,0,7.472004784868808,dev,0.138082,0.1,0.0,7.472005,0.065,0.057115
0a61f8f7ceb0,Rights of LGBTI persons,apps:53209/17,2023-08-31,2024-02-29,2024-06-13,0,4,3|5,,0,6.9254856594089,dev,0.207342,0.1,0.0,6.925486,0.065,0.056594
0a61f8f7ceb0,Rights of LGBTI persons,apps:9429/23,2023-08-31,2024-02-29,2024-06-13,0,4,11|5,,0,5.229961014964846,dev,0.32505,0.1,0.0,5.229961,0.065,0.05498
0a61f8f7ceb0,Rights of LGBTI persons,apps:41877/21,2023-08-31,2024-02-29,2024-06-13,0,4,13|3,,0,3.807961456076168,dev,0.662227,0.1,0.0,3.807961,0.065,0.053626
0a61f8f7ceb0,Rights of LGBTI persons,apps:57580/21,2023-08-31,2024-02-29,2024-06-13,0,4,11|5|6|P7-2,,0,37.640107616477984,dev,0.525477,0.1,0.0,37.640108,0.065,0.085841
0a61f8f7ceb0,Rights of LGBTI persons,apps:31018/09,2023-08-31,2024-02-29,2024-06-13,0,4,6,,0,5.891178131672652,dev,0.313753,0.1,0.0,5.891178,0.065,0.05561
0a61f8f7ceb0,Rights of LGBTI persons,apps:62444/10,2023-08-31,2024-02-29,2024-06-13,0,4,6|P1-1,,0,4.979182587955931,dev,0.173182,0.1,0.0,4.979183,0.065,0.054741
0a61f8f7ceb0,Rights of LGBTI persons,apps:48029/21,2023-08-31,2024-02-29,2024-06-13,0,4,11|5|6|P7-2|P7-4,,0,23.537176936943446,dev,0.912124,0.1,0.0,23.537177,0.065,0.072412
0a61f8f7ceb0,Rights of LGBTI persons,apps:18371/17,2023-08-31,2024-02-29,2024-06-13,0,4,13|6,,0,6.9254856594089,dev,0.342327,0.1,0.0,6.925486,0.065,0.056594
0a61f8f7ceb0,Rights of LGBTI persons,apps:47784/18,2023-08-31,2024-02-29,2024-06-13,0,4,10|11|5|6|8|P7-2|P7-4,,0,6.6136601215020026,dev,0.354287,0.1,0.0,6.61366,0.065,0.056298
0a61f8f7ceb0,Rights of LGBTI persons,apps:19657/18,2023-08-31,2024-02-29,2024-06-13,0,4,13|3|35|5,,0,3.434813102278304,dev,0.77199,0.1,0.0,3.434813,0.065,0.053271
0a61f8f7ceb0,Rights of LGBTI persons,apps:56716/16,2023-08-31,2024-02-29,2024-06-13,0,4,13|35|8,,0,1.3075344283636243,dev,0.720925,0.1,0.0,1.307534,0.065,0.051245
0a61f8f7ceb0,Rights of LGBTI persons,apps:62157/13,2023-08-31,2024-02-29,2024-06-13,0,4,6,,0,4.154480118198348,dev,0.643309,0.1,0.0,4.15448,0.065,0.053956
0a61f8f7ceb0,Rights of LGBTI persons,apps:16915/21,2023-08-31,2024-02-29,2024-06-13,0,3,10|35,,0,2.834396177611854,dev,0.693313,0.3,0.0,2.834396,0.195,0.152699
0a61f8f7ceb0,Rights of LGBTI persons,apps:48340/20,2023-08-31,2024-02-29,2024-06-13,0,3,10|41,,0,3.4539472916413816,dev,0.610077,0.3,0.0,3.453947,0.195,0.153289
0a61f8f7ceb0,Rights of LGBTI persons,apps:53162/21,2023-08-31,2024-02-29,2024-06-13,0,3,41|8,,0,2.834396177611854,dev,0.192264,0.3,0.0,2.834396,0.195,0.152699
0faa41c7c031,Article 18,apps:45205/22,2023-08-31,2024-02-29,2024-04-09,0,4,11|5|6,18,0,39.79910419969447,dev,0.246519,0.1,0.0,39.799104,0.065,0.087897
0faa41c7c031,Article 18,apps:7827/23,2023-08-31,2024-02-29,2024-04-09,0,4,13|6,18,0,21.915640888236606,dev,0.558087,0.1,0.0,21.915641,0.065,0.070868
0faa41c7c031,Article 18,apps:13072/23,2023-08-31,2024-02-29,2024-04-09,0,4,6,18,0,6.973510863510672,dev,0.224867,0.1,0.0,6.973511,0.065,0.05664
0faa41c7c031,Article 18,apps:20256/20,2023-08-31,2024-02-29,2024-04-09,0,3,41,18,0,1.0953756126623626,dev,0.972911,0.3,0.0,1.095376,0.195,0.151043
0faa41c7c031,Article 18,apps:45987/21,2023-08-31,2024-02-29,2024-04-09,0,4,2,18,0,2.0996977637470087,dev,0.297615,0.1,0.0,2.099698,0.065,0.051999
0faa41c7c031,Article 18,apps:9166/14,2023-08-31,2024-02-29,2024-04-09,0,4,P1-1,18,0,5.487918065062345,dev,0.289004,0.1,0.0,5.487918,0.065,0.055226
0faa41c7c031,Article 18,apps:25870/21,2023-08-31,2024-02-29,2024-04-09,0,4,11|5|6|P7-4,18,0,4.187520737562057,dev,0.207278,0.1,0.0,4.187521,0.065,0.053987
0faa41c7c031,Article 18,apps:54470/21,2023-08-31,2024-02-29,2024-04-09,0,4,11|5|6,18,0,4.187520737562057,dev,0.704988,0.1,0.0,4.187521,0.065,0.053987
0faa41c7c031,Article 18,apps:16974/14,2023-08-31,2024-02-29,2024-04-09,0,3,41|8,18,0,5.4102002855316105,dev,0.317041,0.3,0.0,5.4102,0.195,0.155152
0faa41c7c031,Article 18,apps:35012/19,2023-08-31,2024-02-29,2024-04-09,0,4,13|14|3|5|8,18,0,4.187520737562057,dev,0.348803,0.1,0.0,4.187521,0.065,0.053987
0faa41c7c031,Article 18,apps:10940/17,2023-08-31,2024-02-29,2024-04-09,0,3,41|5,18,0,6.1347375791678775,dev,0.9337,0.3,0.0,6.134738,0.195,0.155842
0faa41c7c031,Article 18,apps:47048/21,2023-08-31,2024-02-29,2024-04-09,0,4,11|5|6,18,0,4.187520737562057,dev,0.795405,0.1,0.0,4.187521,0.065,0.053987
0faa41c7c031,Article 18,apps:31516/22,2023-08-31,2024-02-29,2024-04-09,0,4,13|3,18,0,1.0953756126623626,dev,0.273458,0.1,0.0,1.095376,0.065,0.051043
0faa41c7c031,Article 18,apps:46570/18,2023-08-31,2024-02-29,2024-04-09,0,4,10|11|5|6|P7-2,18,0,5.16713766032082,dev,0.121874,0.1,0.0,5.167138,0.065,0.05492
0faa41c7c031,Article 18,apps:26096/16,2023-08-31,2024-02-29,2024-04-09,0,4,37,18,0,29.593211767260993,dev,0.676622,0.1,0.0,29.593212,0.065,0.078179
0faa41c7c031,Article 18,apps:53209/17,2023-08-31,2024-02-29,2024-04-09,0,4,3|5,18,0,5.16713766032082,dev,0.379694,0.1,0.0,5.167138,0.065,0.05492
0faa41c7c031,Article 18,apps:9429/23,2023-08-31,2024-02-29,2024-04-09,0,4,11|5,18,0,44.77981420793644,dev,0.980161,0.1,0.0,44.779814,0.065,0.09264
0faa41c7c031,Article 18,apps:41877/21,2023-08-31,2024-02-29,2024-04-09,0,4,13|3,18,0,2.0763517002354916,dev,0.818377,0.1,0.0,2.076352,0.065,0.051977
0faa41c7c031,Article 18,apps:57580/21,2023-08-31,2024-02-29,2024-04-09,0,4,11|5|6|P7-2,18,0,4.187520737562057,dev,0.954609,0.1,0.0,4.187521,0.065,0.053987
0faa41c7c031,Article 18,apps:31018/09,2023-08-31,2024-02-29,2024-04-09,0,4,6,18,0,3.9562879472949386,dev,0.804616,0.1,0.0,3.956288,0.065,0.053767
0faa41c7c031,Article 18,apps:62444/10,2023-08-31,2024-02-29,2024-04-09,0,4,6|P1-1,18,0,1.732652211378405,dev,0.290453,0.1,0.0,1.732652,0.065,0.05165
0faa41c7c031,Article 18,apps:48029/21,2023-08-31,2024-02-29,2024-04-09,0,4,11|5|6|P7-2|P7-4,18,0,4.187520737562057,dev,0.28763,0.1,0.0,4.187521,0.065,0.053987
0faa41c7c031,Article 18,apps:18371/17,2023-08-31,2024-02-29,2024-04-09,0,4,13|6,18,0,6.992938106306722,dev,0.714141,0.1,0.0,6.992938,0.065,0.056659
0faa41c7c031,Article 18,apps:47784/18,2023-08-31,2024-02-29,2024-04-09,0,4,10|11|5|6|8|P7-2|P7-4,18,0,5.16713766032082,dev,0.346364,0.1,0.0,5.167138,0.065,0.05492
0faa41c7c031,Article 18,apps:19657/18,2023-08-31,2024-02-29,2024-04-09,0,4,13|3|35|5,18,0,3.158493549528391,dev,0.442376,0.1,0.0,3.158494,0.065,0.053008
0faa41c7c031,Article 18,apps:56716/16,2023-08-31,2024-02-29,2024-04-09,0,4,13|35|8,18,0,4.971432883698368,dev,0.256444,0.1,0.0,4.971433,0.065,0.054734
0faa41c7c031,Article 18,apps:62157/13,2023-08-31,2024-02-29,2024-04-09,0,4,6,18,0,3.7945739825960514,dev,0.479079,0.1,0.0,3.794574,0.065,0.053613
0faa41c7c031,Article 18,apps:16915/21,2023-08-31,2024-02-29,2024-04-09,0,3,10|35,18,0,2.221882734757229,dev,0.202068,0.3,0.0,2.221883,0.195,0.152116
0faa41c7c031,Article 18,apps:48340/20,2023-08-31,2024-02-29,2024-04-09,0,3,10|41,18,0,3.1110358820750044,dev,0.538578,0.3,0.0,3.111036,0.195,0.152962
0faa41c7c031,Article 18,apps:53162/21,2023-08-31,2024-02-29,2024-04-09,0,3,41|8,18,0,2.221882734757229,dev,0.933024,0.3,0.0,2.221883,0.195,0.152116
1b1f8de345be,Article 1 Protocol 1,apps:45205/22,2023-08-31,2024-02-29,2024-08-28,0,4,11|5|6,P1-1,0,32.51171944516791,dev,0.696171,0.1,0.0,32.511719,0.065,0.080958
1b1f8de345be,Article 1 Protocol 1,apps:7827/23,2023-08-31,2024-02-29,2024-08-28,0,4,13|6,P1-1,0,18.706422586396144,dev,0.137273,0.1,0.0,18.706423,0.065,0.067812
1b1f8de345be,Article 1 Protocol 1,apps:13072/23,2023-08-31,2024-02-29,2024-08-28,0,4,6,P1-1,0,9.85022613811908,dev,0.615677,0.1,0.0,9.850226,0.065,0.059379
1b1f8de345be,Article 1 Protocol 1,apps:20256/20,2023-08-31,2024-02-29,2024-08-28,0,3,41,P1-1,0,6.009761337343315,dev,0.58683,0.3,0.0,6.009761,0.195,0.155723
1b1f8de345be,Article 1 Protocol 1,apps:45987/21,2023-08-31,2024-02-29,2024-08-28,0,4,2,P1-1,0,4.640638194251669,dev,0.242458,0.1,0.0,4.640638,0.065,0.054419
1b1f8de345be,Article 1 Protocol 1,apps:9166/14,2023-08-31,2024-02-29,2024-08-28,0,4,P1-1,P1-1,1,4.436678730858153,dev,0.669834,0.1,1.0,4.436679,0.415,0.054225
1b1f8de345be,Article 1 Protocol 1,apps:25870/21,2023-08-31,2024-02-29,2024-08-28,0,4,11|5|6|P7-4,P1-1,0,79.74074884359817,dev,0.531041,0.1,0.0,79.740749,0.065,0.12593
1b1f8de345be,Article 1 Protocol 1,apps:54470/21,2023-08-31,2024-02-29,2024-08-28,0,4,11|5|6,P1-1,0,26.706649262586808,dev,0.637945,0.1,0.0,26.706649,0.065,0.07543
1b1f8de345be,Article 1 Protocol 1,apps:16974/14,2023-08-31,2024-02-29,2024-08-28,0,3,41|8,P1-1,0,4.574644273040256,dev,0.052491,0.3,0.0,4.574644,0.195,0.154356
1b1f8de345be,Article 1 Protocol 1,apps:35012/19,2023-08-31,2024-02-29,2024-08-28,0,4,13|14|3|5|8,P1-1,0,35.83877765187591,dev,0.413301,0.1,0.0,35.838778,0.065,0.084126
1b1f8de345be,Article 1 Protocol 1,apps:10940/17,2023-08-31,2024-02-29,2024-08-28,0,3,41|5,P1-1,0,10.863888649789127,dev,0.717358,0.3,0.0,10.863889,0.195,0.160345
1b1f8de345be,Article 1 Protocol 1,apps:47048/21,2023-08-31,2024-02-29,2024-08-28,0,4,11|5|6,P1-1,0,59.38552159453122,dev,0.100545,0.1,0.0,59.385522,0.065,0.106547
1b1f8de345be,Article 1 Protocol 1,apps:31516/22,2023-08-31,2024-02-29,2024-08-28,0,4,13|3,P1-1,0,5.516446361573459,dev,0.770766,0.1,0.0,5.516446,0.065,0.055253
1b1f8de345be,Article 1 Protocol 1,apps:46570/18,2023-08-31,2024-02-29,2024-08-28,0,4,10|11|5|6|P7-2,P1-1,0,67.01873181293132,dev,0.005181,0.1,0.0,67.018732,0.065,0.113816
1b1f8de345be,Article 1 Protocol 1,apps:26096/16,2023-08-31,2024-02-29,2024-08-28,0,4,37,P1-1,0,37.63581849937286,dev,0.550353,0.1,0.0,37.635818,0.065,0.085837
1b1f8de345be,Article 1 Protocol 1,apps:53209/17,2023-08-31,2024-02-29,2024-08-28,0,4,3|5,P1-1,0,58.81436376495945,dev,0.9291,0.1,0.0,58.814364,0.065,0.106003
1b1f8de345be,Article 1 Protocol 1,apps:9429/23,2023-08-31,2024-02-29,2024-08-28,0,4,11|5,P1-1,0,36.05287536242622,dev,0.406907,0.1,0.0,36.052875,0.065,0.08433
1b1f8de345be,Article 1 Protocol 1,apps:41877/21,2023-08-31,2024-02-29,2024-08-28,0,4,13|3,P1-1,0,4.801081316780225,dev,0.935032,0.1,0.0,4.801081,0.065,0.054572
1b1f8de345be,Article 1 Protocol 1,apps:57580/21,2023-08-31,2024-02-29,2024-08-28,0,4,11|5|6|P7-2,P1-1,0,34.10761117870588,dev,0.8784,0.1,0.0,34.107611,0.065,0.082477
1b1f8de345be,Article 1 Protocol 1,apps:31018/09,2023-08-31,2024-02-29,2024-08-28,0,4,6,P1-1,0,5.871519911937064,dev,0.477449,0.1,0.0,5.87152,0.065,0.055591
1b1f8de345be,Article 1 Protocol 1,apps:62444/10,2023-08-31,2024-02-29,2024-08-28,0,4,6|P1-1,P1-1,1,5.473561434703741,dev,0.199456,0.1,1.0,5.473561,0.415,0.055212
1b1f8de345be,Article 1 Protocol 1,apps:48029/21,2023-08-31,2024-02-29,2024-08-28,0,4,11|5|6|P7-2|P7-4,P1-1,0,31.397084127064232,dev,0.963914,0.1,0.0,31.397084,0.065,0.079896
1b1f8de345be,Article 1 Protocol 1,apps:18371/17,2023-08-31,2024-02-29,2024-08-28,0,4,13|6,P1-1,0,7.223667310247194,dev,0.321168,0.1,0.0,7.223667,0.065,0.056878
1b1f8de345be,Article 1 Protocol 1,apps:47784/18,2023-08-31,2024-02-29,2024-08-28,0,4,10|11|5|6|8|P7-2|P7-4,P1-1,0,56.84111818839786,dev,0.645898,0.1,0.0,56.841118,0.065,0.104124
1b1f8de345be,Article 1 Protocol 1,apps:19657/18,2023-08-31,2024-02-29,2024-08-28,0,4,13|3|35|5,P1-1,0,5.3002553120954286,dev,0.907937,0.1,0.0,5.300255,0.065,0.055047
1b1f8de345be,Article 1 Protocol 1,apps:56716/16,2023-08-31,2024-02-29,2024-08-28,0,4,13|35|8,P1-1,0,5.250066414472962,dev,0.089461,0.1,0.0,5.250066,0.065,0.054999
1b1f8de345be,Article 1 Protocol 1,apps:62157/13,2023-08-31,2024-02-29,2024-08-28,0,4,6,P1-1,0,9.52729479841138,dev,0.574133,0.1,0.0,9.527295,0.065,0.059072
1b1f8de345be,Article 1 Protocol 1,apps:16915/21,2023-08-31,2024-02-29,2024-08-28,0,3,10|35,P1-1,0,4.208733239501576,dev,0.535152,0.3,0.0,4.208733,0.195,0.154008
1b1f8de345be,Article 1 Protocol 1,apps:48340/20,2023-08-31,2024-02-29,2024-08-28,0,3,10|41,P1-1,0,6.540710672139406,dev,0.723118,0.3,0.0,6.540711,0.195,0.156228
1b1f8de345be,Article 1 Protocol 1,apps:53162/21,2023-08-31,2024-02-29,2024-08-28,0,3,41|8,P1-1,0,4.208733239501576,dev,0.936669,0.3,0.0,4.208733,0.195,0.154008
2fbc08fc30bd,Article 9,apps:45205/22,2023-08-31,2024-02-29,2024-09-13,0,4,11|5|6,9,0,39.8351555904842,dev,0.91323,0.1,0.0,39.835156,0.065,0.087931
2fbc08fc30bd,Article 9,apps:7827/23,2023-08-31,2024-02-29,2024-09-13,0,4,13|6,9,0,6.5826382053590935,dev,0.175065,0.1,0.0,6.582638,0.065,0.056268
2fbc08fc30bd,Article 9,apps:13072/23,2023-08-31,2024-02-29,2024-09-13,0,4,6,9,0,5.595863448902292,dev,0.882245,0.1,0.0,5.595863,0.065,0.055328
2fbc08fc30bd,Article 9,apps:20256/20,2023-08-31,2024-02-29,2024-09-13,0,3,41,9,0,3.042253535398121,dev,0.175789,0.3,0.0,3.042254,0.195,0.152897
2fbc08fc30bd,Article 9,apps:45987/21,2023-08-31,2024-02-29,2024-09-13,0,4,2,9,0,4.7879607229850984,dev,0.919635,0.1,0.0,4.787961,0.065,0.054559
2fbc08fc30bd,Article 9,apps:9166/14,2023-08-31,2024-02-29,2024-09-13,0,4,P1-1,9,0,3.4872641060271627,dev,0.997172,0.1,0.0,3.487264,0.065,0.053321
2fbc08fc30bd,Article 9,apps:25870/21,2023-08-31,2024-02-29,2024-09-13,0,4,11|5|6|P7-4,9,0,79.45448008588686,dev,0.396995,0.1,0.0,79.45448,0.065,0.125657
2fbc08fc30bd,Article 9,apps:54470/21,2023-08-31,2024-02-29,2024-09-13,0,4,11|5|6,9,0,47.606828026702075,dev,0.495384,0.1,0.0,47.606828,0.065,0.095331
2fbc08fc30bd,Article 9,apps:16974/14,2023-08-31,2024-02-29,2024-09-13,0,3,41|8,9,0,5.443470193779965,dev,0.936609,0.3,0.0,5.44347,0.195,0.155183
2fbc08fc30bd,Article 9,apps:35012/19,2023-08-31,2024-02-29,2024-09-13,0,4,13|14|3|5|8,9,0,30.662032073297134,dev,0.962131,0.1,0.0,30.662032,0.065,0.079197
2fbc08fc30bd,Article 9,apps:10940/17,2023-08-31,2024-02-29,2024-09-13,0,3,41|5,9,0,11.856903258535898,dev,0.92604,0.3,0.0,11.856903,0.195,0.16129
2fbc08fc30bd,Article 9,apps:47048/21,2023-08-31,2024-02-29,2024-09-13,0,4,11|5|6,9,0,58.91029144900698,dev,0.876743,0.1,0.0,58.910291,0.065,0.106095
2fbc08fc30bd,Article 9,apps:31516/22,2023-08-31,2024-02-29,2024-09-13,0,4,13|3,9,0,4.940264502952636,dev,0.009267,0.1,0.0,4.940265,0.065,0.054704
2fbc08fc30bd,Article 9,apps:46570/18,2023-08-31,2024-02-29,2024-09-13,0,4,10|11|5|6|P7-2,9,0,67.43090203824367,dev,0.567962,0.1,0.0,67.430902,0.065,0.114208
2fbc08fc30bd,Article 9,apps:26096/16,2023-08-31,2024-02-29,2024-09-13,0,4,37,9,0,19.48028840233986,dev,0.107301,0.1,0.0,19.480288,0.065,0.068549
2fbc08fc30bd,Article 9,apps:53209/17,2023-08-31,2024-02-29,2024-09-13,0,4,3|5,9,0,57.15880771980373,dev,0.982994,0.1,0.0,57.158808,0.065,0.104427
2fbc08fc30bd,Article 9,apps:9429/23,2023-08-31,2024-02-29,2024-09-13,0,4,11|5,9,0,5.368133724044899,dev,0.284562,0.1,0.0,5.368134,0.065,0.055112
2fbc08fc30bd,Article 9,apps:41877/21,2023-08-31,2024-02-29,2024-09-13,0,4,13|3,9,0,4.335607951380224,dev,0.989099,0.1,0.0,4.335608,0.065,0.054128
2fbc08fc30bd,Article 9,apps:57580/21,2023-08-31,2024-02-29,2024-09-13,0,4,11|5|6|P7-2,9,0,60.13333974054327,dev,0.5433,0.1,0.0,60.13334,0.065,0.107259
2fbc08fc30bd,Article 9,apps:31018/09,2023-08-31,2024-02-29,2024-09-13,0,4,6,9,0,4.096599888833893,dev,0.493912,0.1,0.0,4.0966,0.065,0.053901
2fbc08fc30bd,Article 9,apps:62444/10,2023-08-31,2024-02-29,2024-09-13,0,4,6|P1-1,9,0,1.7105070050117694,dev,0.938561,0.1,0.0,1.710507,0.065,0.051629
2fbc08fc30bd,Article 9,apps:48029/21,2023-08-31,2024-02-29,2024-09-13,0,4,11|5|6|P7-2|P7-4,9,0,48.05900278440316,dev,0.85106,0.1,0.0,48.059003,0.065,0.095762
2fbc08fc30bd,Article 9,apps:18371/17,2023-08-31,2024-02-29,2024-09-13,0,4,13|6,9,0,10.813976655060511,dev,0.468021,0.1,0.0,10.813977,0.065,0.060297
2fbc08fc30bd,Article 9,apps:47784/18,2023-08-31,2024-02-29,2024-09-13,0,4,10|11|5|6|8|P7-2|P7-4,9,0,57.15880771980373,dev,0.192811,0.1,0.0,57.158808,0.065,0.104427
2fbc08fc30bd,Article 9,apps:19657/18,2023-08-31,2024-02-29,2024-09-13,0,4,13|3|35|5,9,0,7.6675151692915975,dev,0.112647,0.1,0.0,7.667515,0.065,0.057301
2fbc08fc30bd,Article 9,apps:56716/16,2023-08-31,2024-02-29,2024-09-13,0,4,13|35|8,9,0,3.740466195434826,dev,0.162494,0.1,0.0,3.740466,0.065,0.053562
2fbc08fc30bd,Article 9,apps:62157/13,2023-08-31,2024-02-29,2024-09-13,0,4,6,9,0,6.199754177287101,dev,0.458914,0.1,0.0,6.199754,0.065,0.055903
2fbc08fc30bd,Article 9,apps:16915/21,2023-08-31,2024-02-29,2024-09-13,0,3,10|35,9,0,4.903665687228117,dev,0.257265,0.3,0.0,4.903666,0.195,0.154669
2fbc08fc30bd,Article 9,apps:48340/20,2023-08-31,2024-02-29,2024-09-13,0,3,10|41,9,0,3.7168407186530517,dev,0.186199,0.3,0.0,3.716841,0.195,0.153539
2fbc08fc30bd,Article 9,apps:53162/21,2023-08-31,2024-02-29,2024-09-13,0,3,41|8,9,0,4.903665687228117,dev,0.736618,0.3,0.0,4.903666,0.195,0.154669
41c295afbaa0,Article 7,apps:45205/22,2023-08-31,2024-02-29,2024-03-29,0,4,11|5|6,7,0,21.803342563697907,dev,0.790768,0.1,0.0,21.803343,0.065,0.070761
41c295afbaa0,Article 7,apps:7827/23,2023-08-31,2024-02-29,2024-03-29,0,4,13|6,7,0,5.001038743325005,dev,0.567781,0.1,0.0,5.001039,0.065,0.054762
41c295afbaa0,Article 7,apps:13072/23,2023-08-31,2024-02-29,2024-03-29,0,4,6,7,0,5.001038743325005,dev,0.757283,0.1,0.0,5.001039,0.065,0.054762
41c295afbaa0,Article 7,apps:20256/20,2023-08-31,2024-02-29,2024-03-29,0,3,41,7,0,2.687092769513722,dev,0.175495,0.3,0.0,2.687093,0.195,0.152559
41c295afbaa0,Article 7,apps:45987/21,2023-08-31,2024-02-29,2024-03-29,0,4,2,7,0,4.011110840970102,dev,0.856147,0.1,0.0,4.011111,0.065,0.053819
41c295afbaa0,Article 7,apps:9166/14,2023-08-31,2024-02-29,2024-03-29,0,4,P1-1,7,0,3.315906435475728,dev,0.897043,0.1,0.0,3.315906,0.065,0.053157
41c295afbaa0,Article 7,apps:25870/21,2023-08-31,2024-02-29,2024-03-29,0,4,11|5|6|P7-4,7,0,4.734280299860345,dev,0.82699,0.1,0.0,4.73428,0.065,0.054508
41c295afbaa0,Article 7,apps:54470/21,2023-08-31,2024-02-29,2024-03-29,0,4,11|5|6,7,0,19.8788410276985,dev,0.515281,0.1,0.0,19.878841,0.065,0.068929
41c295afbaa0,Article 7,apps:16974/14,2023-08-31,2024-02-29,2024-03-29,0,3,41|8,7,0,2.977719767433205,dev,0.086738,0.3,0.0,2.97772,0.195,0.152835
41c295afbaa0,Article 7,apps:35012/19,2023-08-31,2024-02-29,2024-03-29,0,4,13|14|3|5|8,7,0,7.243976387069718,dev,0.669256,0.1,0.0,7.243976,0.065,0.056898
41c295afbaa0,Article 7,apps:10940/17,2023-08-31,2024-02-29,2024-03-29,0,3,41|5,7,0,5.900028638410285,dev,0.184781,0.3,0.0,5.900029,0.195,0.155618
41c295afbaa0,Article 7,apps:47048/21,2023-08-31,2024-02-29,2024-03-29,0,4,11|5|6,7,0,4.734280299860345,dev,0.140612,0.1,0.0,4.73428,0.065,0.054508
41c295afbaa0,Article 7,apps:31516/22,2023-08-31,2024-02-29,2024-03-29,0,4,13|3,7,0,3.0815060238477145,dev,0.323602,0.1,0.0,3.081506,0.065,0.052934
41c295afbaa0,Article 7,apps:46570/18,2023-08-31,2024-02-29,2024-03-29,0,4,10|11|5|6|P7-2,7,0,4.734280299860345,dev,0.248047,0.1,0.0,4.73428,0.065,0.054508
41c295afbaa0,Article 7,apps:26096/16,2023-08-31,2024-02-29,2024-03-29,0,4,37,7,0,4.466206050812083,dev,0.260785,0.1,0.0,4.466206,0.065,0.054253
41c295afbaa0,Article 7,apps:53209/17,2023-08-31,2024-02-29,2024-03-29,0,4,3|5,7,0,4.734280299860345,dev,0.235521,0.1,0.0,4.73428,0.065,0.054508
41c295afbaa0,Article 7,apps:9429/23,2023-08-31,2024-02-29,2024-03-29,0,4,11|5,7,0,4.734280299860345,dev,0.753757,0.1,0.0,4.73428,0.065,0.054508
41c295afbaa0,Article 7,apps:41877/21,2023-08-31,2024-02-29,2024-03-29,0,4,13|3,7,0,3.315906435475728,dev,0.954035,0.1,0.0,3.315906,0.065,0.053157
41c295afbaa0,Article 7,apps:57580/21,2023-08-31,2024-02-29,2024-03-29,0,4,11|5|6|P7-2,7,0,25.652345635696722,dev,0.301946,0.1,0.0,25.652346,0.065,0.074426
41c295afbaa0,Article 7,apps:31018/09,2023-08-31,2024-02-29,2024-03-29,0,4,6,7,0,5.320990888252762,dev,0.722883,0.1,0.0,5.320991,0.065,0.055067
41c295afbaa0,Article 7,apps:62444/10,2023-08-31,2024-02-29,2024-03-29,0,4,6|P1-1,7,0,1.174298476559909,dev,0.011436,0.1,0.0,1.174298,0.065,0.051118
41c295afbaa0,Article 7,apps:48029/21,2023-08-31,2024-02-29,2024-03-29,0,4,11|5|6|P7-2|P7-4,7,0,16.029837955699684,dev,0.653683,0.1,0.0,16.029838,0.065,0.065264
41c295afbaa0,Article 7,apps:18371/17,2023-08-31,2024-02-29,2024-03-29,0,4,13|6,7,0,4.520071350126903,dev,0.692769,0.1,0.0,4.520071,0.065,0.054304
41c295afbaa0,Article 7,apps:47784/18,2023-08-31,2024-02-29,2024-03-29,0,4,10|11|5|6|8|P7-2|P7-4,7,0,4.734280299860345,dev,0.062124,0.1,0.0,4.73428,0.065,0.054508
41c295afbaa0,Article 7,apps:19657/18,2023-08-31,2024-02-29,2024-03-29,0,4,13|3|35|5,7,0,4.623664793539197,dev,0.118225,0.1,0.0,4.623665,0.065,0.054403
41c295afbaa0,Article 7,apps:56716/16,2023-08-31,2024-02-29,2024-03-29,0,4,13|35|8,7,0,3.963346757865713,dev,0.306806,0.1,0.0,3.963347,0.065,0.053774
41c295afbaa0,Article 7,apps:62157/13,2023-08-31,2024-02-29,2024-03-29,0,4,6,7,0,4.347477365259029,dev,0.405417,0.1,0.0,4.347477,0.065,0.05414
41c295afbaa0,Article 7,apps:16915/21,2023-08-31,2024-02-29,2024-03-29,0,3,10|35,7,0,3.1899917630141634,dev,0.50252,0.3,0.0,3.189992,0.195,0.153038
41c295afbaa0,Article 7,apps:48340/20,2023-08-31,2024-02-29,2024-03-29,0,3,10|41,7,0,3.8840542252888115,dev,0.895118,0.3,0.0,3.884054,0.195,0.153698
41c295afbaa0,Article 7,apps:53162/21,2023-08-31,2024-02-29,2024-03-29,0,3,41|8,7,0,3.1899917630141634,dev,0.703557,0.3,0.0,3.189992,0.195,0.153038
54e38e09f96e,Article 2 Protocol 1,apps:45205/22,2023-08-31,2024-02-29,2024-03-30,0,4,11|5|6,P1-2,0,5.708501928231948,dev,0.310978,0.1,0.0,5.708502,0.065,0.055436
54e38e09f96e,Article 2 Protocol 1,apps:7827/23,2023-08-31,2024-02-29,2024-03-30,0,4,13|6,P1-2,0,6.369542923419772,dev,0.117416,0.1,0.0,6.369543,0.065,0.056065
54e38e09f96e,Article 2 Protocol 1,apps:13072/23,2023-08-31,2024-02-29,2024-03-30,0,4,6,P1-2,0,6.218593062101807,dev,0.91613,0.1,0.0,6.218593,0.065,0.055921
54e38e09f96e,Article 2 Protocol 1,apps:20256/20,2023-08-31,2024-02-29,2024-03-30,0,3,41,P1-2,0,1.3201555171471036,dev,0.295038,0.3,0.0,1.320156,0.195,0.151257
54e38e09f96e,Article 2 Protocol 1,apps:45987/21,2023-08-31,2024-02-29,2024-03-30,0,4,2,P1-2,0,1.3201555171471036,dev,0.614625,0.1,0.0,1.320156,0.065,0.051257
54e38e09f96e,Article 2 Protocol 1,apps:9166/14,2023-08-31,2024-02-29,2024-03-30,0,4,P1-1,P1-2,0,2.505957285689911,dev,0.219129,0.1,0.0,2.505957,0.065,0.052386
54e38e09f96e,Article 2 Protocol 1,apps:25870/21,2023-08-31,2024-02-29,2024-03-30,0,4,11|5|6|P7-4,P1-2,0,5.708501928231948,dev,0.133569,0.1,0.0,5.708502,0.065,0.055436
54e38e09f96e,Article 2 Protocol 1,apps:54470/21,2023-08-31,2024-02-29,2024-03-30,0,4,11|5|6,P1-2,0,5.708501928231948,dev,0.153186,0.1,0.0,5.708502,0.065,0.055436
54e38e09f96e,Article 2 Protocol 1,apps:16974/14,2023-08-31,2024-02-29,2024-03-30,0,3,41|8,P1-2,0,2.505957285689911,dev,0.747735,0.3,0.0,2.505957,0.195,0.152386
54e38e09f96e,Article 2 Protocol 1,apps:35012/19,2023-08-31,2024-02-29,2024-03-30,0,4,13|14|3|5|8,P1-2,0,5.708501928231948,dev,0.605739,0.1,0.0,5.708502,0.065,0.055436
54e38e09f96e,Article 2 Protocol 1,apps:10940/17,2023-08-31,2024-02-29,2024-03-30,0,3,41|5,P1-2,0,10.817982103635256,dev,0.415846,0.3,0.0,10.817982,0.195,0.160301
54e38e09f96e,Article 2 Protocol 1,apps:47048/21,2023-08-31,2024-02-29,2024-03-30,0,4,11|5|6,P1-2,0,5.708501928231948,dev,0.549235,0.1,0.0,5.708502,0.065,0.055436
54e38e09f96e,Article 2 Protocol 1,apps:31516/22,2023-08-31,2024-02-29,2024-03-30,0,4,13|3,P1-2,0,1.3201555171471036,dev,0.470828,0.1,0.0,1.320156,0.065,0.051257
54e38e09f96e,Article 2 Protocol 1,apps:46570/18,2023-08-31,2024-02-29,2024-03-30,0,4,10|11|5|6|P7-2,P1-2,0,5.708501928231948,dev,0.537518,0.1,0.0,5.708502,0.065,0.055436
54e38e09f96e,Article 2 Protocol 1,apps:26096/16,2023-08-31,2024-02-29,2024-03-30,0,4,37,P1-2,0,5.376114364869126,dev,0.664094,0.1,0.0,5.376114,0.065,0.055119
54e38e09f96e,Article 2 Protocol 1,apps:53209/17,2023-08-31,2024-02-29,2024-03-30,0,4,3|5,P1-2,0,5.708501928231948,dev,0.218412,0.1,0.0,5.708502,0.065,0.055436
54e38e09f96e,Article 2 Protocol 1,apps:9429/23,2023-08-31,2024-02-29,2024-03-30,0,4,11|5,P1-2,0,5.708501928231948,dev,0.247465,0.1,0.0,5.708502,0.065,0.055436
54e38e09f96e,Article 2 Protocol 1,apps:41877/21,2023-08-31,2024-02-29,2024-03-30,0,4,13|3,P1-2,0,1.3201555171471036,dev,0.75474,0.1,0.0,1.320156,0.065,0.051257
54e38e09f96e,Article 2 Protocol 1,apps:57580/21,2023-08-31,2024-02-29,2024-03-30,0,4,11|5|6|P7-2,P1-2,0,5.708501928231948,dev,0.873135,0.1,0.0,5.708502,0.065,0.055436
54e38e09f96e,Article 2 Protocol 1,apps:31018/09,2023-08-31,2024-02-29,2024-03-30,0,4,6,P1-2,0,4.240752777893835,dev,0.08187,0.1,0.0,4.240753,0.065,0.054038
54e38e09f96e,Article 2 Protocol 1,apps:62444/10,2023-08-31,2024-02-29,2024-03-30,0,4,6|P1-1,P1-2,0,3.6540231305881754,dev,0.446748,0.1,0.0,3.654023,0.065,0.053479
54e38e09f96e,Article 2 Protocol 1,apps:48029/21,2023-08-31,2024-02-29,2024-03-30,0,4,11|5|6|P7-2|P7-4,P1-2,0,5.708501928231948,dev,0.703766,0.1,0.0,5.708502,0.065,0.055436
54e38e09f96e,Article 2 Protocol 1,apps:18371/17,2023-08-31,2024-02-29,2024-03-30,0,4,13|6,P1-2,0,2.7963554066641465,dev,0.078103,0.1,0.0,2.796355,0.065,0.052663
54e38e09f96e,Article 2 Protocol 1,apps:47784/18,2023-08-31,2024-02-29,2024-03-30,0,4,10|11|5|6|8|P7-2|P7-4,P1-2,0,5.708501928231948,dev,0.564169,0.1,0.0,5.708502,0.065,0.055436
54e38e09f96e,Article 2 Protocol 1,apps:19657/18,2023-08-31,2024-02-29,2024-03-30,0,4,13|3|35|5,P1-2,0,4.595245167550243,dev,0.061758,0.1,0.0,4.595245,0.065,0.054376
54e38e09f96e,Article 2 Protocol 1,apps:56716/16,2023-08-31,2024-02-29,2024-03-30,0,4,13|35|8,P1-2,0,1.3201555171471036,dev,0.547649,0.1,0.0,1.320156,0.065,0.051257
54e38e09f96e,Article 2 Protocol 1,apps:62157/13,2023-08-31,2024-02-29,2024-03-30,0,4,6,P1-2,0,4.650562106982917,dev,0.505487,0.1,0.0,4.650562,0.065,0.054428
54e38e09f96e,Article 2 Protocol 1,apps:16915/21,2023-08-31,2024-02-29,2024-03-30,0,3,10|35,P1-2,0,3.396629133580875,dev,0.572702,0.3,0.0,3.396629,0.195,0.153234
54e38e09f96e,Article 2 Protocol 1,apps:48340/20,2023-08-31,2024-02-29,2024-03-30,0,3,10|41,P1-2,0,3.961815282510285,dev,0.149852,0.3,0.0,3.961815,0.195,0.153772
54e38e09f96e,Article 2 Protocol 1,apps:53162/21,2023-08-31,2024-02-29,2024-03-30,0,3,41|8,P1-2,0,3.396629133580875,dev,0.328118,0.3,0.0,3.396629,0.195,0.153234
7ff3d5fc46dd,Prisoners' rights,apps:45205/22,2023-08-31,2024-02-29,2024-04-05,0,4,11|5|6,,0,73.37281114905086,dev,0.520342,0.1,0.0,73.372811,0.065,0.119866
7ff3d5fc46dd,Prisoners' rights,apps:7827/23,2023-08-31,2024-02-29,2024-04-05,0,4,13|6,,0,26.066613126632376,dev,0.11624,0.1,0.0,26.066613,0.065,0.074821
7ff3d5fc46dd,Prisoners' rights,apps:13072/23,2023-08-31,2024-02-29,2024-04-05,0,4,6,,0,8.47942965610239,dev,0.205401,0.1,0.0,8.47943,0.065,0.058074
7ff3d5fc46dd,Prisoners' rights,apps:20256/20,2023-08-31,2024-02-29,2024-04-05,0,3,41,,0,6.723270184428517,dev,0.583148,0.3,0.0,6.72327,0.195,0.156402
7ff3d5fc46dd,Prisoners' rights,apps:45987/21,2023-08-31,2024-02-29,2024-04-05,0,4,2,,0,3.60240885157841,dev,0.090942,0.1,0.0,3.602409,0.065,0.05343
7ff3d5fc46dd,Prisoners' rights,apps:9166/14,2023-08-31,2024-02-29,2024-04-05,0,4,P1-1,,0,4.170629339065268,dev,0.510375,0.1,0.0,4.170629,0.065,0.053971
7ff3d5fc46dd,Prisoners' rights,apps:25870/21,2023-08-31,2024-02-29,2024-04-05,0,4,11|5|6|P7-4,,0,5.545964207897569,dev,0.808692,0.1,0.0,5.545964,0.065,0.055281
7ff3d5fc46dd,Prisoners' rights,apps:54470/21,2023-08-31,2024-02-29,2024-04-05,0,4,11|5|6,,0,29.358892357622572,dev,0.453432,0.1,0.0,29.358892,0.065,0.077956
7ff3d5fc46dd,Prisoners' rights,apps:16974/14,2023-08-31,2024-02-29,2024-04-05,0,3,41|8,,0,4.031820500491646,dev,0.513248,0.3,0.0,4.031821,0.195,0.153839
7ff3d5fc46dd,Prisoners' rights,apps:35012/19,2023-08-31,2024-02-29,2024-04-05,0,4,13|14|3|5|8,,0,15.298927566444284,dev,0.456798,0.1,0.0,15.298928,0.065,0.064568
7ff3d5fc46dd,Prisoners' rights,apps:10940/17,2023-08-31,2024-02-29,2024-04-05,0,3,41|5,,0,11.006180712029865,dev,0.057737,0.3,0.0,11.006181,0.195,0.16048
7ff3d5fc46dd,Prisoners' rights,apps:47048/21,2023-08-31,2024-02-29,2024-04-05,0,4,11|5|6,,0,5.545964207897569,dev,0.462378,0.1,0.0,5.545964,0.065,0.055281
7ff3d5fc46dd,Prisoners' rights,apps:31516/22,2023-08-31,2024-02-29,2024-04-05,0,4,13|3,,0,6.392140051457687,dev,0.806915,0.1,0.0,6.39214,0.065,0.056087
7ff3d5fc46dd,Prisoners' rights,apps:46570/18,2023-08-31,2024-02-29,2024-04-05,0,4,10|11|5|6|P7-2,,0,6.854160849288121,dev,0.72328,0.1,0.0,6.854161,0.065,0.056527
7ff3d5fc46dd,Prisoners' rights,apps:26096/16,2023-08-31,2024-02-29,2024-04-05,0,4,37,,0,7.031906589530422,dev,0.395949,0.1,0.0,7.031907,0.065,0.056696
7ff3d5fc46dd,Prisoners' rights,apps:53209/17,2023-08-31,2024-02-29,2024-04-05,0,4,3|5,,0,7.384830017994461,dev,0.816453,0.1,0.0,7.38483,0.065,0.057032
7ff3d5fc46dd,Prisoners' rights,apps:9429/23,2023-08-31,2024-02-29,2024-04-05,0,4,11|5,,0,51.36585175333672,dev,0.745804,0.1,0.0,51.365852,0.065,0.098911
7ff3d5fc46dd,Prisoners' rights,apps:41877/21,2023-08-31,2024-02-29,2024-04-05,0,4,13|3,,0,1.8482612661443567,dev,0.578311,0.1,0.0,1.848261,0.065,0.05176
7ff3d5fc46dd,Prisoners' rights,apps:57580/21,2023-08-31,2024-02-29,2024-04-05,0,4,11|5|6|P7-2,,0,37.61150213101538,dev,0.04529,0.1,0.0,37.611502,0.065,0.085814
7ff3d5fc46dd,Prisoners' rights,apps:31018/09,2023-08-31,2024-02-29,2024-04-05,0,4,6,,0,5.359121910291253,dev,0.344529,0.1,0.0,5.359122,0.065,0.055103
7ff3d5fc46dd,Prisoners' rights,apps:62444/10,2023-08-31,2024-02-29,2024-04-05,0,4,6|P1-1,,0,6.343075666898913,dev,0.06376,0.1,0.0,6.343076,0.065,0.05604
7ff3d5fc46dd,Prisoners' rights,apps:48029/21,2023-08-31,2024-02-29,2024-04-05,0,4,11|5|6|P7-2|P7-4,,0,23.857152508694035,dev,0.994124,0.1,0.0,23.857153,0.065,0.072717
7ff3d5fc46dd,Prisoners' rights,apps:18371/17,2023-08-31,2024-02-29,2024-04-05,0,4,13|6,,0,9.529466455348201,dev,0.934583,0.1,0.0,9.529466,0.065,0.059074
7ff3d5fc46dd,Prisoners' rights,apps:47784/18,2023-08-31,2024-02-29,2024-04-05,0,4,10|11|5|6|8|P7-2|P7-4,,0,7.35193296190843,dev,0.069019,0.1,0.0,7.351933,0.065,0.057001
7ff3d5fc46dd,Prisoners' rights,apps:19657/18,2023-08-31,2024-02-29,2024-04-05,0,4,13|3|35|5,,0,8.34902952970561,dev,0.933776,0.1,0.0,8.34903,0.065,0.05795
7ff3d5fc46dd,Prisoners' rights,apps:56716/16,2023-08-31,2024-02-29,2024-04-05,0,4,13|35|8,,0,4.283578146527406,dev,0.031735,0.1,0.0,4.283578,0.065,0.054079
7ff3d5fc46dd,Prisoners' rights,apps:62157/13,2023-08-31,2024-02-29,2024-04-05,0,4,6,,0,6.780048843875678,dev,0.408867,0.1,0.0,6.780049,0.065,0.056456
7ff3d5fc46dd,Prisoners' rights,apps:16915/21,2023-08-31,2024-02-29,2024-04-05,0,3,10|35,,0,2.031385746583019,dev,0.768972,0.3,0.0,2.031386,0.195,0.151934
7ff3d5fc46dd,Prisoners' rights,apps:48340/20,2023-08-31,2024-02-29,2024-04-05,0,3,10|41,,0,4.642504980952427,dev,0.765828,0.3,0.0,4.642505,0.195,0.154421
7ff3d5fc46dd,Prisoners' rights,apps:53162/21,2023-08-31,2024-02-29,2024-04-05,0,3,41|8,,0,2.031385746583019,dev,0.978333,0.3,0.0,2.031386,0.195,0.151934
96d370a07ab1,Article 6 Civil,apps:45205/22,2023-08-31,2024-02-29,2024-09-30,0,4,11|5|6,6,1,40.28640812702331,dev,0.645881,0.1,1.0,40.286408,0.415,0.088361
96d370a07ab1,Article 6 Civil,apps:7827/23,2023-08-31,2024-02-29,2024-09-30,0,4,13|6,6,1,23.398176761188342,dev,0.420362,0.1,1.0,23.398177,0.415,0.07228
96d370a07ab1,Article 6 Civil,apps:13072/23,2023-08-31,2024-02-29,2024-09-30,0,4,6,6,1,9.026218032257294,dev,0.992857,0.1,1.0,9.026218,0.415,0.058595
96d370a07ab1,Article 6 Civil,apps:20256/20,2023-08-31,2024-02-29,2024-09-30,0,3,41,6,0,8.113871555021094,dev,0.38248,0.3,0.0,8.113872,0.195,0.157726
96d370a07ab1,Article 6 Civil,apps:45987/21,2023-08-31,2024-02-29,2024-09-30,0,4,2,6,0,6.077493342783321,dev,0.86962,0.1,0.0,6.077493,0.065,0.055787
96d370a07ab1,Article 6 Civil,apps:9166/14,2023-08-31,2024-02-29,2024-09-30,0,4,P1-1,6,0,2.2402680765191185,dev,0.906767,0.1,0.0,2.240268,0.065,0.052133
96d370a07ab1,Article 6 Civil,apps:25870/21,2023-08-31,2024-02-29,2024-09-30,0,4,11|5|6|P7-4,6,1,58.82163090322205,dev,0.375646,0.1,1.0,58.821631,0.415,0.10601
96d370a07ab1,Article 6 Civil,apps:54470/21,2023-08-31,2024-02-29,2024-09-30,0,4,11|5|6,6,1,31.812305721385403,dev,0.68273,0.1,1.0,31.812306,0.415,0.080292
96d370a07ab1,Article 6 Civil,apps:16974/14,2023-08-31,2024-02-29,2024-09-30,0,3,41|8,6,0,3.394743100289755,dev,0.661793,0.3,0.0,3.394743,0.195,0.153232
96d370a07ab1,Article 6 Civil,apps:35012/19,2023-08-31,2024-02-29,2024-09-30,0,4,13|14|3|5|8,6,0,28.056938546334045,dev,0.5393,0.1,0.0,28.056939,0.065,0.076716
96d370a07ab1,Article 6 Civil,apps:10940/17,2023-08-31,2024-02-29,2024-09-30,0,3,41|5,6,0,16.47158780107992,dev,0.653534,0.3,0.0,16.471588,0.195,0.165684
96d370a07ab1,Article 6 Civil,apps:47048/21,2023-08-31,2024-02-29,2024-09-30,0,4,11|5|6,6,1,43.97051214385936,dev,0.34777,0.1,1.0,43.970512,0.415,0.091869
96d370a07ab1,Article 6 Civil,apps:31516/22,2023-08-31,2024-02-29,2024-09-30,0,4,13|3,6,0,4.465024524671923,dev,0.178474,0.1,0.0,4.465025,0.065,0.054252
96d370a07ab1,Article 6 Civil,apps:46570/18,2023-08-31,2024-02-29,2024-09-30,0,4,10|11|5|6|P7-2,6,1,49.53968167862037,dev,0.537258,0.1,1.0,49.539682,0.415,0.097172
96d370a07ab1,Article 6 Civil,apps:26096/16,2023-08-31,2024-02-29,2024-09-30,0,4,37,6,0,27.55151597017526,dev,0.528843,0.1,0.0,27.551516,0.065,0.076235
96d370a07ab1,Article 6 Civil,apps:53209/17,2023-08-31,2024-02-29,2024-09-30,0,4,3|5,6,0,43.857193549086915,dev,0.727858,0.1,0.0,43.857194,0.065,0.091761
96d370a07ab1,Article 6 Civil,apps:9429/23,2023-08-31,2024-02-29,2024-09-30,0,4,11|5,6,0,44.16874414672621,dev,0.22269,0.1,0.0,44.168744,0.065,0.092058
96d370a07ab1,Article 6 Civil,apps:41877/21,2023-08-31,2024-02-29,2024-09-30,0,4,13|3,6,0,3.9180783282664957,dev,0.003473,0.1,0.0,3.918078,0.065,0.053731
96d370a07ab1,Article 6 Civil,apps:57580/21,2023-08-31,2024-02-29,2024-09-30,0,4,11|5|6|P7-2,6,1,38.89790931674941,dev,0.022735,0.1,1.0,38.897909,0.415,0.087039
96d370a07ab1,Article 6 Civil,apps:31018/09,2023-08-31,2024-02-29,2024-09-30,0,4,6,6,1,5.528825364130721,dev,0.298363,0.1,1.0,5.528825,0.415,0.055265
96d370a07ab1,Article 6 Civil,apps:62444/10,2023-08-31,2024-02-29,2024-09-30,0,4,6|P1-1,6,1,6.714490066258154,dev,0.6735,0.1,1.0,6.71449,0.415,0.056394
96d370a07ab1,Article 6 Civil,apps:48029/21,2023-08-31,2024-02-29,2024-09-30,0,4,11|5|6|P7-2|P7-4,6,1,35.75172260077093,dev,0.544445,0.1,1.0,35.751723,0.415,0.084043
96d370a07ab1,Article 6 Civil,apps:18371/17,2023-08-31,2024-02-29,2024-09-30,0,4,13|6,6,1,14.51972712396239,dev,0.531934,0.1,1.0,14.519727,0.415,0.063826
96d370a07ab1,Article 6 Civil,apps:47784/18,2023-08-31,2024-02-29,2024-09-30,0,4,10|11|5|6|8|P7-2|P7-4,6,1,43.857193549086915,dev,0.82336,0.1,1.0,43.857194,0.415,0.091761
96d370a07ab1,Article 6 Civil,apps:19657/18,2023-08-31,2024-02-29,2024-09-30,0,4,13|3|35|5,6,0,10.06092954482122,dev,0.247512,0.1,0.0,10.06093,0.065,0.05958
96d370a07ab1,Article 6 Civil,apps:56716/16,2023-08-31,2024-02-29,2024-09-30,0,4,13|35|8,6,0,5.383537115456511,dev,0.34616,0.1,0.0,5.383537,0.065,0.055126
96d370a07ab1,Article 6 Civil,apps:62157/13,2023-08-31,2024-02-29,2024-09-30,0,4,6,6,1,9.598036707459524,dev,0.27565,0.1,1.0,9.598037,0.415,0.059139
96d370a07ab1,Article 6 Civil,apps:16915/21,2023-08-31,2024-02-29,2024-09-30,0,3,10|35,6,0,3.7627783774638823,dev,0.93741,0.3,0.0,3.762778,0.195,0.153583
96d370a07ab1,Article 6 Civil,apps:48340/20,2023-08-31,2024-02-29,2024-09-30,0,3,10|41,6,0,7.034257848051508,dev,0.725024,0.3,0.0,7.034258,0.195,0.156698
96d370a07ab1,Article 6 Civil,apps:53162/21,2023-08-31,2024-02-29,2024-09-30,0,3,41|8,6,0,3.7627783774638823,dev,0.112845,0.3,0.0,3.762778,0.195,0.153583
a94e3bc7e2bf,Article 13,apps:45205/22,2023-08-31,2024-02-29,2024-04-09,0,4,11|5|6,13,0,64.06940487107617,dev,0.809478,0.1,0.0,64.069405,0.065,0.111007
a94e3bc7e2bf,Article 13,apps:7827/23,2023-08-31,2024-02-29,2024-04-09,0,4,13|6,13,1,39.38822368363371,dev,0.419241,0.1,1.0,39.388224,0.415,0.087506
a94e3bc7e2bf,Article 13,apps:13072/23,2023-08-31,2024-02-29,2024-04-09,0,4,6,13,0,14.20502115779104,dev,0.766053,0.1,0.0,14.205021,0.065,0.063526
a94e3bc7e2bf,Article 13,apps:20256/20,2023-08-31,2024-02-29,2024-04-09,0,3,41,13,0,6.689444061404526,dev,0.883757,0.3,0.0,6.689444,0.195,0.15637
a94e3bc7e2bf,Article 13,apps:45987/21,2023-08-31,2024-02-29,2024-04-09,0,4,2,13,0,5.520362786303983,dev,0.015646,0.1,0.0,5.520363,0.065,0.055257
a94e3bc7e2bf,Article 13,apps:9166/14,2023-08-31,2024-02-29,2024-04-09,0,4,P1-1,13,0,5.466941758223728,dev,0.206082,0.1,0.0,5.466942,0.065,0.055206
a94e3bc7e2bf,Article 13,apps:25870/21,2023-08-31,2024-02-29,2024-04-09,0,4,11|5|6|P7-4,13,0,105.59238087203961,dev,0.100897,0.1,0.0,105.592381,0.065,0.150546
a94e3bc7e2bf,Article 13,apps:54470/21,2023-08-31,2024-02-29,2024-04-09,0,4,11|5|6,13,0,69.92627739722614,dev,0.033576,0.1,0.0,69.926277,0.065,0.116584
a94e3bc7e2bf,Article 13,apps:16974/14,2023-08-31,2024-02-29,2024-04-09,0,3,41|8,13,0,5.466941758223728,dev,0.597785,0.3,0.0,5.466942,0.195,0.155206
a94e3bc7e2bf,Article 13,apps:35012/19,2023-08-31,2024-02-29,2024-04-09,0,4,13|14|3|5|8,13,1,53.58546758138078,dev,0.703286,0.1,1.0,53.585468,0.415,0.101024
a94e3bc7e2bf,Article 13,apps:10940/17,2023-08-31,2024-02-29,2024-04-09,0,3,41|5,13,0,18.649525270255708,dev,0.048676,0.3,0.0,18.649525,0.195,0.167758
a94e3bc7e2bf,Article 13,apps:47048/21,2023-08-31,2024-02-29,2024-04-09,0,4,11|5|6,13,0,77.36331524803008,dev,0.740541,0.1,0.0,77.363315,0.065,0.123666
a94e3bc7e2bf,Article 13,apps:31516/22,2023-08-31,2024-02-29,2024-04-09,0,4,13|3,13,1,6.782080328739211,dev,0.402265,0.1,1.0,6.78208,0.415,0.056458
a94e3bc7e2bf,Article 13,apps:46570/18,2023-08-31,2024-02-29,2024-04-09,0,4,10|11|5|6|P7-2,13,0,87.94921485703365,dev,0.234339,0.1,0.0,87.949215,0.065,0.133746
a94e3bc7e2bf,Article 13,apps:26096/16,2023-08-31,2024-02-29,2024-04-09,0,4,37,13,0,38.0715038435716,dev,0.217269,0.1,0.0,38.071504,0.065,0.086252
a94e3bc7e2bf,Article 13,apps:53209/17,2023-08-31,2024-02-29,2024-04-09,0,4,3|5,13,0,78.88939984438599,dev,0.86373,0.1,0.0,78.8894,0.065,0.125119
a94e3bc7e2bf,Article 13,apps:9429/23,2023-08-31,2024-02-29,2024-04-09,0,4,11|5,13,0,71.92100010346213,dev,0.056444,0.1,0.0,71.921,0.065,0.118484
a94e3bc7e2bf,Article 13,apps:41877/21,2023-08-31,2024-02-29,2024-04-09,0,4,13|3,13,1,5.255995732383298,dev,0.503896,0.1,1.0,5.255996,0.415,0.055005
a94e3bc7e2bf,Article 13,apps:57580/21,2023-08-31,2024-02-29,2024-04-09,0,4,11|5|6|P7-2,13,0,88.61906399829866,dev,0.289263,0.1,0.0,88.619064,0.065,0.134384
a94e3bc7e2bf,Article 13,apps:31018/09,2023-08-31,2024-02-29,2024-04-09,0,4,6,13,0,6.805563647011095,dev,0.815786,0.1,0.0,6.805564,0.065,0.05648
a94e3bc7e2bf,Article 13,apps:62444/10,2023-08-31,2024-02-29,2024-04-09,0,4,6|P1-1,13,0,8.47658122416705,dev,0.731517,0.1,0.0,8.476581,0.065,0.058071
a94e3bc7e2bf,Article 13,apps:48029/21,2023-08-31,2024-02-29,2024-04-09,0,4,11|5|6|P7-2|P7-4,13,0,73.9313746105167,dev,0.318904,0.1,0.0,73.931375,0.065,0.120398
a94e3bc7e2bf,Article 13,apps:18371/17,2023-08-31,2024-02-29,2024-04-09,0,4,13|6,13,1,16.168297792598054,dev,0.597918,0.1,1.0,16.168298,0.415,0.065396
a94e3bc7e2bf,Article 13,apps:47784/18,2023-08-31,2024-02-29,2024-04-09,0,4,10|11|5|6|8|P7-2|P7-4,13,0,78.88939984438599,dev,0.672532,0.1,0.0,78.8894,0.065,0.125119
a94e3bc7e2bf,Article 13,apps:19657/18,2023-08-31,2024-02-29,2024-04-09,0,4,13|3|35|5,13,1,7.168080652200869,dev,0.320665,0.1,1.0,7.168081,0.415,0.056825
a94e3bc7e2bf,Article 13,apps:56716/16,2023-08-31,2024-02-29,2024-04-09,0,4,13|35|8,13,1,5.14341061171301,dev,0.301764,0.1,1.0,5.143411,0.415,0.054898
a94e3bc7e2bf,Article 13,apps:62157/13,2023-08-31,2024-02-29,2024-04-09,0,4,6,13,0,7.076957746198329,dev,0.14326,0.1,0.0,7.076958,0.065,0.056739
a94e3bc7e2bf,Article 13,apps:16915/21,2023-08-31,2024-02-29,2024-04-09,0,3,10|35,13,0,7.139538816693234,dev,0.660212,0.3,0.0,7.139539,0.195,0.156798
a94e3bc7e2bf,Article 13,apps:48340/20,2023-08-31,2024-02-29,2024-04-09,0,3,10|41,13,0,6.689444061404526,dev,0.221043,0.3,0.0,6.689444,0.195,0.15637
a94e3bc7e2bf,Article 13,apps:53162/21,2023-08-31,2024-02-29,2024-04-09,0,3,41|8,13,0,7.139538816693234,dev,0.300501,0.3,0.0,7.139539,0.195,0.156798
d5256ad78e38,Data protection,apps:45205/22,2023-08-31,2024-02-29,2024-06-13,0,4,11|5|6,,0,40.11946655199354,dev,0.060958,0.1,0.0,40.119467,0.065,0.088202
d5256ad78e38,Data protection,apps:7827/23,2023-08-31,2024-02-29,2024-06-13,0,4,13|6,,0,7.803805641379393,dev,0.94852,0.1,0.0,7.803806,0.065,0.057431
d5256ad78e38,Data protection,apps:13072/23,2023-08-31,2024-02-29,2024-06-13,0,4,6,,0,7.21376963438664,dev,0.879714,0.1,0.0,7.21377,0.065,0.056869
d5256ad78e38,Data protection,apps:20256/20,2023-08-31,2024-02-29,2024-06-13,0,3,41,,0,6.0754654952257,dev,0.911578,0.3,0.0,6.075465,0.195,0.155785
d5256ad78e38,Data protection,apps:45987/21,2023-08-31,2024-02-29,2024-06-13,0,4,2,,0,4.3691170323490365,dev,0.625993,0.1,0.0,4.369117,0.065,0.05416
d5256ad78e38,Data protection,apps:9166/14,2023-08-31,2024-02-29,2024-06-13,0,4,P1-1,,0,7.828341472802924,dev,0.427201,0.1,0.0,7.828341,0.065,0.057454
d5256ad78e38,Data protection,apps:25870/21,2023-08-31,2024-02-29,2024-06-13,0,4,11|5|6|P7-4,,0,70.43370460148775,dev,0.495621,0.1,0.0,70.433705,0.065,0.117067
d5256ad78e38,Data protection,apps:54470/21,2023-08-31,2024-02-29,2024-06-13,0,4,11|5|6,,0,36.432049771192084,dev,0.97229,0.1,0.0,36.43205,0.065,0.084691
d5256ad78e38,Data protection,apps:35012/19,2023-08-31,2024-02-29,2024-06-13,0,4,13|14|3|5|8,,0,27.403767392253865,dev,0.941586,0.1,0.0,27.403767,0.065,0.076094
d5256ad78e38,Data protection,apps:10940/17,2023-08-31,2024-02-29,2024-06-13,0,3,41|5,,0,11.829665780759427,dev,0.671343,0.3,0.0,11.829666,0.195,0.161264
d5256ad78e38,Data protection,apps:47048/21,2023-08-31,2024-02-29,2024-06-13,0,4,11|5|6,,0,52.31583630286296,dev,0.785805,0.1,0.0,52.315836,0.065,0.099815
d5256ad78e38,Data protection,apps:31516/22,2023-08-31,2024-02-29,2024-06-13,0,4,13|3,,0,5.138772936568213,dev,0.318734,0.1,0.0,5.138773,0.065,0.054893
d5256ad78e38,Data protection,apps:46570/18,2023-08-31,2024-02-29,2024-06-13,0,4,10|11|5|6|P7-2,,0,59.11003691484726,dev,0.416325,0.1,0.0,59.110037,0.065,0.106285
d5256ad78e38,Data protection,apps:26096/16,2023-08-31,2024-02-29,2024-06-13,0,4,37,,0,42.32103369452234,dev,0.149218,0.1,0.0,42.321034,0.065,0.090298
d5256ad78e38,Data protection,apps:53209/17,2023-08-31,2024-02-29,2024-06-13,0,4,3|5,,0,51.106764993692614,dev,0.37646,0.1,0.0,51.106765,0.065,0.098664
d5256ad78e38,Data protection,apps:9429/23,2023-08-31,2024-02-29,2024-06-13,0,4,11|5,,0,5.0123029498749325,dev,0.754416,0.1,0.0,5.012303,0.065,0.054773
d5256ad78e38,Data protection,apps:41877/21,2023-08-31,2024-02-29,2024-06-13,0,4,13|3,,0,4.742688473960968,dev,0.473519,0.1,0.0,4.742688,0.065,0.054516
d5256ad78e38,Data protection,apps:57580/21,2023-08-31,2024-02-29,2024-06-13,0,4,11|5|6|P7-2,,0,47.49430011359645,dev,0.849341,0.1,0.0,47.4943,0.065,0.095224
d5256ad78e38,Data protection,apps:31018/09,2023-08-31,2024-02-29,2024-06-13,0,4,6,,0,5.199209880884528,dev,0.300736,0.1,0.0,5.19921,0.065,0.054951
d5256ad78e38,Data protection,apps:62444/10,2023-08-31,2024-02-29,2024-06-13,0,4,6|P1-1,,0,6.384695738712896,dev,0.707577,0.1,0.0,6.384696,0.065,0.05608
d5256ad78e38,Data protection,apps:48029/21,2023-08-31,2024-02-29,2024-06-13,0,4,11|5|6|P7-2|P7-4,,0,35.239696687913394,dev,0.805776,0.1,0.0,35.239697,0.065,0.083555
d5256ad78e38,Data protection,apps:18371/17,2023-08-31,2024-02-29,2024-06-13,0,4,13|6,,0,15.734126864932207,dev,0.914741,0.1,0.0,15.734127,0.065,0.064982
d5256ad78e38,Data protection,apps:47784/18,2023-08-31,2024-02-29,2024-06-13,0,4,10|11|5|6|8|P7-2|P7-4,,0,51.106764993692614,dev,0.562386,0.1,0.0,51.106765,0.065,0.098664
d5256ad78e38,Data protection,apps:19657/18,2023-08-31,2024-02-29,2024-06-13,0,4,13|3|35|5,,0,7.144073532847355,dev,0.967786,0.1,0.0,7.144074,0.065,0.056803
d5256ad78e38,Data protection,apps:56716/16,2023-08-31,2024-02-29,2024-06-13,0,4,13|35|8,,0,5.848852169969861,dev,0.557287,0.1,0.0,5.848852,0.065,0.055569
d5256ad78e38,Data protection,apps:62157/13,2023-08-31,2024-02-29,2024-06-13,0,4,6,,0,10.790594091286547,dev,0.134093,0.1,0.0,10.790594,0.065,0.060275
d5256ad78e38,Data protection,apps:16915/21,2023-08-31,2024-02-29,2024-06-13,0,3,10|35,,0,5.847671202075049,dev,0.242859,0.3,0.0,5.847671,0.195,0.155568
d5256ad78e38,Data protection,apps:48340/20,2023-08-31,2024-02-29,2024-06-13,0,3,10|41,,0,6.0754654952257,dev,0.203337,0.3,0.0,6.075465,0.195,0.155785
d5256ad78e38,Data protection,apps:53162/21,2023-08-31,2024-02-29,2024-06-13,0,3,41|8,,0,5.847671202075049,dev,0.646706,0.3,0.0,5.847671,0.195,0.155568
d5256ad78e38,Data protection,apps:36609/16,2023-08-31,2024-02-29,2024-06-13,0,4,3|5,,0,7.963065822215983,dev,0.922226,0.1,0.0,7.963066,0.065,0.057582
dbfbd08a4477,Article 2 Protocol 4,apps:45205/22,2023-08-31,2024-02-29,2024-09-30,0,4,11|5|6,P4-2,0,86.46627845235744,dev,0.847133,0.1,0.0,86.466278,0.065,0.132334
dbfbd08a4477,Article 2 Protocol 4,apps:7827/23,2023-08-31,2024-02-29,2024-09-30,0,4,13|6,P4-2,0,28.785207654049945,dev,0.092464,0.1,0.0,28.785208,0.065,0.077409
dbfbd08a4477,Article 2 Protocol 4,apps:13072/23,2023-08-31,2024-02-29,2024-09-30,0,4,6,P4-2,0,10.777814778002824,dev,0.724585,0.1,0.0,10.777815,0.065,0.060263
dbfbd08a4477,Article 2 Protocol 4,apps:20256/20,2023-08-31,2024-02-29,2024-09-30,0,3,41,P4-2,0,4.705254573324786,dev,0.190482,0.3,0.0,4.705255,0.195,0.15448
dbfbd08a4477,Article 2 Protocol 4,apps:45987/21,2023-08-31,2024-02-29,2024-09-30,0,4,2,P4-2,0,5.563449874093787,dev,0.268462,0.1,0.0,5.56345,0.065,0.055298
dbfbd08a4477,Article 2 Protocol 4,apps:9166/14,2023-08-31,2024-02-29,2024-09-30,0,4,P1-1,P4-2,0,5.886378057842159,dev,0.673672,0.1,0.0,5.886378,0.065,0.055605
dbfbd08a4477,Article 2 Protocol 4,apps:25870/21,2023-08-31,2024-02-29,2024-09-30,0,4,11|5|6|P7-4,P4-2,0,55.71095296020528,dev,0.602922,0.1,0.0,55.710953,0.065,0.103048
dbfbd08a4477,Article 2 Protocol 4,apps:54470/21,2023-08-31,2024-02-29,2024-09-30,0,4,11|5|6,P4-2,0,51.09069798558147,dev,0.87362,0.1,0.0,51.090698,0.065,0.098649
dbfbd08a4477,Article 2 Protocol 4,apps:16974/14,2023-08-31,2024-02-29,2024-09-30,0,3,41|8,P4-2,0,5.513446383753836,dev,0.188163,0.3,0.0,5.513446,0.195,0.15525
dbfbd08a4477,Article 2 Protocol 4,apps:35012/19,2023-08-31,2024-02-29,2024-09-30,0,4,13|14|3|5|8,P4-2,0,31.444056396717972,dev,0.761696,0.1,0.0,31.444056,0.065,0.079941
dbfbd08a4477,Article 2 Protocol 4,apps:10940/17,2023-08-31,2024-02-29,2024-09-30,0,3,41|5,P4-2,0,14.282036138886848,dev,0.724305,0.3,0.0,14.282036,0.195,0.163599
dbfbd08a4477,Article 2 Protocol 4,apps:47048/21,2023-08-31,2024-02-29,2024-09-30,0,4,11|5|6,P4-2,0,42.060281500967086,dev,0.55885,0.1,0.0,42.060282,0.065,0.09005
dbfbd08a4477,Article 2 Protocol 4,apps:31516/22,2023-08-31,2024-02-29,2024-09-30,0,4,13|3,P4-2,0,5.481492479976043,dev,0.479394,0.1,0.0,5.481492,0.065,0.05522
dbfbd08a4477,Article 2 Protocol 4,apps:46570/18,2023-08-31,2024-02-29,2024-09-30,0,4,10|11|5|6|P7-2,P4-2,0,47.17928329818141,dev,0.869474,0.1,0.0,47.179283,0.065,0.094924
dbfbd08a4477,Article 2 Protocol 4,apps:26096/16,2023-08-31,2024-02-29,2024-09-30,0,4,37,P4-2,0,36.978695096151185,dev,0.332964,0.1,0.0,36.978695,0.065,0.085211
dbfbd08a4477,Article 2 Protocol 4,apps:53209/17,2023-08-31,2024-02-29,2024-09-30,0,4,3|5,P4-2,0,45.422163081689206,dev,0.95702,0.1,0.0,45.422163,0.065,0.093251
dbfbd08a4477,Article 2 Protocol 4,apps:9429/23,2023-08-31,2024-02-29,2024-09-30,0,4,11|5,P4-2,0,55.29209895006748,dev,0.015334,0.1,0.0,55.292099,0.065,0.102649
dbfbd08a4477,Article 2 Protocol 4,apps:41877/21,2023-08-31,2024-02-29,2024-09-30,0,4,13|3,P4-2,0,5.886378057842159,dev,0.93716,0.1,0.0,5.886378,0.065,0.055605
dbfbd08a4477,Article 2 Protocol 4,apps:57580/21,2023-08-31,2024-02-29,2024-09-30,0,4,11|5|6|P7-2,P4-2,0,62.507421383638906,dev,0.962078,0.1,0.0,62.507421,0.065,0.10952
dbfbd08a4477,Article 2 Protocol 4,apps:31018/09,2023-08-31,2024-02-29,2024-09-30,0,4,6,P4-2,0,5.949005884976316,dev,0.117316,0.1,0.0,5.949006,0.065,0.055665
dbfbd08a4477,Article 2 Protocol 4,apps:62444/10,2023-08-31,2024-02-29,2024-09-30,0,4,6|P1-1,P4-2,0,5.837116293880025,dev,0.999572,0.1,0.0,5.837116,0.065,0.055558
dbfbd08a4477,Article 2 Protocol 4,apps:48029/21,2023-08-31,2024-02-29,2024-09-30,0,4,11|5|6|P7-2|P7-4,P4-2,0,49.15316695737879,dev,0.478921,0.1,0.0,49.153167,0.065,0.096804
dbfbd08a4477,Article 2 Protocol 4,apps:18371/17,2023-08-31,2024-02-29,2024-09-30,0,4,13|6,P4-2,0,15.733023808701752,dev,0.242593,0.1,0.0,15.733024,0.065,0.064981
dbfbd08a4477,Article 2 Protocol 4,apps:47784/18,2023-08-31,2024-02-29,2024-09-30,0,4,10|11|5|6|8|P7-2|P7-4,P4-2,0,44.0485988132572,dev,0.604402,0.1,0.0,44.048599,0.065,0.091943
dbfbd08a4477,Article 2 Protocol 4,apps:19657/18,2023-08-31,2024-02-29,2024-09-30,0,4,13|3|35|5,P4-2,0,5.788546805782684,dev,0.204513,0.1,0.0,5.788547,0.065,0.055512
dbfbd08a4477,Article 2 Protocol 4,apps:56716/16,2023-08-31,2024-02-29,2024-09-30,0,4,13|35|8,P4-2,0,6.040850149424372,dev,0.915126,0.1,0.0,6.04085,0.065,0.055752
dbfbd08a4477,Article 2 Protocol 4,apps:62157/13,2023-08-31,2024-02-29,2024-09-30,0,4,6,P4-2,0,6.630563552806565,dev,0.552079,0.1,0.0,6.630564,0.065,0.056314
dbfbd08a4477,Article 2 Protocol 4,apps:16915/21,2023-08-31,2024-02-29,2024-09-30,0,3,10|35,P4-2,0,3.895231226097884,dev,0.775514,0.3,0.0,3.895231,0.195,0.153709
dbfbd08a4477,Article 2 Protocol 4,apps:48340/20,2023-08-31,2024-02-29,2024-09-30,0,3,10|41,P4-2,0,6.268854475376794,dev,0.380662,0.3,0.0,6.268854,0.195,0.155969
dbfbd08a4477,Article 2 Protocol 4,apps:53162/21,2023-08-31,2024-02-29,2024-09-30,0,3,41|8,P4-2,0,3.895231226097884,dev,0.53365,0.3,0.0,3.895231,0.195,0.153709
e12c697e461c,Article 14,apps:45205/22,2023-08-31,2024-02-29,2024-09-30,0,4,11|5|6,14,0,71.96032668685189,dev,0.35926,0.1,0.0,71.960327,0.065,0.118521
e12c697e461c,Article 14,apps:7827/23,2023-08-31,2024-02-29,2024-09-30,0,4,13|6,14,0,26.35617486456684,dev,0.261562,0.1,0.0,26.356175,0.065,0.075097
e12c697e461c,Article 14,apps:13072/23,2023-08-31,2024-02-29,2024-09-30,0,4,6,14,0,9.590107067569242,dev,0.512817,0.1,0.0,9.590107,0.065,0.059132
e12c697e461c,Article 14,apps:20256/20,2023-08-31,2024-02-29,2024-09-30,0,3,41,14,0,4.108172257659698,dev,0.497277,0.3,0.0,4.108172,0.195,0.153912
e12c697e461c,Article 14,apps:45987/21,2023-08-31,2024-02-29,2024-09-30,0,4,2,14,0,4.381889999992563,dev,0.098608,0.1,0.0,4.38189,0.065,0.054172
e12c697e461c,Article 14,apps:9166/14,2023-08-31,2024-02-29,2024-09-30,0,4,P1-1,14,0,5.5081568413263895,dev,0.981318,0.1,0.0,5.508157,0.065,0.055245
e12c697e461c,Article 14,apps:25870/21,2023-08-31,2024-02-29,2024-09-30,0,4,11|5|6|P7-4,14,0,84.1137055071973,dev,0.46949,0.1,0.0,84.113706,0.065,0.130094
e12c697e461c,Article 14,apps:54470/21,2023-08-31,2024-02-29,2024-09-30,0,4,11|5|6,14,0,30.801747212596617,dev,0.839731,0.1,0.0,30.801747,0.065,0.07933
e12c697e461c,Article 14,apps:16974/14,2023-08-31,2024-02-29,2024-09-30,0,3,41|8,14,0,5.158883083989099,dev,0.91433,0.3,0.0,5.158883,0.195,0.154912
e12c697e461c,Article 14,apps:35012/19,2023-08-31,2024-02-29,2024-09-30,0,4,13|14|3|5|8,14,1,31.923313085770154,dev,0.370705,0.1,1.0,31.923313,0.415,0.080398
e12c697e461c,Article 14,apps:10940/17,2023-08-31,2024-02-29,2024-09-30,0,3,41|5,14,0,8.689283087533259,dev,0.41393,0.3,0.0,8.689283,0.195,0.158274
e12c697e461c,Article 14,apps:47048/21,2023-08-31,2024-02-29,2024-09-30,0,4,11|5|6,14,0,62.13880343501748,dev,0.562525,0.1,0.0,62.138803,0.065,0.109169
e12c697e461c,Article 14,apps:31516/22,2023-08-31,2024-02-29,2024-09-30,0,4,13|3,14,0,4.613627662164317,dev,0.221274,0.1,0.0,4.613628,0.065,0.054393
e12c697e461c,Article 14,apps:46570/18,2023-08-31,2024-02-29,2024-09-30,0,4,10|11|5|6|P7-2,14,0,70.37939171208491,dev,0.145923,0.1,0.0,70.379392,0.065,0.117016
e12c697e461c,Article 14,apps:26096/16,2023-08-31,2024-02-29,2024-09-30,0,4,37,14,0,7.3972752193965805,dev,0.260774,0.1,0.0,7.397275,0.065,0.057044
e12c697e461c,Article 14,apps:53209/17,2023-08-31,2024-02-29,2024-09-30,0,4,3|5,14,0,59.391940675994995,dev,0.934758,0.1,0.0,59.391941,0.065,0.106553
e12c697e461c,Article 14,apps:9429/23,2023-08-31,2024-02-29,2024-09-30,0,4,11|5,14,0,48.030140445904095,dev,0.579143,0.1,0.0,48.03014,0.065,0.095735
e12c697e461c,Article 14,apps:41877/21,2023-08-31,2024-02-29,2024-09-30,0,4,13|3,14,0,7.142932219814334,dev,0.417578,0.1,0.0,7.142932,0.065,0.056802
e12c697e461c,Article 14,apps:57580/21,2023-08-31,2024-02-29,2024-09-30,0,4,11|5|6|P7-2,14,0,39.511022592124135,dev,0.152411,0.1,0.0,39.511023,0.065,0.087623
e12c697e461c,Article 14,apps:31018/09,2023-08-31,2024-02-29,2024-09-30,0,4,6,14,0,5.05183343704301,dev,0.329865,0.1,0.0,5.051833,0.065,0.05481
e12c697e461c,Article 14,apps:62444/10,2023-08-31,2024-02-29,2024-09-30,0,4,6|P1-1,14,0,5.289422753606307,dev,0.37984,0.1,0.0,5.289423,0.065,0.055037
e12c697e461c,Article 14,apps:48029/21,2023-08-31,2024-02-29,2024-09-30,0,4,11|5|6|P7-2|P7-4,14,0,31.923313085770154,dev,0.833363,0.1,0.0,31.923313,0.065,0.080398
e12c697e461c,Article 14,apps:18371/17,2023-08-31,2024-02-29,2024-09-30,0,4,13|6,14,0,13.88431416705249,dev,0.499301,0.1,0.0,13.884314,0.065,0.063221
e12c697e461c,Article 14,apps:47784/18,2023-08-31,2024-02-29,2024-09-30,0,4,10|11|5|6|8|P7-2|P7-4,14,0,59.391940675994995,dev,0.654608,0.1,0.0,59.391941,0.065,0.106553
e12c697e461c,Article 14,apps:19657/18,2023-08-31,2024-02-29,2024-09-30,0,4,13|3|35|5,14,0,7.44270514084614,dev,0.684847,0.1,0.0,7.442705,0.065,0.057087
e12c697e461c,Article 14,apps:56716/16,2023-08-31,2024-02-29,2024-09-30,0,4,13|35|8,14,0,5.677553152342854,dev,0.257327,0.1,0.0,5.677553,0.065,0.055406
e12c697e461c,Article 14,apps:62157/13,2023-08-31,2024-02-29,2024-09-30,0,4,6,14,0,6.978797774678634,dev,0.821592,0.1,0.0,6.978798,0.065,0.056645
e12c697e461c,Article 14,apps:16915/21,2023-08-31,2024-02-29,2024-09-30,0,3,10|35,14,0,4.381889999992563,dev,0.966508,0.3,0.0,4.38189,0.195,0.154172
e12c697e461c,Article 14,apps:48340/20,2023-08-31,2024-02-29,2024-09-30,0,3,10|41,14,0,3.612994663831913,dev,0.641694,0.3,0.0,3.612995,0.195,0.15344
e12c697e461c,Article 14,apps:53162/21,2023-08-31,2024-02-29,2024-09-30,0,3,41|8,14,0,4.381889999992563,dev,0.490596,0.3,0.0,4.38189,0.195,0.154172
e19a063de5b3,Immigration,apps:45205/22,2023-08-31,2024-02-29,2024-09-04,0,4,11|5|6,,0,77.09294595558649,dev,0.168234,0.1,0.0,77.092946,0.065,0.123408
e19a063de5b3,Immigration,apps:7827/23,2023-08-31,2024-02-29,2024-09-04,0,4,13|6,,0,42.86725917735796,dev,0.794976,0.1,0.0,42.867259,0.065,0.090818
e19a063de5b3,Immigration,apps:13072/23,2023-08-31,2024-02-29,2024-09-04,0,4,6,,0,12.552745189540305,dev,0.169266,0.1,0.0,12.552745,0.065,0.061953
e19a063de5b3,Immigration,apps:20256/20,2023-08-31,2024-02-29,2024-09-04,0,3,41,,0,3.8733303695480688,dev,0.720314,0.3,0.0,3.87333,0.195,0.153688
e19a063de5b3,Immigration,apps:45987/21,2023-08-31,2024-02-29,2024-09-04,0,4,2,,0,5.7041869767685744,dev,0.488316,0.1,0.0,5.704187,0.065,0.055432
e19a063de5b3,Immigration,apps:9166/14,2023-08-31,2024-02-29,2024-09-04,0,4,P1-1,,0,6.98206570706223,dev,0.916899,0.1,0.0,6.982066,0.065,0.056648
e19a063de5b3,Immigration,apps:25870/21,2023-08-31,2024-02-29,2024-09-04,0,4,11|5|6|P7-4,,0,116.64831852550637,dev,0.542137,0.1,0.0,116.648319,0.065,0.161073
e19a063de5b3,Immigration,apps:54470/21,2023-08-31,2024-02-29,2024-09-04,0,4,11|5|6,,0,28.499106743869586,dev,0.641809,0.1,0.0,28.499107,0.065,0.077137
e19a063de5b3,Immigration,apps:16974/14,2023-08-31,2024-02-29,2024-09-04,0,3,41|8,,0,6.657220407589437,dev,0.058732,0.3,0.0,6.65722,0.195,0.156339
e19a063de5b3,Immigration,apps:35012/19,2023-08-31,2024-02-29,2024-09-04,0,4,13|14|3|5|8,,0,43.82940444502381,dev,0.033824,0.1,0.0,43.829404,0.065,0.091735
e19a063de5b3,Immigration,apps:47048/21,2023-08-31,2024-02-29,2024-09-04,0,4,11|5|6,,0,85.98772312319792,dev,0.846697,0.1,0.0,85.987723,0.065,0.131878
e19a063de5b3,Immigration,apps:31516/22,2023-08-31,2024-02-29,2024-09-04,0,4,13|3,,0,5.150798120517115,dev,0.945188,0.1,0.0,5.150798,0.065,0.054905
e19a063de5b3,Immigration,apps:46570/18,2023-08-31,2024-02-29,2024-09-04,0,4,10|11|5|6|P7-2,,0,97.48544639906359,dev,0.668216,0.1,0.0,97.485446,0.065,0.142826
e19a063de5b3,Immigration,apps:26096/16,2023-08-31,2024-02-29,2024-09-04,0,4,37,,0,35.08084091401867,dev,0.764339,0.1,0.0,35.080841,0.065,0.083404
e19a063de5b3,Immigration,apps:53209/17,2023-08-31,2024-02-29,2024-09-04,0,4,3|5,,0,82.15514869790937,dev,0.412392,0.1,0.0,82.155149,0.065,0.128229
e19a063de5b3,Immigration,apps:9429/23,2023-08-31,2024-02-29,2024-09-04,0,4,11|5,,0,86.87171360650893,dev,0.842545,0.1,0.0,86.871714,0.065,0.13272
e19a063de5b3,Immigration,apps:41877/21,2023-08-31,2024-02-29,2024-09-04,0,4,13|3,,0,5.381725531446529,dev,0.231433,0.1,0.0,5.381726,0.065,0.055125
e19a063de5b3,Immigration,apps:57580/21,2023-08-31,2024-02-29,2024-09-04,0,4,11|5|6|P7-2,,0,32.331681169158145,dev,0.70717,0.1,0.0,32.331681,0.065,0.080786
e19a063de5b3,Immigration,apps:31018/09,2023-08-31,2024-02-29,2024-09-04,0,4,6,,0,6.242605073329846,dev,0.009141,0.1,0.0,6.242605,0.065,0.055944
e19a063de5b3,Immigration,apps:62444/10,2023-08-31,2024-02-29,2024-09-04,0,4,6|P1-1,,0,1.660276240523003,dev,0.505733,0.1,0.0,1.660276,0.065,0.051581
e19a063de5b3,Immigration,apps:48029/21,2023-08-31,2024-02-29,2024-09-04,0,4,11|5|6|P7-2|P7-4,,0,43.82940444502381,dev,0.373201,0.1,0.0,43.829404,0.065,0.091735
e19a063de5b3,Immigration,apps:18371/17,2023-08-31,2024-02-29,2024-09-04,0,4,13|6,,0,20.26203768098226,dev,0.617835,0.1,0.0,20.262038,0.065,0.069294
e19a063de5b3,Immigration,apps:47784/18,2023-08-31,2024-02-29,2024-09-04,0,4,10|11|5|6|8|P7-2|P7-4,,0,82.15514869790937,dev,0.666755,0.1,0.0,82.155149,0.065,0.128229
e19a063de5b3,Immigration,apps:19657/18,2023-08-31,2024-02-29,2024-09-04,0,4,13|3|35|5,,0,6.8029007458357444,dev,0.616519,0.1,0.0,6.802901,0.065,0.056478
e19a063de5b3,Immigration,apps:56716/16,2023-08-31,2024-02-29,2024-09-04,0,4,13|35|8,,0,4.760941612304777,dev,0.483204,0.1,0.0,4.760942,0.065,0.054533
e19a063de5b3,Immigration,apps:62157/13,2023-08-31,2024-02-29,2024-09-04,0,4,6,,0,7.522082272536778,dev,0.487854,0.1,0.0,7.522082,0.065,0.057163
e19a063de5b3,Immigration,apps:16915/21,2023-08-31,2024-02-29,2024-09-04,0,3,10|35,,0,5.531838701219331,dev,0.006612,0.3,0.0,5.531839,0.195,0.155267
e19a063de5b3,Immigration,apps:48340/20,2023-08-31,2024-02-29,2024-09-04,0,3,10|41,,0,4.1013553074458144,dev,0.551644,0.3,0.0,4.101355,0.195,0.153905
e19a063de5b3,Immigration,apps:53162/21,2023-08-31,2024-02-29,2024-09-04,0,3,41|8,,0,5.531838701219331,dev,0.011851,0.3,0.0,5.531839,0.195,0.155267
e19a063de5b3,Immigration,apps:36609/16,2023-08-31,2024-02-29,2024-09-04,0,4,3|5,,0,6.244329460014214,dev,0.529418,0.1,0.0,6.244329,0.065,0.055946
99cd2ce32cf8,Article 8,apps:21141/20,2023-08-31,2024-04-09,2024-06-18,0,4,35|8,8,1,6.4590522710341345,dev,0.274741,0.1,1.0,6.459052,0.415,0.05615
99cd2ce32cf8,Article 8,apps:7189/21,2023-08-31,2024-04-09,2024-06-18,0,1,2|34|35|8,8,1,8.653320676466759,dev,0.977479,1.0,1.0,8.653321,1.0,0.50824
99cd2ce32cf8,Article 8,apps:23332/20,2023-08-31,2024-04-09,2024-06-18,0,4,10,8,0,5.764566387955645,dev,0.017143,0.1,0.0,5.764566,0.065,0.055489
99cd2ce32cf8,Article 8,apps:49512/22,2023-08-31,2024-04-09,2024-06-18,0,4,6,8,0,8.031579749519862,dev,0.813157,0.1,0.0,8.03158,0.065,0.057648
99cd2ce32cf8,Article 8,apps:12471/20,2023-08-31,2024-04-09,2024-06-18,0,3,3|41,8,0,7.925446447302456,dev,0.674033,0.3,0.0,7.925446,0.195,0.157547
99cd2ce32cf8,Article 8,apps:39611/18,2023-08-31,2024-04-09,2024-06-18,0,3,2|3|33|41|5|58|8|P1-1|P1-2|P4-2,8,1,8.212279772124294,dev,0.806168,0.3,1.0,8.21228,0.545,0.15782
99cd2ce32cf8,Article 8,apps:20183/21,2023-08-31,2024-04-09,2024-06-18,0,3,35|5,8,0,5.931633047478433,dev,0.909773,0.3,0.0,5.931633,0.195,0.155648
99cd2ce32cf8,Article 8,apps:19124/21,2023-08-31,2024-04-09,2024-06-18,0,3,35|5,8,0,9.277696188427576,dev,0.107016,0.3,0.0,9.277696,0.195,0.158834
99cd2ce32cf8,Article 8,apps:40516/19,2023-08-31,2024-04-09,2024-06-18,0,4,5|P7-4,8,0,6.479795653999329,dev,0.096314,0.1,0.0,6.479796,0.065,0.05617
99cd2ce32cf8,Article 8,apps:2116/21,2023-08-31,2024-04-09,2024-06-18,0,4,8,8,1,5.66055156056798,dev,0.148897,0.1,1.0,5.660552,0.415,0.05539
99cd2ce32cf8,Article 8,apps:19866/21,2023-08-31,2024-04-09,2024-06-18,0,4,8,8,1,5.66055156056798,dev,0.191932,0.1,1.0,5.660552,0.415,0.05539
99cd2ce32cf8,Article 8,apps:73532/16,2023-08-31,2024-04-09,2024-06-18,0,3,41|6,8,0,7.35001400537149,dev,0.526456,0.3,0.0,7.350014,0.195,0.156999
99cd2ce32cf8,Article 8,apps:963/18,2023-08-31,2024-04-09,2024-06-18,0,4,6,8,0,6.059021095943144,dev,0.815214,0.1,0.0,6.059021,0.065,0.055769
99cd2ce32cf8,Article 8,apps:31022/20,2023-08-31,2024-04-09,2024-06-18,0,4,8,8,1,6.659161245520233,dev,0.267325,0.1,1.0,6.659161,0.415,0.056341
99cd2ce32cf8,Article 8,apps:51301/22,2023-08-31,2024-04-09,2024-06-18,0,4,8,8,1,5.66055156056798,dev,0.396896,0.1,1.0,5.660552,0.415,0.05539
99cd2ce32cf8,Article 8,apps:39371/20,2023-08-31,2024-04-09,2024-06-18,0,1,1|14|19|2|3|35|37|58|8,8,1,13.114283905489952,dev,0.373052,1.0,1.0,13.114284,1.0,0.512487
99cd2ce32cf8,Article 8,apps:13129/19,2023-08-31,2024-04-09,2024-06-18,0,4,35|6,8,0,5.943673682900643,dev,0.406027,0.1,0.0,5.943674,0.065,0.05566
99cd2ce32cf8,Article 8,apps:11589/16,2023-08-31,2024-04-09,2024-06-18,0,4,13|35|6|P1-1,8,0,4.690483731888438,dev,0.565002,0.1,0.0,4.690484,0.065,0.054466
99cd2ce32cf8,Article 8,apps:59556/19,2023-08-31,2024-04-09,2024-06-18,0,4,35|P1-1,8,0,10.858893784619246,dev,0.990233,0.1,0.0,10.858894,0.065,0.06034
99cd2ce32cf8,Article 8,apps:70643/17,2023-08-31,2024-04-09,2024-06-18,0,4,10|35,8,0,6.674765288686172,dev,0.225857,0.1,0.0,6.674765,0.065,0.056356
99cd2ce32cf8,Article 8,apps:26597/23,2023-08-31,2024-04-09,2024-06-18,0,4,3|39,8,0,5.66055156056798,dev,0.684042,0.1,0.0,5.660552,0.065,0.05539
99cd2ce32cf8,Article 8,apps:6389/21,2023-08-31,2024-04-09,2024-06-18,0,4,3|35,8,0,13.687408422830007,dev,0.847867,0.1,0.0,13.687408,0.065,0.063033
99cd2ce32cf8,Article 8,apps:46184/21,2023-08-31,2024-04-09,2024-06-18,0,4,13|37|6,8,0,5.198456005305681,dev,0.653736,0.1,0.0,5.198456,0.065,0.05495
99cd2ce32cf8,Article 8,apps:19638/18,2023-08-31,2024-04-09,2024-06-18,0,4,3|37,8,0,53.212228399507005,dev,0.858219,0.1,0.0,53.212228,0.065,0.100669
99cd2ce32cf8,Article 8,apps:78654/17,2023-08-31,2024-04-09,2024-06-18,0,4,3|37,8,0,40.19975013598424,dev,0.759586,0.1,0.0,40.19975,0.065,0.088278
99cd2ce32cf8,Article 8,apps:29248/18,2023-08-31,2024-04-09,2024-06-18,0,4,6,8,0,7.630898142025888,dev,0.093501,0.1,0.0,7.630898,0.065,0.057266
99cd2ce32cf8,Article 8,apps:49118/21,2023-08-31,2024-04-09,2024-06-18,0,4,3|5,8,0,76.31420274989159,dev,0.379264,0.1,0.0,76.314203,0.065,0.122667
99cd2ce32cf8,Article 8,apps:78465/16,2023-08-31,2024-04-09,2024-06-18,0,4,6,8,0,4.779444472455609,dev,0.552701,0.1,0.0,4.779444,0.065,0.054551
99cd2ce32cf8,Article 8,apps:47083/19,2023-08-31,2024-04-09,2024-06-18,0,4,13|3,8,0,175.26687514228237,dev,0.056115,0.1,0.0,175.266875,0.065,0.21689
99cd2ce32cf8,Article 8,apps:41907/20,2023-08-31,2024-04-09,2024-06-18,0,4,13|14|3|5|8,8,1,145.28218715667134,dev,0.00945,0.1,1.0,145.282187,0.415,0.188339
154b01c3289a,Article 34/35,apps:40776/16,2023-08-31,2024-08-31,2025-01-26,0,4,P1-1,34|35,0,5.324946316133069,dev,0.171384,0.1,0.0,5.324946,0.065,0.05507
154b01c3289a,Article 34/35,apps:59464/21,2023-08-31,2024-08-31,2025-01-26,0,3,35|41|6,34|35,1,7.8443290812139495,dev,0.499858,0.3,1.0,7.844329,0.545,0.157469
154b01c3289a,Article 34/35,apps:12767/21,2023-08-31,2024-08-31,2025-01-26,0,4,10,34|35,0,5.284959808688575,dev,0.43391,0.1,0.0,5.28496,0.065,0.055032
154b01c3289a,Article 34/35,apps:24622/22,2023-08-31,2024-08-31,2025-01-26,0,1,35|8,34|35,1,16.211570537213944,dev,0.784376,1.0,1.0,16.211571,1.0,0.515437
154b01c3289a,Article 34/35,apps:44681/21,2023-08-31,2024-08-31,2025-01-26,0,3,41|6,34|35,0,7.8443290812139495,dev,0.565857,0.3,0.0,7.844329,0.195,0.157469
154b01c3289a,Article 34/35,apps:33394/12,2023-08-31,2024-08-31,2025-01-26,0,4,10|35|6,34|35,1,10.588712694709823,dev,0.85796,0.1,1.0,10.588713,0.415,0.060083
154b01c3289a,Article 34/35,apps:28540/20,2023-08-31,2024-08-31,2025-01-26,0,4,14|35|8,34|35,1,7.847504857136354,dev,0.095362,0.1,1.0,7.847505,0.415,0.057472
154b01c3289a,Article 34/35,apps:50058/12,2023-08-31,2024-08-31,2025-01-26,0,4,5,34|35,0,6.78460888304667,dev,0.528159,0.1,0.0,6.784609,0.065,0.05646
154b01c3289a,Article 34/35,apps:20007/22,2023-08-31,2024-08-31,2025-01-26,0,3,10|2|8,34|35,0,5.4384052681751465,dev,0.042552,0.3,0.0,5.438405,0.195,0.155178
154b01c3289a,Article 34/35,apps:15028/16,2023-08-31,2024-08-31,2025-01-26,0,3,10|41,34|35,0,8.330760759365258,dev,0.211417,0.3,0.0,8.330761,0.195,0.157933
154b01c3289a,Article 34/35,apps:32887/19,2023-08-31,2024-08-31,2025-01-26,0,3,3|34,34|35,1,7.6012069202483925,dev,0.868117,0.3,1.0,7.601207,0.545,0.157238
154b01c3289a,Article 34/35,apps:28791/10,2023-08-31,2024-08-31,2025-01-26,0,3,8,34|35,0,8.4423783456376,dev,0.887554,0.3,0.0,8.442378,0.195,0.158039
154b01c3289a,Article 34/35,apps:989/18,2023-08-31,2024-08-31,2025-01-26,0,4,6,34|35,0,9.648139678853045,dev,0.4755,0.1,0.0,9.64814,0.065,0.059187
154b01c3289a,Article 34/35,apps:17389/20,2023-08-31,2024-08-31,2025-01-26,0,3,3|35|7,34|35,1,5.400913818114532,dev,0.046562,0.3,1.0,5.400914,0.545,0.155143
154b01c3289a,Article 34/35,apps:35780/18,2023-08-31,2024-08-31,2025-01-26,0,4,35|6|7|P1-1,34|35,1,5.338403559456178,dev,0.074348,0.1,1.0,5.338404,0.415,0.055083
154b01c3289a,Article 34/35,apps:22463/17,2023-08-31,2024-08-31,2025-01-26,0,4,3|35|5,34|35,1,12.317096090206856,dev,0.925585,0.1,1.0,12.317096,0.415,0.061728
154b01c3289a,Article 34/35,apps:2327/20,2023-08-31,2024-08-31,2025-01-26,0,3,1|6,34|35,0,5.400913818114532,dev,0.899312,0.3,0.0,5.400914,0.195,0.155143
154b01c3289a,Article 34/35,apps:34210/19,2023-08-31,2024-08-31,2025-01-26,0,3,35|8,34|35,1,11.565466443520084,dev,0.56351,0.3,1.0,11.565466,0.545,0.161013
154b01c3289a,Article 34/35,apps:63664/19,2023-08-31,2024-08-31,2025-01-26,0,1,8,34|35,0,21.576379507030556,dev,0.032902,1.0,0.0,21.57638,0.65,0.520545
154b01c3289a,Article 34/35,apps:49755/18,2023-08-31,2024-08-31,2025-01-26,0,3,35|8,34|35,1,5.266315270145785,dev,0.928766,0.3,1.0,5.266315,0.545,0.155015
154b01c3289a,Article 34/35,apps:42221/18,2023-08-31,2024-08-31,2025-01-26,0,3,P1-3,34|35,0,8.734773789482006,dev,0.314485,0.3,0.0,8.734774,0.195,0.158317
154b01c3289a,Article 34/35,apps:50374/21,2023-08-31,2024-08-31,2025-01-26,0,4,10|11|5|6|8,34|35,0,73.71741378431247,dev,0.961469,0.1,0.0,73.717414,0.065,0.120194
154b01c3289a,Article 34/35,apps:28467/18,2023-08-31,2024-08-31,2025-01-26,0,4,13|6,34|35,0,23.09329097357685,dev,0.587036,0.1,0.0,23.093291,0.065,0.07199
154b01c3289a,Article 34/35,apps:23734/21,2023-08-31,2024-08-31,2025-01-26,0,4,6,34|35,0,11.057824418291819,dev,0.752254,0.1,0.0,11.057824,0.065,0.060529
154b01c3289a,Article 34/35,apps:205/22,2023-08-31,2024-08-31,2025-01-26,0,4,13|5|6,34|35,0,9.148897479035385,dev,0.712711,0.1,0.0,9.148897,0.065,0.058712
154b01c3289a,Article 34/35,apps:4325/22,2023-08-31,2024-08-31,2025-01-26,0,4,13|6,34|35,0,22.882730400168448,dev,0.398296,0.1,0.0,22.88273,0.065,0.071789
154b01c3289a,Article 34/35,apps:50942/20,2023-08-31,2024-08-31,2025-01-26,0,3,14|35|P1-2,34|35,1,9.625593984374623,dev,0.076937,0.3,1.0,9.625594,0.545,0.159166
154b01c3289a,Article 34/35,apps:40861/22,2023-08-31,2024-08-31,2025-01-26,0,3,14|3|35|41|8,34|35,1,5.7786097242599785,dev,0.16245,0.3,1.0,5.77861,0.545,0.155502
154b01c3289a,Article 34/35,apps:6823/19,2023-08-31,2024-08-31,2025-01-26,0,4,6,34|35,0,17.536161226477542,dev,0.240472,0.1,0.0,17.536161,0.065,0.066698
154b01c3289a,Article 34/35,apps:50764/18,2023-08-31,2024-08-31,2025-01-26,0,4,3,34|35,0,24.157323836236827,dev,0.834651,0.1,0.0,24.157324,0.065,0.073003
415c8994e0ed,Article 2,apps:40776/16,2023-08-31,2024-08-31,2025-01-22,0,4,P1-1,2,0,6.837851074297414,dev,0.389157,0.1,0.0,6.837851,0.065,0.056511
415c8994e0ed,Article 2,apps:59464/21,2023-08-31,2024-08-31,2025-01-22,0,3,35|41|6,2,0,6.0938123453580095,dev,0.896526,0.3,0.0,6.093812,0.195,0.155803
415c8994e0ed,Article 2,apps:12767/21,2023-08-31,2024-08-31,2025-01-22,0,4,10,2,0,4.444890452086144,dev,0.33173,0.1,0.0,4.44489,0.065,0.054232
415c8994e0ed,Article 2,apps:24622/22,2023-08-31,2024-08-31,2025-01-22,0,1,35|8,2,0,4.9283686208355135,dev,0.755609,1.0,0.0,4.928369,0.65,0.504693
415c8994e0ed,Article 2,apps:44681/21,2023-08-31,2024-08-31,2025-01-22,0,3,41|6,2,0,6.0938123453580095,dev,0.139951,0.3,0.0,6.093812,0.195,0.155803
415c8994e0ed,Article 2,apps:33394/12,2023-08-31,2024-08-31,2025-01-22,0,4,10|35|6,2,0,10.19103834365607,dev,0.988478,0.1,0.0,10.191038,0.065,0.059704
415c8994e0ed,Article 2,apps:28540/20,2023-08-31,2024-08-31,2025-01-22,0,4,14|35|8,2,0,6.2082431427060385,dev,0.724164,0.1,0.0,6.208243,0.065,0.055912
415c8994e0ed,Article 2,apps:50058/12,2023-08-31,2024-08-31,2025-01-22,0,4,5,2,0,7.859940761064167,dev,0.500793,0.1,0.0,7.859941,0.065,0.057484
415c8994e0ed,Article 2,apps:20007/22,2023-08-31,2024-08-31,2025-01-22,0,3,10|2|8,2,1,4.780685819219026,dev,0.974323,0.3,1.0,4.780686,0.545,0.154552
415c8994e0ed,Article 2,apps:15028/16,2023-08-31,2024-08-31,2025-01-22,0,3,10|41,2,0,6.837851074297414,dev,0.053696,0.3,0.0,6.837851,0.195,0.156511
415c8994e0ed,Article 2,apps:32887/19,2023-08-31,2024-08-31,2025-01-22,0,3,3|34,2,0,6.430637614475531,dev,0.437088,0.3,0.0,6.430638,0.195,0.156123
415c8994e0ed,Article 2,apps:28791/10,2023-08-31,2024-08-31,2025-01-22,0,3,8,2,0,9.500500145066498,dev,0.838675,0.3,0.0,9.5005,0.195,0.159046
415c8994e0ed,Article 2,apps:989/18,2023-08-31,2024-08-31,2025-01-22,0,4,6,2,0,7.636022528862768,dev,0.340593,0.1,0.0,7.636023,0.065,0.057271
415c8994e0ed,Article 2,apps:17389/20,2023-08-31,2024-08-31,2025-01-22,0,3,3|35|7,2,0,5.774566044853251,dev,0.769006,0.3,0.0,5.774566,0.195,0.155499
415c8994e0ed,Article 2,apps:35780/18,2023-08-31,2024-08-31,2025-01-22,0,4,35|6|7|P1-1,2,0,3.0690648264567657,dev,0.954858,0.1,0.0,3.069065,0.065,0.052922
415c8994e0ed,Article 2,apps:22463/17,2023-08-31,2024-08-31,2025-01-22,0,4,3|35|5,2,0,9.8250554884069,dev,0.396703,0.1,0.0,9.825055,0.065,0.059355
415c8994e0ed,Article 2,apps:2327/20,2023-08-31,2024-08-31,2025-01-22,0,3,1|6,2,0,1.7353888405991162,dev,0.773555,0.3,0.0,1.735389,0.195,0.151652
415c8994e0ed,Article 2,apps:34210/19,2023-08-31,2024-08-31,2025-01-22,0,3,35|8,2,0,8.154273153423851,dev,0.029626,0.3,0.0,8.154273,0.195,0.157765
415c8994e0ed,Article 2,apps:63664/19,2023-08-31,2024-08-31,2025-01-22,0,1,8,2,0,10.839263803385263,dev,0.273327,1.0,0.0,10.839264,0.65,0.510321
415c8994e0ed,Article 2,apps:49755/18,2023-08-31,2024-08-31,2025-01-22,0,3,35|8,2,0,6.398235461688533,dev,0.992586,0.3,0.0,6.398235,0.195,0.156092
415c8994e0ed,Article 2,apps:42221/18,2023-08-31,2024-08-31,2025-01-22,0,3,P1-3,2,0,5.515980476608278,dev,0.490603,0.3,0.0,5.51598,0.195,0.155252
415c8994e0ed,Article 2,apps:50374/21,2023-08-31,2024-08-31,2025-01-22,0,4,10|11|5|6|8,2,0,7.460914849674295,dev,0.355811,0.1,0.0,7.460915,0.065,0.057104
415c8994e0ed,Article 2,apps:28467/18,2023-08-31,2024-08-31,2025-01-22,0,4,13|6,2,0,6.457787759045741,dev,0.941143,0.1,0.0,6.457788,0.065,0.056149
415c8994e0ed,Article 2,apps:23734/21,2023-08-31,2024-08-31,2025-01-22,0,4,6,2,0,8.998387591751303,dev,0.431848,0.1,0.0,8.998388,0.065,0.058568
415c8994e0ed,Article 2,apps:205/22,2023-08-31,2024-08-31,2025-01-22,0,4,13|5|6,2,0,5.114144767757022,dev,0.679695,0.1,0.0,5.114145,0.065,0.05487
415c8994e0ed,Article 2,apps:4325/22,2023-08-31,2024-08-31,2025-01-22,0,4,13|6,2,0,6.457787759045741,dev,0.660672,0.1,0.0,6.457788,0.065,0.056149
415c8994e0ed,Article 2,apps:50942/20,2023-08-31,2024-08-31,2025-01-22,0,3,14|35|P1-2,2,0,9.231164762187506,dev,0.085694,0.3,0.0,9.231165,0.195,0.15879
415c8994e0ed,Article 2,apps:40861/22,2023-08-31,2024-08-31,2025-01-22,0,3,14|3|35|41|8,2,0,4.144741365322399,dev,0.618616,0.3,0.0,4.144741,0.195,0.153947
415c8994e0ed,Article 2,apps:6823/19,2023-08-31,2024-08-31,2025-01-22,0,4,6,2,0,7.460914849674295,dev,0.798055,0.1,0.0,7.460915,0.065,0.057104
415c8994e0ed,Article 2,apps:50764/18,2023-08-31,2024-08-31,2025-01-22,0,4,3,2,0,6.4686138051162985,dev,0.713109,0.1,0.0,6.468614,0.065,0.056159
684d373b17e9,Article 11,apps:40776/16,2023-08-31,2024-08-31,2024-09-30,0,4,P1-1,11,0,4.464711748110039,dev,0.082038,0.1,0.0,4.464712,0.065,0.054251
684d373b17e9,Article 11,apps:59464/21,2023-08-31,2024-08-31,2024-09-30,0,3,35|41|6,11,0,9.474542874126657,dev,0.154221,0.3,0.0,9.474543,0.195,0.159022
684d373b17e9,Article 11,apps:12767/21,2023-08-31,2024-08-31,2024-09-30,0,4,10,11,0,5.747602874134387,dev,0.711677,0.1,0.0,5.747603,0.065,0.055473
684d373b17e9,Article 11,apps:24622/22,2023-08-31,2024-08-31,2024-09-30,0,1,35|8,11,0,4.894645536467422,dev,0.633901,1.0,0.0,4.894646,0.65,0.504661
684d373b17e9,Article 11,apps:44681/21,2023-08-31,2024-08-31,2024-09-30,0,3,41|6,11,0,9.474542874126657,dev,0.739655,0.3,0.0,9.474543,0.195,0.159022
684d373b17e9,Article 11,apps:33394/12,2023-08-31,2024-08-31,2024-09-30,0,4,10|35|6,11,0,7.565558171585975,dev,0.316678,0.1,0.0,7.565558,0.065,0.057204
684d373b17e9,Article 11,apps:28540/20,2023-08-31,2024-08-31,2024-09-30,0,4,14|35|8,11,0,7.651724679595017,dev,0.106551,0.1,0.0,7.651725,0.065,0.057286
684d373b17e9,Article 11,apps:50058/12,2023-08-31,2024-08-31,2024-09-30,0,4,5,11,0,7.2109917994621915,dev,0.005195,0.1,0.0,7.210992,0.065,0.056866
684d373b17e9,Article 11,apps:20007/22,2023-08-31,2024-08-31,2024-09-30,0,3,10|2|8,11,0,6.039458739976595,dev,0.308267,0.3,0.0,6.039459,0.195,0.155751
684d373b17e9,Article 11,apps:15028/16,2023-08-31,2024-08-31,2024-09-30,0,3,10|41,11,0,5.782907846080317,dev,0.359917,0.3,0.0,5.782908,0.195,0.155507
684d373b17e9,Article 11,apps:32887/19,2023-08-31,2024-08-31,2024-09-30,0,3,3|34,11,0,6.006644646274891,dev,0.269766,0.3,0.0,6.006645,0.195,0.15572
684d373b17e9,Article 11,apps:28791/10,2023-08-31,2024-08-31,2024-09-30,0,3,8,11,0,6.135304305151013,dev,0.132507,0.3,0.0,6.135304,0.195,0.155842
684d373b17e9,Article 11,apps:989/18,2023-08-31,2024-08-31,2024-09-30,0,4,6,11,0,8.807232261922392,dev,0.187392,0.1,0.0,8.807232,0.065,0.058386
684d373b17e9,Article 11,apps:17389/20,2023-08-31,2024-08-31,2024-09-30,0,3,3|35|7,11,0,3.926819025491202,dev,0.448844,0.3,0.0,3.926819,0.195,0.153739
684d373b17e9,Article 11,apps:35780/18,2023-08-31,2024-08-31,2024-09-30,0,4,35|6|7|P1-1,11,0,5.668077127875087,dev,0.55474,0.1,0.0,5.668077,0.065,0.055397
684d373b17e9,Article 11,apps:22463/17,2023-08-31,2024-08-31,2024-09-30,0,4,3|35|5,11,0,9.480392972799162,dev,0.408044,0.1,0.0,9.480393,0.065,0.059027
684d373b17e9,Article 11,apps:2327/20,2023-08-31,2024-08-31,2024-09-30,0,3,1|6,11,0,3.9524734286020458,dev,0.026262,0.3,0.0,3.952473,0.195,0.153764
684d373b17e9,Article 11,apps:34210/19,2023-08-31,2024-08-31,2024-09-30,0,3,35|8,11,0,10.083037041725943,dev,0.353914,0.3,0.0,10.083037,0.195,0.159601
684d373b17e9,Article 11,apps:63664/19,2023-08-31,2024-08-31,2024-09-30,0,1,8,11,0,9.666828288019616,dev,0.093064,1.0,0.0,9.666828,0.65,0.509205
684d373b17e9,Article 11,apps:49755/18,2023-08-31,2024-08-31,2024-09-30,0,3,35|8,11,0,5.668077127875087,dev,0.598044,0.3,0.0,5.668077,0.195,0.155397
684d373b17e9,Article 11,apps:42221/18,2023-08-31,2024-08-31,2024-09-30,0,3,P1-3,11,0,6.708663230924964,dev,0.32443,0.3,0.0,6.708663,0.195,0.156388
684d373b17e9,Article 11,apps:50374/21,2023-08-31,2024-08-31,2024-09-30,0,4,10|11|5|6|8,11,1,13.147079116797594,dev,0.385238,0.1,1.0,13.147079,0.415,0.062519
684d373b17e9,Article 11,apps:28467/18,2023-08-31,2024-08-31,2024-09-30,0,4,13|6,11,0,20.73405700317518,dev,0.291847,0.1,0.0,20.734057,0.065,0.069743
684d373b17e9,Article 11,apps:23734/21,2023-08-31,2024-08-31,2024-09-30,0,4,6,11,0,12.863107262992628,dev,0.3878,0.1,0.0,12.863107,0.065,0.062248
684d373b17e9,Article 11,apps:205/22,2023-08-31,2024-08-31,2024-09-30,0,4,13|5|6,11,0,7.645667335711117,dev,0.0847,0.1,0.0,7.645667,0.065,0.05728
684d373b17e9,Article 11,apps:4325/22,2023-08-31,2024-08-31,2024-09-30,0,4,13|6,11,0,18.418645422826543,dev,0.901136,0.1,0.0,18.418645,0.065,0.067538
684d373b17e9,Article 11,apps:50942/20,2023-08-31,2024-08-31,2024-09-30,0,3,14|35|P1-2,11,0,10.96870556251001,dev,0.905208,0.3,0.0,10.968706,0.195,0.160444
684d373b17e9,Article 11,apps:40861/22,2023-08-31,2024-08-31,2024-09-30,0,3,14|3|35|41|8,11,0,6.308137005312336,dev,0.978173,0.3,0.0,6.308137,0.195,0.156007
684d373b17e9,Article 11,apps:6823/19,2023-08-31,2024-08-31,2024-09-30,0,4,6,11,0,10.266168976570414,dev,0.57196,0.1,0.0,10.266169,0.065,0.059776
684d373b17e9,Article 11,apps:50764/18,2023-08-31,2024-08-31,2024-09-30,0,4,3,11,0,15.462490697146231,dev,0.169583,0.1,0.0,15.462491,0.065,0.064723
7a059e452dbd,Article 1,apps:40776/16,2023-08-31,2024-08-31,2024-12-19,0,4,P1-1,1,0,4.041733806696565,dev,0.380732,0.1,0.0,4.041734,0.065,0.053849
7a059e452dbd,Article 1,apps:59464/21,2023-08-31,2024-08-31,2024-12-19,0,3,35|41|6,1,0,6.087384148557618,dev,0.13884,0.3,0.0,6.087384,0.195,0.155796
7a059e452dbd,Article 1,apps:12767/21,2023-08-31,2024-08-31,2024-12-19,0,4,10,1,0,4.690559825178349,dev,0.301131,0.1,0.0,4.69056,0.065,0.054466
7a059e452dbd,Article 1,apps:24622/22,2023-08-31,2024-08-31,2024-12-19,0,1,35|8,1,0,5.478875990382303,dev,0.493124,1.0,0.0,5.478876,0.65,0.505217
7a059e452dbd,Article 1,apps:44681/21,2023-08-31,2024-08-31,2024-12-19,0,3,41|6,1,0,6.087384148557618,dev,0.063267,0.3,0.0,6.087384,0.195,0.155796
7a059e452dbd,Article 1,apps:33394/12,2023-08-31,2024-08-31,2024-12-19,0,4,10|35|6,1,0,9.429513723254091,dev,0.434676,0.1,0.0,9.429514,0.065,0.058979
7a059e452dbd,Article 1,apps:28540/20,2023-08-31,2024-08-31,2024-12-19,0,4,14|35|8,1,0,5.574607593668774,dev,0.421102,0.1,0.0,5.574608,0.065,0.055308
7a059e452dbd,Article 1,apps:50058/12,2023-08-31,2024-08-31,2024-12-19,0,4,5,1,0,5.802894270743931,dev,0.484231,0.1,0.0,5.802894,0.065,0.055526
7a059e452dbd,Article 1,apps:20007/22,2023-08-31,2024-08-31,2024-12-19,0,3,10|2|8,1,0,2.832869058956644,dev,0.076921,0.3,0.0,2.832869,0.195,0.152697
7a059e452dbd,Article 1,apps:15028/16,2023-08-31,2024-08-31,2024-12-19,0,3,10|41,1,0,6.861496813945488,dev,0.2517,0.3,0.0,6.861497,0.195,0.156534
7a059e452dbd,Article 1,apps:32887/19,2023-08-31,2024-08-31,2024-12-19,0,3,3|34,1,0,6.719534901587899,dev,0.24659,0.3,0.0,6.719535,0.195,0.156398
7a059e452dbd,Article 1,apps:28791/10,2023-08-31,2024-08-31,2024-12-19,0,3,8,1,0,4.54308139851444,dev,0.625034,0.3,0.0,4.543081,0.195,0.154326
7a059e452dbd,Article 1,apps:989/18,2023-08-31,2024-08-31,2024-12-19,0,4,6,1,0,6.421221150656745,dev,0.593806,0.1,0.0,6.421221,0.065,0.056114
7a059e452dbd,Article 1,apps:17389/20,2023-08-31,2024-08-31,2024-12-19,0,3,3|35|7,1,0,5.910554018302627,dev,0.195548,0.3,0.0,5.910554,0.195,0.155628
7a059e452dbd,Article 1,apps:35780/18,2023-08-31,2024-08-31,2024-12-19,0,4,35|6|7|P1-1,1,0,4.0710495101807735,dev,0.106972,0.1,0.0,4.07105,0.065,0.053876
7a059e452dbd,Article 1,apps:22463/17,2023-08-31,2024-08-31,2024-12-19,0,4,3|35|5,1,0,6.853580295369378,dev,0.304658,0.1,0.0,6.85358,0.065,0.056526
7a059e452dbd,Article 1,apps:34210/19,2023-08-31,2024-08-31,2024-12-19,0,3,35|8,1,0,8.329281202299141,dev,0.948823,0.3,0.0,8.329281,0.195,0.157931
7a059e452dbd,Article 1,apps:63664/19,2023-08-31,2024-08-31,2024-12-19,0,1,8,1,0,13.60596410396597,dev,0.332217,1.0,0.0,13.605964,0.65,0.512956
7a059e452dbd,Article 1,apps:49755/18,2023-08-31,2024-08-31,2024-12-19,0,3,35|8,1,0,4.0710495101807735,dev,0.620192,0.3,0.0,4.07105,0.195,0.153876
7a059e452dbd,Article 1,apps:42221/18,2023-08-31,2024-08-31,2024-12-19,0,3,P1-3,1,0,4.759035701057053,dev,0.804076,0.3,0.0,4.759036,0.195,0.154532
7a059e452dbd,Article 1,apps:50374/21,2023-08-31,2024-08-31,2024-12-19,0,4,10|11|5|6|8,1,0,47.42991680300988,dev,0.329542,0.1,0.0,47.429917,0.065,0.095163
7a059e452dbd,Article 1,apps:28467/18,2023-08-31,2024-08-31,2024-12-19,0,4,13|6,1,0,16.53497847270724,dev,0.334736,0.1,0.0,16.534978,0.065,0.065745
7a059e452dbd,Article 1,apps:23734/21,2023-08-31,2024-08-31,2024-12-19,0,4,6,1,0,10.872654203856936,dev,0.815475,0.1,0.0,10.872654,0.065,0.060353
7a059e452dbd,Article 1,apps:205/22,2023-08-31,2024-08-31,2024-12-19,0,4,13|5|6,1,0,5.995615768307805,dev,0.859508,0.1,0.0,5.995616,0.065,0.055709
7a059e452dbd,Article 1,apps:4325/22,2023-08-31,2024-08-31,2024-12-19,0,4,13|6,1,0,15.607771545552552,dev,0.974225,0.1,0.0,15.607772,0.065,0.064862
7a059e452dbd,Article 1,apps:50942/20,2023-08-31,2024-08-31,2024-12-19,0,3,14|35|P1-2,1,0,6.775370339433897,dev,0.136124,0.3,0.0,6.77537,0.195,0.156452
7a059e452dbd,Article 1,apps:40861/22,2023-08-31,2024-08-31,2024-12-19,0,3,14|3|35|41|8,1,0,2.832869058956644,dev,0.320665,0.3,0.0,2.832869,0.195,0.152697
7a059e452dbd,Article 1,apps:6823/19,2023-08-31,2024-08-31,2024-12-19,0,4,6,1,0,18.106002957514697,dev,0.947279,0.1,0.0,18.106003,0.065,0.067241
7a059e452dbd,Article 1,apps:50764/18,2023-08-31,2024-08-31,2024-12-19,0,4,3,1,0,14.86106307487572,dev,0.200851,0.1,0.0,14.861063,0.065,0.064151
7a059e452dbd,Article 1,apps:16174/19,2023-08-31,2024-08-31,2024-12-19,0,4,10|11|5|6|P7-2,1,0,28.658371127538633,dev,0.314183,0.1,0.0,28.658371,0.065,0.077289
7b2999efc3b7,Article 4 Protocol 4,apps:40776/16,2023-08-31,2024-08-31,2024-09-30,0,4,P1-1,P4-4,0,1.4399106022641315,dev,0.964575,0.1,0.0,1.439911,0.065,0.051371
7b2999efc3b7,Article 4 Protocol 4,apps:59464/21,2023-08-31,2024-08-31,2024-09-30,0,3,35|41|6,P4-4,0,1.0926955375339609,dev,0.968725,0.3,0.0,1.092696,0.195,0.15104
7b2999efc3b7,Article 4 Protocol 4,apps:12767/21,2023-08-31,2024-08-31,2024-09-30,0,4,10,P4-4,0,0.5323672782230879,dev,0.291448,0.1,0.0,0.532367,0.065,0.050507
7b2999efc3b7,Article 4 Protocol 4,apps:24622/22,2023-08-31,2024-08-31,2024-09-30,0,1,35|8,P4-4,0,1.000916287454596,dev,0.694958,1.0,0.0,1.000916,0.65,0.500953
7b2999efc3b7,Article 4 Protocol 4,apps:44681/21,2023-08-31,2024-08-31,2024-09-30,0,3,41|6,P4-4,0,1.0926955375339609,dev,0.491007,0.3,0.0,1.092696,0.195,0.15104
7b2999efc3b7,Article 4 Protocol 4,apps:33394/12,2023-08-31,2024-08-31,2024-09-30,0,4,10|35|6,P4-4,0,2.1756717411264264,dev,0.575879,0.1,0.0,2.175672,0.065,0.052072
7b2999efc3b7,Article 4 Protocol 4,apps:28540/20,2023-08-31,2024-08-31,2024-09-30,0,4,14|35|8,P4-4,0,0.6876425717491323,dev,0.242424,0.1,0.0,0.687643,0.065,0.050655
7b2999efc3b7,Article 4 Protocol 4,apps:50058/12,2023-08-31,2024-08-31,2024-09-30,0,4,5,P4-4,0,2.0981505650219203,dev,0.376055,0.1,0.0,2.098151,0.065,0.051998
7b2999efc3b7,Article 4 Protocol 4,apps:20007/22,2023-08-31,2024-08-31,2024-09-30,0,3,10|2|8,P4-4,0,0.33689799505805224,dev,0.816495,0.3,0.0,0.336898,0.195,0.150321
7b2999efc3b7,Article 4 Protocol 4,apps:15028/16,2023-08-31,2024-08-31,2024-09-30,0,3,10|41,P4-4,0,1.0586373328180465,dev,0.392935,0.3,0.0,1.058637,0.195,0.151008
7b2999efc3b7,Article 4 Protocol 4,apps:32887/19,2023-08-31,2024-08-31,2024-09-30,0,3,3|34,P4-4,0,1.7221812251556199,dev,0.113888,0.3,0.0,1.722181,0.195,0.15164
7b2999efc3b7,Article 4 Protocol 4,apps:28791/10,2023-08-31,2024-08-31,2024-09-30,0,3,8,P4-4,0,1.5845887533931309,dev,0.563851,0.3,0.0,1.584589,0.195,0.151509
7b2999efc3b7,Article 4 Protocol 4,apps:989/18,2023-08-31,2024-08-31,2024-09-30,0,4,6,P4-4,0,1.8307365236205797,dev,0.592227,0.1,0.0,1.830737,0.065,0.051743
7b2999efc3b7,Article 4 Protocol 4,apps:17389/20,2023-08-31,2024-08-31,2024-09-30,0,3,3|35|7,P4-4,0,0.5790872732841726,dev,0.545629,0.3,0.0,0.579087,0.195,0.150551
7b2999efc3b7,Article 4 Protocol 4,apps:35780/18,2023-08-31,2024-08-31,2024-09-30,0,4,35|6|7|P1-1,P4-4,0,0.6132910652269037,dev,0.681713,0.1,0.0,0.613291,0.065,0.050584
7b2999efc3b7,Article 4 Protocol 4,apps:22463/17,2023-08-31,2024-08-31,2024-09-30,0,4,3|35|5,P4-4,0,1.7728954388279,dev,0.550099,0.1,0.0,1.772895,0.065,0.051688
7b2999efc3b7,Article 4 Protocol 4,apps:2327/20,2023-08-31,2024-08-31,2024-09-30,0,3,1|6,P4-4,0,0.5906360714551389,dev,0.953005,0.3,0.0,0.590636,0.195,0.150562
7b2999efc3b7,Article 4 Protocol 4,apps:34210/19,2023-08-31,2024-08-31,2024-09-30,0,3,35|8,P4-4,0,2.1931688815406747,dev,0.461622,0.3,0.0,2.193169,0.195,0.152088
7b2999efc3b7,Article 4 Protocol 4,apps:63664/19,2023-08-31,2024-08-31,2024-09-30,0,1,8,P4-4,0,1.7783691817535383,dev,0.708367,1.0,0.0,1.778369,0.65,0.501693
7b2999efc3b7,Article 4 Protocol 4,apps:49755/18,2023-08-31,2024-08-31,2024-09-30,0,3,35|8,P4-4,0,0.8313150801699551,dev,0.438455,0.3,0.0,0.831315,0.195,0.150792
7b2999efc3b7,Article 4 Protocol 4,apps:42221/18,2023-08-31,2024-08-31,2024-09-30,0,3,P1-3,P4-4,0,2.631328226961006,dev,0.291331,0.3,0.0,2.631328,0.195,0.152506
7b2999efc3b7,Article 4 Protocol 4,apps:50374/21,2023-08-31,2024-08-31,2024-09-30,0,4,10|11|5|6|8,P4-4,0,1.2612907965258044,dev,0.692835,0.1,0.0,1.261291,0.065,0.051201
7b2999efc3b7,Article 4 Protocol 4,apps:28467/18,2023-08-31,2024-08-31,2024-09-30,0,4,13|6,P4-4,0,2.06631012265837,dev,0.818966,0.1,0.0,2.06631,0.065,0.051968
7b2999efc3b7,Article 4 Protocol 4,apps:23734/21,2023-08-31,2024-08-31,2024-09-30,0,4,6,P4-4,0,0.9473889809952961,dev,0.795657,0.1,0.0,0.947389,0.065,0.050902
7b2999efc3b7,Article 4 Protocol 4,apps:205/22,2023-08-31,2024-08-31,2024-09-30,0,4,13|5|6,P4-4,0,1.780314629202207,dev,0.409142,0.1,0.0,1.780315,0.065,0.051695
7b2999efc3b7,Article 4 Protocol 4,apps:4325/22,2023-08-31,2024-08-31,2024-09-30,0,4,13|6,P4-4,0,2.06631012265837,dev,0.499303,0.1,0.0,2.06631,0.065,0.051968
7b2999efc3b7,Article 4 Protocol 4,apps:50942/20,2023-08-31,2024-08-31,2024-09-30,0,3,14|35|P1-2,P4-4,0,1.8898549335562458,dev,0.633336,0.3,0.0,1.889855,0.195,0.1518
7b2999efc3b7,Article 4 Protocol 4,apps:40861/22,2023-08-31,2024-08-31,2024-09-30,0,3,14|3|35|41|8,P4-4,0,0.6869936408300981,dev,0.242021,0.3,0.0,0.686994,0.195,0.150654
7b2999efc3b7,Article 4 Protocol 4,apps:6823/19,2023-08-31,2024-08-31,2024-09-30,0,4,6,P4-4,0,1.2612907965258044,dev,0.658663,0.1,0.0,1.261291,0.065,0.051201
7b2999efc3b7,Article 4 Protocol 4,apps:50764/18,2023-08-31,2024-08-31,2024-09-30,0,4,3,P4-4,0,1.2612907965258044,dev,0.715236,0.1,0.0,1.261291,0.065,0.051201
acdaf72cea98,Article 3,apps:40776/16,2023-08-31,2024-08-31,2024-09-30,0,4,P1-1,3,0,0.2558455675151317,dev,0.789077,0.1,0.0,0.255846,0.065,0.050244
acdaf72cea98,Article 3,apps:59464/21,2023-08-31,2024-08-31,2024-09-30,0,3,35|41|6,3,0,1.518426199816799,dev,0.073965,0.3,0.0,1.518426,0.195,0.151446
acdaf72cea98,Article 3,apps:12767/21,2023-08-31,2024-08-31,2024-09-30,0,4,10,3,0,0.2558455675151317,dev,0.990701,0.1,0.0,0.255846,0.065,0.050244
acdaf72cea98,Article 3,apps:24622/22,2023-08-31,2024-08-31,2024-09-30,0,1,35|8,3,0,0.7147971514896148,dev,0.479235,1.0,0.0,0.714797,0.65,0.500681
acdaf72cea98,Article 3,apps:44681/21,2023-08-31,2024-08-31,2024-09-30,0,3,41|6,3,0,1.518426199816799,dev,0.400805,0.3,0.0,1.518426,0.195,0.151446
acdaf72cea98,Article 3,apps:33394/12,2023-08-31,2024-08-31,2024-09-30,0,4,10|35|6,3,0,0.6495617296066358,dev,0.506613,0.1,0.0,0.649562,0.065,0.050619
acdaf72cea98,Article 3,apps:28540/20,2023-08-31,2024-08-31,2024-09-30,0,4,14|35|8,3,0,0.5138784351315762,dev,0.920392,0.1,0.0,0.513878,0.065,0.050489
acdaf72cea98,Article 3,apps:50058/12,2023-08-31,2024-08-31,2024-09-30,0,4,5,3,0,1.5878331930256555,dev,0.691709,0.1,0.0,1.587833,0.065,0.051512
acdaf72cea98,Article 3,apps:20007/22,2023-08-31,2024-08-31,2024-09-30,0,3,10|2|8,3,0,0.2558455675151317,dev,0.543645,0.3,0.0,0.255846,0.195,0.150244
acdaf72cea98,Article 3,apps:15028/16,2023-08-31,2024-08-31,2024-09-30,0,3,10|41,3,0,0.2558455675151317,dev,0.790721,0.3,0.0,0.255846,0.195,0.150244
acdaf72cea98,Article 3,apps:32887/19,2023-08-31,2024-08-31,2024-09-30,0,3,3|34,3,1,0.9218393802703937,dev,0.359529,0.3,1.0,0.921839,0.545,0.150878
acdaf72cea98,Article 3,apps:28791/10,2023-08-31,2024-08-31,2024-09-30,0,3,8,3,0,0.9218393802703937,dev,0.895502,0.3,0.0,0.921839,0.195,0.150878
acdaf72cea98,Article 3,apps:989/18,2023-08-31,2024-08-31,2024-09-30,0,4,6,3,0,1.1798722478868382,dev,0.536906,0.1,0.0,1.179872,0.065,0.051123
acdaf72cea98,Article 3,apps:17389/20,2023-08-31,2024-08-31,2024-09-30,0,3,3|35|7,3,1,0.9218393802703937,dev,0.63818,0.3,1.0,0.921839,0.545,0.150878
acdaf72cea98,Article 3,apps:35780/18,2023-08-31,2024-08-31,2024-09-30,0,4,35|6|7|P1-1,3,0,0.2558455675151317,dev,0.084982,0.1,0.0,0.255846,0.065,0.050244
acdaf72cea98,Article 3,apps:22463/17,2023-08-31,2024-08-31,2024-09-30,0,4,3|35|5,3,1,1.5123915460418589,dev,0.768954,0.1,1.0,1.512392,0.415,0.05144
acdaf72cea98,Article 3,apps:2327/20,2023-08-31,2024-08-31,2024-09-30,0,3,1|6,3,0,0.2558455675151317,dev,0.657602,0.3,0.0,0.255846,0.195,0.150244
acdaf72cea98,Article 3,apps:34210/19,2023-08-31,2024-08-31,2024-09-30,0,3,35|8,3,0,1.3807909642448766,dev,0.355009,0.3,0.0,1.380791,0.195,0.151315
acdaf72cea98,Article 3,apps:63664/19,2023-08-31,2024-08-31,2024-09-30,0,1,8,3,0,0.9245423883234005,dev,0.647,1.0,0.0,0.924542,0.65,0.50088
acdaf72cea98,Article 3,apps:49755/18,2023-08-31,2024-08-31,2024-09-30,0,3,35|8,3,0,0.2558455675151317,dev,0.044297,0.3,0.0,0.255846,0.195,0.150244
acdaf72cea98,Article 3,apps:42221/18,2023-08-31,2024-08-31,2024-09-30,0,3,P1-3,3,0,1.1850405438643583,dev,0.983608,0.3,0.0,1.185041,0.195,0.151128
acdaf72cea98,Article 3,apps:50374/21,2023-08-31,2024-08-31,2024-09-30,0,4,10|11|5|6|8,3,0,0.8928278979764885,dev,0.677472,0.1,0.0,0.892828,0.065,0.05085
acdaf72cea98,Article 3,apps:28467/18,2023-08-31,2024-08-31,2024-09-30,0,4,13|6,3,0,0.7147971514896148,dev,0.399618,0.1,0.0,0.714797,0.065,0.050681
acdaf72cea98,Article 3,apps:23734/21,2023-08-31,2024-08-31,2024-09-30,0,4,6,3,0,0.6830826611427028,dev,0.752683,0.1,0.0,0.683083,0.065,0.05065
acdaf72cea98,Article 3,apps:205/22,2023-08-31,2024-08-31,2024-09-30,0,4,13|5|6,3,0,0.505051914655829,dev,0.965717,0.1,0.0,0.505052,0.065,0.050481
acdaf72cea98,Article 3,apps:4325/22,2023-08-31,2024-08-31,2024-09-30,0,4,13|6,3,0,0.7147971514896148,dev,0.430456,0.1,0.0,0.714797,0.065,0.050681
acdaf72cea98,Article 3,apps:50942/20,2023-08-31,2024-08-31,2024-09-30,0,3,14|35|P1-2,3,0,2.0467847770001386,dev,0.010548,0.3,0.0,2.046785,0.195,0.151949
acdaf72cea98,Article 3,apps:40861/22,2023-08-31,2024-08-31,2024-09-30,0,3,14|3|35|41|8,3,1,0.9218393802703937,dev,0.258738,0.3,1.0,0.921839,0.545,0.150878
acdaf72cea98,Article 3,apps:6823/19,2023-08-31,2024-08-31,2024-09-30,0,4,6,3,0,0.8928278979764885,dev,0.510676,0.1,0.0,0.892828,0.065,0.05085
acdaf72cea98,Article 3,apps:50764/18,2023-08-31,2024-08-31,2024-09-30,0,4,3,3,1,0.8928278979764885,dev,0.518798,0.1,1.0,0.892828,0.415,0.05085
e751e8063f8b,Environment,apps:40776/16,2023-08-31,2024-08-31,2025-06-04,0,4,P1-1,,0,0.9711613692852065,dev,0.580518,0.1,0.0,0.971161,0.065,0.050925
e751e8063f8b,Environment,apps:59464/21,2023-08-31,2024-08-31,2025-06-04,0,3,35|41|6,,0,1.957193547978758,dev,0.575235,0.3,0.0,1.957194,0.195,0.151864
e751e8063f8b,Environment,apps:12767/21,2023-08-31,2024-08-31,2025-06-04,0,4,10,,0,3.9774823551315444,dev,0.445779,0.1,0.0,3.977482,0.065,0.053787
e751e8063f8b,Environment,apps:24622/22,2023-08-31,2024-08-31,2025-06-04,0,1,35|8,,0,2.894835477665899,dev,0.391134,1.0,0.0,2.894835,0.65,0.502756
e751e8063f8b,Environment,apps:44681/21,2023-08-31,2024-08-31,2025-06-04,0,3,41|6,,0,1.957193547978758,dev,0.772342,0.3,0.0,1.957194,0.195,0.151864
e751e8063f8b,Environment,apps:33394/12,2023-08-31,2024-08-31,2025-06-04,0,4,10|35|6,,0,2.523519577533553,dev,0.58859,0.1,0.0,2.52352,0.065,0.052403
e751e8063f8b,Environment,apps:28540/20,2023-08-31,2024-08-31,2025-06-04,0,4,14|35|8,,0,4.0773452411322735,dev,0.500466,0.1,0.0,4.077345,0.065,0.053882
e751e8063f8b,Environment,apps:50058/12,2023-08-31,2024-08-31,2025-06-04,0,4,5,,0,1.6444616690340221,dev,0.344967,0.1,0.0,1.644462,0.065,0.051566
e751e8063f8b,Environment,apps:20007/22,2023-08-31,2024-08-31,2025-06-04,0,3,10|2|8,,0,0.9711613692852065,dev,0.024563,0.3,0.0,0.971161,0.195,0.150925
e751e8063f8b,Environment,apps:15028/16,2023-08-31,2024-08-31,2025-06-04,0,3,10|41,,0,0.9711613692852065,dev,0.104549,0.3,0.0,0.971161,0.195,0.150925
e751e8063f8b,Environment,apps:32887/19,2023-08-31,2024-08-31,2025-06-04,0,3,3|34,,0,2.906006214310245,dev,0.415975,0.3,0.0,2.906006,0.195,0.152767
e751e8063f8b,Environment,apps:28791/10,2023-08-31,2024-08-31,2025-06-04,0,3,8,,0,5.095373415079903,dev,0.961728,0.3,0.0,5.095373,0.195,0.154852
e751e8063f8b,Environment,apps:989/18,2023-08-31,2024-08-31,2025-06-04,0,4,6,,0,1.952850963907554,dev,0.116069,0.1,0.0,1.952851,0.065,0.05186
e751e8063f8b,Environment,apps:17389/20,2023-08-31,2024-08-31,2025-06-04,0,3,3|35|7,,0,2.906006214310245,dev,0.940676,0.3,0.0,2.906006,0.195,0.152767
e751e8063f8b,Environment,apps:35780/18,2023-08-31,2024-08-31,2025-06-04,0,4,35|6|7|P1-1,,0,1.7304365868626874,dev,0.141675,0.1,0.0,1.730437,0.065,0.051648
e751e8063f8b,Environment,apps:22463/17,2023-08-31,2024-08-31,2025-06-04,0,4,3|35|5,,0,7.186523363495444,dev,0.31189,0.1,0.0,7.186523,0.065,0.056843
e751e8063f8b,Environment,apps:2327/20,2023-08-31,2024-08-31,2025-06-04,0,3,1|6,,0,3.1939623350058657,dev,0.455333,0.3,0.0,3.193962,0.195,0.153041
e751e8063f8b,Environment,apps:34210/19,2023-08-31,2024-08-31,2025-06-04,0,3,35|8,,0,2.894835477665899,dev,0.206867,0.3,0.0,2.894835,0.195,0.152756
e751e8063f8b,Environment,apps:63664/19,2023-08-31,2024-08-31,2025-06-04,0,1,8,,0,6.534212169739622,dev,0.482926,1.0,0.0,6.534212,0.65,0.506222
e751e8063f8b,Environment,apps:49755/18,2023-08-31,2024-08-31,2025-06-04,0,3,35|8,,0,0.9711613692852065,dev,0.476163,0.3,0.0,0.971161,0.195,0.150925
e751e8063f8b,Environment,apps:42221/18,2023-08-31,2024-08-31,2025-06-04,0,3,P1-3,,0,2.0228157629833996,dev,0.438166,0.3,0.0,2.022816,0.195,0.151926
e751e8063f8b,Environment,apps:50374/21,2023-08-31,2024-08-31,2025-06-04,0,4,10|11|5|6|8,,0,3.782681204818643,dev,0.696763,0.1,0.0,3.782681,0.065,0.053602
e751e8063f8b,Environment,apps:28467/18,2023-08-31,2024-08-31,2025-06-04,0,4,13|6,,0,2.894835477665899,dev,0.318909,0.1,0.0,2.894835,0.065,0.052756
e751e8063f8b,Environment,apps:23734/21,2023-08-31,2024-08-31,2025-06-04,0,4,6,,0,2.8450392751315023,dev,0.300264,0.1,0.0,2.845039,0.065,0.052709
e751e8063f8b,Environment,apps:205/22,2023-08-31,2024-08-31,2025-06-04,0,4,13|5|6,,0,1.957193547978758,dev,0.810186,0.1,0.0,1.957194,0.065,0.051864
e751e8063f8b,Environment,apps:4325/22,2023-08-31,2024-08-31,2025-06-04,0,4,13|6,,0,2.894835477665899,dev,0.115085,0.1,0.0,2.894835,0.065,0.052756
e751e8063f8b,Environment,apps:50942/20,2023-08-31,2024-08-31,2025-06-04,0,3,14|35|P1-2,,0,2.894835477665899,dev,0.84918,0.3,0.0,2.894835,0.195,0.152756
e751e8063f8b,Environment,apps:40861/22,2023-08-31,2024-08-31,2025-06-04,0,3,14|3|35|41|8,,0,0.9711613692852065,dev,0.64797,0.3,0.0,0.971161,0.195,0.150925
e751e8063f8b,Environment,apps:6823/19,2023-08-31,2024-08-31,2025-06-04,0,4,6,,0,3.782681204818643,dev,0.677139,0.1,0.0,3.782681,0.065,0.053602
e751e8063f8b,Environment,apps:50764/18,2023-08-31,2024-08-31,2025-06-04,0,4,3,,0,3.782681204818643,dev,0.164354,0.1,0.0,3.782681,0.065,0.053602
ed0ed05ac958,Article 46,apps:40776/16,2023-08-31,2024-08-31,2024-09-30,0,4,P1-1,46,0,5.20372983329923,dev,0.9839,0.1,0.0,5.20373,0.065,0.054955
ed0ed05ac958,Article 46,apps:59464/21,2023-08-31,2024-08-31,2024-09-30,0,3,35|41|6,46,0,7.542861925874105,dev,0.243913,0.3,0.0,7.542862,0.195,0.157182
ed0ed05ac958,Article 46,apps:12767/21,2023-08-31,2024-08-31,2024-09-30,0,4,10,46,0,3.4474263821694633,dev,0.174453,0.1,0.0,3.447426,0.065,0.053283
ed0ed05ac958,Article 46,apps:24622/22,2023-08-31,2024-08-31,2024-09-30,0,1,35|8,46,0,5.669195312345456,dev,0.160136,1.0,0.0,5.669195,0.65,0.505398
ed0ed05ac958,Article 46,apps:44681/21,2023-08-31,2024-08-31,2024-09-30,0,3,41|6,46,0,7.542861925874105,dev,0.559849,0.3,0.0,7.542862,0.195,0.157182
ed0ed05ac958,Article 46,apps:33394/12,2023-08-31,2024-08-31,2024-09-30,0,4,10|35|6,46,0,9.169203830490664,dev,0.958463,0.1,0.0,9.169204,0.065,0.058731
ed0ed05ac958,Article 46,apps:28540/20,2023-08-31,2024-08-31,2024-09-30,0,4,14|35|8,46,0,7.726781736267519,dev,0.231856,0.1,0.0,7.726782,0.065,0.057357
ed0ed05ac958,Article 46,apps:50058/12,2023-08-31,2024-08-31,2024-09-30,0,4,5,46,0,5.940105609285617,dev,0.405047,0.1,0.0,5.940106,0.065,0.055656
ed0ed05ac958,Article 46,apps:20007/22,2023-08-31,2024-08-31,2024-09-30,0,3,10|2|8,46,0,4.357138345837428,dev,0.184452,0.3,0.0,4.357138,0.195,0.154149
ed0ed05ac958,Article 46,apps:15028/16,2023-08-31,2024-08-31,2024-09-30,0,3,10|41,46,0,4.733232216459908,dev,0.640479,0.3,0.0,4.733232,0.195,0.154507
ed0ed05ac958,Article 46,apps:32887/19,2023-08-31,2024-08-31,2024-09-30,0,3,3|34,46,0,5.733244562968806,dev,0.432134,0.3,0.0,5.733245,0.195,0.155459
ed0ed05ac958,Article 46,apps:28791/10,2023-08-31,2024-08-31,2024-09-30,0,3,8,46,0,4.32280454896811,dev,0.029192,0.3,0.0,4.322805,0.195,0.154116
ed0ed05ac958,Article 46,apps:989/18,2023-08-31,2024-08-31,2024-09-30,0,4,6,46,0,9.284088287707805,dev,0.614107,0.1,0.0,9.284088,0.065,0.05884
ed0ed05ac958,Article 46,apps:17389/20,2023-08-31,2024-08-31,2024-09-30,0,3,3|35|7,46,0,3.9907336039887813,dev,0.197324,0.3,0.0,3.990734,0.195,0.1538
ed0ed05ac958,Article 46,apps:35780/18,2023-08-31,2024-08-31,2024-09-30,0,4,35|6|7|P1-1,46,0,6.461146657991041,dev,0.592203,0.1,0.0,6.461147,0.065,0.056152
ed0ed05ac958,Article 46,apps:22463/17,2023-08-31,2024-08-31,2024-09-30,0,4,3|35|5,46,0,7.4766543199945765,dev,0.388836,0.1,0.0,7.476654,0.065,0.057119
ed0ed05ac958,Article 46,apps:2327/20,2023-08-31,2024-08-31,2024-09-30,0,3,1|6,46,0,5.596194100457623,dev,0.704736,0.3,0.0,5.596194,0.195,0.155329
ed0ed05ac958,Article 46,apps:34210/19,2023-08-31,2024-08-31,2024-09-30,0,3,35|8,46,0,5.849627843740148,dev,0.205784,0.3,0.0,5.849628,0.195,0.15557
ed0ed05ac958,Article 46,apps:63664/19,2023-08-31,2024-08-31,2024-09-30,0,1,8,46,0,12.393579021736521,dev,0.752325,1.0,0.0,12.393579,0.65,0.511801
ed0ed05ac958,Article 46,apps:49755/18,2023-08-31,2024-08-31,2024-09-30,0,3,35|8,46,0,6.461146657991041,dev,0.80873,0.3,0.0,6.461147,0.195,0.156152
ed0ed05ac958,Article 46,apps:42221/18,2023-08-31,2024-08-31,2024-09-30,0,3,P1-3,46,0,7.390700168562968,dev,0.062564,0.3,0.0,7.3907,0.195,0.157037
ed0ed05ac958,Article 46,apps:50374/21,2023-08-31,2024-08-31,2024-09-30,0,4,10|11|5|6|8,46,0,99.98226401629022,dev,0.101752,0.1,0.0,99.982264,0.065,0.145204
ed0ed05ac958,Article 46,apps:28467/18,2023-08-31,2024-08-31,2024-09-30,0,4,13|6,46,0,22.39735730348362,dev,0.871979,0.1,0.0,22.397357,0.065,0.071327
ed0ed05ac958,Article 46,apps:23734/21,2023-08-31,2024-08-31,2024-09-30,0,4,6,46,0,7.592690636869644,dev,0.18696,0.1,0.0,7.592691,0.065,0.05723
ed0ed05ac958,Article 46,apps:205/22,2023-08-31,2024-08-31,2024-09-30,0,4,13|5|6,46,0,8.137995971298778,dev,0.325985,0.1,0.0,8.137996,0.065,0.057749
ed0ed05ac958,Article 46,apps:4325/22,2023-08-31,2024-08-31,2024-09-30,0,4,13|6,46,0,24.623146034324314,dev,0.45755,0.1,0.0,24.623146,0.065,0.073446
ed0ed05ac958,Article 46,apps:50942/20,2023-08-31,2024-08-31,2024-09-30,0,3,14|35|P1-2,46,0,5.168409272331566,dev,0.262353,0.3,0.0,5.168409,0.195,0.154921
ed0ed05ac958,Article 46,apps:40861/22,2023-08-31,2024-08-31,2024-09-30,0,3,14|3|35|41|8,46,0,4.357138345837428,dev,0.862637,0.3,0.0,4.357138,0.195,0.154149
ed0ed05ac958,Article 46,apps:6823/19,2023-08-31,2024-08-31,2024-09-30,0,4,6,46,0,11.642578906354823,dev,0.527715,0.1,0.0,11.642579,0.065,0.061086
ed0ed05ac958,Article 46,apps:50764/18,2023-08-31,2024-08-31,2024-09-30,0,4,3,46,0,16.651168219159338,dev,0.639109,0.1,0.0,16.651168,0.065,0.065855
1d874b186d3e,Terrorism,apps:23956/24,2023-08-31,2025-02-28,2025-10-25,0,4,39|6,,0,6.100354075764434,dev,0.596971,0.1,0.0,6.100354,0.065,0.055809
1d874b186d3e,Terrorism,apps:15545/24,2023-08-31,2025-02-28,2025-10-25,0,4,39|6,,0,4.081010766999449,dev,0.611308,0.1,0.0,4.081011,0.065,0.053886
1d874b186d3e,Terrorism,apps:21166/20,2023-08-31,2025-02-28,2025-10-25,0,4,37,,0,5.010631528546546,dev,0.587005,0.1,0.0,5.010632,0.065,0.054771
1d874b186d3e,Terrorism,apps:18493/21,2023-08-31,2025-02-28,2025-10-25,0,4,10|37,,0,3.4946672189386145,dev,0.347925,0.1,0.0,3.494667,0.065,0.053328
1d874b186d3e,Terrorism,apps:56929/18,2023-08-31,2025-02-28,2025-10-25,0,4,6,,0,5.354747610698288,dev,0.845518,0.1,0.0,5.354748,0.065,0.055099
1d874b186d3e,Terrorism,apps:19274/20,2023-08-31,2025-02-28,2025-10-25,0,4,5,,0,6.456573010911226,dev,0.617363,0.1,0.0,6.456573,0.065,0.056148
1d874b186d3e,Terrorism,apps:78280/14,2023-08-31,2025-02-28,2025-10-25,0,4,8,,0,11.596933645229111,dev,0.813738,0.1,0.0,11.596934,0.065,0.061043
1d874b186d3e,Terrorism,apps:47626/21,2023-08-31,2025-02-28,2025-10-25,0,3,2|41,,0,4.7479812146999105,dev,0.705988,0.3,0.0,4.747981,0.195,0.154521
1d874b186d3e,Terrorism,apps:56795/11,2023-08-31,2025-02-28,2025-10-25,0,4,P1-1,,0,11.011251385416012,dev,0.297445,0.1,0.0,11.011251,0.065,0.060485
1d874b186d3e,Terrorism,apps:36436/22,2023-08-31,2025-02-28,2025-10-25,0,3,14|3|35|4|41|8,,0,11.011251385416012,dev,0.614485,0.3,0.0,11.011251,0.195,0.160485
1d874b186d3e,Terrorism,apps:31381/17,2023-08-31,2025-02-28,2025-10-25,0,4,P1-1,,0,7.151849209300265,dev,0.084752,0.1,0.0,7.151849,0.065,0.05681
1d874b186d3e,Terrorism,apps:44283/19,2023-08-31,2025-02-28,2025-10-25,0,4,3|5,,0,5.0171348759100365,dev,0.133948,0.1,0.0,5.017135,0.065,0.054777
1d874b186d3e,Terrorism,apps:48636/19,2023-08-31,2025-02-28,2025-10-25,0,4,13|8,,0,6.865408590852617,dev,0.117862,0.1,0.0,6.865409,0.065,0.056537
1d874b186d3e,Terrorism,apps:29359/22,2023-08-31,2025-02-28,2025-10-25,0,3,14|41|P1-2,,0,3.7973064075748155,dev,0.30538,0.3,0.0,3.797306,0.195,0.153616
1d874b186d3e,Terrorism,apps:60716/10,2023-08-31,2025-02-28,2025-10-25,0,4,6,,0,4.933479790508293,dev,0.183045,0.1,0.0,4.93348,0.065,0.054698
1d874b186d3e,Terrorism,apps:78030/14,2023-08-31,2025-02-28,2025-10-25,0,4,8,,0,9.087574248651855,dev,0.693437,0.1,0.0,9.087574,0.065,0.058653
1d874b186d3e,Terrorism,apps:40733/22,2023-08-31,2025-02-28,2025-10-25,0,1,3|34|41|8,,0,6.456573010911226,dev,0.510825,1.0,0.0,6.456573,0.65,0.506148
1d874b186d3e,Terrorism,apps:32543/18,2023-08-31,2025-02-28,2025-10-25,0,4,39|6,,0,15.618008870984571,dev,0.418239,0.1,0.0,15.618009,0.065,0.064872
1d874b186d3e,Terrorism,apps:35054/22,2023-08-31,2025-02-28,2025-10-25,0,4,37|6,,0,4.34388419132382,dev,0.137867,0.1,0.0,4.343884,0.065,0.054136
1d874b186d3e,Terrorism,apps:10691/24,2023-08-31,2025-02-28,2025-10-25,0,4,13|39|6,,0,25.23866311236523,dev,0.38371,0.1,0.0,25.238663,0.065,0.074032
1d874b186d3e,Terrorism,apps:10896/24,2023-08-31,2025-02-28,2025-10-25,0,4,13|39|6,,0,31.489181143817497,dev,0.185754,0.1,0.0,31.489181,0.065,0.079984
1d874b186d3e,Terrorism,apps:16240/23,2023-08-31,2025-02-28,2025-10-25,0,4,35|6|P1-1,,0,7.613577418710282,dev,0.635502,0.1,0.0,7.613577,0.065,0.05725
1d874b186d3e,Terrorism,apps:53499/20,2023-08-31,2025-02-28,2025-10-25,0,4,39|8,,0,5.202800084922872,dev,0.693433,0.1,0.0,5.2028,0.065,0.054954
1d874b186d3e,Terrorism,apps:18413/24,2023-08-31,2025-02-28,2025-10-25,0,4,37|5,,0,4.081010766999449,dev,0.64526,0.1,0.0,4.081011,0.065,0.053886
1d874b186d3e,Terrorism,apps:39466/17,2023-08-31,2025-02-28,2025-10-25,0,4,13|35|6,,0,11.011251385416012,dev,0.9999,0.1,0.0,11.011251,0.065,0.060485
1d874b186d3e,Terrorism,apps:21375/24,2023-08-31,2025-02-28,2025-10-25,0,4,13|39|6,,0,10.884095350811181,dev,0.554913,0.1,0.0,10.884095,0.065,0.060364
1d874b186d3e,Terrorism,apps:25248/22,2023-08-31,2025-02-28,2025-10-25,0,4,13|3|39,,0,4.124612875773332,dev,0.489642,0.1,0.0,4.124613,0.065,0.053927
1d874b186d3e,Terrorism,apps:43307/22,2023-08-31,2025-02-28,2025-10-25,0,4,3|35|37,,0,4.124612875773332,dev,0.140297,0.1,0.0,4.124613,0.065,0.053927
1d874b186d3e,Terrorism,apps:10462/23,2023-08-31,2025-02-28,2025-10-25,0,4,39|6,,0,4.124612875773332,dev,0.31458,0.1,0.0,4.124613,0.065,0.053927
1d874b186d3e,Terrorism,apps:43481/18,2023-08-31,2025-02-28,2025-10-25,0,4,3|37,,0,7.444915658573244,dev,0.451001,0.1,0.0,7.444916,0.065,0.057089
1e58f64bfb7a,Article 12,apps:23956/24,2023-08-31,2025-02-28,2025-09-06,0,4,39|6,12,0,2.591539714744945,dev,0.053611,0.1,0.0,2.59154,0.065,0.052468
1e58f64bfb7a,Article 12,apps:15545/24,2023-08-31,2025-02-28,2025-09-06,0,4,39|6,12,0,1.0250282871602827,dev,0.359039,0.1,0.0,1.025028,0.065,0.050976
1e58f64bfb7a,Article 12,apps:21166/20,2023-08-31,2025-02-28,2025-09-06,0,4,37,12,0,3.2071854839086233,dev,0.009583,0.1,0.0,3.207185,0.065,0.053054
1e58f64bfb7a,Article 12,apps:18493/21,2023-08-31,2025-02-28,2025-09-06,0,4,10|37,12,0,2.179057359454739,dev,0.136535,0.1,0.0,2.179057,0.065,0.052075
1e58f64bfb7a,Article 12,apps:56929/18,2023-08-31,2025-02-28,2025-09-06,0,4,6,12,0,4.769878092157008,dev,0.815216,0.1,0.0,4.769878,0.065,0.054542
1e58f64bfb7a,Article 12,apps:19274/20,2023-08-31,2025-02-28,2025-09-06,0,4,5,12,0,2.179057359454739,dev,0.963829,0.1,0.0,2.179057,0.065,0.052075
1e58f64bfb7a,Article 12,apps:78280/14,2023-08-31,2025-02-28,2025-09-06,0,4,8,12,0,8.394200095022407,dev,0.505438,0.1,0.0,8.3942,0.065,0.057993
1e58f64bfb7a,Article 12,apps:47626/21,2023-08-31,2025-02-28,2025-09-06,0,3,2|41,12,0,4.4249846975302445,dev,0.49497,0.3,0.0,4.424985,0.195,0.154213
1e58f64bfb7a,Article 12,apps:56795/11,2023-08-31,2025-02-28,2025-09-06,0,4,P1-1,12,0,5.284863878442934,dev,0.684697,0.1,0.0,5.284864,0.065,0.055032
1e58f64bfb7a,Article 12,apps:36436/22,2023-08-31,2025-02-28,2025-09-06,0,3,14|3|35|4|41|8,12,0,5.867761417878051,dev,0.41563,0.3,0.0,5.867761,0.195,0.155587
1e58f64bfb7a,Article 12,apps:31381/17,2023-08-31,2025-02-28,2025-09-06,0,4,P1-1,12,0,4.353357886218591,dev,0.839892,0.1,0.0,4.353358,0.065,0.054145
1e58f64bfb7a,Article 12,apps:44283/19,2023-08-31,2025-02-28,2025-09-06,0,4,3|5,12,0,3.807561164207647,dev,0.4887,0.1,0.0,3.807561,0.065,0.053626
1e58f64bfb7a,Article 12,apps:48636/19,2023-08-31,2025-02-28,2025-09-06,0,4,13|8,12,0,3.2071854839086233,dev,0.082671,0.1,0.0,3.207185,0.065,0.053054
1e58f64bfb7a,Article 12,apps:29359/22,2023-08-31,2025-02-28,2025-09-06,0,3,14|41|P1-2,12,0,1.0250282871602827,dev,0.030861,0.3,0.0,1.025028,0.195,0.150976
1e58f64bfb7a,Article 12,apps:60716/10,2023-08-31,2025-02-28,2025-09-06,0,4,6,12,0,2.179057359454739,dev,0.761057,0.1,0.0,2.179057,0.065,0.052075
1e58f64bfb7a,Article 12,apps:78030/14,2023-08-31,2025-02-28,2025-09-06,0,4,8,12,0,4.911497646252402,dev,0.29209,0.1,0.0,4.911498,0.065,0.054677
1e58f64bfb7a,Article 12,apps:40733/22,2023-08-31,2025-02-28,2025-09-06,0,1,3|34|41|8,12,0,2.179057359454739,dev,0.274853,1.0,0.0,2.179057,0.65,0.502075
1e58f64bfb7a,Article 12,apps:32543/18,2023-08-31,2025-02-28,2025-09-06,0,4,39|6,12,0,7.6738577983364245,dev,0.537609,0.1,0.0,7.673858,0.065,0.057307
1e58f64bfb7a,Article 12,apps:35054/22,2023-08-31,2025-02-28,2025-09-06,0,4,37|6,12,0,3.5165624540979152,dev,0.168209,0.1,0.0,3.516562,0.065,0.053348
1e58f64bfb7a,Article 12,apps:10691/24,2023-08-31,2025-02-28,2025-09-06,0,4,13|39|6,12,0,2.591539714744945,dev,0.457321,0.1,0.0,2.59154,0.065,0.052468
1e58f64bfb7a,Article 12,apps:10896/24,2023-08-31,2025-02-28,2025-09-06,0,4,13|39|6,12,0,5.376860624354741,dev,0.742518,0.1,0.0,5.376861,0.065,0.05512
1e58f64bfb7a,Article 12,apps:16240/23,2023-08-31,2025-02-28,2025-09-06,0,4,35|6|P1-1,12,0,2.0270878344212555,dev,0.76592,0.1,0.0,2.027088,0.065,0.05193
1e58f64bfb7a,Article 12,apps:53499/20,2023-08-31,2025-02-28,2025-09-06,0,4,39|8,12,0,3.115724035752058,dev,0.549726,0.1,0.0,3.115724,0.065,0.052967
1e58f64bfb7a,Article 12,apps:18413/24,2023-08-31,2025-02-28,2025-09-06,0,4,37|5,12,0,1.0250282871602827,dev,0.113211,0.1,0.0,1.025028,0.065,0.050976
1e58f64bfb7a,Article 12,apps:39466/17,2023-08-31,2025-02-28,2025-09-06,0,4,13|35|6,12,0,5.284863878442934,dev,0.114207,0.1,0.0,5.284864,0.065,0.055032
1e58f64bfb7a,Article 12,apps:21375/24,2023-08-31,2025-02-28,2025-09-06,0,4,13|39|6,12,0,4.387047356682807,dev,0.775113,0.1,0.0,4.387047,0.065,0.054177
1e58f64bfb7a,Article 12,apps:25248/22,2023-08-31,2025-02-28,2025-09-06,0,4,13|3|39,12,0,1.0250282871602827,dev,0.823283,0.1,0.0,1.025028,0.065,0.050976
1e58f64bfb7a,Article 12,apps:43307/22,2023-08-31,2025-02-28,2025-09-06,0,4,3|35|37,12,0,1.0250282871602827,dev,0.366862,0.1,0.0,1.025028,0.065,0.050976
1e58f64bfb7a,Article 12,apps:10462/23,2023-08-31,2025-02-28,2025-09-06,0,4,39|6,12,0,4.725513338254824,dev,0.822611,0.1,0.0,4.725513,0.065,0.0545
1e58f64bfb7a,Article 12,apps:43481/18,2023-08-31,2025-02-28,2025-09-06,0,4,3|37,12,0,4.769878092157008,dev,0.041611,0.1,0.0,4.769878,0.065,0.054542
b8a991ab1181,Mass protests,apps:23956/24,2023-08-31,2025-02-28,2025-08-13,0,4,39|6,,0,5.535852652310228,dev,0.71898,0.1,0.0,5.535853,0.065,0.055271
b8a991ab1181,Mass protests,apps:15545/24,2023-08-31,2025-02-28,2025-08-13,0,4,39|6,,0,2.818917928705532,dev,0.546353,0.1,0.0,2.818918,0.065,0.052684
b8a991ab1181,Mass protests,apps:21166/20,2023-08-31,2025-02-28,2025-08-13,0,4,37,,0,14.654420274983668,dev,0.989776,0.1,0.0,14.65442,0.065,0.063954
b8a991ab1181,Mass protests,apps:18493/21,2023-08-31,2025-02-28,2025-08-13,0,4,10|37,,0,8.379417082565162,dev,0.102416,0.1,0.0,8.379417,0.065,0.057979
b8a991ab1181,Mass protests,apps:56929/18,2023-08-31,2025-02-28,2025-08-13,0,4,6,,0,7.67728377008655,dev,0.830071,0.1,0.0,7.677284,0.065,0.05731
b8a991ab1181,Mass protests,apps:19274/20,2023-08-31,2025-02-28,2025-08-13,0,4,5,,0,4.3312540820554375,dev,0.751345,0.1,0.0,4.331254,0.065,0.054124
b8a991ab1181,Mass protests,apps:78280/14,2023-08-31,2025-02-28,2025-08-13,0,4,8,,0,10.716207203972129,dev,0.297709,0.1,0.0,10.716207,0.065,0.060204
b8a991ab1181,Mass protests,apps:56795/11,2023-08-31,2025-02-28,2025-08-13,0,4,P1-1,,0,8.544526598345326,dev,0.999313,0.1,0.0,8.544527,0.065,0.058136
b8a991ab1181,Mass protests,apps:36436/22,2023-08-31,2025-02-28,2025-08-13,0,3,14|3|35|4|41|8,,0,8.934240755415123,dev,0.449732,0.3,0.0,8.934241,0.195,0.158507
b8a991ab1181,Mass protests,apps:31381/17,2023-08-31,2025-02-28,2025-08-13,0,4,P1-1,,0,5.437241327881898,dev,0.348577,0.1,0.0,5.437241,0.065,0.055177
b8a991ab1181,Mass protests,apps:44283/19,2023-08-31,2025-02-28,2025-08-13,0,4,3|5,,0,4.384571636474571,dev,0.816729,0.1,0.0,4.384572,0.065,0.054175
b8a991ab1181,Mass protests,apps:48636/19,2023-08-31,2025-02-28,2025-08-13,0,4,13|8,,0,6.156264723382578,dev,0.43907,0.1,0.0,6.156265,0.065,0.055862
b8a991ab1181,Mass protests,apps:29359/22,2023-08-31,2025-02-28,2025-08-13,0,3,14|41|P1-2,,0,3.9445982966796027,dev,0.993958,0.3,0.0,3.944598,0.195,0.153756
b8a991ab1181,Mass protests,apps:60716/10,2023-08-31,2025-02-28,2025-08-13,0,4,6,,0,3.715252357989854,dev,0.775632,0.1,0.0,3.715252,0.065,0.053538
b8a991ab1181,Mass protests,apps:78030/14,2023-08-31,2025-02-28,2025-08-13,0,4,8,,0,12.79847424228959,dev,0.236946,0.1,0.0,12.798474,0.065,0.062187
b8a991ab1181,Mass protests,apps:40733/22,2023-08-31,2025-02-28,2025-08-13,0,1,3|34|41|8,,0,4.3312540820554375,dev,0.810703,1.0,0.0,4.331254,0.65,0.504124
b8a991ab1181,Mass protests,apps:32543/18,2023-08-31,2025-02-28,2025-08-13,0,4,39|6,,0,17.91651835002378,dev,0.587924,0.1,0.0,17.916518,0.065,0.06706
b8a991ab1181,Mass protests,apps:35054/22,2023-08-31,2025-02-28,2025-08-13,0,4,37|6,,0,6.0810922070713715,dev,0.350631,0.1,0.0,6.081092,0.065,0.05579
b8a991ab1181,Mass protests,apps:10691/24,2023-08-31,2025-02-28,2025-08-13,0,4,13|39|6,,0,5.535852652310228,dev,0.710754,0.1,0.0,5.535853,0.065,0.055271
b8a991ab1181,Mass protests,apps:10896/24,2023-08-31,2025-02-28,2025-08-13,0,4,13|39|6,,0,8.002897035533874,dev,0.632771,0.1,0.0,8.002897,0.065,0.05762
b8a991ab1181,Mass protests,apps:16240/23,2023-08-31,2025-02-28,2025-08-13,0,4,35|6|P1-1,,0,7.889776251376307,dev,0.165982,0.1,0.0,7.889776,0.065,0.057513
b8a991ab1181,Mass protests,apps:53499/20,2023-08-31,2025-02-28,2025-08-13,0,4,39|8,,0,5.666997368505198,dev,0.139235,0.1,0.0,5.666997,0.065,0.055396
b8a991ab1181,Mass protests,apps:18413/24,2023-08-31,2025-02-28,2025-08-13,0,4,37|5,,0,2.936098716357169,dev,0.20662,0.1,0.0,2.936099,0.065,0.052796
b8a991ab1181,Mass protests,apps:39466/17,2023-08-31,2025-02-28,2025-08-13,0,4,13|35|6,,0,7.666296463021779,dev,0.206943,0.1,0.0,7.666296,0.065,0.0573
b8a991ab1181,Mass protests,apps:21375/24,2023-08-31,2025-02-28,2025-08-13,0,4,13|39|6,,0,6.320429811157606,dev,0.059358,0.1,0.0,6.32043,0.065,0.056018
b8a991ab1181,Mass protests,apps:25248/22,2023-08-31,2025-02-28,2025-08-13,0,4,13|3|39,,0,3.9445982966796027,dev,0.350815,0.1,0.0,3.944598,0.065,0.053756
b8a991ab1181,Mass protests,apps:43307/22,2023-08-31,2025-02-28,2025-08-13,0,4,3|35|37,,0,3.9445982966796027,dev,0.281085,0.1,0.0,3.944598,0.065,0.053756
b8a991ab1181,Mass protests,apps:10462/23,2023-08-31,2025-02-28,2025-08-13,0,4,39|6,,0,4.228168699230853,dev,0.538769,0.1,0.0,4.228169,0.065,0.054026
b8a991ab1181,Mass protests,apps:43481/18,2023-08-31,2025-02-28,2025-08-13,0,4,3|37,,0,28.081421821536743,dev,0.323654,0.1,0.0,28.081422,0.065,0.076739
b8a991ab1181,Mass protests,apps:20014/24,2023-08-31,2025-02-28,2025-08-13,0,4,39|6,,0,3.046016994756389,dev,0.704054,0.1,0.0,3.046017,0.065,0.0529
cfca8cb0bbc6,Social rights,apps:23956/24,2023-08-31,2025-02-28,2025-11-04,0,4,39|6,,0,9.435506589297905,dev,0.289333,0.1,0.0,9.435507,0.065,0.058985
cfca8cb0bbc6,Social rights,apps:15545/24,2023-08-31,2025-02-28,2025-11-04,0,4,39|6,,0,4.187507155168438,dev,0.267343,0.1,0.0,4.187507,0.065,0.053987
cfca8cb0bbc6,Social rights,apps:21166/20,2023-08-31,2025-02-28,2025-11-04,0,4,37,,0,16.796063934240927,dev,0.858017,0.1,0.0,16.796064,0.065,0.065993
cfca8cb0bbc6,Social rights,apps:18493/21,2023-08-31,2025-02-28,2025-11-04,0,4,10|37,,0,6.518631475948927,dev,0.985488,0.1,0.0,6.518631,0.065,0.056207
cfca8cb0bbc6,Social rights,apps:56929/18,2023-08-31,2025-02-28,2025-11-04,0,4,6,,0,7.1229496668538195,dev,0.679299,0.1,0.0,7.12295,0.065,0.056783
cfca8cb0bbc6,Social rights,apps:19274/20,2023-08-31,2025-02-28,2025-11-04,0,4,5,,0,4.8917499951685395,dev,0.095225,0.1,0.0,4.89175,0.065,0.054658
cfca8cb0bbc6,Social rights,apps:78280/14,2023-08-31,2025-02-28,2025-11-04,0,4,8,,0,12.26039343771536,dev,0.962772,0.1,0.0,12.260393,0.065,0.061674
cfca8cb0bbc6,Social rights,apps:47626/21,2023-08-31,2025-02-28,2025-11-04,0,3,2|41,,0,9.714036399926108,dev,0.785691,0.3,0.0,9.714036,0.195,0.15925
cfca8cb0bbc6,Social rights,apps:56795/11,2023-08-31,2025-02-28,2025-11-04,0,4,P1-1,,0,10.056102768083575,dev,0.918769,0.1,0.0,10.056103,0.065,0.059575
cfca8cb0bbc6,Social rights,apps:36436/22,2023-08-31,2025-02-28,2025-11-04,0,3,14|3|35|4|41|8,,0,10.824064129568953,dev,0.992486,0.3,0.0,10.824064,0.195,0.160307
cfca8cb0bbc6,Social rights,apps:31381/17,2023-08-31,2025-02-28,2025-11-04,0,4,P1-1,,0,7.038865628377618,dev,0.867048,0.1,0.0,7.038866,0.065,0.056702
cfca8cb0bbc6,Social rights,apps:44283/19,2023-08-31,2025-02-28,2025-11-04,0,4,3|5,,0,8.45236000827677,dev,0.126888,0.1,0.0,8.45236,0.065,0.058048
cfca8cb0bbc6,Social rights,apps:48636/19,2023-08-31,2025-02-28,2025-11-04,0,4,13|8,,0,8.444375579009765,dev,0.866079,0.1,0.0,8.444376,0.065,0.058041
cfca8cb0bbc6,Social rights,apps:60716/10,2023-08-31,2025-02-28,2025-11-04,0,4,6,,0,8.70688510221589,dev,0.249677,0.1,0.0,8.706885,0.065,0.058291
cfca8cb0bbc6,Social rights,apps:78030/14,2023-08-31,2025-02-28,2025-11-04,0,4,8,,0,8.900219502265937,dev,0.711395,0.1,0.0,8.90022,0.065,0.058475
cfca8cb0bbc6,Social rights,apps:40733/22,2023-08-31,2025-02-28,2025-11-04,0,1,3|34|41|8,,0,5.036434637277127,dev,0.828482,1.0,0.0,5.036435,0.65,0.504796
cfca8cb0bbc6,Social rights,apps:32543/18,2023-08-31,2025-02-28,2025-11-04,0,4,39|6,,0,35.000547240053216,dev,0.761474,0.1,0.0,35.000547,0.065,0.083328
cfca8cb0bbc6,Social rights,apps:35054/22,2023-08-31,2025-02-28,2025-11-04,0,4,37|6,,0,5.886805733889462,dev,0.676235,0.1,0.0,5.886806,0.065,0.055605
cfca8cb0bbc6,Social rights,apps:10691/24,2023-08-31,2025-02-28,2025-11-04,0,4,13|39|6,,0,27.495814031683622,dev,0.489459,0.1,0.0,27.495814,0.065,0.076182
cfca8cb0bbc6,Social rights,apps:10896/24,2023-08-31,2025-02-28,2025-11-04,0,4,13|39|6,,0,33.49002915821944,dev,0.577426,0.1,0.0,33.490029,0.065,0.081889
cfca8cb0bbc6,Social rights,apps:16240/23,2023-08-31,2025-02-28,2025-11-04,0,4,35|6|P1-1,,0,13.321117336699158,dev,0.268717,0.1,0.0,13.321117,0.065,0.062684
cfca8cb0bbc6,Social rights,apps:53499/20,2023-08-31,2025-02-28,2025-11-04,0,4,39|8,,0,6.961193099169183,dev,0.414225,0.1,0.0,6.961193,0.065,0.056628
cfca8cb0bbc6,Social rights,apps:18413/24,2023-08-31,2025-02-28,2025-11-04,0,4,37|5,,0,6.1897338286745605,dev,0.451992,0.1,0.0,6.189734,0.065,0.055894
cfca8cb0bbc6,Social rights,apps:39466/17,2023-08-31,2025-02-28,2025-11-04,0,4,13|35|6,,0,10.056102768083575,dev,0.633628,0.1,0.0,10.056103,0.065,0.059575
cfca8cb0bbc6,Social rights,apps:21375/24,2023-08-31,2025-02-28,2025-11-04,0,4,13|39|6,,0,8.810482360632127,dev,0.880125,0.1,0.0,8.810482,0.065,0.058389
cfca8cb0bbc6,Social rights,apps:25248/22,2023-08-31,2025-02-28,2025-11-04,0,4,13|3|39,,0,11.20315272124369,dev,0.093095,0.1,0.0,11.203153,0.065,0.060668
cfca8cb0bbc6,Social rights,apps:43307/22,2023-08-31,2025-02-28,2025-11-04,0,4,3|35|37,,0,13.322981685082848,dev,0.515613,0.1,0.0,13.322982,0.065,0.062686
cfca8cb0bbc6,Social rights,apps:10462/23,2023-08-31,2025-02-28,2025-11-04,0,4,39|6,,0,11.20315272124369,dev,0.278226,0.1,0.0,11.203153,0.065,0.060668
cfca8cb0bbc6,Social rights,apps:43481/18,2023-08-31,2025-02-28,2025-11-04,0,4,3|37,,0,20.075403389770454,dev,0.936336,0.1,0.0,20.075403,0.065,0.069116
cfca8cb0bbc6,Social rights,apps:20014/24,2023-08-31,2025-02-28,2025-11-04,0,4,39|6,,0,8.446218773041895,dev,0.369071,0.1,0.0,8.446219,0.065,0.058043
e8704f851a2b,Article 15,apps:23956/24,2023-08-31,2025-02-28,2025-07-08,0,4,39|6,15,0,1.3722084263855223,dev,0.950254,0.1,0.0,1.372208,0.065,0.051307
e8704f851a2b,Article 15,apps:15545/24,2023-08-31,2025-02-28,2025-07-08,0,4,39|6,15,0,0.501165729040231,dev,0.327289,0.1,0.0,0.501166,0.065,0.050477
e8704f851a2b,Article 15,apps:21166/20,2023-08-31,2025-02-28,2025-07-08,0,4,37,15,0,2.1971120977672,dev,0.002473,0.1,0.0,2.197112,0.065,0.052092
e8704f851a2b,Article 15,apps:18493/21,2023-08-31,2025-02-28,2025-07-08,0,4,10|37,15,0,2.224610848309986,dev,0.774135,0.1,0.0,2.224611,0.065,0.052118
e8704f851a2b,Article 15,apps:56929/18,2023-08-31,2025-02-28,2025-07-08,0,4,6,15,0,1.3722084263855223,dev,0.732724,0.1,0.0,1.372208,0.065,0.051307
e8704f851a2b,Article 15,apps:19274/20,2023-08-31,2025-02-28,2025-07-08,0,4,5,15,0,1.9335024539704255,dev,0.730932,0.1,0.0,1.933502,0.065,0.051841
e8704f851a2b,Article 15,apps:78280/14,2023-08-31,2025-02-28,2025-07-08,0,4,8,15,0,1.871491940853728,dev,0.458449,0.1,0.0,1.871492,0.065,0.051782
e8704f851a2b,Article 15,apps:47626/21,2023-08-31,2025-02-28,2025-07-08,0,3,2|41,15,0,1.3722084263855223,dev,0.664144,0.3,0.0,1.372208,0.195,0.151307
e8704f851a2b,Article 15,apps:56795/11,2023-08-31,2025-02-28,2025-07-08,0,4,P1-1,15,0,3.11091565892821,dev,0.358223,0.1,0.0,3.110916,0.065,0.052962
e8704f851a2b,Article 15,apps:36436/22,2023-08-31,2025-02-28,2025-07-08,0,3,14|3|35|4|41|8,15,0,3.204817416760481,dev,0.063331,0.3,0.0,3.204817,0.195,0.153052
e8704f851a2b,Article 15,apps:31381/17,2023-08-31,2025-02-28,2025-07-08,0,4,P1-1,15,0,0.9953610066278482,dev,0.534424,0.1,0.0,0.995361,0.065,0.050948
e8704f851a2b,Article 15,apps:44283/19,2023-08-31,2025-02-28,2025-07-08,0,4,3|5,15,0,2.471589597805277,dev,0.21783,0.1,0.0,2.47159,0.065,0.052353
e8704f851a2b,Article 15,apps:48636/19,2023-08-31,2025-02-28,2025-07-08,0,4,13|8,15,0,2.841310175678883,dev,0.429643,0.1,0.0,2.84131,0.065,0.052706
e8704f851a2b,Article 15,apps:29359/22,2023-08-31,2025-02-28,2025-07-08,0,3,14|41|P1-2,15,0,0.501165729040231,dev,0.211851,0.3,0.0,0.501166,0.195,0.150477
e8704f851a2b,Article 15,apps:60716/10,2023-08-31,2025-02-28,2025-07-08,0,4,6,15,0,2.187935217160008,dev,0.268537,0.1,0.0,2.187935,0.065,0.052083
e8704f851a2b,Article 15,apps:78030/14,2023-08-31,2025-02-28,2025-07-08,0,4,8,15,0,1.85619830598645,dev,0.828344,0.1,0.0,1.856198,0.065,0.051767
e8704f851a2b,Article 15,apps:40733/22,2023-08-31,2025-02-28,2025-07-08,0,1,3|34|41|8,15,0,1.9335024539704255,dev,0.337755,1.0,0.0,1.933502,0.65,0.501841
e8704f851a2b,Article 15,apps:32543/18,2023-08-31,2025-02-28,2025-07-08,0,4,39|6,15,0,6.31316135117112,dev,0.577934,0.1,0.0,6.313161,0.065,0.056011
e8704f851a2b,Article 15,apps:35054/22,2023-08-31,2025-02-28,2025-07-08,0,4,37|6,15,0,1.362623701899048,dev,0.566142,0.1,0.0,1.362624,0.065,0.051297
e8704f851a2b,Article 15,apps:10691/24,2023-08-31,2025-02-28,2025-07-08,0,4,13|39|6,15,0,1.3722084263855223,dev,0.485338,0.1,0.0,1.372208,0.065,0.051307
e8704f851a2b,Article 15,apps:10896/24,2023-08-31,2025-02-28,2025-07-08,0,4,13|39|6,15,0,2.7939851374399947,dev,0.34374,0.1,0.0,2.793985,0.065,0.05266
e8704f851a2b,Article 15,apps:16240/23,2023-08-31,2025-02-28,2025-07-08,0,4,35|6|P1-1,15,0,0.9998035045843633,dev,0.682552,0.1,0.0,0.999804,0.065,0.050952
e8704f851a2b,Article 15,apps:53499/20,2023-08-31,2025-02-28,2025-07-08,0,4,39|8,15,0,1.2134307931113897,dev,0.048409,0.1,0.0,1.213431,0.065,0.051155
e8704f851a2b,Article 15,apps:18413/24,2023-08-31,2025-02-28,2025-07-08,0,4,37|5,15,0,0.501165729040231,dev,0.099575,0.1,0.0,0.501166,0.065,0.050477
e8704f851a2b,Article 15,apps:39466/17,2023-08-31,2025-02-28,2025-07-08,0,4,13|35|6,15,0,1.5378427248177564,dev,0.78389,0.1,0.0,1.537843,0.065,0.051464
e8704f851a2b,Article 15,apps:21375/24,2023-08-31,2025-02-28,2025-07-08,0,4,13|39|6,15,0,2.302903510109719,dev,0.459582,0.1,0.0,2.302904,0.065,0.052193
e8704f851a2b,Article 15,apps:25248/22,2023-08-31,2025-02-28,2025-07-08,0,4,13|3|39,15,0,0.501165729040231,dev,0.124237,0.1,0.0,0.501166,0.065,0.050477
e8704f851a2b,Article 15,apps:43307/22,2023-08-31,2025-02-28,2025-07-08,0,4,3|35|37,15,0,0.501165729040231,dev,0.857652,0.1,0.0,0.501166,0.065,0.050477
e8704f851a2b,Article 15,apps:10462/23,2023-08-31,2025-02-28,2025-07-08,0,4,39|6,15,0,0.501165729040231,dev,0.441286,0.1,0.0,0.501166,0.065,0.050477
e8704f851a2b,Article 15,apps:43481/18,2023-08-31,2025-02-28,2025-07-08,0,4,3|37,15,0,2.841310175678883,dev,0.000676,0.1,0.0,2.84131,0.065,0.052706
0bd62693ae9f,Article 3 Protocol 1,apps:40776/16,2024-02-29,2024-08-31,2024-10-30,0,4,P1-1,P1-3,0,2.706307487304348,dev,0.958032,0.1,0.0,2.706307,0.065,0.052577
0bd62693ae9f,Article 3 Protocol 1,apps:59464/21,2024-02-29,2024-08-31,2024-10-30,0,3,35|41|6,P1-3,0,4.775007898359705,dev,0.202318,0.3,0.0,4.775008,0.195,0.154547
0bd62693ae9f,Article 3 Protocol 1,apps:12767/21,2024-02-29,2024-08-31,2024-10-30,0,4,10,P1-3,0,2.5317799662679845,dev,0.688592,0.1,0.0,2.53178,0.065,0.052411
0bd62693ae9f,Article 3 Protocol 1,apps:24622/22,2024-02-29,2024-08-31,2024-10-30,0,1,35|8,P1-3,0,3.374458904410141,dev,0.131913,1.0,0.0,3.374459,0.65,0.503213
0bd62693ae9f,Article 3 Protocol 1,apps:44681/21,2024-02-29,2024-08-31,2024-10-30,0,3,41|6,P1-3,0,4.775007898359705,dev,0.649997,0.3,0.0,4.775008,0.195,0.154547
0bd62693ae9f,Article 3 Protocol 1,apps:33394/12,2024-02-29,2024-08-31,2024-10-30,0,4,10|35|6,P1-3,0,8.494313910275686,dev,0.158977,0.1,0.0,8.494314,0.065,0.058088
0bd62693ae9f,Article 3 Protocol 1,apps:28540/20,2024-02-29,2024-08-31,2024-10-30,0,4,14|35|8,P1-3,0,5.331606875678272,dev,0.932726,0.1,0.0,5.331607,0.065,0.055077
0bd62693ae9f,Article 3 Protocol 1,apps:50058/12,2024-02-29,2024-08-31,2024-10-30,0,4,5,P1-3,0,4.391023708859207,dev,0.274019,0.1,0.0,4.391024,0.065,0.054181
0bd62693ae9f,Article 3 Protocol 1,apps:20007/22,2024-02-29,2024-08-31,2024-10-30,0,3,10|2|8,P1-3,0,3.186981657788266,dev,0.654588,0.3,0.0,3.186982,0.195,0.153035
0bd62693ae9f,Article 3 Protocol 1,apps:15028/16,2024-02-29,2024-08-31,2024-10-30,0,3,10|41,P1-3,0,2.8888074329064146,dev,0.250389,0.3,0.0,2.888807,0.195,0.152751
0bd62693ae9f,Article 3 Protocol 1,apps:32887/19,2024-02-29,2024-08-31,2024-10-30,0,3,3|34,P1-3,0,4.281242408262439,dev,0.371844,0.3,0.0,4.281242,0.195,0.154077
0bd62693ae9f,Article 3 Protocol 1,apps:28791/10,2024-02-29,2024-08-31,2024-10-30,0,3,8,P1-3,0,4.68511120743471,dev,0.9038,0.3,0.0,4.685111,0.195,0.154461
0bd62693ae9f,Article 3 Protocol 1,apps:989/18,2024-02-29,2024-08-31,2024-10-30,0,4,6,P1-3,0,5.508900281675265,dev,0.165525,0.1,0.0,5.5089,0.065,0.055246
0bd62693ae9f,Article 3 Protocol 1,apps:17389/20,2024-02-29,2024-08-31,2024-10-30,0,3,3|35|7,P1-3,0,2.978161656338971,dev,0.396342,0.3,0.0,2.978162,0.195,0.152836
0bd62693ae9f,Article 3 Protocol 1,apps:35780/18,2024-02-29,2024-08-31,2024-10-30,0,4,35|6|7|P1-1,P1-3,0,2.610936007273069,dev,0.305509,0.1,0.0,2.610936,0.065,0.052486
0bd62693ae9f,Article 3 Protocol 1,apps:22463/17,2024-02-29,2024-08-31,2024-10-30,0,4,3|35|5,P1-3,0,7.355929453316023,dev,0.699441,0.1,0.0,7.355929,0.065,0.057004
0bd62693ae9f,Article 3 Protocol 1,apps:2327/20,2024-02-29,2024-08-31,2024-10-30,0,3,1|6,P1-3,0,2.8888074329064146,dev,0.234144,0.3,0.0,2.888807,0.195,0.152751
0bd62693ae9f,Article 3 Protocol 1,apps:34210/19,2024-02-29,2024-08-31,2024-10-30,0,3,35|8,P1-3,0,3.6744562084151786,dev,0.655485,0.3,0.0,3.674456,0.195,0.153499
0bd62693ae9f,Article 3 Protocol 1,apps:63664/19,2024-02-29,2024-08-31,2024-10-30,0,1,8,P1-3,0,10.256645129834416,dev,0.703698,1.0,0.0,10.256645,0.65,0.509766
0bd62693ae9f,Article 3 Protocol 1,apps:49755/18,2024-02-29,2024-08-31,2024-10-30,0,3,35|8,P1-3,0,1.152335099945635,dev,0.001086,0.3,0.0,1.152335,0.195,0.151097
0bd62693ae9f,Article 3 Protocol 1,apps:50374/21,2024-02-29,2024-08-31,2024-10-30,0,4,10|11|5|6|8,P1-3,0,8.990385719637269,dev,0.476807,0.1,0.0,8.990386,0.065,0.058561
0bd62693ae9f,Article 3 Protocol 1,apps:28467/18,2024-02-29,2024-08-31,2024-10-30,0,4,13|6,P1-3,0,15.07099360007609,dev,0.1327,0.1,0.0,15.070994,0.065,0.064351
0bd62693ae9f,Article 3 Protocol 1,apps:23734/21,2024-02-29,2024-08-31,2024-10-30,0,4,6,P1-3,0,2.801892366633674,dev,0.226191,0.1,0.0,2.801892,0.065,0.052668
0bd62693ae9f,Article 3 Protocol 1,apps:205/22,2024-02-29,2024-08-31,2024-10-30,0,4,13|5|6,P1-3,0,5.197109561614235,dev,0.679983,0.1,0.0,5.19711,0.065,0.054949
0bd62693ae9f,Article 3 Protocol 1,apps:4325/22,2024-02-29,2024-08-31,2024-10-30,0,4,13|6,P1-3,0,13.279246069914642,dev,0.009287,0.1,0.0,13.279246,0.065,0.062645
0bd62693ae9f,Article 3 Protocol 1,apps:50942/20,2024-02-29,2024-08-31,2024-10-30,0,3,14|35|P1-2,P1-3,0,4.958383323295527,dev,0.695597,0.3,0.0,4.958383,0.195,0.154721
0bd62693ae9f,Article 3 Protocol 1,apps:40861/22,2024-02-29,2024-08-31,2024-10-30,0,3,14|3|35|41|8,P1-3,0,1.9683330864680175,dev,0.817109,0.3,0.0,1.968333,0.195,0.151874
0bd62693ae9f,Article 3 Protocol 1,apps:6823/19,2024-02-29,2024-08-31,2024-10-30,0,4,6,P1-3,0,3.8801064827036296,dev,0.988155,0.1,0.0,3.880106,0.065,0.053695
0bd62693ae9f,Article 3 Protocol 1,apps:50764/18,2024-02-29,2024-08-31,2024-10-30,0,4,3,P1-3,0,10.782133249798717,dev,0.422314,0.1,0.0,10.782133,0.065,0.060267
0bd62693ae9f,Article 3 Protocol 1,apps:16174/19,2024-02-29,2024-08-31,2024-10-30,0,4,10|11|5|6|P7-2,P1-3,0,7.198638189475821,dev,0.132175,0.1,0.0,7.198638,0.065,0.056855
1900da194ee4,Article 10,apps:40776/16,2024-02-29,2024-08-31,2025-01-15,0,4,P1-1,10,0,5.22768373466771,dev,0.070828,0.1,0.0,5.227684,0.065,0.054978
1900da194ee4,Article 10,apps:59464/21,2024-02-29,2024-08-31,2025-01-15,0,3,35|41|6,10,0,9.599916427013795,dev,0.38307,0.3,0.0,9.599916,0.195,0.159141
1900da194ee4,Article 10,apps:12767/21,2024-02-29,2024-08-31,2025-01-15,0,4,10,10,1,5.900397330276047,dev,0.730763,0.1,1.0,5.900397,0.415,0.055618
1900da194ee4,Article 10,apps:24622/22,2024-02-29,2024-08-31,2025-01-15,0,1,35|8,10,0,8.952204146309452,dev,0.102427,1.0,0.0,8.952204,0.65,0.508524
1900da194ee4,Article 10,apps:44681/21,2024-02-29,2024-08-31,2025-01-15,0,3,41|6,10,0,9.599916427013795,dev,0.313351,0.3,0.0,9.599916,0.195,0.159141
1900da194ee4,Article 10,apps:33394/12,2024-02-29,2024-08-31,2025-01-15,0,4,10|35|6,10,1,9.527365599513068,dev,0.880989,0.1,1.0,9.527366,0.415,0.059072
1900da194ee4,Article 10,apps:28540/20,2024-02-29,2024-08-31,2025-01-15,0,4,14|35|8,10,0,8.033290912062652,dev,0.137129,0.1,0.0,8.033291,0.065,0.057649
1900da194ee4,Article 10,apps:50058/12,2024-02-29,2024-08-31,2025-01-15,0,4,5,10,0,7.742228932949756,dev,0.77346,0.1,0.0,7.742229,0.065,0.057372
1900da194ee4,Article 10,apps:32887/19,2024-02-29,2024-08-31,2025-01-15,0,3,3|34,10,0,6.3579178891852335,dev,0.753158,0.3,0.0,6.357918,0.195,0.156054
1900da194ee4,Article 10,apps:28791/10,2024-02-29,2024-08-31,2025-01-15,0,3,8,10,0,7.307742316788377,dev,0.133146,0.3,0.0,7.307742,0.195,0.156958
1900da194ee4,Article 10,apps:989/18,2024-02-29,2024-08-31,2025-01-15,0,4,6,10,0,13.908640692692472,dev,0.99294,0.1,0.0,13.908641,0.065,0.063244
1900da194ee4,Article 10,apps:17389/20,2024-02-29,2024-08-31,2025-01-15,0,3,3|35|7,10,0,7.108579706190505,dev,0.142853,0.3,0.0,7.10858,0.195,0.156769
1900da194ee4,Article 10,apps:35780/18,2024-02-29,2024-08-31,2025-01-15,0,4,35|6|7|P1-1,10,0,5.529607024360887,dev,0.530508,0.1,0.0,5.529607,0.065,0.055265
1900da194ee4,Article 10,apps:22463/17,2024-02-29,2024-08-31,2025-01-15,0,4,3|35|5,10,0,12.377413313635646,dev,0.008475,0.1,0.0,12.377413,0.065,0.061786
1900da194ee4,Article 10,apps:2327/20,2024-02-29,2024-08-31,2025-01-15,0,3,1|6,10,0,6.520954017544235,dev,0.65002,0.3,0.0,6.520954,0.195,0.156209
1900da194ee4,Article 10,apps:34210/19,2024-02-29,2024-08-31,2025-01-15,0,3,35|8,10,0,12.545052396435741,dev,0.440099,0.3,0.0,12.545052,0.195,0.161945
1900da194ee4,Article 10,apps:63664/19,2024-02-29,2024-08-31,2025-01-15,0,1,8,10,0,26.710763573789876,dev,0.722432,1.0,0.0,26.710764,0.65,0.525434
1900da194ee4,Article 10,apps:49755/18,2024-02-29,2024-08-31,2025-01-15,0,3,35|8,10,0,7.82128635717117,dev,0.62808,0.3,0.0,7.821286,0.195,0.157447
1900da194ee4,Article 10,apps:42221/18,2024-02-29,2024-08-31,2025-01-15,0,3,P1-3,10,0,7.5689529727498845,dev,0.151374,0.3,0.0,7.568953,0.195,0.157207
1900da194ee4,Article 10,apps:50374/21,2024-02-29,2024-08-31,2025-01-15,0,4,10|11|5|6|8,10,1,121.86107012651657,dev,0.41171,0.1,1.0,121.86107,0.415,0.166037
1900da194ee4,Article 10,apps:28467/18,2024-02-29,2024-08-31,2025-01-15,0,4,13|6,10,0,28.591791955031205,dev,0.686566,0.1,0.0,28.591792,0.065,0.077225
1900da194ee4,Article 10,apps:23734/21,2024-02-29,2024-08-31,2025-01-15,0,4,6,10,0,11.20784334335814,dev,0.859963,0.1,0.0,11.207843,0.065,0.060672
1900da194ee4,Article 10,apps:205/22,2024-02-29,2024-08-31,2025-01-15,0,4,13|5|6,10,0,11.344763061412799,dev,0.086688,0.1,0.0,11.344763,0.065,0.060803
1900da194ee4,Article 10,apps:4325/22,2024-02-29,2024-08-31,2025-01-15,0,4,13|6,10,0,25.719132690169292,dev,0.100465,0.1,0.0,25.719133,0.065,0.07449
1900da194ee4,Article 10,apps:50942/20,2024-02-29,2024-08-31,2025-01-15,0,3,14|35|P1-2,10,0,12.551588497707169,dev,0.752446,0.3,0.0,12.551588,0.195,0.161952
1900da194ee4,Article 10,apps:40861/22,2024-02-29,2024-08-31,2025-01-15,0,3,14|3|35|41|8,10,0,6.162577855882903,dev,0.589574,0.3,0.0,6.162578,0.195,0.155868
1900da194ee4,Article 10,apps:6823/19,2024-02-29,2024-08-31,2025-01-15,0,4,6,10,0,19.51526919760058,dev,0.384032,0.1,0.0,19.515269,0.065,0.068583
1900da194ee4,Article 10,apps:50764/18,2024-02-29,2024-08-31,2025-01-15,0,4,3,10,0,29.369606459165325,dev,0.963249,0.1,0.0,29.369606,0.065,0.077966
1900da194ee4,Article 10,apps:16174/19,2024-02-29,2024-08-31,2025-01-15,0,4,10|11|5|6|P7-2,10,1,42.40668295525968,dev,0.314504,0.1,1.0,42.406683,0.415,0.09038
1900da194ee4,Article 10,apps:48859/16,2024-02-29,2024-08-31,2025-01-15,0,4,10|5|6,10,1,61.971330988059854,dev,0.13983,0.1,1.0,61.971331,0.415,0.109009
2fbc08fc30bd,Article 9,apps:40776/16,2024-02-29,2024-08-31,2025-05-06,0,4,P1-1,9,0,3.7941807503422664,dev,0.276968,0.1,0.0,3.794181,0.065,0.053613
2fbc08fc30bd,Article 9,apps:59464/21,2024-02-29,2024-08-31,2025-05-06,0,3,35|41|6,9,0,8.4903593935078,dev,0.084249,0.3,0.0,8.490359,0.195,0.158085
2fbc08fc30bd,Article 9,apps:12767/21,2024-02-29,2024-08-31,2025-05-06,0,4,10,9,0,3.9988717923432056,dev,0.553397,0.1,0.0,3.998872,0.065,0.053808
2fbc08fc30bd,Article 9,apps:24622/22,2024-02-29,2024-08-31,2025-05-06,0,1,35|8,9,0,10.675964374347709,dev,0.600008,1.0,0.0,10.675964,0.65,0.510166
2fbc08fc30bd,Article 9,apps:44681/21,2024-02-29,2024-08-31,2025-05-06,0,3,41|6,9,0,8.4903593935078,dev,0.607593,0.3,0.0,8.490359,0.195,0.158085
2fbc08fc30bd,Article 9,apps:33394/12,2024-02-29,2024-08-31,2025-05-06,0,4,10|35|6,9,0,8.896573243892876,dev,0.77897,0.1,0.0,8.896573,0.065,0.058471
2fbc08fc30bd,Article 9,apps:28540/20,2024-02-29,2024-08-31,2025-05-06,0,4,14|35|8,9,0,6.816950057474746,dev,0.690476,0.1,0.0,6.81695,0.065,0.056491
2fbc08fc30bd,Article 9,apps:50058/12,2024-02-29,2024-08-31,2025-05-06,0,4,5,9,0,3.9974513120325477,dev,0.847892,0.1,0.0,3.997451,0.065,0.053806
2fbc08fc30bd,Article 9,apps:20007/22,2024-02-29,2024-08-31,2025-05-06,0,3,10|2|8,9,0,5.722503958795304,dev,0.658405,0.3,0.0,5.722504,0.195,0.155449
2fbc08fc30bd,Article 9,apps:15028/16,2024-02-29,2024-08-31,2025-05-06,0,3,10|41,9,0,4.219995848172241,dev,0.301649,0.3,0.0,4.219996,0.195,0.154018
2fbc08fc30bd,Article 9,apps:32887/19,2024-02-29,2024-08-31,2025-05-06,0,3,3|34,9,0,6.554035342105562,dev,0.517749,0.3,0.0,6.554035,0.195,0.156241
2fbc08fc30bd,Article 9,apps:28791/10,2024-02-29,2024-08-31,2025-05-06,0,3,8,9,0,4.526370073330649,dev,0.509523,0.3,0.0,4.52637,0.195,0.15431
2fbc08fc30bd,Article 9,apps:989/18,2024-02-29,2024-08-31,2025-05-06,0,4,6,9,0,8.686372053299877,dev,0.747844,0.1,0.0,8.686372,0.065,0.058271
2fbc08fc30bd,Article 9,apps:17389/20,2024-02-29,2024-08-31,2025-05-06,0,3,3|35|7,9,0,3.902794279354983,dev,0.295542,0.3,0.0,3.902794,0.195,0.153716
2fbc08fc30bd,Article 9,apps:35780/18,2024-02-29,2024-08-31,2025-05-06,0,4,35|6|7|P1-1,9,0,3.333154015862824,dev,0.054569,0.1,0.0,3.333154,0.065,0.053174
2fbc08fc30bd,Article 9,apps:22463/17,2024-02-29,2024-08-31,2025-05-06,0,4,3|35|5,9,0,9.373896371923458,dev,0.897913,0.1,0.0,9.373896,0.065,0.058926
2fbc08fc30bd,Article 9,apps:2327/20,2024-02-29,2024-08-31,2025-05-06,0,3,1|6,9,0,4.231110241886743,dev,0.954672,0.3,0.0,4.23111,0.195,0.154029
2fbc08fc30bd,Article 9,apps:34210/19,2024-02-29,2024-08-31,2025-05-06,0,3,35|8,9,0,7.179059598574519,dev,0.494888,0.3,0.0,7.17906,0.195,0.156836
2fbc08fc30bd,Article 9,apps:63664/19,2024-02-29,2024-08-31,2025-05-06,0,1,8,9,0,12.390164192393367,dev,0.112744,1.0,0.0,12.390164,0.65,0.511798
2fbc08fc30bd,Article 9,apps:49755/18,2024-02-29,2024-08-31,2025-05-06,0,3,35|8,9,0,4.000980601917045,dev,0.499583,0.3,0.0,4.000981,0.195,0.15381
2fbc08fc30bd,Article 9,apps:42221/18,2024-02-29,2024-08-31,2025-05-06,0,3,P1-3,9,0,6.013602912576579,dev,0.59393,0.3,0.0,6.013603,0.195,0.155726
2fbc08fc30bd,Article 9,apps:50374/21,2024-02-29,2024-08-31,2025-05-06,0,4,10|11|5|6|8,9,0,105.59581047925776,dev,0.528287,0.1,0.0,105.59581,0.065,0.150549
2fbc08fc30bd,Article 9,apps:28467/18,2024-02-29,2024-08-31,2025-05-06,0,4,13|6,9,0,5.516882457383297,dev,0.977697,0.1,0.0,5.516882,0.065,0.055253
2fbc08fc30bd,Article 9,apps:23734/21,2024-02-29,2024-08-31,2025-05-06,0,4,6,9,0,9.105583614855156,dev,0.986883,0.1,0.0,9.105584,0.065,0.05867
2fbc08fc30bd,Article 9,apps:205/22,2024-02-29,2024-08-31,2025-05-06,0,4,13|5|6,9,0,7.277275665330768,dev,0.933924,0.1,0.0,7.277276,0.065,0.056929
2fbc08fc30bd,Article 9,apps:4325/22,2024-02-29,2024-08-31,2025-05-06,0,4,13|6,9,0,11.976975975197393,dev,0.131983,0.1,0.0,11.976976,0.065,0.061405
2fbc08fc30bd,Article 9,apps:50942/20,2024-02-29,2024-08-31,2025-05-06,0,3,14|35|P1-2,9,0,8.088389499645025,dev,0.860814,0.3,0.0,8.088389,0.195,0.157702
2fbc08fc30bd,Article 9,apps:40861/22,2024-02-29,2024-08-31,2025-05-06,0,3,14|3|35|41|8,9,0,5.7257542071069185,dev,0.56838,0.3,0.0,5.725754,0.195,0.155452
2fbc08fc30bd,Article 9,apps:6823/19,2024-02-29,2024-08-31,2025-05-06,0,4,6,9,0,11.152937313252867,dev,0.365412,0.1,0.0,11.152937,0.065,0.06062
2fbc08fc30bd,Article 9,apps:50764/18,2024-02-29,2024-08-31,2025-05-06,0,4,3,9,0,9.08500597315167,dev,0.682942,0.1,0.0,9.085006,0.065,0.058651
4026b1621d4a,Article 6 Criminal,apps:40776/16,2024-02-29,2024-08-31,2024-09-30,0,4,P1-1,6,0,6.15095542188888,dev,0.762726,0.1,0.0,6.150955,0.065,0.055857
4026b1621d4a,Article 6 Criminal,apps:12767/21,2024-02-29,2024-08-31,2024-09-30,0,4,10,6,0,6.451592962919015,dev,0.954453,0.1,0.0,6.451593,0.065,0.056143
4026b1621d4a,Article 6 Criminal,apps:24622/22,2024-02-29,2024-08-31,2024-09-30,0,1,35|8,6,0,12.72079927791004,dev,0.770367,1.0,0.0,12.720799,0.65,0.512113
4026b1621d4a,Article 6 Criminal,apps:33394/12,2024-02-29,2024-08-31,2024-09-30,0,4,10|35|6,6,1,9.52153249313792,dev,0.016689,0.1,1.0,9.521532,0.415,0.059066
4026b1621d4a,Article 6 Criminal,apps:28540/20,2024-02-29,2024-08-31,2024-09-30,0,4,14|35|8,6,0,9.508815066245583,dev,0.067533,0.1,0.0,9.508815,0.065,0.059054
4026b1621d4a,Article 6 Criminal,apps:50058/12,2024-02-29,2024-08-31,2024-09-30,0,4,5,6,0,7.201939394195868,dev,0.262185,0.1,0.0,7.201939,0.065,0.056858
4026b1621d4a,Article 6 Criminal,apps:20007/22,2024-02-29,2024-08-31,2024-09-30,0,3,10|2|8,6,0,5.551275887366442,dev,0.039827,0.3,0.0,5.551276,0.195,0.155286
4026b1621d4a,Article 6 Criminal,apps:15028/16,2024-02-29,2024-08-31,2024-09-30,0,3,10|41,6,0,7.779945984102798,dev,0.060469,0.3,0.0,7.779946,0.195,0.157408
4026b1621d4a,Article 6 Criminal,apps:32887/19,2024-02-29,2024-08-31,2024-09-30,0,3,3|34,6,0,7.256296119940677,dev,0.78929,0.3,0.0,7.256296,0.195,0.156909
4026b1621d4a,Article 6 Criminal,apps:28791/10,2024-02-29,2024-08-31,2024-09-30,0,3,8,6,0,11.983172552158603,dev,0.506611,0.3,0.0,11.983173,0.195,0.16141
4026b1621d4a,Article 6 Criminal,apps:989/18,2024-02-29,2024-08-31,2024-09-30,0,4,6,6,1,9.073538372089772,dev,0.628571,0.1,1.0,9.073538,0.415,0.05864
4026b1621d4a,Article 6 Criminal,apps:17389/20,2024-02-29,2024-08-31,2024-09-30,0,3,3|35|7,6,0,7.256296119940677,dev,0.501049,0.3,0.0,7.256296,0.195,0.156909
4026b1621d4a,Article 6 Criminal,apps:35780/18,2024-02-29,2024-08-31,2024-09-30,0,4,35|6|7|P1-1,6,1,6.120508940089746,dev,0.415432,0.1,1.0,6.120509,0.415,0.055828
4026b1621d4a,Article 6 Criminal,apps:22463/17,2024-02-29,2024-08-31,2024-09-30,0,4,3|35|5,6,0,10.95850439479203,dev,0.701811,0.1,0.0,10.958504,0.065,0.060435
4026b1621d4a,Article 6 Criminal,apps:2327/20,2024-02-29,2024-08-31,2024-09-30,0,3,1|6,6,1,6.767727459469058,dev,0.082428,0.3,1.0,6.767727,0.545,0.156444
4026b1621d4a,Article 6 Criminal,apps:34210/19,2024-02-29,2024-08-31,2024-09-30,0,3,35|8,6,0,11.597911075952762,dev,0.536565,0.3,0.0,11.597911,0.195,0.161044
4026b1621d4a,Article 6 Criminal,apps:63664/19,2024-02-29,2024-08-31,2024-09-30,0,1,8,6,0,17.044281532169716,dev,0.616047,1.0,0.0,17.044282,0.65,0.51623
4026b1621d4a,Article 6 Criminal,apps:49755/18,2024-02-29,2024-08-31,2024-09-30,0,3,35|8,6,0,6.776697750187208,dev,0.277468,0.3,0.0,6.776698,0.195,0.156453
4026b1621d4a,Article 6 Criminal,apps:42221/18,2024-02-29,2024-08-31,2024-09-30,0,3,P1-3,6,0,10.905696586867585,dev,0.309907,0.3,0.0,10.905697,0.195,0.160384
4026b1621d4a,Article 6 Criminal,apps:50374/21,2024-02-29,2024-08-31,2024-09-30,0,4,10|11|5|6|8,6,1,101.32732413071362,dev,0.511305,0.1,1.0,101.327324,0.415,0.146484
4026b1621d4a,Article 6 Criminal,apps:28467/18,2024-02-29,2024-08-31,2024-09-30,0,4,13|6,6,1,28.11347135892062,dev,0.203197,0.1,1.0,28.113471,0.415,0.07677
4026b1621d4a,Article 6 Criminal,apps:23734/21,2024-02-29,2024-08-31,2024-09-30,0,4,6,6,1,12.90318592583803,dev,0.80806,0.1,1.0,12.903186,0.415,0.062286
4026b1621d4a,Article 6 Criminal,apps:205/22,2024-02-29,2024-08-31,2024-09-30,0,4,13|5|6,6,1,8.019756930228297,dev,0.53639,0.1,1.0,8.019757,0.415,0.057636
4026b1621d4a,Article 6 Criminal,apps:4325/22,2024-02-29,2024-08-31,2024-09-30,0,4,13|6,6,1,21.98156662187579,dev,0.390732,0.1,1.0,21.981567,0.415,0.070931
4026b1621d4a,Article 6 Criminal,apps:50942/20,2024-02-29,2024-08-31,2024-09-30,0,3,14|35|P1-2,6,0,12.456800296150249,dev,0.634294,0.3,0.0,12.4568,0.195,0.161861
4026b1621d4a,Article 6 Criminal,apps:40861/22,2024-02-29,2024-08-31,2024-09-30,0,3,14|3|35|41|8,6,0,5.418621695069512,dev,0.834526,0.3,0.0,5.418622,0.195,0.15516
4026b1621d4a,Article 6 Criminal,apps:6823/19,2024-02-29,2024-08-31,2024-09-30,0,4,6,6,1,15.36304976667088,dev,0.681056,0.1,1.0,15.36305,0.415,0.064629
4026b1621d4a,Article 6 Criminal,apps:50764/18,2024-02-29,2024-08-31,2024-09-30,0,4,3,6,0,28.863171831947056,dev,0.066115,0.1,0.0,28.863172,0.065,0.077484
4026b1621d4a,Article 6 Criminal,apps:16174/19,2024-02-29,2024-08-31,2024-09-30,0,4,10|11|5|6|P7-2,6,1,47.26435097761167,dev,0.698676,0.1,1.0,47.264351,0.415,0.095005
4026b1621d4a,Article 6 Criminal,apps:48859/16,2024-02-29,2024-08-31,2024-09-30,0,4,10|5|6,6,1,56.84889686115664,dev,0.729958,0.1,1.0,56.848897,0.415,0.104132
7ff3d5fc46dd,Prisoners' rights,apps:40776/16,2024-02-29,2024-08-31,2024-09-28,0,4,P1-1,,0,3.919211010689251,dev,0.846468,0.1,0.0,3.919211,0.065,0.053732
7ff3d5fc46dd,Prisoners' rights,apps:59464/21,2024-02-29,2024-08-31,2024-09-28,0,3,35|41|6,,0,8.916083889742568,dev,0.057906,0.3,0.0,8.916084,0.195,0.15849
7ff3d5fc46dd,Prisoners' rights,apps:12767/21,2024-02-29,2024-08-31,2024-09-28,0,4,10,,0,4.7766806112183415,dev,0.086213,0.1,0.0,4.776681,0.065,0.054548
7ff3d5fc46dd,Prisoners' rights,apps:24622/22,2024-02-29,2024-08-31,2024-09-28,0,1,35|8,,0,7.221449674626095,dev,0.434484,1.0,0.0,7.22145,0.65,0.506876
7ff3d5fc46dd,Prisoners' rights,apps:44681/21,2024-02-29,2024-08-31,2024-09-28,0,3,41|6,,0,8.916083889742568,dev,0.453372,0.3,0.0,8.916084,0.195,0.15849
7ff3d5fc46dd,Prisoners' rights,apps:33394/12,2024-02-29,2024-08-31,2024-09-28,0,4,10|35|6,,0,7.383024842145122,dev,0.608832,0.1,0.0,7.383025,0.065,0.05703
7ff3d5fc46dd,Prisoners' rights,apps:28540/20,2024-02-29,2024-08-31,2024-09-28,0,4,14|35|8,,0,7.241818358246803,dev,0.30929,0.1,0.0,7.241818,0.065,0.056896
7ff3d5fc46dd,Prisoners' rights,apps:50058/12,2024-02-29,2024-08-31,2024-09-28,0,4,5,,0,6.186491133783081,dev,0.741694,0.1,0.0,6.186491,0.065,0.055891
7ff3d5fc46dd,Prisoners' rights,apps:20007/22,2024-02-29,2024-08-31,2024-09-28,0,3,10|2|8,,0,6.790324929835474,dev,0.740658,0.3,0.0,6.790325,0.195,0.156466
7ff3d5fc46dd,Prisoners' rights,apps:15028/16,2024-02-29,2024-08-31,2024-09-28,0,3,10|41,,0,7.107116700829992,dev,0.119443,0.3,0.0,7.107117,0.195,0.156767
7ff3d5fc46dd,Prisoners' rights,apps:32887/19,2024-02-29,2024-08-31,2024-09-28,0,3,3|34,,0,5.833590491003406,dev,0.707901,0.3,0.0,5.83359,0.195,0.155555
7ff3d5fc46dd,Prisoners' rights,apps:989/18,2024-02-29,2024-08-31,2024-09-28,0,4,6,,0,9.142318486309598,dev,0.7015,0.1,0.0,9.142318,0.065,0.058705
7ff3d5fc46dd,Prisoners' rights,apps:35780/18,2024-02-29,2024-08-31,2024-09-28,0,4,35|6|7|P1-1,,0,4.484901344654549,dev,0.163833,0.1,0.0,4.484901,0.065,0.054271
7ff3d5fc46dd,Prisoners' rights,apps:22463/17,2024-02-29,2024-08-31,2024-09-28,0,4,3|35|5,,0,9.705695181934164,dev,0.953016,0.1,0.0,9.705695,0.065,0.059242
7ff3d5fc46dd,Prisoners' rights,apps:2327/20,2024-02-29,2024-08-31,2024-09-28,0,3,1|6,,0,5.035645235000831,dev,0.523005,0.3,0.0,5.035645,0.195,0.154795
7ff3d5fc46dd,Prisoners' rights,apps:34210/19,2024-02-29,2024-08-31,2024-09-28,0,3,35|8,,0,8.721097246928599,dev,0.782987,0.3,0.0,8.721097,0.195,0.158304
7ff3d5fc46dd,Prisoners' rights,apps:63664/19,2024-02-29,2024-08-31,2024-09-28,0,1,8,,0,18.348769220447995,dev,0.720766,1.0,0.0,18.348769,0.65,0.517472
7ff3d5fc46dd,Prisoners' rights,apps:49755/18,2024-02-29,2024-08-31,2024-09-28,0,3,35|8,,0,3.7659513907108835,dev,0.166963,0.3,0.0,3.765951,0.195,0.153586
7ff3d5fc46dd,Prisoners' rights,apps:42221/18,2024-02-29,2024-08-31,2024-09-28,0,3,P1-3,,0,5.851216129764266,dev,0.126931,0.3,0.0,5.851216,0.195,0.155572
7ff3d5fc46dd,Prisoners' rights,apps:50374/21,2024-02-29,2024-08-31,2024-09-28,0,4,10|11|5|6|8,,0,101.50992875680585,dev,0.781124,0.1,0.0,101.509929,0.065,0.146658
7ff3d5fc46dd,Prisoners' rights,apps:28467/18,2024-02-29,2024-08-31,2024-09-28,0,4,13|6,,0,20.198218480292226,dev,0.268764,0.1,0.0,20.198218,0.065,0.069233
7ff3d5fc46dd,Prisoners' rights,apps:23734/21,2024-02-29,2024-08-31,2024-09-28,0,4,6,,0,8.71549253070269,dev,0.886415,0.1,0.0,8.715493,0.065,0.058299
7ff3d5fc46dd,Prisoners' rights,apps:205/22,2024-02-29,2024-08-31,2024-09-28,0,4,13|5|6,,0,8.856691822291253,dev,0.77143,0.1,0.0,8.856692,0.065,0.058433
7ff3d5fc46dd,Prisoners' rights,apps:4325/22,2024-02-29,2024-08-31,2024-09-28,0,4,13|6,,0,22.7403653361956,dev,0.029356,0.1,0.0,22.740365,0.065,0.071654
7ff3d5fc46dd,Prisoners' rights,apps:50942/20,2024-02-29,2024-08-31,2024-09-28,0,3,14|35|P1-2,,0,7.937137619327151,dev,0.807108,0.3,0.0,7.937138,0.195,0.157558
7ff3d5fc46dd,Prisoners' rights,apps:40861/22,2024-02-29,2024-08-31,2024-09-28,0,3,14|3|35|41|8,,0,5.045912930987518,dev,0.271981,0.3,0.0,5.045913,0.195,0.154805
7ff3d5fc46dd,Prisoners' rights,apps:6823/19,2024-02-29,2024-08-31,2024-09-28,0,4,6,,0,13.31347934923272,dev,0.063872,0.1,0.0,13.313479,0.065,0.062677
7ff3d5fc46dd,Prisoners' rights,apps:50764/18,2024-02-29,2024-08-31,2024-09-28,0,4,3,,0,15.117712887988755,dev,0.712323,0.1,0.0,15.117713,0.065,0.064395
7ff3d5fc46dd,Prisoners' rights,apps:16174/19,2024-02-29,2024-08-31,2024-09-28,0,4,10|11|5|6|P7-2,,0,45.554077324556964,dev,0.576652,0.1,0.0,45.554077,0.065,0.093377
7ff3d5fc46dd,Prisoners' rights,apps:48859/16,2024-02-29,2024-08-31,2024-09-28,0,4,10|5|6,,0,29.47826954363385,dev,0.07707,0.1,0.0,29.47827,0.065,0.078069
d24a9ac722de,ECHR / EU,apps:40776/16,2024-02-29,2024-08-31,2024-11-11,0,4,P1-1,,0,3.963149431587037,dev,0.455198,0.1,0.0,3.963149,0.065,0.053774
d24a9ac722de,ECHR / EU,apps:59464/21,2024-02-29,2024-08-31,2024-11-11,0,3,35|41|6,,0,8.259395552232641,dev,0.360124,0.3,0.0,8.259396,0.195,0.157865
d24a9ac722de,ECHR / EU,apps:12767/21,2024-02-29,2024-08-31,2024-11-11,0,4,10,,0,4.081955495981672,dev,0.49961,0.1,0.0,4.081955,0.065,0.053887
d24a9ac722de,ECHR / EU,apps:24622/22,2024-02-29,2024-08-31,2024-11-11,0,1,35|8,,0,5.952280418699914,dev,0.566886,1.0,0.0,5.95228,0.65,0.505668
d24a9ac722de,ECHR / EU,apps:44681/21,2024-02-29,2024-08-31,2024-11-11,0,3,41|6,,0,8.259395552232641,dev,0.367688,0.3,0.0,8.259396,0.195,0.157865
d24a9ac722de,ECHR / EU,apps:33394/12,2024-02-29,2024-08-31,2024-11-11,0,4,10|35|6,,0,6.721716716549432,dev,0.255116,0.1,0.0,6.721717,0.065,0.0564
d24a9ac722de,ECHR / EU,apps:28540/20,2024-02-29,2024-08-31,2024-11-11,0,4,14|35|8,,0,8.01388285184456,dev,0.102905,0.1,0.0,8.013883,0.065,0.057631
d24a9ac722de,ECHR / EU,apps:50058/12,2024-02-29,2024-08-31,2024-11-11,0,4,5,,0,6.099073807632408,dev,0.573912,0.1,0.0,6.099074,0.065,0.055808
d24a9ac722de,ECHR / EU,apps:20007/22,2024-02-29,2024-08-31,2024-11-11,0,3,10|2|8,,0,4.144141873814428,dev,0.722778,0.3,0.0,4.144142,0.195,0.153946
d24a9ac722de,ECHR / EU,apps:15028/16,2024-02-29,2024-08-31,2024-11-11,0,3,10|41,,0,3.963149431587037,dev,0.228404,0.3,0.0,3.963149,0.195,0.153774
d24a9ac722de,ECHR / EU,apps:32887/19,2024-02-29,2024-08-31,2024-11-11,0,3,3|34,,0,6.749760935472924,dev,0.508825,0.3,0.0,6.749761,0.195,0.156427
d24a9ac722de,ECHR / EU,apps:28791/10,2024-02-29,2024-08-31,2024-11-11,0,3,8,,0,4.174404361340031,dev,0.044038,0.3,0.0,4.174404,0.195,0.153975
d24a9ac722de,ECHR / EU,apps:989/18,2024-02-29,2024-08-31,2024-11-11,0,4,6,,0,9.132768829449788,dev,0.862928,0.1,0.0,9.132769,0.065,0.058696
d24a9ac722de,ECHR / EU,apps:17389/20,2024-02-29,2024-08-31,2024-11-11,0,3,3|35|7,,0,4.174404361340031,dev,0.244551,0.3,0.0,4.174404,0.195,0.153975
d24a9ac722de,ECHR / EU,apps:35780/18,2024-02-29,2024-08-31,2024-11-11,0,4,35|6|7|P1-1,,0,5.106261977457653,dev,0.471765,0.1,0.0,5.106262,0.065,0.054862
d24a9ac722de,ECHR / EU,apps:22463/17,2024-02-29,2024-08-31,2024-11-11,0,4,3|35|5,,0,8.428202545830578,dev,0.382979,0.1,0.0,8.428203,0.065,0.058025
d24a9ac722de,ECHR / EU,apps:2327/20,2024-02-29,2024-08-31,2024-11-11,0,3,1|6,,0,3.6960471784246263,dev,0.150085,0.3,0.0,3.696047,0.195,0.153519
d24a9ac722de,ECHR / EU,apps:34210/19,2024-02-29,2024-08-31,2024-11-11,0,3,35|8,,0,8.620200116003561,dev,0.93116,0.3,0.0,8.6202,0.195,0.158208
d24a9ac722de,ECHR / EU,apps:63664/19,2024-02-29,2024-08-31,2024-11-11,0,1,8,,0,10.035248252163182,dev,0.857485,1.0,0.0,10.035248,0.65,0.509556
d24a9ac722de,ECHR / EU,apps:49755/18,2024-02-29,2024-08-31,2024-11-11,0,3,35|8,,0,5.067458957074346,dev,0.552865,0.3,0.0,5.067459,0.195,0.154825
d24a9ac722de,ECHR / EU,apps:42221/18,2024-02-29,2024-08-31,2024-11-11,0,3,P1-3,,0,5.805765525200052,dev,0.913948,0.3,0.0,5.805766,0.195,0.155528
d24a9ac722de,ECHR / EU,apps:50374/21,2024-02-29,2024-08-31,2024-11-11,0,4,10|11|5|6|8,,0,75.71087320171998,dev,0.740666,0.1,0.0,75.710873,0.065,0.122092
d24a9ac722de,ECHR / EU,apps:28467/18,2024-02-29,2024-08-31,2024-11-11,0,4,13|6,,0,13.975230623704865,dev,0.419369,0.1,0.0,13.975231,0.065,0.063307
d24a9ac722de,ECHR / EU,apps:23734/21,2024-02-29,2024-08-31,2024-11-11,0,4,6,,0,7.4381219266941425,dev,0.321802,0.1,0.0,7.438122,0.065,0.057083
d24a9ac722de,ECHR / EU,apps:205/22,2024-02-29,2024-08-31,2024-11-11,0,4,13|5|6,,0,6.199380998268811,dev,0.416257,0.1,0.0,6.199381,0.065,0.055903
d24a9ac722de,ECHR / EU,apps:4325/22,2024-02-29,2024-08-31,2024-11-11,0,4,13|6,,0,13.681452097390043,dev,0.720288,0.1,0.0,13.681452,0.065,0.063028
d24a9ac722de,ECHR / EU,apps:50942/20,2024-02-29,2024-08-31,2024-11-11,0,3,14|35|P1-2,,0,6.691380805790785,dev,0.271258,0.3,0.0,6.691381,0.195,0.156372
d24a9ac722de,ECHR / EU,apps:40861/22,2024-02-29,2024-08-31,2024-11-11,0,3,14|3|35|41|8,,0,4.0413919777573115,dev,0.077887,0.3,0.0,4.041392,0.195,0.153848
d24a9ac722de,ECHR / EU,apps:6823/19,2024-02-29,2024-08-31,2024-11-11,0,4,6,,0,9.514888841026178,dev,0.372808,0.1,0.0,9.514889,0.065,0.05906
d24a9ac722de,ECHR / EU,apps:50764/18,2024-02-29,2024-08-31,2024-11-11,0,4,3,,0,11.298939106598153,dev,0.502041,0.1,0.0,11.298939,0.065,0.060759
0a61f8f7ceb0,Rights of LGBTI persons,apps:23956/24,2024-02-29,2025-02-28,2025-06-12,0,4,39|6,,0,7.662135720692824,dev,0.901941,0.1,0.0,7.662136,0.065,0.057296
0a61f8f7ceb0,Rights of LGBTI persons,apps:15545/24,2024-02-29,2025-02-28,2025-06-12,0,4,39|6,,0,5.517415349541543,dev,0.179344,0.1,0.0,5.517415,0.065,0.055254
0a61f8f7ceb0,Rights of LGBTI persons,apps:21166/20,2024-02-29,2025-02-28,2025-06-12,0,4,37,,0,12.803706805388117,dev,0.804338,0.1,0.0,12.803707,0.065,0.062192
0a61f8f7ceb0,Rights of LGBTI persons,apps:18493/21,2024-02-29,2025-02-28,2025-06-12,0,4,10|37,,0,5.543325614920317,dev,0.981414,0.1,0.0,5.543326,0.065,0.055278
0a61f8f7ceb0,Rights of LGBTI persons,apps:56929/18,2024-02-29,2025-02-28,2025-06-12,0,4,6,,0,5.4520898515879,dev,0.954079,0.1,0.0,5.45209,0.065,0.055192
0a61f8f7ceb0,Rights of LGBTI persons,apps:19274/20,2024-02-29,2025-02-28,2025-06-12,0,4,5,,0,5.3829187955799505,dev,0.068926,0.1,0.0,5.382919,0.065,0.055126
0a61f8f7ceb0,Rights of LGBTI persons,apps:78280/14,2024-02-29,2025-02-28,2025-06-12,0,4,8,,0,10.829812893053113,dev,0.465094,0.1,0.0,10.829813,0.065,0.060312
0a61f8f7ceb0,Rights of LGBTI persons,apps:47626/21,2024-02-29,2025-02-28,2025-06-12,0,3,2|41,,0,5.4520898515879,dev,0.282307,0.3,0.0,5.45209,0.195,0.155192
0a61f8f7ceb0,Rights of LGBTI persons,apps:56795/11,2024-02-29,2025-02-28,2025-06-12,0,4,P1-1,,0,9.325857585615465,dev,0.844847,0.1,0.0,9.325858,0.065,0.05888
0a61f8f7ceb0,Rights of LGBTI persons,apps:36436/22,2024-02-29,2025-02-28,2025-06-12,0,3,14|3|35|4|41|8,,0,11.15854435967595,dev,0.327301,0.3,0.0,11.158544,0.195,0.160625
0a61f8f7ceb0,Rights of LGBTI persons,apps:31381/17,2024-02-29,2025-02-28,2025-06-12,0,4,P1-1,,0,7.225266018813671,dev,0.553091,0.1,0.0,7.225266,0.065,0.05688
0a61f8f7ceb0,Rights of LGBTI persons,apps:44283/19,2024-02-29,2025-02-28,2025-06-12,0,4,3|5,,0,7.138275968551223,dev,0.007969,0.1,0.0,7.138276,0.065,0.056797
0a61f8f7ceb0,Rights of LGBTI persons,apps:48636/19,2024-02-29,2025-02-28,2025-06-12,0,4,13|8,,0,6.5128029264115135,dev,0.200671,0.1,0.0,6.512803,0.065,0.056202
0a61f8f7ceb0,Rights of LGBTI persons,apps:29359/22,2024-02-29,2025-02-28,2025-06-12,0,3,14|41|P1-2,,0,4.558766400155224,dev,0.563807,0.3,0.0,4.558766,0.195,0.154341
0a61f8f7ceb0,Rights of LGBTI persons,apps:60716/10,2024-02-29,2025-02-28,2025-06-12,0,4,6,,0,4.888128807356732,dev,0.303909,0.1,0.0,4.888129,0.065,0.054655
0a61f8f7ceb0,Rights of LGBTI persons,apps:78030/14,2024-02-29,2025-02-28,2025-06-12,0,4,8,,0,7.368478485437465,dev,0.622718,0.1,0.0,7.368478,0.065,0.057016
0a61f8f7ceb0,Rights of LGBTI persons,apps:40733/22,2024-02-29,2025-02-28,2025-06-12,0,1,3|34|41|8,,0,6.23322773252691,dev,0.463927,1.0,0.0,6.233228,0.65,0.505935
0a61f8f7ceb0,Rights of LGBTI persons,apps:32543/18,2024-02-29,2025-02-28,2025-06-12,0,4,39|6,,0,19.702611713622424,dev,0.591691,0.1,0.0,19.702612,0.065,0.068761
0a61f8f7ceb0,Rights of LGBTI persons,apps:35054/22,2024-02-29,2025-02-28,2025-06-12,0,4,37|6,,0,5.717235494406912,dev,0.493361,0.1,0.0,5.717235,0.065,0.055444
0a61f8f7ceb0,Rights of LGBTI persons,apps:10691/24,2024-02-29,2025-02-28,2025-06-12,0,4,13|39|6,,0,37.0980031970763,dev,0.772613,0.1,0.0,37.098003,0.065,0.085325
0a61f8f7ceb0,Rights of LGBTI persons,apps:10896/24,2024-02-29,2025-02-28,2025-06-12,0,4,13|39|6,,0,48.61359781403237,dev,0.195422,0.1,0.0,48.613598,0.065,0.09629
0a61f8f7ceb0,Rights of LGBTI persons,apps:16240/23,2024-02-29,2025-02-28,2025-06-12,0,4,35|6|P1-1,,0,9.200075661842524,dev,0.900443,0.1,0.0,9.200076,0.065,0.05876
0a61f8f7ceb0,Rights of LGBTI persons,apps:53499/20,2024-02-29,2025-02-28,2025-06-12,0,4,39|8,,0,4.262673673972243,dev,0.760482,0.1,0.0,4.262674,0.065,0.054059
0a61f8f7ceb0,Rights of LGBTI persons,apps:18413/24,2024-02-29,2025-02-28,2025-06-12,0,4,37|5,,0,5.517415349541543,dev,0.245127,0.1,0.0,5.517415,0.065,0.055254
0a61f8f7ceb0,Rights of LGBTI persons,apps:39466/17,2024-02-29,2025-02-28,2025-06-12,0,4,13|35|6,,0,10.58627667835136,dev,0.006378,0.1,0.0,10.586277,0.065,0.06008
0a61f8f7ceb0,Rights of LGBTI persons,apps:21375/24,2024-02-29,2025-02-28,2025-06-12,0,4,13|39|6,,0,7.411513711492171,dev,0.410036,0.1,0.0,7.411514,0.065,0.057057
0a61f8f7ceb0,Rights of LGBTI persons,apps:25248/22,2024-02-29,2025-02-28,2025-06-12,0,4,13|3|39,,0,9.434646675236593,dev,0.232998,0.1,0.0,9.434647,0.065,0.058984
0a61f8f7ceb0,Rights of LGBTI persons,apps:43307/22,2024-02-29,2025-02-28,2025-06-12,0,4,3|35|37,,0,6.119280303731571,dev,0.346424,0.1,0.0,6.11928,0.065,0.055827
0a61f8f7ceb0,Rights of LGBTI persons,apps:10462/23,2024-02-29,2025-02-28,2025-06-12,0,4,39|6,,0,7.457946413838595,dev,0.839574,0.1,0.0,7.457946,0.065,0.057101
0a61f8f7ceb0,Rights of LGBTI persons,apps:43481/18,2024-02-29,2025-02-28,2025-06-12,0,4,3|37,,0,14.754691213191224,dev,0.877199,0.1,0.0,14.754691,0.065,0.06405
0faa41c7c031,Article 18,apps:23956/24,2024-02-29,2025-02-28,2025-04-03,0,4,39|6,18,0,4.9854828986608934,dev,0.95099,0.1,0.0,4.985483,0.065,0.054747
0faa41c7c031,Article 18,apps:15545/24,2024-02-29,2025-02-28,2025-04-03,0,4,39|6,18,0,2.1580098613399015,dev,0.001462,0.1,0.0,2.15801,0.065,0.052055
0faa41c7c031,Article 18,apps:21166/20,2024-02-29,2025-02-28,2025-04-03,0,4,37,18,0,5.165023088910981,dev,0.657304,0.1,0.0,5.165023,0.065,0.054918
0faa41c7c031,Article 18,apps:18493/21,2024-02-29,2025-02-28,2025-04-03,0,4,10|37,18,0,3.114270272560046,dev,0.849006,0.1,0.0,3.11427,0.065,0.052965
0faa41c7c031,Article 18,apps:56929/18,2024-02-29,2025-02-28,2025-04-03,0,4,6,18,0,6.440146767246531,dev,0.727215,0.1,0.0,6.440147,0.065,0.056132
0faa41c7c031,Article 18,apps:19274/20,2024-02-29,2025-02-28,2025-04-03,0,4,5,18,0,3.026856213779106,dev,0.103949,0.1,0.0,3.026856,0.065,0.052882
0faa41c7c031,Article 18,apps:78280/14,2024-02-29,2025-02-28,2025-04-03,0,4,8,18,0,11.734885354134581,dev,0.529814,0.1,0.0,11.734885,0.065,0.061174
0faa41c7c031,Article 18,apps:47626/21,2024-02-29,2025-02-28,2025-04-03,0,3,2|41,18,0,5.913916133278735,dev,0.238168,0.3,0.0,5.913916,0.195,0.155631
0faa41c7c031,Article 18,apps:56795/11,2024-02-29,2025-02-28,2025-04-03,0,4,P1-1,18,0,6.537789089829407,dev,0.492029,0.1,0.0,6.537789,0.065,0.056225
0faa41c7c031,Article 18,apps:36436/22,2024-02-29,2025-02-28,2025-04-03,0,3,14|3|35|4|41|8,18,0,7.248056299370932,dev,0.059895,0.3,0.0,7.248056,0.195,0.156902
0faa41c7c031,Article 18,apps:31381/17,2024-02-29,2025-02-28,2025-04-03,0,4,P1-1,18,0,2.1270114335760377,dev,0.996959,0.1,0.0,2.127011,0.065,0.052025
0faa41c7c031,Article 18,apps:44283/19,2024-02-29,2025-02-28,2025-04-03,0,4,3|5,18,0,4.7503218642543485,dev,0.711652,0.1,0.0,4.750322,0.065,0.054523
0faa41c7c031,Article 18,apps:48636/19,2024-02-29,2025-02-28,2025-04-03,0,4,13|8,18,0,3.897889999048704,dev,0.093027,0.1,0.0,3.89789,0.065,0.053712
0faa41c7c031,Article 18,apps:29359/22,2024-02-29,2025-02-28,2025-04-03,0,3,14|41|P1-2,18,0,1.0953908422556757,dev,0.921274,0.3,0.0,1.095391,0.195,0.151043
0faa41c7c031,Article 18,apps:60716/10,2024-02-29,2025-02-28,2025-04-03,0,4,6,18,0,2.6421201676715027,dev,0.897287,0.1,0.0,2.64212,0.065,0.052516
0faa41c7c031,Article 18,apps:78030/14,2024-02-29,2025-02-28,2025-04-03,0,4,8,18,0,8.092631429418237,dev,0.519759,0.1,0.0,8.092631,0.065,0.057706
0faa41c7c031,Article 18,apps:40733/22,2024-02-29,2025-02-28,2025-04-03,0,1,3|34|41|8,18,0,3.026856213779106,dev,0.700847,1.0,0.0,3.026856,0.65,0.502882
0faa41c7c031,Article 18,apps:32543/18,2024-02-29,2025-02-28,2025-04-03,0,4,39|6,18,0,6.17037924437504,dev,0.372492,0.1,0.0,6.170379,0.065,0.055875
0faa41c7c031,Article 18,apps:35054/22,2024-02-29,2025-02-28,2025-04-03,0,4,37|6,18,0,3.114270272560046,dev,0.974555,0.1,0.0,3.11427,0.065,0.052965
0faa41c7c031,Article 18,apps:10691/24,2024-02-29,2025-02-28,2025-04-03,0,4,13|39|6,18,0,4.9854828986608934,dev,0.084902,0.1,0.0,4.985483,0.065,0.054747
0faa41c7c031,Article 18,apps:10896/24,2024-02-29,2025-02-28,2025-04-03,0,4,13|39|6,18,0,6.965678088309384,dev,0.095577,0.1,0.0,6.965678,0.065,0.056633
0faa41c7c031,Article 18,apps:16240/23,2024-02-29,2025-02-28,2025-04-03,0,4,35|6|P1-1,18,0,6.999516565205356,dev,0.133514,0.1,0.0,6.999517,0.065,0.056665
0faa41c7c031,Article 18,apps:53499/20,2024-02-29,2025-02-28,2025-04-03,0,4,39|8,18,0,1.0953908422556757,dev,0.819963,0.1,0.0,1.095391,0.065,0.051043
0faa41c7c031,Article 18,apps:18413/24,2024-02-29,2025-02-28,2025-04-03,0,4,37|5,18,0,3.026856213779106,dev,0.07483,0.1,0.0,3.026856,0.065,0.052882
0faa41c7c031,Article 18,apps:39466/17,2024-02-29,2025-02-28,2025-04-03,0,4,13|35|6,18,0,5.487499695231862,dev,0.567821,0.1,0.0,5.4875,0.065,0.055225
0faa41c7c031,Article 18,apps:21375/24,2024-02-29,2025-02-28,2025-04-03,0,4,13|39|6,18,0,4.835716042438604,dev,0.434983,0.1,0.0,4.835716,0.065,0.054605
0faa41c7c031,Article 18,apps:25248/22,2024-02-29,2025-02-28,2025-04-03,0,4,13|3|39,18,0,1.0953908422556757,dev,0.964218,0.1,0.0,1.095391,0.065,0.051043
0faa41c7c031,Article 18,apps:43307/22,2024-02-29,2025-02-28,2025-04-03,0,4,3|35|37,18,0,1.0953908422556757,dev,0.236772,0.1,0.0,1.095391,0.065,0.051043
0faa41c7c031,Article 18,apps:10462/23,2024-02-29,2025-02-28,2025-04-03,0,4,39|6,18,0,3.4436940235912172,dev,0.260991,0.1,0.0,3.443694,0.065,0.053279
0faa41c7c031,Article 18,apps:43481/18,2024-02-29,2025-02-28,2025-04-03,0,4,3|37,18,0,5.254437633461454,dev,0.315009,0.1,0.0,5.254438,0.065,0.055003
1b1f8de345be,Article 1 Protocol 1,apps:23956/24,2024-02-29,2025-02-28,2025-06-12,0,4,39|6,P1-1,0,8.542658317213863,dev,0.800817,0.1,0.0,8.542658,0.065,0.058134
1b1f8de345be,Article 1 Protocol 1,apps:15545/24,2024-02-29,2025-02-28,2025-06-12,0,4,39|6,P1-1,0,4.190350660962326,dev,0.700726,0.1,0.0,4.190351,0.065,0.05399
1b1f8de345be,Article 1 Protocol 1,apps:21166/20,2024-02-29,2025-02-28,2025-06-12,0,4,37,P1-1,0,18.659834905833613,dev,0.735353,0.1,0.0,18.659835,0.065,0.067768
1b1f8de345be,Article 1 Protocol 1,apps:18493/21,2024-02-29,2025-02-28,2025-06-12,0,4,10|37,P1-1,0,6.579779772667344,dev,0.318058,0.1,0.0,6.57978,0.065,0.056265
1b1f8de345be,Article 1 Protocol 1,apps:56929/18,2024-02-29,2025-02-28,2025-06-12,0,4,6,P1-1,0,5.869725895398298,dev,0.271956,0.1,0.0,5.869726,0.065,0.055589
1b1f8de345be,Article 1 Protocol 1,apps:19274/20,2024-02-29,2025-02-28,2025-06-12,0,4,5,P1-1,0,6.09552752008665,dev,0.074687,0.1,0.0,6.095528,0.065,0.055804
1b1f8de345be,Article 1 Protocol 1,apps:78280/14,2024-02-29,2025-02-28,2025-06-12,0,4,8,P1-1,0,13.066980088173349,dev,0.202713,0.1,0.0,13.06698,0.065,0.062442
1b1f8de345be,Article 1 Protocol 1,apps:47626/21,2024-02-29,2025-02-28,2025-06-12,0,3,2|41,P1-1,0,10.829400404268219,dev,0.779937,0.3,0.0,10.8294,0.195,0.160312
1b1f8de345be,Article 1 Protocol 1,apps:56795/11,2024-02-29,2025-02-28,2025-06-12,0,4,P1-1,P1-1,1,9.332486005620062,dev,0.584708,0.1,1.0,9.332486,0.415,0.058886
1b1f8de345be,Article 1 Protocol 1,apps:36436/22,2024-02-29,2025-02-28,2025-06-12,0,3,14|3|35|4|41|8,P1-1,0,8.80678491719181,dev,0.155411,0.3,0.0,8.806785,0.195,0.158386
1b1f8de345be,Article 1 Protocol 1,apps:31381/17,2024-02-29,2025-02-28,2025-06-12,0,4,P1-1,P1-1,1,5.93443501040557,dev,0.164375,0.1,1.0,5.934435,0.415,0.055651
1b1f8de345be,Article 1 Protocol 1,apps:44283/19,2024-02-29,2025-02-28,2025-06-12,0,4,3|5,P1-1,0,7.407014740457287,dev,0.466055,0.1,0.0,7.407015,0.065,0.057053
1b1f8de345be,Article 1 Protocol 1,apps:48636/19,2024-02-29,2025-02-28,2025-06-12,0,4,13|8,P1-1,0,7.252542259943759,dev,0.406513,0.1,0.0,7.252542,0.065,0.056906
1b1f8de345be,Article 1 Protocol 1,apps:29359/22,2024-02-29,2025-02-28,2025-06-12,0,3,14|41|P1-2,P1-1,0,4.613243958620346,dev,0.535925,0.3,0.0,4.613244,0.195,0.154393
1b1f8de345be,Article 1 Protocol 1,apps:60716/10,2024-02-29,2025-02-28,2025-06-12,0,4,6,P1-1,0,5.53413891945055,dev,0.964635,0.1,0.0,5.534139,0.065,0.05527
1b1f8de345be,Article 1 Protocol 1,apps:78030/14,2024-02-29,2025-02-28,2025-06-12,0,4,8,P1-1,0,10.480337386519292,dev,0.207636,0.1,0.0,10.480337,0.065,0.059979
1b1f8de345be,Article 1 Protocol 1,apps:40733/22,2024-02-29,2025-02-28,2025-06-12,0,1,3|34|41|8,P1-1,0,6.2303663423457385,dev,0.308308,1.0,0.0,6.230366,0.65,0.505933
1b1f8de345be,Article 1 Protocol 1,apps:32543/18,2024-02-29,2025-02-28,2025-06-12,0,4,39|6,P1-1,0,22.698779501193393,dev,0.265008,0.1,0.0,22.69878,0.065,0.071614
1b1f8de345be,Article 1 Protocol 1,apps:35054/22,2024-02-29,2025-02-28,2025-06-12,0,4,37|6,P1-1,0,6.579779772667344,dev,0.119914,0.1,0.0,6.57978,0.065,0.056265
1b1f8de345be,Article 1 Protocol 1,apps:10691/24,2024-02-29,2025-02-28,2025-06-12,0,4,13|39|6,P1-1,0,26.71920236428427,dev,0.157615,0.1,0.0,26.719202,0.065,0.075442
1b1f8de345be,Article 1 Protocol 1,apps:10896/24,2024-02-29,2025-02-28,2025-06-12,0,4,13|39|6,P1-1,0,33.376491530663344,dev,0.686055,0.1,0.0,33.376492,0.065,0.081781
1b1f8de345be,Article 1 Protocol 1,apps:16240/23,2024-02-29,2025-02-28,2025-06-12,0,4,35|6|P1-1,P1-1,1,8.438539932245893,dev,0.826387,0.1,1.0,8.43854,0.415,0.058035
1b1f8de345be,Article 1 Protocol 1,apps:53499/20,2024-02-29,2025-02-28,2025-06-12,0,4,39|8,P1-1,0,6.09552752008665,dev,0.696878,0.1,0.0,6.095528,0.065,0.055804
1b1f8de345be,Article 1 Protocol 1,apps:18413/24,2024-02-29,2025-02-28,2025-06-12,0,4,37|5,P1-1,0,5.416841998792984,dev,0.04033,0.1,0.0,5.416842,0.065,0.055158
1b1f8de345be,Article 1 Protocol 1,apps:39466/17,2024-02-29,2025-02-28,2025-06-12,0,4,13|35|6,P1-1,0,8.930466208103104,dev,0.835925,0.1,0.0,8.930466,0.065,0.058504
1b1f8de345be,Article 1 Protocol 1,apps:21375/24,2024-02-29,2025-02-28,2025-06-12,0,4,13|39|6,P1-1,0,8.233492735014497,dev,0.327794,0.1,0.0,8.233493,0.065,0.05784
1b1f8de345be,Article 1 Protocol 1,apps:25248/22,2024-02-29,2025-02-28,2025-06-12,0,4,13|3|39,P1-1,0,8.788935027326875,dev,0.091213,0.1,0.0,8.788935,0.065,0.058369
1b1f8de345be,Article 1 Protocol 1,apps:43307/22,2024-02-29,2025-02-28,2025-06-12,0,4,3|35|37,P1-1,0,9.181334682843008,dev,0.248219,0.1,0.0,9.181335,0.065,0.058743
1b1f8de345be,Article 1 Protocol 1,apps:10462/23,2024-02-29,2025-02-28,2025-06-12,0,4,39|6,P1-1,0,5.2400286768510655,dev,0.355743,0.1,0.0,5.240029,0.065,0.05499
1b1f8de345be,Article 1 Protocol 1,apps:43481/18,2024-02-29,2025-02-28,2025-06-12,0,4,3|37,P1-1,0,18.659834905833613,dev,0.51346,0.1,0.0,18.659835,0.065,0.067768
41c295afbaa0,Article 7,apps:23956/24,2024-02-29,2025-02-28,2025-06-04,0,4,39|6,7,0,4.989459875945368,dev,0.677183,0.1,0.0,4.98946,0.065,0.054751
41c295afbaa0,Article 7,apps:15545/24,2024-02-29,2025-02-28,2025-06-04,0,4,39|6,7,0,4.050373110794604,dev,0.260167,0.1,0.0,4.050373,0.065,0.053857
41c295afbaa0,Article 7,apps:21166/20,2024-02-29,2025-02-28,2025-06-04,0,4,37,7,0,7.868236247362122,dev,0.990677,0.1,0.0,7.868236,0.065,0.057492
41c295afbaa0,Article 7,apps:18493/21,2024-02-29,2025-02-28,2025-06-04,0,4,10|37,7,0,4.680574527401011,dev,0.031082,0.1,0.0,4.680575,0.065,0.054457
41c295afbaa0,Article 7,apps:56929/18,2024-02-29,2025-02-28,2025-06-04,0,4,6,7,0,3.5607933361852546,dev,0.404392,0.1,0.0,3.560793,0.065,0.053391
41c295afbaa0,Article 7,apps:19274/20,2024-02-29,2025-02-28,2025-06-04,0,4,5,7,0,3.3125947625532834,dev,0.452201,0.1,0.0,3.312595,0.065,0.053154
41c295afbaa0,Article 7,apps:78280/14,2024-02-29,2025-02-28,2025-06-04,0,4,8,7,0,8.575117360893445,dev,0.748078,0.1,0.0,8.575117,0.065,0.058165
41c295afbaa0,Article 7,apps:47626/21,2024-02-29,2025-02-28,2025-06-04,0,3,2|41,7,0,3.5607933361852546,dev,0.249853,0.3,0.0,3.560793,0.195,0.153391
41c295afbaa0,Article 7,apps:56795/11,2024-02-29,2025-02-28,2025-06-04,0,4,P1-1,7,0,6.912807003512151,dev,0.462043,0.1,0.0,6.912807,0.065,0.056582
41c295afbaa0,Article 7,apps:36436/22,2024-02-29,2025-02-28,2025-06-04,0,3,14|3|35|4|41|8,7,0,6.7458373875993285,dev,0.803897,0.3,0.0,6.745837,0.195,0.156423
41c295afbaa0,Article 7,apps:31381/17,2024-02-29,2025-02-28,2025-06-04,0,4,P1-1,7,0,2.56826105867621,dev,0.139793,0.1,0.0,2.568261,0.065,0.052446
41c295afbaa0,Article 7,apps:44283/19,2024-02-29,2025-02-28,2025-06-04,0,4,3|5,7,0,4.461167485564985,dev,0.011957,0.1,0.0,4.461167,0.065,0.054248
41c295afbaa0,Article 7,apps:48636/19,2024-02-29,2025-02-28,2025-06-04,0,4,13|8,7,0,5.265109160107202,dev,0.830372,0.1,0.0,5.265109,0.065,0.055013
41c295afbaa0,Article 7,apps:29359/22,2024-02-29,2025-02-28,2025-06-04,0,3,14|41|P1-2,7,0,3.02895370844201,dev,0.982567,0.3,0.0,3.028954,0.195,0.152884
41c295afbaa0,Article 7,apps:60716/10,2024-02-29,2025-02-28,2025-06-04,0,4,6,7,0,3.3170982412624728,dev,0.130715,0.1,0.0,3.317098,0.065,0.053159
41c295afbaa0,Article 7,apps:78030/14,2024-02-29,2025-02-28,2025-06-04,0,4,8,7,0,5.4068621636831935,dev,0.823673,0.1,0.0,5.406862,0.065,0.055148
41c295afbaa0,Article 7,apps:40733/22,2024-02-29,2025-02-28,2025-06-04,0,1,3|34|41|8,7,0,4.695673901021351,dev,0.37224,1.0,0.0,4.695674,0.65,0.504471
41c295afbaa0,Article 7,apps:32543/18,2024-02-29,2025-02-28,2025-06-04,0,4,39|6,7,0,12.828593697389149,dev,0.630298,0.1,0.0,12.828594,0.065,0.062215
41c295afbaa0,Article 7,apps:35054/22,2024-02-29,2025-02-28,2025-06-04,0,4,37|6,7,0,4.272243261209095,dev,0.644685,0.1,0.0,4.272243,0.065,0.054068
41c295afbaa0,Article 7,apps:10691/24,2024-02-29,2025-02-28,2025-06-04,0,4,13|39|6,7,0,26.484153395481023,dev,0.582324,0.1,0.0,26.484153,0.065,0.075218
41c295afbaa0,Article 7,apps:10896/24,2024-02-29,2025-02-28,2025-06-04,0,4,13|39|6,7,0,33.60922920607179,dev,0.258821,0.1,0.0,33.609229,0.065,0.082003
41c295afbaa0,Article 7,apps:16240/23,2024-02-29,2025-02-28,2025-06-04,0,4,35|6|P1-1,7,0,3.7893805412023056,dev,0.812747,0.1,0.0,3.789381,0.065,0.053608
41c295afbaa0,Article 7,apps:53499/20,2024-02-29,2025-02-28,2025-06-04,0,4,39|8,7,0,3.4674373560642486,dev,0.0218,0.1,0.0,3.467437,0.065,0.053302
41c295afbaa0,Article 7,apps:18413/24,2024-02-29,2025-02-28,2025-06-04,0,4,37|5,7,0,4.050373110794604,dev,0.064472,0.1,0.0,4.050373,0.065,0.053857
41c295afbaa0,Article 7,apps:39466/17,2024-02-29,2025-02-28,2025-06-04,0,4,13|35|6,7,0,5.161246409356077,dev,0.902496,0.1,0.0,5.161246,0.065,0.054915
41c295afbaa0,Article 7,apps:21375/24,2024-02-29,2025-02-28,2025-06-04,0,4,13|39|6,7,0,5.026043521793046,dev,0.443431,0.1,0.0,5.026044,0.065,0.054786
41c295afbaa0,Article 7,apps:25248/22,2024-02-29,2025-02-28,2025-06-04,0,4,13|3|39,7,0,3.02895370844201,dev,0.128792,0.1,0.0,3.028954,0.065,0.052884
41c295afbaa0,Article 7,apps:43307/22,2024-02-29,2025-02-28,2025-06-04,0,4,3|35|37,7,0,3.02895370844201,dev,0.905078,0.1,0.0,3.028954,0.065,0.052884
41c295afbaa0,Article 7,apps:10462/23,2024-02-29,2025-02-28,2025-06-04,0,4,39|6,7,0,1.1655440378669748,dev,0.829356,0.1,0.0,1.165544,0.065,0.05111
41c295afbaa0,Article 7,apps:43481/18,2024-02-29,2025-02-28,2025-06-04,0,4,3|37,7,0,7.240286453006882,dev,0.33155,0.1,0.0,7.240286,0.065,0.056894
54e38e09f96e,Article 2 Protocol 1,apps:23956/24,2024-02-29,2025-02-28,2025-04-24,0,4,39|6,P1-2,0,6.711711413173848,dev,0.042696,0.1,0.0,6.711711,0.065,0.056391
54e38e09f96e,Article 2 Protocol 1,apps:15545/24,2024-02-29,2025-02-28,2025-04-24,0,4,39|6,P1-2,0,1.3232926064672068,dev,0.460995,0.1,0.0,1.323293,0.065,0.05126
54e38e09f96e,Article 2 Protocol 1,apps:21166/20,2024-02-29,2025-02-28,2025-04-24,0,4,37,P1-2,0,5.308775735585524,dev,0.167989,0.1,0.0,5.308776,0.065,0.055055
54e38e09f96e,Article 2 Protocol 1,apps:18493/21,2024-02-29,2025-02-28,2025-04-24,0,4,10|37,P1-2,0,4.494137596463717,dev,0.573884,0.1,0.0,4.494138,0.065,0.054279
54e38e09f96e,Article 2 Protocol 1,apps:56929/18,2024-02-29,2025-02-28,2025-04-24,0,4,6,P1-2,0,3.5924024352354675,dev,0.821685,0.1,0.0,3.592402,0.065,0.053421
54e38e09f96e,Article 2 Protocol 1,apps:19274/20,2024-02-29,2025-02-28,2025-04-24,0,4,5,P1-2,0,4.246843615724055,dev,0.394999,0.1,0.0,4.246844,0.065,0.054044
54e38e09f96e,Article 2 Protocol 1,apps:78280/14,2024-02-29,2025-02-28,2025-04-24,0,4,8,P1-2,0,9.398903572771934,dev,0.029482,0.1,0.0,9.398904,0.065,0.05895
54e38e09f96e,Article 2 Protocol 1,apps:47626/21,2024-02-29,2025-02-28,2025-04-24,0,3,2|41,P1-2,0,3.5924024352354675,dev,0.683213,0.3,0.0,3.592402,0.195,0.153421
54e38e09f96e,Article 2 Protocol 1,apps:56795/11,2024-02-29,2025-02-28,2025-04-24,0,4,P1-1,P1-2,0,8.764191745637332,dev,0.172807,0.1,0.0,8.764192,0.065,0.058345
54e38e09f96e,Article 2 Protocol 1,apps:36436/22,2024-02-29,2025-02-28,2025-04-24,0,3,14|3|35|4|41|8,P1-2,0,10.389901899478833,dev,0.214716,0.3,0.0,10.389902,0.195,0.159893
54e38e09f96e,Article 2 Protocol 1,apps:31381/17,2024-02-29,2025-02-28,2025-04-24,0,4,P1-1,P1-2,0,6.864211924102138,dev,0.187151,0.1,0.0,6.864212,0.065,0.056536
54e38e09f96e,Article 2 Protocol 1,apps:44283/19,2024-02-29,2025-02-28,2025-04-24,0,4,3|5,P1-2,0,9.524435042692058,dev,0.279855,0.1,0.0,9.524435,0.065,0.059069
54e38e09f96e,Article 2 Protocol 1,apps:48636/19,2024-02-29,2025-02-28,2025-04-24,0,4,13|8,P1-2,0,4.410441449596842,dev,0.883424,0.1,0.0,4.410441,0.065,0.0542
54e38e09f96e,Article 2 Protocol 1,apps:29359/22,2024-02-29,2025-02-28,2025-04-24,0,3,14|41|P1-2,P1-2,1,1.3232926064672068,dev,0.034649,0.3,1.0,1.323293,0.545,0.15126
54e38e09f96e,Article 2 Protocol 1,apps:60716/10,2024-02-29,2025-02-28,2025-04-24,0,4,6,P1-2,0,3.680185680877765,dev,0.619177,0.1,0.0,3.680186,0.065,0.053504
54e38e09f96e,Article 2 Protocol 1,apps:78030/14,2024-02-29,2025-02-28,2025-04-24,0,4,8,P1-2,0,5.205219945330269,dev,0.245785,0.1,0.0,5.20522,0.065,0.054956
54e38e09f96e,Article 2 Protocol 1,apps:40733/22,2024-02-29,2025-02-28,2025-04-24,0,1,3|34|41|8,P1-2,0,4.246843615724055,dev,0.295105,1.0,0.0,4.246844,0.65,0.504044
54e38e09f96e,Article 2 Protocol 1,apps:32543/18,2024-02-29,2025-02-28,2025-04-24,0,4,39|6,P1-2,0,3.107459542350678,dev,0.411992,0.1,0.0,3.10746,0.065,0.052959
54e38e09f96e,Article 2 Protocol 1,apps:35054/22,2024-02-29,2025-02-28,2025-04-24,0,4,37|6,P1-2,0,4.494137596463717,dev,0.550689,0.1,0.0,4.494138,0.065,0.054279
54e38e09f96e,Article 2 Protocol 1,apps:10691/24,2024-02-29,2025-02-28,2025-04-24,0,4,13|39|6,P1-2,0,6.711711413173848,dev,0.060979,0.1,0.0,6.711711,0.065,0.056391
54e38e09f96e,Article 2 Protocol 1,apps:10896/24,2024-02-29,2025-02-28,2025-04-24,0,4,13|39|6,P1-2,0,7.4591082089954455,dev,0.279776,0.1,0.0,7.459108,0.065,0.057103
54e38e09f96e,Article 2 Protocol 1,apps:16240/23,2024-02-29,2025-02-28,2025-04-24,0,4,35|6|P1-1,P1-2,0,2.6747423271930435,dev,0.137236,0.1,0.0,2.674742,0.065,0.052547
54e38e09f96e,Article 2 Protocol 1,apps:53499/20,2024-02-29,2025-02-28,2025-04-24,0,4,39|8,P1-2,0,3.41166717161582,dev,0.199458,0.1,0.0,3.411667,0.065,0.053249
54e38e09f96e,Article 2 Protocol 1,apps:18413/24,2024-02-29,2025-02-28,2025-04-24,0,4,37|5,P1-2,0,4.8958733314761975,dev,0.884653,0.1,0.0,4.895873,0.065,0.054662
54e38e09f96e,Article 2 Protocol 1,apps:39466/17,2024-02-29,2025-02-28,2025-04-24,0,4,13|35|6,P1-2,0,8.764191745637332,dev,0.525814,0.1,0.0,8.764192,0.065,0.058345
54e38e09f96e,Article 2 Protocol 1,apps:21375/24,2024-02-29,2025-02-28,2025-04-24,0,4,13|39|6,P1-2,0,6.123974902300308,dev,0.630754,0.1,0.0,6.123975,0.065,0.055831
54e38e09f96e,Article 2 Protocol 1,apps:25248/22,2024-02-29,2025-02-28,2025-04-24,0,4,13|3|39,P1-2,0,1.3232926064672068,dev,0.802168,0.1,0.0,1.323293,0.065,0.05126
54e38e09f96e,Article 2 Protocol 1,apps:43307/22,2024-02-29,2025-02-28,2025-04-24,0,4,3|35|37,P1-2,0,1.3232926064672068,dev,0.794846,0.1,0.0,1.323293,0.065,0.05126
54e38e09f96e,Article 2 Protocol 1,apps:10462/23,2024-02-29,2025-02-28,2025-04-24,0,4,39|6,P1-2,0,1.3232926064672068,dev,0.989404,0.1,0.0,1.323293,0.065,0.05126
54e38e09f96e,Article 2 Protocol 1,apps:43481/18,2024-02-29,2025-02-28,2025-04-24,0,4,3|37,P1-2,0,4.9756124806529645,dev,0.781916,0.1,0.0,4.975612,0.065,0.054738
96d370a07ab1,Article 6 Civil,apps:23956/24,2024-02-29,2025-02-28,2025-06-26,0,4,39|6,6,1,7.660271421958035,dev,0.359112,0.1,1.0,7.660271,0.415,0.057294
96d370a07ab1,Article 6 Civil,apps:15545/24,2024-02-29,2025-02-28,2025-06-26,0,4,39|6,6,1,6.483106210698593,dev,0.544518,0.1,1.0,6.483106,0.415,0.056173
96d370a07ab1,Article 6 Civil,apps:21166/20,2024-02-29,2025-02-28,2025-06-26,0,4,37,6,0,13.97012182295292,dev,0.484679,0.1,0.0,13.970122,0.065,0.063302
96d370a07ab1,Article 6 Civil,apps:18493/21,2024-02-29,2025-02-28,2025-06-26,0,4,10|37,6,0,7.5807532703149185,dev,0.912677,0.1,0.0,7.580753,0.065,0.057218
96d370a07ab1,Article 6 Civil,apps:56929/18,2024-02-29,2025-02-28,2025-06-26,0,4,6,6,1,9.046748388285032,dev,0.502393,0.1,1.0,9.046748,0.415,0.058614
96d370a07ab1,Article 6 Civil,apps:19274/20,2024-02-29,2025-02-28,2025-06-26,0,4,5,6,0,4.761571654626069,dev,0.388381,0.1,0.0,4.761572,0.065,0.054534
96d370a07ab1,Article 6 Civil,apps:78280/14,2024-02-29,2025-02-28,2025-06-26,0,4,8,6,0,13.275486423743041,dev,0.179816,0.1,0.0,13.275486,0.065,0.062641
96d370a07ab1,Article 6 Civil,apps:47626/21,2024-02-29,2025-02-28,2025-06-26,0,3,2|41,6,0,10.41090941828641,dev,0.318878,0.3,0.0,10.410909,0.195,0.159913
96d370a07ab1,Article 6 Civil,apps:56795/11,2024-02-29,2025-02-28,2025-06-26,0,4,P1-1,6,0,9.140075799785746,dev,0.21902,0.1,0.0,9.140076,0.065,0.058703
96d370a07ab1,Article 6 Civil,apps:36436/22,2024-02-29,2025-02-28,2025-06-26,0,3,14|3|35|4|41|8,6,0,9.53766867964394,dev,0.895765,0.3,0.0,9.537669,0.195,0.159082
96d370a07ab1,Article 6 Civil,apps:31381/17,2024-02-29,2025-02-28,2025-06-26,0,4,P1-1,6,0,10.037700130497852,dev,0.778538,0.1,0.0,10.0377,0.065,0.059558
96d370a07ab1,Article 6 Civil,apps:44283/19,2024-02-29,2025-02-28,2025-06-26,0,4,3|5,6,0,8.50440107949491,dev,0.058591,0.1,0.0,8.504401,0.065,0.058098
96d370a07ab1,Article 6 Civil,apps:48636/19,2024-02-29,2025-02-28,2025-06-26,0,4,13|8,6,0,8.141936482457508,dev,0.991531,0.1,0.0,8.141936,0.065,0.057753
96d370a07ab1,Article 6 Civil,apps:29359/22,2024-02-29,2025-02-28,2025-06-26,0,3,14|41|P1-2,6,0,6.028130600191624,dev,0.529432,0.3,0.0,6.028131,0.195,0.15574
96d370a07ab1,Article 6 Civil,apps:60716/10,2024-02-29,2025-02-28,2025-06-26,0,4,6,6,1,6.730539862954991,dev,0.766842,0.1,1.0,6.73054,0.415,0.056409
96d370a07ab1,Article 6 Civil,apps:78030/14,2024-02-29,2025-02-28,2025-06-26,0,4,8,6,0,11.167957102978285,dev,0.999606,0.1,0.0,11.167957,0.065,0.060634
96d370a07ab1,Article 6 Civil,apps:40733/22,2024-02-29,2025-02-28,2025-06-26,0,1,3|34|41|8,6,0,6.482935344163996,dev,0.97398,1.0,0.0,6.482935,0.65,0.506173
96d370a07ab1,Article 6 Civil,apps:32543/18,2024-02-29,2025-02-28,2025-06-26,0,4,39|6,6,1,22.00814002417657,dev,0.100134,0.1,1.0,22.00814,0.415,0.070956
96d370a07ab1,Article 6 Civil,apps:35054/22,2024-02-29,2025-02-28,2025-06-26,0,4,37|6,6,1,7.5807532703149185,dev,0.656864,0.1,1.0,7.580753,0.415,0.057218
96d370a07ab1,Article 6 Civil,apps:10691/24,2024-02-29,2025-02-28,2025-06-26,0,4,13|39|6,6,1,18.39259232326598,dev,0.266527,0.1,1.0,18.392592,0.415,0.067514
96d370a07ab1,Article 6 Civil,apps:10896/24,2024-02-29,2025-02-28,2025-06-26,0,4,13|39|6,6,1,23.314865031775494,dev,0.816285,0.1,1.0,23.314865,0.415,0.072201
96d370a07ab1,Article 6 Civil,apps:16240/23,2024-02-29,2025-02-28,2025-06-26,0,4,35|6|P1-1,6,1,9.431984732540814,dev,0.917259,0.1,1.0,9.431985,0.415,0.058981
96d370a07ab1,Article 6 Civil,apps:53499/20,2024-02-29,2025-02-28,2025-06-26,0,4,39|8,6,0,4.626064103956287,dev,0.055909,0.1,0.0,4.626064,0.065,0.054405
96d370a07ab1,Article 6 Civil,apps:18413/24,2024-02-29,2025-02-28,2025-06-26,0,4,37|5,6,0,4.38580859181416,dev,0.996392,0.1,0.0,4.385809,0.065,0.054176
96d370a07ab1,Article 6 Civil,apps:39466/17,2024-02-29,2025-02-28,2025-06-26,0,4,13|35|6,6,1,9.515461665727273,dev,0.219412,0.1,1.0,9.515462,0.415,0.059061
96d370a07ab1,Article 6 Civil,apps:21375/24,2024-02-29,2025-02-28,2025-06-26,0,4,13|39|6,6,1,8.897790798319408,dev,0.846505,0.1,1.0,8.897791,0.415,0.058473
96d370a07ab1,Article 6 Civil,apps:25248/22,2024-02-29,2025-02-28,2025-06-26,0,4,13|3|39,6,0,8.477167993452625,dev,0.797391,0.1,0.0,8.477168,0.065,0.058072
96d370a07ab1,Article 6 Civil,apps:43307/22,2024-02-29,2025-02-28,2025-06-26,0,4,3|35|37,6,0,6.782816574324615,dev,0.354805,0.1,0.0,6.782817,0.065,0.056459
96d370a07ab1,Article 6 Civil,apps:10462/23,2024-02-29,2025-02-28,2025-06-26,0,4,39|6,6,1,5.516981489210394,dev,0.839222,0.1,1.0,5.516981,0.415,0.055253
96d370a07ab1,Article 6 Civil,apps:43481/18,2024-02-29,2025-02-28,2025-06-26,0,4,3|37,6,0,23.357865818208808,dev,0.845221,0.1,0.0,23.357866,0.065,0.072241
a94e3bc7e2bf,Article 13,apps:23956/24,2024-02-29,2025-02-28,2025-06-19,0,4,39|6,13,0,8.370052130769484,dev,0.1761,0.1,0.0,8.370052,0.065,0.05797
a94e3bc7e2bf,Article 13,apps:15545/24,2024-02-29,2025-02-28,2025-06-19,0,4,39|6,13,0,5.046142200225276,dev,0.59252,0.1,0.0,5.046142,0.065,0.054805
a94e3bc7e2bf,Article 13,apps:21166/20,2024-02-29,2025-02-28,2025-06-19,0,4,37,13,0,24.0542336691277,dev,0.80621,0.1,0.0,24.054234,0.065,0.072905
a94e3bc7e2bf,Article 13,apps:18493/21,2024-02-29,2025-02-28,2025-06-19,0,4,10|37,13,0,7.52532096470822,dev,0.697627,0.1,0.0,7.525321,0.065,0.057166
a94e3bc7e2bf,Article 13,apps:56929/18,2024-02-29,2025-02-28,2025-06-19,0,4,6,13,0,7.6367439222660485,dev,0.91398,0.1,0.0,7.636744,0.065,0.057272
a94e3bc7e2bf,Article 13,apps:19274/20,2024-02-29,2025-02-28,2025-06-19,0,4,5,13,0,6.837507787184234,dev,0.028207,0.1,0.0,6.837508,0.065,0.056511
a94e3bc7e2bf,Article 13,apps:78280/14,2024-02-29,2025-02-28,2025-06-19,0,4,8,13,0,18.688985163117252,dev,0.700561,0.1,0.0,18.688985,0.065,0.067796
a94e3bc7e2bf,Article 13,apps:47626/21,2024-02-29,2025-02-28,2025-06-19,0,3,2|41,13,0,13.220145386226008,dev,0.947559,0.3,0.0,13.220145,0.195,0.162588
a94e3bc7e2bf,Article 13,apps:56795/11,2024-02-29,2025-02-28,2025-06-19,0,4,P1-1,13,0,12.506887967164328,dev,0.563606,0.1,0.0,12.506888,0.065,0.061909
a94e3bc7e2bf,Article 13,apps:36436/22,2024-02-29,2025-02-28,2025-06-19,0,3,14|3|35|4|41|8,13,0,12.506887967164328,dev,0.563109,0.3,0.0,12.506888,0.195,0.161909
a94e3bc7e2bf,Article 13,apps:31381/17,2024-02-29,2025-02-28,2025-06-19,0,4,P1-1,13,0,8.387635876597148,dev,0.188234,0.1,0.0,8.387636,0.065,0.057987
a94e3bc7e2bf,Article 13,apps:44283/19,2024-02-29,2025-02-28,2025-06-19,0,4,3|5,13,0,9.463166906551773,dev,0.988006,0.1,0.0,9.463167,0.065,0.059011
a94e3bc7e2bf,Article 13,apps:48636/19,2024-02-29,2025-02-28,2025-06-19,0,4,13|8,13,1,8.368359613037018,dev,0.881626,0.1,1.0,8.36836,0.415,0.057968
a94e3bc7e2bf,Article 13,apps:29359/22,2024-02-29,2025-02-28,2025-06-19,0,3,14|41|P1-2,13,0,6.263951228319582,dev,0.492227,0.3,0.0,6.263951,0.195,0.155965
a94e3bc7e2bf,Article 13,apps:60716/10,2024-02-29,2025-02-28,2025-06-19,0,4,6,13,0,7.232611705820652,dev,0.309053,0.1,0.0,7.232612,0.065,0.056887
a94e3bc7e2bf,Article 13,apps:78030/14,2024-02-29,2025-02-28,2025-06-19,0,4,8,13,0,10.720842032887067,dev,0.490436,0.1,0.0,10.720842,0.065,0.060208
a94e3bc7e2bf,Article 13,apps:40733/22,2024-02-29,2025-02-28,2025-06-19,0,1,3|34|41|8,13,0,6.419257779810562,dev,0.090257,1.0,0.0,6.419258,0.65,0.506112
a94e3bc7e2bf,Article 13,apps:32543/18,2024-02-29,2025-02-28,2025-06-19,0,4,39|6,13,0,45.24890118728796,dev,0.232623,0.1,0.0,45.248901,0.065,0.093086
a94e3bc7e2bf,Article 13,apps:35054/22,2024-02-29,2025-02-28,2025-06-19,0,4,37|6,13,0,7.140723330791898,dev,0.218809,0.1,0.0,7.140723,0.065,0.056799
a94e3bc7e2bf,Article 13,apps:10691/24,2024-02-29,2025-02-28,2025-06-19,0,4,13|39|6,13,1,31.136924745253932,dev,0.526449,0.1,1.0,31.136925,0.415,0.079649
a94e3bc7e2bf,Article 13,apps:10896/24,2024-02-29,2025-02-28,2025-06-19,0,4,13|39|6,13,1,40.95549571575726,dev,0.000683,0.1,1.0,40.955496,0.415,0.088998
a94e3bc7e2bf,Article 13,apps:16240/23,2024-02-29,2025-02-28,2025-06-19,0,4,35|6|P1-1,13,0,7.1553526589838174,dev,0.917896,0.1,0.0,7.155353,0.065,0.056813
a94e3bc7e2bf,Article 13,apps:53499/20,2024-02-29,2025-02-28,2025-06-19,0,4,39|8,13,0,6.837507787184234,dev,0.201464,0.1,0.0,6.837508,0.065,0.056511
a94e3bc7e2bf,Article 13,apps:18413/24,2024-02-29,2025-02-28,2025-06-19,0,4,37|5,13,0,5.046142200225276,dev,0.13049,0.1,0.0,5.046142,0.065,0.054805
a94e3bc7e2bf,Article 13,apps:39466/17,2024-02-29,2025-02-28,2025-06-19,0,4,13|35|6,13,1,12.506887967164328,dev,0.716938,0.1,1.0,12.506888,0.415,0.061909
a94e3bc7e2bf,Article 13,apps:21375/24,2024-02-29,2025-02-28,2025-06-19,0,4,13|39|6,13,1,9.185744665806217,dev,0.918781,0.1,1.0,9.185745,0.415,0.058747
a94e3bc7e2bf,Article 13,apps:25248/22,2024-02-29,2025-02-28,2025-06-19,0,4,13|3|39,13,1,10.118417994859811,dev,0.844284,0.1,1.0,10.118418,0.415,0.059635
a94e3bc7e2bf,Article 13,apps:43307/22,2024-02-29,2025-02-28,2025-06-19,0,4,3|35|37,13,0,6.263951228319582,dev,0.323589,0.1,0.0,6.263951,0.065,0.055965
a94e3bc7e2bf,Article 13,apps:10462/23,2024-02-29,2025-02-28,2025-06-19,0,4,39|6,13,0,5.679885388901088,dev,0.021913,0.1,0.0,5.679885,0.065,0.055408
a94e3bc7e2bf,Article 13,apps:43481/18,2024-02-29,2025-02-28,2025-06-19,0,4,3|37,13,0,41.506229024288665,dev,0.586609,0.1,0.0,41.506229,0.065,0.089522
d5256ad78e38,Data protection,apps:23956/24,2024-02-29,2025-02-28,2025-07-05,0,4,39|6,,0,7.5715168153637755,dev,0.917224,0.1,0.0,7.571517,0.065,0.05721
d5256ad78e38,Data protection,apps:15545/24,2024-02-29,2025-02-28,2025-07-05,0,4,39|6,,0,5.438214368124953,dev,0.774366,0.1,0.0,5.438214,0.065,0.055178
d5256ad78e38,Data protection,apps:21166/20,2024-02-29,2025-02-28,2025-07-05,0,4,37,,0,17.76613836261442,dev,0.846481,0.1,0.0,17.766138,0.065,0.066917
d5256ad78e38,Data protection,apps:18493/21,2024-02-29,2025-02-28,2025-07-05,0,4,10|37,,0,7.287095317477657,dev,0.860669,0.1,0.0,7.287095,0.065,0.056939
d5256ad78e38,Data protection,apps:56929/18,2024-02-29,2025-02-28,2025-07-05,0,4,6,,0,6.955066412292377,dev,0.960559,0.1,0.0,6.955066,0.065,0.056623
d5256ad78e38,Data protection,apps:19274/20,2024-02-29,2025-02-28,2025-07-05,0,4,5,,0,6.137327444237202,dev,0.373591,0.1,0.0,6.137327,0.065,0.055844
d5256ad78e38,Data protection,apps:78280/14,2024-02-29,2025-02-28,2025-07-05,0,4,8,,0,14.332781312001714,dev,0.941923,0.1,0.0,14.332781,0.065,0.063648
d5256ad78e38,Data protection,apps:47626/21,2024-02-29,2025-02-28,2025-07-05,0,3,2|41,,0,8.791878872583005,dev,0.395596,0.3,0.0,8.791879,0.195,0.158372
d5256ad78e38,Data protection,apps:56795/11,2024-02-29,2025-02-28,2025-07-05,0,4,P1-1,,0,12.722324121683446,dev,0.101032,0.1,0.0,12.722324,0.065,0.062114
d5256ad78e38,Data protection,apps:36436/22,2024-02-29,2025-02-28,2025-07-05,0,3,14|3|35|4|41|8,,0,12.435392311238886,dev,0.301765,0.3,0.0,12.435392,0.195,0.161841
d5256ad78e38,Data protection,apps:31381/17,2024-02-29,2025-02-28,2025-07-05,0,4,P1-1,,0,6.08426581619497,dev,0.136452,0.1,0.0,6.084266,0.065,0.055793
d5256ad78e38,Data protection,apps:44283/19,2024-02-29,2025-02-28,2025-07-05,0,4,3|5,,0,8.818933755391114,dev,0.157504,0.1,0.0,8.818934,0.065,0.058397
d5256ad78e38,Data protection,apps:48636/19,2024-02-29,2025-02-28,2025-07-05,0,4,13|8,,0,8.48225669767022,dev,0.948694,0.1,0.0,8.482257,0.065,0.058077
d5256ad78e38,Data protection,apps:29359/22,2024-02-29,2025-02-28,2025-07-05,0,3,14|41|P1-2,,0,4.969861054481884,dev,0.791843,0.3,0.0,4.969861,0.195,0.154732
d5256ad78e38,Data protection,apps:60716/10,2024-02-29,2025-02-28,2025-07-05,0,4,6,,0,7.253974825429886,dev,0.960662,0.1,0.0,7.253975,0.065,0.056907
d5256ad78e38,Data protection,apps:78030/14,2024-02-29,2025-02-28,2025-07-05,0,4,8,,0,12.498024264935395,dev,0.64918,0.1,0.0,12.498024,0.065,0.061901
d5256ad78e38,Data protection,apps:40733/22,2024-02-29,2025-02-28,2025-07-05,0,1,3|34|41|8,,0,4.645122187561989,dev,0.174203,1.0,0.0,4.645122,0.65,0.504423
d5256ad78e38,Data protection,apps:32543/18,2024-02-29,2025-02-28,2025-07-05,0,4,39|6,,0,34.365962664096905,dev,0.968743,0.1,0.0,34.365963,0.065,0.082723
d5256ad78e38,Data protection,apps:35054/22,2024-02-29,2025-02-28,2025-07-05,0,4,37|6,,0,6.527290291714113,dev,0.69356,0.1,0.0,6.52729,0.065,0.056215
d5256ad78e38,Data protection,apps:10691/24,2024-02-29,2025-02-28,2025-07-05,0,4,13|39|6,,0,17.844602934737175,dev,0.928845,0.1,0.0,17.844603,0.065,0.066992
d5256ad78e38,Data protection,apps:10896/24,2024-02-29,2025-02-28,2025-07-05,0,4,13|39|6,,0,24.312293082670948,dev,0.786992,0.1,0.0,24.312293,0.065,0.07315
d5256ad78e38,Data protection,apps:16240/23,2024-02-29,2025-02-28,2025-07-05,0,4,35|6|P1-1,,0,7.106307245451562,dev,0.223237,0.1,0.0,7.106307,0.065,0.056767
d5256ad78e38,Data protection,apps:53499/20,2024-02-29,2025-02-28,2025-07-05,0,4,39|8,,0,6.137327444237202,dev,0.58895,0.1,0.0,6.137327,0.065,0.055844
d5256ad78e38,Data protection,apps:18413/24,2024-02-29,2025-02-28,2025-07-05,0,4,37|5,,0,5.479881186434985,dev,0.175352,0.1,0.0,5.479881,0.065,0.055218
d5256ad78e38,Data protection,apps:39466/17,2024-02-29,2025-02-28,2025-07-05,0,4,13|35|6,,0,13.032316283951975,dev,0.306823,0.1,0.0,13.032316,0.065,0.062409
d5256ad78e38,Data protection,apps:21375/24,2024-02-29,2025-02-28,2025-07-05,0,4,13|39|6,,0,8.152720602310062,dev,0.688498,0.1,0.0,8.152721,0.065,0.057763
d5256ad78e38,Data protection,apps:25248/22,2024-02-29,2025-02-28,2025-07-05,0,4,13|3|39,,0,5.034858372440136,dev,0.127348,0.1,0.0,5.034858,0.065,0.054794
d5256ad78e38,Data protection,apps:43307/22,2024-02-29,2025-02-28,2025-07-05,0,4,3|35|37,,0,5.034858372440136,dev,0.728831,0.1,0.0,5.034858,0.065,0.054794
d5256ad78e38,Data protection,apps:10462/23,2024-02-29,2025-02-28,2025-07-05,0,4,39|6,,0,8.993191382529433,dev,0.948788,0.1,0.0,8.993191,0.065,0.058563
d5256ad78e38,Data protection,apps:43481/18,2024-02-29,2025-02-28,2025-07-05,0,4,3|37,,0,20.050925681491954,dev,0.948698,0.1,0.0,20.050926,0.065,0.069093
e12c697e461c,Article 14,apps:23956/24,2024-02-29,2025-02-28,2025-05-23,0,4,39|6,14,0,7.716090473236226,dev,0.391601,0.1,0.0,7.71609,0.065,0.057347
e12c697e461c,Article 14,apps:15545/24,2024-02-29,2025-02-28,2025-05-23,0,4,39|6,14,0,5.689799166721389,dev,0.994283,0.1,0.0,5.689799,0.065,0.055418
e12c697e461c,Article 14,apps:21166/20,2024-02-29,2025-02-28,2025-05-23,0,4,37,14,0,7.243617784545433,dev,0.965184,0.1,0.0,7.243618,0.065,0.056897
e12c697e461c,Article 14,apps:18493/21,2024-02-29,2025-02-28,2025-05-23,0,4,10|37,14,0,4.519918264699683,dev,0.032383,0.1,0.0,4.519918,0.065,0.054304
e12c697e461c,Article 14,apps:56929/18,2024-02-29,2025-02-28,2025-05-23,0,4,6,14,0,8.145287217121037,dev,0.602389,0.1,0.0,8.145287,0.065,0.057756
e12c697e461c,Article 14,apps:19274/20,2024-02-29,2025-02-28,2025-05-23,0,4,5,14,0,3.98154068666242,dev,0.921038,0.1,0.0,3.981541,0.065,0.053791
e12c697e461c,Article 14,apps:78280/14,2024-02-29,2025-02-28,2025-05-23,0,4,8,14,0,13.817338689960398,dev,0.967532,0.1,0.0,13.817339,0.065,0.063157
e12c697e461c,Article 14,apps:47626/21,2024-02-29,2025-02-28,2025-05-23,0,3,2|41,14,0,10.435887003186235,dev,0.220895,0.3,0.0,10.435887,0.195,0.159937
e12c697e461c,Article 14,apps:56795/11,2024-02-29,2025-02-28,2025-05-23,0,4,P1-1,14,0,9.471990995464132,dev,0.56555,0.1,0.0,9.471991,0.065,0.059019
e12c697e461c,Article 14,apps:31381/17,2024-02-29,2025-02-28,2025-05-23,0,4,P1-1,14,0,5.806351736545707,dev,0.936688,0.1,0.0,5.806352,0.065,0.055529
e12c697e461c,Article 14,apps:44283/19,2024-02-29,2025-02-28,2025-05-23,0,4,3|5,14,0,7.296999428891914,dev,0.140643,0.1,0.0,7.296999,0.065,0.056948
e12c697e461c,Article 14,apps:48636/19,2024-02-29,2025-02-28,2025-05-23,0,4,13|8,14,0,6.894896527169726,dev,0.745343,0.1,0.0,6.894897,0.065,0.056565
e12c697e461c,Article 14,apps:60716/10,2024-02-29,2025-02-28,2025-05-23,0,4,6,14,0,5.729382269266058,dev,0.237996,0.1,0.0,5.729382,0.065,0.055456
e12c697e461c,Article 14,apps:78030/14,2024-02-29,2025-02-28,2025-05-23,0,4,8,14,0,9.373810504064473,dev,0.98238,0.1,0.0,9.373811,0.065,0.058926
e12c697e461c,Article 14,apps:40733/22,2024-02-29,2025-02-28,2025-05-23,0,1,3|34|41|8,14,0,6.143796762848313,dev,0.167887,1.0,0.0,6.143797,0.65,0.50585
e12c697e461c,Article 14,apps:32543/18,2024-02-29,2025-02-28,2025-05-23,0,4,39|6,14,0,19.385062535865234,dev,0.88532,0.1,0.0,19.385063,0.065,0.068459
e12c697e461c,Article 14,apps:35054/22,2024-02-29,2025-02-28,2025-05-23,0,4,37|6,14,0,5.883797888042202,dev,0.088726,0.1,0.0,5.883798,0.065,0.055603
e12c697e461c,Article 14,apps:10691/24,2024-02-29,2025-02-28,2025-05-23,0,4,13|39|6,14,0,30.52884116605635,dev,0.708966,0.1,0.0,30.528841,0.065,0.07907
e12c697e461c,Article 14,apps:10896/24,2024-02-29,2025-02-28,2025-05-23,0,4,13|39|6,14,0,38.46308721890405,dev,0.639103,0.1,0.0,38.463087,0.065,0.086625
e12c697e461c,Article 14,apps:16240/23,2024-02-29,2025-02-28,2025-05-23,0,4,35|6|P1-1,14,0,9.173457547561352,dev,0.886654,0.1,0.0,9.173458,0.065,0.058735
e12c697e461c,Article 14,apps:53499/20,2024-02-29,2025-02-28,2025-05-23,0,4,39|8,14,0,2.870556057387076,dev,0.44663,0.1,0.0,2.870556,0.065,0.052733
e12c697e461c,Article 14,apps:18413/24,2024-02-29,2025-02-28,2025-05-23,0,4,37|5,14,0,4.809740393697311,dev,0.265212,0.1,0.0,4.80974,0.065,0.05458
e12c697e461c,Article 14,apps:39466/17,2024-02-29,2025-02-28,2025-05-23,0,4,13|35|6,14,0,8.977285370074759,dev,0.249541,0.1,0.0,8.977285,0.065,0.058548
e12c697e461c,Article 14,apps:21375/24,2024-02-29,2025-02-28,2025-05-23,0,4,13|39|6,14,0,9.308201074702525,dev,0.067795,0.1,0.0,9.308201,0.065,0.058863
e12c697e461c,Article 14,apps:25248/22,2024-02-29,2025-02-28,2025-05-23,0,4,13|3|39,14,0,6.632184219143188,dev,0.256658,0.1,0.0,6.632184,0.065,0.056315
e12c697e461c,Article 14,apps:43307/22,2024-02-29,2025-02-28,2025-05-23,0,4,3|35|37,14,0,8.339327617702526,dev,0.108035,0.1,0.0,8.339328,0.065,0.057941
e12c697e461c,Article 14,apps:10462/23,2024-02-29,2025-02-28,2025-05-23,0,4,39|6,14,0,5.25319960207743,dev,0.001281,0.1,0.0,5.2532,0.065,0.055002
e12c697e461c,Article 14,apps:43481/18,2024-02-29,2025-02-28,2025-05-23,0,4,3|37,14,0,18.363190884703254,dev,0.385937,0.1,0.0,18.363191,0.065,0.067486
e12c697e461c,Article 14,apps:20014/24,2024-02-29,2025-02-28,2025-05-23,0,4,39|6,14,0,11.211111819360486,dev,0.732584,0.1,0.0,11.211112,0.065,0.060675
e12c697e461c,Article 14,apps:62113/19,2024-02-29,2025-02-28,2025-05-23,0,4,13|37|6,14,0,7.389135599823481,dev,0.969102,0.1,0.0,7.389136,0.065,0.057036
e19a063de5b3,Immigration,apps:23956/24,2024-02-29,2025-02-28,2025-06-02,0,4,39|6,,0,6.437337685566774,dev,0.884552,0.1,0.0,6.437338,0.065,0.05613
e19a063de5b3,Immigration,apps:15545/24,2024-02-29,2025-02-28,2025-06-02,0,4,39|6,,0,4.814160283216304,dev,0.493082,0.1,0.0,4.81416,0.065,0.054584
e19a063de5b3,Immigration,apps:21166/20,2024-02-29,2025-02-28,2025-06-02,0,4,37,,0,8.54604178324061,dev,0.378713,0.1,0.0,8.546042,0.065,0.058138
e19a063de5b3,Immigration,apps:18493/21,2024-02-29,2025-02-28,2025-06-02,0,4,10|37,,0,6.486612067752844,dev,0.546024,0.1,0.0,6.486612,0.065,0.056177
e19a063de5b3,Immigration,apps:56929/18,2024-02-29,2025-02-28,2025-06-02,0,4,6,,0,9.440315270180754,dev,0.101429,0.1,0.0,9.440315,0.065,0.058989
e19a063de5b3,Immigration,apps:19274/20,2024-02-29,2025-02-28,2025-06-02,0,4,5,,0,6.5730886682302,dev,0.479489,0.1,0.0,6.573089,0.065,0.056259
e19a063de5b3,Immigration,apps:78280/14,2024-02-29,2025-02-28,2025-06-02,0,4,8,,0,11.894181417686788,dev,0.864051,0.1,0.0,11.894181,0.065,0.061326
e19a063de5b3,Immigration,apps:47626/21,2024-02-29,2025-02-28,2025-06-02,0,3,2|41,,0,12.42307595437244,dev,0.65097,0.3,0.0,12.423076,0.195,0.161829
e19a063de5b3,Immigration,apps:56795/11,2024-02-29,2025-02-28,2025-06-02,0,4,P1-1,,0,9.530814548113137,dev,0.68716,0.1,0.0,9.530815,0.065,0.059075
e19a063de5b3,Immigration,apps:36436/22,2024-02-29,2025-02-28,2025-06-02,0,3,14|3|35|4|41|8,,0,10.647807644465052,dev,0.162657,0.3,0.0,10.647808,0.195,0.160139
e19a063de5b3,Immigration,apps:31381/17,2024-02-29,2025-02-28,2025-06-02,0,4,P1-1,,0,7.662946814535479,dev,0.073709,0.1,0.0,7.662947,0.065,0.057297
e19a063de5b3,Immigration,apps:44283/19,2024-02-29,2025-02-28,2025-06-02,0,4,3|5,,0,8.628672516070015,dev,0.845762,0.1,0.0,8.628673,0.065,0.058216
e19a063de5b3,Immigration,apps:48636/19,2024-02-29,2025-02-28,2025-06-02,0,4,13|8,,0,9.644185154256391,dev,0.294909,0.1,0.0,9.644185,0.065,0.059183
e19a063de5b3,Immigration,apps:29359/22,2024-02-29,2025-02-28,2025-06-02,0,3,14|41|P1-2,,0,5.522871685829642,dev,0.318717,0.3,0.0,5.522872,0.195,0.155259
e19a063de5b3,Immigration,apps:60716/10,2024-02-29,2025-02-28,2025-06-02,0,4,6,,0,4.151502178445602,dev,0.951662,0.1,0.0,4.151502,0.065,0.053953
e19a063de5b3,Immigration,apps:78030/14,2024-02-29,2025-02-28,2025-06-02,0,4,8,,0,12.420713133919861,dev,0.0742,0.1,0.0,12.420713,0.065,0.061827
e19a063de5b3,Immigration,apps:40733/22,2024-02-29,2025-02-28,2025-06-02,0,1,3|34|41|8,,0,6.5730886682302,dev,0.170105,1.0,0.0,6.573089,0.65,0.506259
e19a063de5b3,Immigration,apps:32543/18,2024-02-29,2025-02-28,2025-06-02,0,4,39|6,,0,16.041865743175308,dev,0.375458,0.1,0.0,16.041866,0.065,0.065275
e19a063de5b3,Immigration,apps:35054/22,2024-02-29,2025-02-28,2025-06-02,0,4,37|6,,0,4.867273506007473,dev,0.731985,0.1,0.0,4.867274,0.065,0.054635
e19a063de5b3,Immigration,apps:10691/24,2024-02-29,2025-02-28,2025-06-02,0,4,13|39|6,,0,6.437337685566774,dev,0.547046,0.1,0.0,6.437338,0.065,0.05613
e19a063de5b3,Immigration,apps:10896/24,2024-02-29,2025-02-28,2025-06-02,0,4,13|39|6,,0,8.300108717022214,dev,0.898124,0.1,0.0,8.300109,0.065,0.057903
e19a063de5b3,Immigration,apps:16240/23,2024-02-29,2025-02-28,2025-06-02,0,4,35|6|P1-1,,0,12.67840724471127,dev,0.093105,0.1,0.0,12.678407,0.065,0.062072
e19a063de5b3,Immigration,apps:53499/20,2024-02-29,2025-02-28,2025-06-02,0,4,39|8,,0,2.4812630954556703,dev,0.594031,0.1,0.0,2.481263,0.065,0.052363
e19a063de5b3,Immigration,apps:18413/24,2024-02-29,2025-02-28,2025-06-02,0,4,37|5,,0,3.2424116645401018,dev,0.613645,0.1,0.0,3.242412,0.065,0.053087
e19a063de5b3,Immigration,apps:39466/17,2024-02-29,2025-02-28,2025-06-02,0,4,13|35|6,,0,9.530814548113137,dev,0.482737,0.1,0.0,9.530815,0.065,0.059075
e19a063de5b3,Immigration,apps:21375/24,2024-02-29,2025-02-28,2025-06-02,0,4,13|39|6,,0,7.185410343524337,dev,0.030993,0.1,0.0,7.18541,0.065,0.056842
e19a063de5b3,Immigration,apps:25248/22,2024-02-29,2025-02-28,2025-06-02,0,4,13|3|39,,0,5.21435435378143,dev,0.942442,0.1,0.0,5.214354,0.065,0.054965
e19a063de5b3,Immigration,apps:43307/22,2024-02-29,2025-02-28,2025-06-02,0,4,3|35|37,,0,5.21435435378143,dev,0.164997,0.1,0.0,5.214354,0.065,0.054965
e19a063de5b3,Immigration,apps:10462/23,2024-02-29,2025-02-28,2025-06-02,0,4,39|6,,0,6.360658453043925,dev,0.889753,0.1,0.0,6.360658,0.065,0.056057
e19a063de5b3,Immigration,apps:43481/18,2024-02-29,2025-02-28,2025-06-02,0,4,3|37,,0,24.054178467767926,dev,0.157104,0.1,0.0,24.054178,0.065,0.072905
22935893a6e6,Article 5,apps:10416/24,2024-02-29,2025-08-31,2025-11-28,0,4,5,5,1,5.997028958481499,test,0.101258,0.1,1.0,5.997029,0.415,0.05571
22935893a6e6,Article 5,apps:14875/23,2024-02-29,2025-08-31,2025-11-28,0,4,3,5,0,6.593148103872878,test,0.20555,0.1,0.0,6.593148,0.065,0.056278
22935893a6e6,Article 5,apps:278/15,2024-02-29,2025-08-31,2025-11-28,0,4,6,5,0,9.600251554115886,test,0.189984,0.1,0.0,9.600252,0.065,0.059141
22935893a6e6,Article 5,apps:23095/24,2024-02-29,2025-08-31,2025-11-28,0,4,6,5,0,7.373560513688995,test,0.697197,0.1,0.0,7.373561,0.065,0.057021
22935893a6e6,Article 5,apps:56234/16,2024-02-29,2025-08-31,2025-11-28,0,4,6,5,0,7.332069092675297,test,0.722038,0.1,0.0,7.332069,0.065,0.056982
22935893a6e6,Article 5,apps:25321/24,2024-02-29,2025-08-31,2025-11-28,0,4,13|6,5,0,11.550858836056756,test,0.729974,0.1,0.0,11.550859,0.065,0.060999
22935893a6e6,Article 5,apps:22971/19,2024-02-29,2025-08-31,2025-11-28,0,4,3,5,0,51.25737317989187,test,0.265265,0.1,0.0,51.257373,0.065,0.098808
22935893a6e6,Article 5,apps:587/24,2024-02-29,2025-08-31,2025-11-28,0,4,13|3|6,5,0,15.769648579438215,test,0.281523,0.1,0.0,15.769649,0.065,0.065016
22935893a6e6,Article 5,apps:22973/23,2024-02-29,2025-08-31,2025-11-28,0,4,13|3|5,5,1,19.54948049453637,test,0.237548,0.1,1.0,19.54948,0.415,0.068615
22935893a6e6,Article 5,apps:21429/24,2024-02-29,2025-08-31,2025-11-28,0,4,13|6,5,0,15.769648579438215,test,0.049635,0.1,0.0,15.769649,0.065,0.065016
22935893a6e6,Article 5,apps:4735/22,2024-02-29,2025-08-31,2025-11-28,0,4,13|6,5,0,10.990279164004264,test,0.57177,0.1,0.0,10.990279,0.065,0.060465
22935893a6e6,Article 5,apps:46115/20,2024-02-29,2025-08-31,2025-11-28,0,4,13|3|35,5,0,6.63372621718379,test,0.839855,0.1,0.0,6.633726,0.065,0.056317
22935893a6e6,Article 5,apps:38336/21,2024-02-29,2025-08-31,2025-11-28,0,4,5,5,1,5.70151172172115,test,0.15359,0.1,1.0,5.701512,0.415,0.055429
22935893a6e6,Article 5,apps:17006/20,2024-02-29,2025-08-31,2025-11-28,0,3,14|3|8,5,0,9.308598420361852,test,0.360829,0.3,0.0,9.308598,0.195,0.158864
22935893a6e6,Article 5,apps:35777/15,2024-02-29,2025-08-31,2025-11-28,0,4,3,5,0,5.4903036007413,test,0.427606,0.1,0.0,5.490304,0.065,0.055228
22935893a6e6,Article 5,apps:37957/14,2024-02-29,2025-08-31,2025-11-28,0,3,34|41|P7-2,5,0,5.903662301411786,test,0.294549,0.3,0.0,5.903662,0.195,0.155622
22935893a6e6,Article 5,apps:41192/22,2024-02-29,2025-08-31,2025-11-28,0,4,3,5,0,7.243920288050312,test,0.66202,0.1,0.0,7.24392,0.065,0.056898
22935893a6e6,Article 5,apps:33975/21,2024-02-29,2025-08-31,2025-11-28,0,4,3,5,0,5.8825462431429045,test,0.600216,0.1,0.0,5.882546,0.065,0.055601
22935893a6e6,Article 5,apps:84056/17,2024-02-29,2025-08-31,2025-11-28,0,3,41|6,5,0,3.7723107361487855,test,0.199675,0.3,0.0,3.772311,0.195,0.153592
22935893a6e6,Article 5,apps:59813/19,2024-02-29,2025-08-31,2025-11-28,0,3,14|3|41|8,5,0,7.950956507171688,test,0.025736,0.3,0.0,7.950957,0.195,0.157571
22935893a6e6,Article 5,apps:3524/22,2024-02-29,2025-08-31,2025-11-28,0,4,2,5,0,7.811313815936783,test,0.170832,0.1,0.0,7.811314,0.065,0.057438
22935893a6e6,Article 5,apps:46913/20,2024-02-29,2025-08-31,2025-11-28,0,4,P1-1,5,0,19.229886775777057,test,0.291811,0.1,0.0,19.229887,0.065,0.068311
22935893a6e6,Article 5,apps:15816/20,2024-02-29,2025-08-31,2025-11-28,0,4,9,5,0,6.63372621718379,test,0.081936,0.1,0.0,6.633726,0.065,0.056317
22935893a6e6,Article 5,apps:34012/20,2024-02-29,2025-08-31,2025-11-28,0,3,13|34|35|41|6,5,0,6.63372621718379,test,0.843769,0.3,0.0,6.633726,0.195,0.156317
22935893a6e6,Article 5,apps:24338/21,2024-02-29,2025-08-31,2025-11-28,0,4,35|P1-1,5,0,5.70151172172115,test,0.308353,0.1,0.0,5.701512,0.065,0.055429
22935893a6e6,Article 5,apps:8761/23,2024-02-29,2025-08-31,2025-11-28,0,4,10|13|35|6,5,0,5.883428713525435,test,0.397467,0.1,0.0,5.883429,0.065,0.055602
22935893a6e6,Article 5,apps:31687/15,2024-02-29,2025-08-31,2025-11-28,0,4,13|6,5,0,5.903662301411786,test,0.489097,0.1,0.0,5.903662,0.065,0.055622
22935893a6e6,Article 5,apps:15653/22,2024-02-29,2025-08-31,2025-11-28,0,1,10|2|3|34|4|8|P1-1|P1-3,5,0,11.0047504342265,test,0.66104,1.0,0.0,11.00475,0.65,0.510479
22935893a6e6,Article 5,apps:1595/20,2024-02-29,2025-08-31,2025-11-28,0,4,15|6|7,5,0,525.0965824975273,test,0.091137,0.1,0.0,525.096582,0.065,0.55
22935893a6e6,Article 5,apps:46673/18,2024-02-29,2025-08-31,2025-11-28,0,3,35|41|6,5,0,5.945999236220474,test,0.544126,0.3,0.0,5.945999,0.195,0.155662
ee9a61e98635,Article 2 Protocol 7,apps:10416/24,2024-02-29,2025-08-31,2025-11-26,0,4,5,P7-2,0,1.9038465614649756,test,0.184881,0.1,0.0,1.903847,0.065,0.051813
ee9a61e98635,Article 2 Protocol 7,apps:14875/23,2024-02-29,2025-08-31,2025-11-26,0,4,3,P7-2,0,2.3330514274538703,test,0.885493,0.1,0.0,2.333051,0.065,0.052222
ee9a61e98635,Article 2 Protocol 7,apps:278/15,2024-02-29,2025-08-31,2025-11-26,0,4,6,P7-2,0,2.3330514274538703,test,0.369402,0.1,0.0,2.333051,0.065,0.052222
ee9a61e98635,Article 2 Protocol 7,apps:23095/24,2024-02-29,2025-08-31,2025-11-26,0,4,6,P7-2,0,3.8346560330509027,test,0.445775,0.1,0.0,3.834656,0.065,0.053651
ee9a61e98635,Article 2 Protocol 7,apps:56234/16,2024-02-29,2025-08-31,2025-11-26,0,4,6,P7-2,0,2.698147818929599,test,0.263296,0.1,0.0,2.698148,0.065,0.052569
ee9a61e98635,Article 2 Protocol 7,apps:25321/24,2024-02-29,2025-08-31,2025-11-26,0,4,13|6,P7-2,0,4.944201337051255,test,0.465058,0.1,0.0,4.944201,0.065,0.054708
ee9a61e98635,Article 2 Protocol 7,apps:22971/19,2024-02-29,2025-08-31,2025-11-26,0,4,3,P7-2,0,40.45747570335922,test,0.226242,0.1,0.0,40.457476,0.065,0.088524
ee9a61e98635,Article 2 Protocol 7,apps:587/24,2024-02-29,2025-08-31,2025-11-26,0,4,13|3|6,P7-2,0,6.053746641051607,test,0.268562,0.1,0.0,6.053747,0.065,0.055764
ee9a61e98635,Article 2 Protocol 7,apps:22973/23,2024-02-29,2025-08-31,2025-11-26,0,4,13|3|5,P7-2,0,6.053746641051607,test,0.061639,0.1,0.0,6.053747,0.065,0.055764
ee9a61e98635,Article 2 Protocol 7,apps:21429/24,2024-02-29,2025-08-31,2025-11-26,0,4,13|6,P7-2,0,6.053746641051607,test,0.752235,0.1,0.0,6.053747,0.065,0.055764
ee9a61e98635,Article 2 Protocol 7,apps:4735/22,2024-02-29,2025-08-31,2025-11-26,0,4,13|6,P7-2,0,9.087586204901907,test,0.667468,0.1,0.0,9.087586,0.065,0.058653
ee9a61e98635,Article 2 Protocol 7,apps:46115/20,2024-02-29,2025-08-31,2025-11-26,0,4,13|3|35,P7-2,0,2.473620283133659,test,0.085707,0.1,0.0,2.47362,0.065,0.052355
ee9a61e98635,Article 2 Protocol 7,apps:38336/21,2024-02-29,2025-08-31,2025-11-26,0,4,5,P7-2,0,0.9117783769037912,test,0.343791,0.1,0.0,0.911778,0.065,0.050868
ee9a61e98635,Article 2 Protocol 7,apps:17006/20,2024-02-29,2025-08-31,2025-11-26,0,3,14|3|8,P7-2,0,2.2285245573378,test,0.541449,0.3,0.0,2.228525,0.195,0.152122
ee9a61e98635,Article 2 Protocol 7,apps:35777/15,2024-02-29,2025-08-31,2025-11-26,0,4,3,P7-2,0,1.9567241678654224,test,0.970706,0.1,0.0,1.956724,0.065,0.051863
ee9a61e98635,Article 2 Protocol 7,apps:41192/22,2024-02-29,2025-08-31,2025-11-26,0,4,3,P7-2,0,4.606603004495744,test,0.589726,0.1,0.0,4.606603,0.065,0.054386
ee9a61e98635,Article 2 Protocol 7,apps:33975/21,2024-02-29,2025-08-31,2025-11-26,0,4,3,P7-2,0,0.9117783769037912,test,0.553602,0.1,0.0,0.911778,0.065,0.050868
ee9a61e98635,Article 2 Protocol 7,apps:84056/17,2024-02-29,2025-08-31,2025-11-26,0,3,41|6,P7-2,0,1.6979369497180004,test,0.840797,0.3,0.0,1.697937,0.195,0.151617
ee9a61e98635,Article 2 Protocol 7,apps:59813/19,2024-02-29,2025-08-31,2025-11-26,0,3,14|3|41|8,P7-2,0,3.5227810026571094,test,0.818405,0.3,0.0,3.522781,0.195,0.153354
ee9a61e98635,Article 2 Protocol 7,apps:3524/22,2024-02-29,2025-08-31,2025-11-26,0,4,2,P7-2,0,7.204054055031641,test,0.418632,0.1,0.0,7.204054,0.065,0.05686
ee9a61e98635,Article 2 Protocol 7,apps:46913/20,2024-02-29,2025-08-31,2025-11-26,0,4,P1-1,P7-2,0,3.509229427439688,test,0.535514,0.1,0.0,3.509229,0.065,0.053342
ee9a61e98635,Article 2 Protocol 7,apps:15816/20,2024-02-29,2025-08-31,2025-11-26,0,4,9,P7-2,0,0.9117783769037912,test,0.866894,0.1,0.0,0.911778,0.065,0.050868
ee9a61e98635,Article 2 Protocol 7,apps:34012/20,2024-02-29,2025-08-31,2025-11-26,0,3,13|34|35|41|6,P7-2,0,3.112644976463476,test,0.474824,0.3,0.0,3.112645,0.195,0.152964
ee9a61e98635,Article 2 Protocol 7,apps:24338/21,2024-02-29,2025-08-31,2025-11-26,0,4,35|P1-1,P7-2,0,0.9117783769037912,test,0.881654,0.1,0.0,0.911778,0.065,0.050868
ee9a61e98635,Article 2 Protocol 7,apps:8761/23,2024-02-29,2025-08-31,2025-11-26,0,4,10|13|35|6,P7-2,0,1.5726061471705441,test,0.476262,0.1,0.0,1.572606,0.065,0.051497
ee9a61e98635,Article 2 Protocol 7,apps:13375/18,2024-02-29,2025-08-31,2025-11-26,0,3,35|41|5,P7-2,0,0.9117783769037912,test,0.078955,0.3,0.0,0.911778,0.195,0.150868
ee9a61e98635,Article 2 Protocol 7,apps:42975/19,2024-02-29,2025-08-31,2025-11-26,0,3,5,P7-2,0,0.9117783769037912,test,0.902777,0.3,0.0,0.911778,0.195,0.150868
ee9a61e98635,Article 2 Protocol 7,apps:31687/15,2024-02-29,2025-08-31,2025-11-26,0,4,13|6,P7-2,0,3.112644976463476,test,0.714306,0.1,0.0,3.112645,0.065,0.052964
ee9a61e98635,Article 2 Protocol 7,apps:15653/22,2024-02-29,2025-08-31,2025-11-26,0,1,10|2|3|34|4|8|P1-1|P1-3,P7-2,0,8.145281008425723,test,0.502101,1.0,0.0,8.145281,0.65,0.507756
ee9a61e98635,Article 2 Protocol 7,apps:1595/20,2024-02-29,2025-08-31,2025-11-26,0,4,15|6|7,P7-2,0,387.77099069700307,test,0.900455,0.1,0.0,387.770991,0.065,0.419238
99cd2ce32cf8,Article 8,apps:23956/24,2024-04-09,2025-02-28,2025-05-23,0,4,39|6,8,0,10.298835571218941,dev,0.80045,0.1,0.0,10.298836,0.065,0.059807
99cd2ce32cf8,Article 8,apps:15545/24,2024-04-09,2025-02-28,2025-05-23,0,4,39|6,8,0,6.7333099129760665,dev,0.677535,0.1,0.0,6.73331,0.065,0.056411
99cd2ce32cf8,Article 8,apps:21166/20,2024-04-09,2025-02-28,2025-05-23,0,4,37,8,0,13.656590908970886,dev,0.620273,0.1,0.0,13.656591,0.065,0.063004
99cd2ce32cf8,Article 8,apps:18493/21,2024-04-09,2025-02-28,2025-05-23,0,4,10|37,8,0,5.873486557687668,dev,0.120282,0.1,0.0,5.873487,0.065,0.055593
99cd2ce32cf8,Article 8,apps:56929/18,2024-04-09,2025-02-28,2025-05-23,0,4,6,8,0,10.017357297443716,dev,0.757189,0.1,0.0,10.017357,0.065,0.059539
99cd2ce32cf8,Article 8,apps:19274/20,2024-04-09,2025-02-28,2025-05-23,0,4,5,8,0,6.721435881455797,dev,0.172879,0.1,0.0,6.721436,0.065,0.0564
99cd2ce32cf8,Article 8,apps:78280/14,2024-04-09,2025-02-28,2025-05-23,0,4,8,8,1,11.007668369969105,dev,0.984368,0.1,1.0,11.007668,0.415,0.060482
99cd2ce32cf8,Article 8,apps:47626/21,2024-04-09,2025-02-28,2025-05-23,0,3,2|41,8,0,11.839627859102873,dev,0.972165,0.3,0.0,11.839628,0.195,0.161274
99cd2ce32cf8,Article 8,apps:56795/11,2024-04-09,2025-02-28,2025-05-23,0,4,P1-1,8,0,11.340885052702323,dev,0.808461,0.1,0.0,11.340885,0.065,0.060799
99cd2ce32cf8,Article 8,apps:36436/22,2024-04-09,2025-02-28,2025-05-23,0,3,14|3|35|4|41|8,8,1,10.061936650054912,dev,0.126186,0.3,1.0,10.061937,0.545,0.159581
99cd2ce32cf8,Article 8,apps:31381/17,2024-04-09,2025-02-28,2025-05-23,0,4,P1-1,8,0,7.001399660254782,dev,0.423375,0.1,0.0,7.0014,0.065,0.056667
99cd2ce32cf8,Article 8,apps:44283/19,2024-04-09,2025-02-28,2025-05-23,0,4,3|5,8,0,7.443379616834857,dev,0.98828,0.1,0.0,7.44338,0.065,0.057088
99cd2ce32cf8,Article 8,apps:48636/19,2024-04-09,2025-02-28,2025-05-23,0,4,13|8,8,1,9.781757730214334,dev,0.435393,0.1,1.0,9.781758,0.415,0.059314
99cd2ce32cf8,Article 8,apps:29359/22,2024-04-09,2025-02-28,2025-05-23,0,3,14|41|P1-2,8,0,5.115800812186832,dev,0.997269,0.3,0.0,5.115801,0.195,0.154871
99cd2ce32cf8,Article 8,apps:60716/10,2024-04-09,2025-02-28,2025-05-23,0,4,6,8,0,5.169037629031965,dev,0.627226,0.1,0.0,5.169038,0.065,0.054922
99cd2ce32cf8,Article 8,apps:78030/14,2024-04-09,2025-02-28,2025-05-23,0,4,8,8,1,11.033793762224846,dev,0.834108,0.1,1.0,11.033794,0.415,0.060506
99cd2ce32cf8,Article 8,apps:40733/22,2024-04-09,2025-02-28,2025-05-23,0,1,3|34|41|8,8,1,8.197997896680004,dev,0.257886,1.0,1.0,8.197998,1.0,0.507806
99cd2ce32cf8,Article 8,apps:32543/18,2024-04-09,2025-02-28,2025-05-23,0,4,39|6,8,0,25.964994269486947,dev,0.910804,0.1,0.0,25.964994,0.065,0.074724
99cd2ce32cf8,Article 8,apps:35054/22,2024-04-09,2025-02-28,2025-05-23,0,4,37|6,8,0,5.864131530278079,dev,0.914174,0.1,0.0,5.864132,0.065,0.055584
99cd2ce32cf8,Article 8,apps:10691/24,2024-04-09,2025-02-28,2025-05-23,0,4,13|39|6,8,0,34.242461962048594,dev,0.067012,0.1,0.0,34.242462,0.065,0.082606
99cd2ce32cf8,Article 8,apps:10896/24,2024-04-09,2025-02-28,2025-05-23,0,4,13|39|6,8,0,42.36366068404976,dev,0.388099,0.1,0.0,42.363661,0.065,0.090339
99cd2ce32cf8,Article 8,apps:16240/23,2024-04-09,2025-02-28,2025-05-23,0,4,35|6|P1-1,8,0,15.812153937754124,dev,0.397355,0.1,0.0,15.812154,0.065,0.065056
99cd2ce32cf8,Article 8,apps:53499/20,2024-04-09,2025-02-28,2025-05-23,0,4,39|8,8,1,5.846549345732003,dev,0.326127,0.1,1.0,5.846549,0.415,0.055567
99cd2ce32cf8,Article 8,apps:18413/24,2024-04-09,2025-02-28,2025-05-23,0,4,37|5,8,0,7.026462544791361,dev,0.276201,0.1,0.0,7.026463,0.065,0.056691
99cd2ce32cf8,Article 8,apps:39466/17,2024-04-09,2025-02-28,2025-05-23,0,4,13|35|6,8,0,10.635422212733651,dev,0.458157,0.1,0.0,10.635422,0.065,0.060127
99cd2ce32cf8,Article 8,apps:21375/24,2024-04-09,2025-02-28,2025-05-23,0,4,13|39|6,8,0,9.583564212289154,dev,0.873466,0.1,0.0,9.583564,0.065,0.059126
99cd2ce32cf8,Article 8,apps:25248/22,2024-04-09,2025-02-28,2025-05-23,0,4,13|3|39,8,0,10.305713926379005,dev,0.786551,0.1,0.0,10.305714,0.065,0.059813
99cd2ce32cf8,Article 8,apps:43307/22,2024-04-09,2025-02-28,2025-05-23,0,4,3|35|37,8,0,5.7993803929816155,dev,0.623058,0.1,0.0,5.79938,0.065,0.055522
99cd2ce32cf8,Article 8,apps:10462/23,2024-04-09,2025-02-28,2025-05-23,0,4,39|6,8,0,7.08666991283256,dev,0.522562,0.1,0.0,7.08667,0.065,0.056748
99cd2ce32cf8,Article 8,apps:43481/18,2024-04-09,2025-02-28,2025-05-23,0,4,3|37,8,0,20.21110750677017,dev,0.419594,0.1,0.0,20.211108,0.065,0.069245
154b01c3289a,Article 34/35,apps:23956/24,2024-08-31,2025-02-28,2025-06-04,0,4,39|6,34|35,0,9.041394075395434,dev,0.414442,0.1,0.0,9.041394,0.065,0.058609
154b01c3289a,Article 34/35,apps:15545/24,2024-08-31,2025-02-28,2025-06-04,0,4,39|6,34|35,0,5.197211788010417,dev,0.1482,0.1,0.0,5.197212,0.065,0.054949
154b01c3289a,Article 34/35,apps:21166/20,2024-08-31,2025-02-28,2025-06-04,0,4,37,34|35,0,15.249903367982098,dev,0.587934,0.1,0.0,15.249903,0.065,0.064521
154b01c3289a,Article 34/35,apps:18493/21,2024-08-31,2025-02-28,2025-06-04,0,4,10|37,34|35,0,7.134021409918451,dev,0.758377,0.1,0.0,7.134021,0.065,0.056793
154b01c3289a,Article 34/35,apps:56929/18,2024-08-31,2025-02-28,2025-06-04,0,4,6,34|35,0,8.639874246566473,dev,0.93965,0.1,0.0,8.639874,0.065,0.058227
154b01c3289a,Article 34/35,apps:19274/20,2024-08-31,2025-02-28,2025-06-04,0,4,5,34|35,0,5.429712095932995,dev,0.924928,0.1,0.0,5.429712,0.065,0.05517
154b01c3289a,Article 34/35,apps:78280/14,2024-08-31,2025-02-28,2025-06-04,0,4,8,34|35,0,14.10575147376229,dev,0.562684,0.1,0.0,14.105751,0.065,0.063432
154b01c3289a,Article 34/35,apps:47626/21,2024-08-31,2025-02-28,2025-06-04,0,3,2|41,34|35,0,10.958795215759913,dev,0.10099,0.3,0.0,10.958795,0.195,0.160435
154b01c3289a,Article 34/35,apps:56795/11,2024-08-31,2025-02-28,2025-06-04,0,4,P1-1,34|35,0,11.583009699269443,dev,0.286093,0.1,0.0,11.58301,0.065,0.061029
154b01c3289a,Article 34/35,apps:36436/22,2024-08-31,2025-02-28,2025-06-04,0,3,14|3|35|4|41|8,34|35,1,10.751386273618488,dev,0.535633,0.3,1.0,10.751386,0.545,0.160238
154b01c3289a,Article 34/35,apps:31381/17,2024-08-31,2025-02-28,2025-06-04,0,4,P1-1,34|35,0,7.758503255774317,dev,0.343869,0.1,0.0,7.758503,0.065,0.057388
154b01c3289a,Article 34/35,apps:44283/19,2024-08-31,2025-02-28,2025-06-04,0,4,3|5,34|35,0,8.99296625771133,dev,0.41089,0.1,0.0,8.992966,0.065,0.058563
154b01c3289a,Article 34/35,apps:48636/19,2024-08-31,2025-02-28,2025-06-04,0,4,13|8,34|35,0,11.95986619526072,dev,0.383043,0.1,0.0,11.959866,0.065,0.061388
154b01c3289a,Article 34/35,apps:29359/22,2024-08-31,2025-02-28,2025-06-04,0,3,14|41|P1-2,34|35,0,5.444485367119403,dev,0.485585,0.3,0.0,5.444485,0.195,0.155184
154b01c3289a,Article 34/35,apps:60716/10,2024-08-31,2025-02-28,2025-06-04,0,4,6,34|35,0,5.160889039460599,dev,0.608962,0.1,0.0,5.160889,0.065,0.054914
154b01c3289a,Article 34/35,apps:78030/14,2024-08-31,2025-02-28,2025-06-04,0,4,8,34|35,0,10.935050727156238,dev,0.037466,0.1,0.0,10.935051,0.065,0.060412
154b01c3289a,Article 34/35,apps:40733/22,2024-08-31,2025-02-28,2025-06-04,0,1,3|34|41|8,34|35,1,9.319722260920965,dev,0.275414,1.0,1.0,9.319722,1.0,0.508874
154b01c3289a,Article 34/35,apps:32543/18,2024-08-31,2025-02-28,2025-06-04,0,4,39|6,34|35,0,29.361673626698945,dev,0.143853,0.1,0.0,29.361674,0.065,0.077958
154b01c3289a,Article 34/35,apps:35054/22,2024-08-31,2025-02-28,2025-06-04,0,4,37|6,34|35,0,7.14895111137231,dev,0.608655,0.1,0.0,7.148951,0.065,0.056807
154b01c3289a,Article 34/35,apps:10691/24,2024-08-31,2025-02-28,2025-06-04,0,4,13|39|6,34|35,0,31.088103419607616,dev,0.693661,0.1,0.0,31.088103,0.065,0.079602
154b01c3289a,Article 34/35,apps:10896/24,2024-08-31,2025-02-28,2025-06-04,0,4,13|39|6,34|35,0,39.0313435616007,dev,0.038783,0.1,0.0,39.031344,0.065,0.087166
154b01c3289a,Article 34/35,apps:16240/23,2024-08-31,2025-02-28,2025-06-04,0,4,35|6|P1-1,34|35,1,9.903081545861516,dev,0.889574,0.1,1.0,9.903082,0.415,0.05943
154b01c3289a,Article 34/35,apps:53499/20,2024-08-31,2025-02-28,2025-06-04,0,4,39|8,34|35,0,5.871719719159431,dev,0.331494,0.1,0.0,5.87172,0.065,0.055591
154b01c3289a,Article 34/35,apps:18413/24,2024-08-31,2025-02-28,2025-06-04,0,4,37|5,34|35,0,5.197211788010417,dev,0.237579,0.1,0.0,5.197212,0.065,0.054949
154b01c3289a,Article 34/35,apps:39466/17,2024-08-31,2025-02-28,2025-06-04,0,4,13|35|6,34|35,1,10.237222962702944,dev,0.74575,0.1,1.0,10.237223,0.415,0.059748
154b01c3289a,Article 34/35,apps:21375/24,2024-08-31,2025-02-28,2025-06-04,0,4,13|39|6,34|35,0,10.016653761723871,dev,0.920835,0.1,0.0,10.016654,0.065,0.059538
154b01c3289a,Article 34/35,apps:25248/22,2024-08-31,2025-02-28,2025-06-04,0,4,13|3|39,34|35,0,9.628499430341963,dev,0.897031,0.1,0.0,9.628499,0.065,0.059168
154b01c3289a,Article 34/35,apps:43307/22,2024-08-31,2025-02-28,2025-06-04,0,4,3|35|37,34|35,1,8.660362304352708,dev,0.020233,0.1,1.0,8.660362,0.415,0.058246
154b01c3289a,Article 34/35,apps:10462/23,2024-08-31,2025-02-28,2025-06-04,0,4,39|6,34|35,0,7.459024966323856,dev,0.817386,0.1,0.0,7.459025,0.065,0.057103
154b01c3289a,Article 34/35,apps:43481/18,2024-08-31,2025-02-28,2025-06-04,0,4,3|37,34|35,0,20.99628793601604,dev,0.303055,0.1,0.0,20.996288,0.065,0.069993
1900da194ee4,Article 10,apps:23956/24,2024-08-31,2025-02-28,2025-09-18,0,4,39|6,10,0,9.351349519353247,dev,0.280347,0.1,0.0,9.35135,0.065,0.058904
1900da194ee4,Article 10,apps:15545/24,2024-08-31,2025-02-28,2025-09-18,0,4,39|6,10,0,8.456079521071395,dev,0.491619,0.1,0.0,8.45608,0.065,0.058052
1900da194ee4,Article 10,apps:21166/20,2024-08-31,2025-02-28,2025-09-18,0,4,37,10,0,14.149903828047448,dev,0.696183,0.1,0.0,14.149904,0.065,0.063474
1900da194ee4,Article 10,apps:18493/21,2024-08-31,2025-02-28,2025-09-18,0,4,10|37,10,1,7.805580720882023,dev,0.098217,0.1,1.0,7.805581,0.415,0.057433
1900da194ee4,Article 10,apps:56929/18,2024-08-31,2025-02-28,2025-09-18,0,4,6,10,0,10.251432780086155,dev,0.8689,0.1,0.0,10.251433,0.065,0.059761
1900da194ee4,Article 10,apps:19274/20,2024-08-31,2025-02-28,2025-09-18,0,4,5,10,0,6.81030161682149,dev,0.134386,0.1,0.0,6.810302,0.065,0.056485
1900da194ee4,Article 10,apps:78280/14,2024-08-31,2025-02-28,2025-09-18,0,4,8,10,0,23.201902088325653,dev,0.974219,0.1,0.0,23.201902,0.065,0.072093
1900da194ee4,Article 10,apps:47626/21,2024-08-31,2025-02-28,2025-09-18,0,3,2|41,10,0,12.850700975833231,dev,0.443111,0.3,0.0,12.850701,0.195,0.162237
1900da194ee4,Article 10,apps:56795/11,2024-08-31,2025-02-28,2025-09-18,0,4,P1-1,10,0,13.121686093532539,dev,0.825823,0.1,0.0,13.121686,0.065,0.062495
1900da194ee4,Article 10,apps:36436/22,2024-08-31,2025-02-28,2025-09-18,0,3,14|3|35|4|41|8,10,0,13.02238200437268,dev,0.26942,0.3,0.0,13.022382,0.195,0.1624
1900da194ee4,Article 10,apps:31381/17,2024-08-31,2025-02-28,2025-09-18,0,4,P1-1,10,0,9.211760620935731,dev,0.416773,0.1,0.0,9.211761,0.065,0.058771
1900da194ee4,Article 10,apps:44283/19,2024-08-31,2025-02-28,2025-09-18,0,4,3|5,10,0,9.139315252160205,dev,0.645555,0.1,0.0,9.139315,0.065,0.058703
1900da194ee4,Article 10,apps:48636/19,2024-08-31,2025-02-28,2025-09-18,0,4,13|8,10,0,10.233376704953011,dev,0.187936,0.1,0.0,10.233377,0.065,0.059744
1900da194ee4,Article 10,apps:29359/22,2024-08-31,2025-02-28,2025-09-18,0,3,14|41|P1-2,10,0,6.659181254012747,dev,0.211391,0.3,0.0,6.659181,0.195,0.156341
1900da194ee4,Article 10,apps:60716/10,2024-08-31,2025-02-28,2025-09-18,0,4,6,10,0,5.33801365511507,dev,0.823969,0.1,0.0,5.338014,0.065,0.055083
1900da194ee4,Article 10,apps:78030/14,2024-08-31,2025-02-28,2025-09-18,0,4,8,10,0,9.79961519040703,dev,0.740945,0.1,0.0,9.799615,0.065,0.059331
1900da194ee4,Article 10,apps:40733/22,2024-08-31,2025-02-28,2025-09-18,0,1,3|34|41|8,10,0,9.155314660058217,dev,0.759493,1.0,0.0,9.155315,0.65,0.508718
1900da194ee4,Article 10,apps:32543/18,2024-08-31,2025-02-28,2025-09-18,0,4,39|6,10,0,30.96837020192494,dev,0.867189,0.1,0.0,30.96837,0.065,0.079488
1900da194ee4,Article 10,apps:35054/22,2024-08-31,2025-02-28,2025-09-18,0,4,37|6,10,0,8.161861511110299,dev,0.821017,0.1,0.0,8.161862,0.065,0.057772
1900da194ee4,Article 10,apps:10691/24,2024-08-31,2025-02-28,2025-09-18,0,4,13|39|6,10,0,33.5404025938119,dev,0.51527,0.1,0.0,33.540403,0.065,0.081937
1900da194ee4,Article 10,apps:10896/24,2024-08-31,2025-02-28,2025-09-18,0,4,13|39|6,10,0,42.312602472236655,dev,0.158972,0.1,0.0,42.312602,0.065,0.09029
1900da194ee4,Article 10,apps:16240/23,2024-08-31,2025-02-28,2025-09-18,0,4,35|6|P1-1,10,0,12.013536269857152,dev,0.311123,0.1,0.0,12.013536,0.065,0.061439
1900da194ee4,Article 10,apps:53499/20,2024-08-31,2025-02-28,2025-09-18,0,4,39|8,10,0,5.8941412671749,dev,0.506795,0.1,0.0,5.894141,0.065,0.055612
1900da194ee4,Article 10,apps:18413/24,2024-08-31,2025-02-28,2025-09-18,0,4,37|5,10,0,6.030162302591728,dev,0.13565,0.1,0.0,6.030162,0.065,0.055742
1900da194ee4,Article 10,apps:39466/17,2024-08-31,2025-02-28,2025-09-18,0,4,13|35|6,10,0,12.241423195725048,dev,0.851295,0.1,0.0,12.241423,0.065,0.061656
1900da194ee4,Article 10,apps:21375/24,2024-08-31,2025-02-28,2025-09-18,0,4,13|39|6,10,0,10.506562191229596,dev,0.879333,0.1,0.0,10.506562,0.065,0.060004
1900da194ee4,Article 10,apps:25248/22,2024-08-31,2025-02-28,2025-09-18,0,4,13|3|39,10,0,6.543270281759865,dev,0.028948,0.1,0.0,6.54327,0.065,0.056231
1900da194ee4,Article 10,apps:43307/22,2024-08-31,2025-02-28,2025-09-18,0,4,3|35|37,10,0,6.543270281759865,dev,0.192763,0.1,0.0,6.54327,0.065,0.056231
1900da194ee4,Article 10,apps:10462/23,2024-08-31,2025-02-28,2025-09-18,0,4,39|6,10,0,7.638677026007272,dev,0.83293,0.1,0.0,7.638677,0.065,0.057274
1900da194ee4,Article 10,apps:43481/18,2024-08-31,2025-02-28,2025-09-18,0,4,3|37,10,0,24.940101346857254,dev,0.836977,0.1,0.0,24.940101,0.065,0.073748
2fbc08fc30bd,Article 9,apps:23956/24,2024-08-31,2025-02-28,2025-05-31,0,4,39|6,9,0,7.557606303063508,dev,0.24949,0.1,0.0,7.557606,0.065,0.057196
2fbc08fc30bd,Article 9,apps:15545/24,2024-08-31,2025-02-28,2025-05-31,0,4,39|6,9,0,5.0769271876818864,dev,0.456449,0.1,0.0,5.076927,0.065,0.054834
2fbc08fc30bd,Article 9,apps:21166/20,2024-08-31,2025-02-28,2025-05-31,0,4,37,9,0,10.022552157803954,dev,0.918031,0.1,0.0,10.022552,0.065,0.059544
2fbc08fc30bd,Article 9,apps:18493/21,2024-08-31,2025-02-28,2025-05-31,0,4,10|37,9,0,6.409677264989286,dev,0.704634,0.1,0.0,6.409677,0.065,0.056103
2fbc08fc30bd,Article 9,apps:56929/18,2024-08-31,2025-02-28,2025-05-31,0,4,6,9,0,5.337352542707199,dev,0.273977,0.1,0.0,5.337353,0.065,0.055082
2fbc08fc30bd,Article 9,apps:19274/20,2024-08-31,2025-02-28,2025-05-31,0,4,5,9,0,6.28186200034266,dev,0.823506,0.1,0.0,6.281862,0.065,0.055982
2fbc08fc30bd,Article 9,apps:78280/14,2024-08-31,2025-02-28,2025-05-31,0,4,8,9,0,10.544029977404348,dev,0.505126,0.1,0.0,10.54403,0.065,0.06004
2fbc08fc30bd,Article 9,apps:47626/21,2024-08-31,2025-02-28,2025-05-31,0,3,2|41,9,0,9.082323808219236,dev,0.63541,0.3,0.0,9.082324,0.195,0.158648
2fbc08fc30bd,Article 9,apps:56795/11,2024-08-31,2025-02-28,2025-05-31,0,4,P1-1,9,0,7.809870224730925,dev,0.123873,0.1,0.0,7.80987,0.065,0.057437
2fbc08fc30bd,Article 9,apps:36436/22,2024-08-31,2025-02-28,2025-05-31,0,3,14|3|35|4|41|8,9,0,8.807927363591398,dev,0.030563,0.3,0.0,8.807927,0.195,0.158387
2fbc08fc30bd,Article 9,apps:31381/17,2024-08-31,2025-02-28,2025-05-31,0,4,P1-1,9,0,7.864761056988614,dev,0.372467,0.1,0.0,7.864761,0.065,0.057489
2fbc08fc30bd,Article 9,apps:44283/19,2024-08-31,2025-02-28,2025-05-31,0,4,3|5,9,0,6.561320407511362,dev,0.594044,0.1,0.0,6.56132,0.065,0.056248
2fbc08fc30bd,Article 9,apps:48636/19,2024-08-31,2025-02-28,2025-05-31,0,4,13|8,9,0,6.961005218929259,dev,0.177584,0.1,0.0,6.961005,0.065,0.056628
2fbc08fc30bd,Article 9,apps:29359/22,2024-08-31,2025-02-28,2025-05-31,0,3,14|41|P1-2,9,0,6.834840753214997,dev,0.870481,0.3,0.0,6.834841,0.195,0.156508
2fbc08fc30bd,Article 9,apps:60716/10,2024-08-31,2025-02-28,2025-05-31,0,4,6,9,0,2.601975915446461,dev,0.58688,0.1,0.0,2.601976,0.065,0.052478
2fbc08fc30bd,Article 9,apps:78030/14,2024-08-31,2025-02-28,2025-05-31,0,4,8,9,0,10.030146988436279,dev,0.34976,0.1,0.0,10.030147,0.065,0.059551
2fbc08fc30bd,Article 9,apps:40733/22,2024-08-31,2025-02-28,2025-05-31,0,1,3|34|41|8,9,0,6.28186200034266,dev,0.163514,1.0,0.0,6.281862,0.65,0.505982
2fbc08fc30bd,Article 9,apps:32543/18,2024-08-31,2025-02-28,2025-05-31,0,4,39|6,9,0,30.36900738568195,dev,0.894492,0.1,0.0,30.369007,0.065,0.078918
2fbc08fc30bd,Article 9,apps:35054/22,2024-08-31,2025-02-28,2025-05-31,0,4,37|6,9,0,6.1574769386104755,dev,0.748961,0.1,0.0,6.157477,0.065,0.055863
2fbc08fc30bd,Article 9,apps:10691/24,2024-08-31,2025-02-28,2025-05-31,0,4,13|39|6,9,0,17.898063881637285,dev,0.688851,0.1,0.0,17.898064,0.065,0.067043
2fbc08fc30bd,Article 9,apps:10896/24,2024-08-31,2025-02-28,2025-05-31,0,4,13|39|6,9,0,22.688741263256226,dev,0.285069,0.1,0.0,22.688741,0.065,0.071604
2fbc08fc30bd,Article 9,apps:16240/23,2024-08-31,2025-02-28,2025-05-31,0,4,35|6|P1-1,9,0,5.324734957773801,dev,0.386566,0.1,0.0,5.324735,0.065,0.05507
2fbc08fc30bd,Article 9,apps:53499/20,2024-08-31,2025-02-28,2025-05-31,0,4,39|8,9,0,3.377986824786693,dev,0.162907,0.1,0.0,3.377987,0.065,0.053217
2fbc08fc30bd,Article 9,apps:18413/24,2024-08-31,2025-02-28,2025-05-31,0,4,37|5,9,0,4.86583889957895,dev,0.572258,0.1,0.0,4.865839,0.065,0.054633
2fbc08fc30bd,Article 9,apps:39466/17,2024-08-31,2025-02-28,2025-05-31,0,4,13|35|6,9,0,7.7635827346563975,dev,0.964918,0.1,0.0,7.763583,0.065,0.057393
2fbc08fc30bd,Article 9,apps:21375/24,2024-08-31,2025-02-28,2025-05-31,0,4,13|39|6,9,0,10.47211030564013,dev,0.857111,0.1,0.0,10.47211,0.065,0.059972
2fbc08fc30bd,Article 9,apps:25248/22,2024-08-31,2025-02-28,2025-05-31,0,4,13|3|39,9,0,4.92829731098714,dev,0.64738,0.1,0.0,4.928297,0.065,0.054693
2fbc08fc30bd,Article 9,apps:43307/22,2024-08-31,2025-02-28,2025-05-31,0,4,3|35|37,9,0,4.92829731098714,dev,0.677695,0.1,0.0,4.928297,0.065,0.054693
2fbc08fc30bd,Article 9,apps:10462/23,2024-08-31,2025-02-28,2025-05-31,0,4,39|6,9,0,4.342809154093887,dev,0.269084,0.1,0.0,4.342809,0.065,0.054135
2fbc08fc30bd,Article 9,apps:43481/18,2024-08-31,2025-02-28,2025-05-31,0,4,3|37,9,0,18.949905443348115,dev,0.409507,0.1,0.0,18.949905,0.065,0.068044
4026b1621d4a,Article 6 Criminal,apps:23956/24,2024-08-31,2025-02-28,2025-06-12,0,4,39|6,6,1,12.869493597123798,dev,0.020052,0.1,1.0,12.869494,0.415,0.062254
4026b1621d4a,Article 6 Criminal,apps:15545/24,2024-08-31,2025-02-28,2025-06-12,0,4,39|6,6,1,6.90905404085904,dev,0.780304,0.1,1.0,6.909054,0.415,0.056579
4026b1621d4a,Article 6 Criminal,apps:21166/20,2024-08-31,2025-02-28,2025-06-12,0,4,37,6,0,17.909830919577903,dev,0.767573,0.1,0.0,17.909831,0.065,0.067054
4026b1621d4a,Article 6 Criminal,apps:18493/21,2024-08-31,2025-02-28,2025-06-12,0,4,10|37,6,0,7.269000980350086,dev,0.008898,0.1,0.0,7.269001,0.065,0.056922
4026b1621d4a,Article 6 Criminal,apps:56929/18,2024-08-31,2025-02-28,2025-06-12,0,4,6,6,1,8.66099277881795,dev,0.911515,0.1,1.0,8.660993,0.415,0.058247
4026b1621d4a,Article 6 Criminal,apps:19274/20,2024-08-31,2025-02-28,2025-06-12,0,4,5,6,0,5.864953900971766,dev,0.647372,0.1,0.0,5.864954,0.065,0.055585
4026b1621d4a,Article 6 Criminal,apps:78280/14,2024-08-31,2025-02-28,2025-06-12,0,4,8,6,0,15.558896063790504,dev,0.601142,0.1,0.0,15.558896,0.065,0.064815
4026b1621d4a,Article 6 Criminal,apps:47626/21,2024-08-31,2025-02-28,2025-06-12,0,3,2|41,6,0,14.733812063214343,dev,0.008464,0.3,0.0,14.733812,0.195,0.16403
4026b1621d4a,Article 6 Criminal,apps:56795/11,2024-08-31,2025-02-28,2025-06-12,0,4,P1-1,6,0,10.967634015299724,dev,0.25239,0.1,0.0,10.967634,0.065,0.060443
4026b1621d4a,Article 6 Criminal,apps:36436/22,2024-08-31,2025-02-28,2025-06-12,0,3,14|3|35|4|41|8,6,0,12.087628323926845,dev,0.805086,0.3,0.0,12.087628,0.195,0.16151
4026b1621d4a,Article 6 Criminal,apps:31381/17,2024-08-31,2025-02-28,2025-06-12,0,4,P1-1,6,0,7.27726445318709,dev,0.30546,0.1,0.0,7.277264,0.065,0.056929
4026b1621d4a,Article 6 Criminal,apps:44283/19,2024-08-31,2025-02-28,2025-06-12,0,4,3|5,6,0,14.259250169394317,dev,0.967024,0.1,0.0,14.25925,0.065,0.063578
4026b1621d4a,Article 6 Criminal,apps:48636/19,2024-08-31,2025-02-28,2025-06-12,0,4,13|8,6,0,8.355742951200426,dev,0.64274,0.1,0.0,8.355743,0.065,0.057956
4026b1621d4a,Article 6 Criminal,apps:29359/22,2024-08-31,2025-02-28,2025-06-12,0,3,14|41|P1-2,6,0,6.813764866373288,dev,0.423807,0.3,0.0,6.813765,0.195,0.156488
4026b1621d4a,Article 6 Criminal,apps:60716/10,2024-08-31,2025-02-28,2025-06-12,0,4,6,6,1,6.182453140229567,dev,0.376475,0.1,1.0,6.182453,0.415,0.055887
4026b1621d4a,Article 6 Criminal,apps:78030/14,2024-08-31,2025-02-28,2025-06-12,0,4,8,6,0,10.004857177850234,dev,0.348709,0.1,0.0,10.004857,0.065,0.059527
4026b1621d4a,Article 6 Criminal,apps:40733/22,2024-08-31,2025-02-28,2025-06-12,0,1,3|34|41|8,6,0,6.218967634153277,dev,0.251999,1.0,0.0,6.218968,0.65,0.505922
4026b1621d4a,Article 6 Criminal,apps:32543/18,2024-08-31,2025-02-28,2025-06-12,0,4,39|6,6,1,28.04310118520261,dev,0.466698,0.1,1.0,28.043101,0.415,0.076703
4026b1621d4a,Article 6 Criminal,apps:35054/22,2024-08-31,2025-02-28,2025-06-12,0,4,37|6,6,1,7.269000980350086,dev,0.677196,0.1,1.0,7.269001,0.415,0.056922
4026b1621d4a,Article 6 Criminal,apps:10691/24,2024-08-31,2025-02-28,2025-06-12,0,4,13|39|6,6,1,28.456360138892627,dev,0.824311,0.1,1.0,28.45636,0.415,0.077096
4026b1621d4a,Article 6 Criminal,apps:10896/24,2024-08-31,2025-02-28,2025-06-12,0,4,13|39|6,6,1,33.973195921371584,dev,0.397153,0.1,1.0,33.973196,0.415,0.082349
4026b1621d4a,Article 6 Criminal,apps:16240/23,2024-08-31,2025-02-28,2025-06-12,0,4,35|6|P1-1,6,1,10.982544795040653,dev,0.102312,0.1,1.0,10.982545,0.415,0.060458
4026b1621d4a,Article 6 Criminal,apps:53499/20,2024-08-31,2025-02-28,2025-06-12,0,4,39|8,6,0,7.0494254193394745,dev,0.511514,0.1,0.0,7.049425,0.065,0.056713
4026b1621d4a,Article 6 Criminal,apps:18413/24,2024-08-31,2025-02-28,2025-06-12,0,4,37|5,6,0,9.27149180320357,dev,0.662355,0.1,0.0,9.271492,0.065,0.058828
4026b1621d4a,Article 6 Criminal,apps:39466/17,2024-08-31,2025-02-28,2025-06-12,0,4,13|35|6,6,1,10.701313956562075,dev,0.843284,0.1,1.0,10.701314,0.415,0.06019
4026b1621d4a,Article 6 Criminal,apps:21375/24,2024-08-31,2025-02-28,2025-06-12,0,4,13|39|6,6,1,11.065009991237782,dev,0.37423,0.1,1.0,11.06501,0.415,0.060536
4026b1621d4a,Article 6 Criminal,apps:25248/22,2024-08-31,2025-02-28,2025-06-12,0,4,13|3|39,6,0,9.090318030182315,dev,0.647342,0.1,0.0,9.090318,0.065,0.058656
4026b1621d4a,Article 6 Criminal,apps:43307/22,2024-08-31,2025-02-28,2025-06-12,0,4,3|35|37,6,0,6.40208686224306,dev,0.60905,0.1,0.0,6.402087,0.065,0.056096
4026b1621d4a,Article 6 Criminal,apps:10462/23,2024-08-31,2025-02-28,2025-06-12,0,4,39|6,6,1,8.382524938520081,dev,0.298476,0.1,1.0,8.382525,0.415,0.057982
4026b1621d4a,Article 6 Criminal,apps:43481/18,2024-08-31,2025-02-28,2025-06-12,0,4,3|37,6,0,30.864545006426717,dev,0.108105,0.1,0.0,30.864545,0.065,0.079389
415c8994e0ed,Article 2,apps:23956/24,2024-08-31,2025-02-28,2025-06-19,0,4,39|6,2,0,9.897797414912683,dev,0.063837,0.1,0.0,9.897797,0.065,0.059425
415c8994e0ed,Article 2,apps:15545/24,2024-08-31,2025-02-28,2025-06-19,0,4,39|6,2,0,5.82483796663018,dev,0.988361,0.1,0.0,5.824838,0.065,0.055546
415c8994e0ed,Article 2,apps:21166/20,2024-08-31,2025-02-28,2025-06-19,0,4,37,2,0,8.992463889651983,dev,0.640595,0.1,0.0,8.992464,0.065,0.058563
415c8994e0ed,Article 2,apps:18493/21,2024-08-31,2025-02-28,2025-06-19,0,4,10|37,2,0,8.680277646038485,dev,0.861492,0.1,0.0,8.680278,0.065,0.058265
415c8994e0ed,Article 2,apps:56929/18,2024-08-31,2025-02-28,2025-06-19,0,4,6,2,0,6.922627358140565,dev,0.261147,0.1,0.0,6.922627,0.065,0.056592
415c8994e0ed,Article 2,apps:19274/20,2024-08-31,2025-02-28,2025-06-19,0,4,5,2,0,5.3485439904444645,dev,0.711094,0.1,0.0,5.348544,0.065,0.055093
415c8994e0ed,Article 2,apps:78280/14,2024-08-31,2025-02-28,2025-06-19,0,4,8,2,0,17.37611451467964,dev,0.892374,0.1,0.0,17.376115,0.065,0.066546
415c8994e0ed,Article 2,apps:56795/11,2024-08-31,2025-02-28,2025-06-19,0,4,P1-1,2,0,9.90368802611811,dev,0.298791,0.1,0.0,9.903688,0.065,0.05943
415c8994e0ed,Article 2,apps:36436/22,2024-08-31,2025-02-28,2025-06-19,0,3,14|3|35|4|41|8,2,0,9.90368802611811,dev,0.149929,0.3,0.0,9.903688,0.195,0.15943
415c8994e0ed,Article 2,apps:31381/17,2024-08-31,2025-02-28,2025-06-19,0,4,P1-1,2,0,8.373746313917607,dev,0.765474,0.1,0.0,8.373746,0.065,0.057974
415c8994e0ed,Article 2,apps:44283/19,2024-08-31,2025-02-28,2025-06-19,0,4,3|5,2,0,7.459866800839796,dev,0.899687,0.1,0.0,7.459867,0.065,0.057103
415c8994e0ed,Article 2,apps:48636/19,2024-08-31,2025-02-28,2025-06-19,0,4,13|8,2,0,5.745662932246001,dev,0.80543,0.1,0.0,5.745663,0.065,0.055471
415c8994e0ed,Article 2,apps:29359/22,2024-08-31,2025-02-28,2025-06-19,0,3,14|41|P1-2,2,0,4.842129419670194,dev,0.802364,0.3,0.0,4.842129,0.195,0.154611
415c8994e0ed,Article 2,apps:60716/10,2024-08-31,2025-02-28,2025-06-19,0,4,6,2,0,3.738578786807479,dev,0.600033,0.1,0.0,3.738579,0.065,0.05356
415c8994e0ed,Article 2,apps:78030/14,2024-08-31,2025-02-28,2025-06-19,0,4,8,2,0,11.912137957005932,dev,0.66053,0.1,0.0,11.912138,0.065,0.061343
415c8994e0ed,Article 2,apps:40733/22,2024-08-31,2025-02-28,2025-06-19,0,1,3|34|41|8,2,0,5.3485439904444645,dev,0.680756,1.0,0.0,5.348544,0.65,0.505093
415c8994e0ed,Article 2,apps:32543/18,2024-08-31,2025-02-28,2025-06-19,0,4,39|6,2,0,8.187290717544414,dev,0.721283,0.1,0.0,8.187291,0.065,0.057796
415c8994e0ed,Article 2,apps:35054/22,2024-08-31,2025-02-28,2025-06-19,0,4,37|6,2,0,6.4845451233388,dev,0.655401,0.1,0.0,6.484545,0.065,0.056175
415c8994e0ed,Article 2,apps:10691/24,2024-08-31,2025-02-28,2025-06-19,0,4,13|39|6,2,0,27.7216075846216,dev,0.997469,0.1,0.0,27.721608,0.065,0.076397
415c8994e0ed,Article 2,apps:10896/24,2024-08-31,2025-02-28,2025-06-19,0,4,13|39|6,2,0,35.54023608054,dev,0.259426,0.1,0.0,35.540236,0.065,0.083842
415c8994e0ed,Article 2,apps:16240/23,2024-08-31,2025-02-28,2025-06-19,0,4,35|6|P1-1,2,0,6.005020344707128,dev,0.418566,0.1,0.0,6.00502,0.065,0.055718
415c8994e0ed,Article 2,apps:53499/20,2024-08-31,2025-02-28,2025-06-19,0,4,39|8,2,0,4.2051481239083275,dev,0.388275,0.1,0.0,4.205148,0.065,0.054004
415c8994e0ed,Article 2,apps:18413/24,2024-08-31,2025-02-28,2025-06-19,0,4,37|5,2,0,6.904590625404504,dev,0.035319,0.1,0.0,6.904591,0.065,0.056575
415c8994e0ed,Article 2,apps:39466/17,2024-08-31,2025-02-28,2025-06-19,0,4,13|35|6,2,0,9.90368802611811,dev,0.708069,0.1,0.0,9.903688,0.065,0.05943
415c8994e0ed,Article 2,apps:21375/24,2024-08-31,2025-02-28,2025-06-19,0,4,13|39|6,2,0,10.38178785607101,dev,0.572042,0.1,0.0,10.381788,0.065,0.059886
415c8994e0ed,Article 2,apps:25248/22,2024-08-31,2025-02-28,2025-06-19,0,4,13|3|39,2,0,4.728932620308929,dev,0.189915,0.1,0.0,4.728933,0.065,0.054503
415c8994e0ed,Article 2,apps:43307/22,2024-08-31,2025-02-28,2025-06-19,0,4,3|35|37,2,0,4.728932620308929,dev,0.72655,0.1,0.0,4.728933,0.065,0.054503
415c8994e0ed,Article 2,apps:10462/23,2024-08-31,2025-02-28,2025-06-19,0,4,39|6,2,0,5.801690842055336,dev,0.222363,0.1,0.0,5.801691,0.065,0.055524
415c8994e0ed,Article 2,apps:43481/18,2024-08-31,2025-02-28,2025-06-19,0,4,3|37,2,0,19.028466955549987,dev,0.534635,0.1,0.0,19.028467,0.065,0.068119
415c8994e0ed,Article 2,apps:20014/24,2024-08-31,2025-02-28,2025-06-19,0,4,39|6,2,0,8.417677153528228,dev,0.784897,0.1,0.0,8.417677,0.065,0.058015
7a059e452dbd,Article 1,apps:23956/24,2024-08-31,2025-02-28,2025-06-26,0,4,39|6,1,0,7.401082239710587,dev,0.906527,0.1,0.0,7.401082,0.065,0.057047
7a059e452dbd,Article 1,apps:15545/24,2024-08-31,2025-02-28,2025-06-26,0,4,39|6,1,0,7.2642711441625725,dev,0.671868,0.1,0.0,7.264271,0.065,0.056917
7a059e452dbd,Article 1,apps:21166/20,2024-08-31,2025-02-28,2025-06-26,0,4,37,1,0,10.882908326811934,dev,0.507315,0.1,0.0,10.882908,0.065,0.060363
7a059e452dbd,Article 1,apps:18493/21,2024-08-31,2025-02-28,2025-06-26,0,4,10|37,1,0,6.194279572494112,dev,0.845419,0.1,0.0,6.19428,0.065,0.055898
7a059e452dbd,Article 1,apps:56929/18,2024-08-31,2025-02-28,2025-06-26,0,4,6,1,0,6.373595390529437,dev,0.840639,0.1,0.0,6.373595,0.065,0.056069
7a059e452dbd,Article 1,apps:19274/20,2024-08-31,2025-02-28,2025-06-26,0,4,5,1,0,3.8493552762673127,dev,0.876495,0.1,0.0,3.849355,0.065,0.053665
7a059e452dbd,Article 1,apps:78280/14,2024-08-31,2025-02-28,2025-06-26,0,4,8,1,0,12.413361604829078,dev,0.181136,0.1,0.0,12.413362,0.065,0.06182
7a059e452dbd,Article 1,apps:47626/21,2024-08-31,2025-02-28,2025-06-26,0,3,2|41,1,0,10.57315862635687,dev,0.097603,0.3,0.0,10.573159,0.195,0.160068
7a059e452dbd,Article 1,apps:56795/11,2024-08-31,2025-02-28,2025-06-26,0,4,P1-1,1,0,7.591143072788555,dev,0.127944,0.1,0.0,7.591143,0.065,0.057228
7a059e452dbd,Article 1,apps:36436/22,2024-08-31,2025-02-28,2025-06-26,0,3,14|3|35|4|41|8,1,0,9.085379591080585,dev,0.258652,0.3,0.0,9.08538,0.195,0.158651
7a059e452dbd,Article 1,apps:31381/17,2024-08-31,2025-02-28,2025-06-26,0,4,P1-1,1,0,4.20025817139145,dev,0.808344,0.1,0.0,4.200258,0.065,0.054
7a059e452dbd,Article 1,apps:44283/19,2024-08-31,2025-02-28,2025-06-26,0,4,3|5,1,0,8.566001158178334,dev,0.762918,0.1,0.0,8.566001,0.065,0.058157
7a059e452dbd,Article 1,apps:48636/19,2024-08-31,2025-02-28,2025-06-26,0,4,13|8,1,0,6.884556253103921,dev,0.183068,0.1,0.0,6.884556,0.065,0.056556
7a059e452dbd,Article 1,apps:29359/22,2024-08-31,2025-02-28,2025-06-26,0,3,14|41|P1-2,1,0,3.7603481888552857,dev,0.679712,0.3,0.0,3.760348,0.195,0.153581
7a059e452dbd,Article 1,apps:60716/10,2024-08-31,2025-02-28,2025-06-26,0,4,6,1,0,2.820978548377149,dev,0.335632,0.1,0.0,2.820979,0.065,0.052686
7a059e452dbd,Article 1,apps:78030/14,2024-08-31,2025-02-28,2025-06-26,0,4,8,1,0,8.782551056323134,dev,0.0893,0.1,0.0,8.782551,0.065,0.058363
7a059e452dbd,Article 1,apps:40733/22,2024-08-31,2025-02-28,2025-06-26,0,1,3|34|41|8,1,0,5.8676877857424525,dev,0.355283,1.0,0.0,5.867688,0.65,0.505587
7a059e452dbd,Article 1,apps:32543/18,2024-08-31,2025-02-28,2025-06-26,0,4,39|6,1,0,23.296551154581422,dev,0.74421,0.1,0.0,23.296551,0.065,0.072183
7a059e452dbd,Article 1,apps:35054/22,2024-08-31,2025-02-28,2025-06-26,0,4,37|6,1,0,6.532473903170249,dev,0.307085,0.1,0.0,6.532474,0.065,0.05622
7a059e452dbd,Article 1,apps:10691/24,2024-08-31,2025-02-28,2025-06-26,0,4,13|39|6,1,0,19.567104633263178,dev,0.78809,0.1,0.0,19.567105,0.065,0.068632
7a059e452dbd,Article 1,apps:10896/24,2024-08-31,2025-02-28,2025-06-26,0,4,13|39|6,1,0,24.430327589897335,dev,0.331317,0.1,0.0,24.430328,0.065,0.073263
7a059e452dbd,Article 1,apps:16240/23,2024-08-31,2025-02-28,2025-06-26,0,4,35|6|P1-1,1,0,6.503802234930097,dev,0.260559,0.1,0.0,6.503802,0.065,0.056193
7a059e452dbd,Article 1,apps:53499/20,2024-08-31,2025-02-28,2025-06-26,0,4,39|8,1,0,6.874811302318001,dev,0.294051,0.1,0.0,6.874811,0.065,0.056546
7a059e452dbd,Article 1,apps:18413/24,2024-08-31,2025-02-28,2025-06-26,0,4,37|5,1,0,4.854513643935127,dev,0.851214,0.1,0.0,4.854514,0.065,0.054622
7a059e452dbd,Article 1,apps:39466/17,2024-08-31,2025-02-28,2025-06-26,0,4,13|35|6,1,0,7.591143072788555,dev,0.470537,0.1,0.0,7.591143,0.065,0.057228
7a059e452dbd,Article 1,apps:21375/24,2024-08-31,2025-02-28,2025-06-26,0,4,13|39|6,1,0,5.9694437768834945,dev,0.866393,0.1,0.0,5.969444,0.065,0.055684
7a059e452dbd,Article 1,apps:25248/22,2024-08-31,2025-02-28,2025-06-26,0,4,13|3|39,1,0,4.779357132983142,dev,0.583575,0.1,0.0,4.779357,0.065,0.054551
7a059e452dbd,Article 1,apps:43307/22,2024-08-31,2025-02-28,2025-06-26,0,4,3|35|37,1,0,4.779357132983142,dev,0.944301,0.1,0.0,4.779357,0.065,0.054551
7a059e452dbd,Article 1,apps:10462/23,2024-08-31,2025-02-28,2025-06-26,0,4,39|6,1,0,7.9409716734957145,dev,0.071216,0.1,0.0,7.940972,0.065,0.057561
7a059e452dbd,Article 1,apps:43481/18,2024-08-31,2025-02-28,2025-06-26,0,4,3|37,1,0,24.255998790328473,dev,0.889426,0.1,0.0,24.255999,0.065,0.073097
7b2999efc3b7,Article 4 Protocol 4,apps:23956/24,2024-08-31,2025-02-28,2025-09-18,0,4,39|6,P4-4,0,1.2706820222537807,dev,0.500477,0.1,0.0,1.270682,0.065,0.05121
7b2999efc3b7,Article 4 Protocol 4,apps:15545/24,2024-08-31,2025-02-28,2025-09-18,0,4,39|6,P4-4,0,0.336251755992959,dev,0.867498,0.1,0.0,0.336252,0.065,0.05032
7b2999efc3b7,Article 4 Protocol 4,apps:21166/20,2024-08-31,2025-02-28,2025-09-18,0,4,37,P4-4,0,1.2535903111310926,dev,0.381669,0.1,0.0,1.25359,0.065,0.051194
7b2999efc3b7,Article 4 Protocol 4,apps:18493/21,2024-08-31,2025-02-28,2025-09-18,0,4,10|37,P4-4,0,0.8767307072774584,dev,0.298356,0.1,0.0,0.876731,0.065,0.050835
7b2999efc3b7,Article 4 Protocol 4,apps:56929/18,2024-08-31,2025-02-28,2025-09-18,0,4,6,P4-4,0,1.1839466957342784,dev,0.054062,0.1,0.0,1.183947,0.065,0.051127
7b2999efc3b7,Article 4 Protocol 4,apps:19274/20,2024-08-31,2025-02-28,2025-09-18,0,4,5,P4-4,0,1.9258138923691228,dev,0.85424,0.1,0.0,1.925814,0.065,0.051834
7b2999efc3b7,Article 4 Protocol 4,apps:78280/14,2024-08-31,2025-02-28,2025-09-18,0,4,8,P4-4,0,2.049289506361953,dev,0.137365,0.1,0.0,2.04929,0.065,0.051951
7b2999efc3b7,Article 4 Protocol 4,apps:47626/21,2024-08-31,2025-02-28,2025-09-18,0,3,2|41,P4-4,0,1.1839466957342784,dev,0.200297,0.3,0.0,1.183947,0.195,0.151127
7b2999efc3b7,Article 4 Protocol 4,apps:56795/11,2024-08-31,2025-02-28,2025-09-18,0,4,P1-1,P4-4,0,2.1475538490673687,dev,0.409192,0.1,0.0,2.147554,0.065,0.052045
7b2999efc3b7,Article 4 Protocol 4,apps:36436/22,2024-08-31,2025-02-28,2025-09-18,0,3,14|3|35|4|41|8,P4-4,0,1.8513283970486498,dev,0.569404,0.3,0.0,1.851328,0.195,0.151763
7b2999efc3b7,Article 4 Protocol 4,apps:31381/17,2024-08-31,2025-02-28,2025-09-18,0,4,P1-1,P4-4,0,1.0266239098733942,dev,0.906621,0.1,0.0,1.026624,0.065,0.050978
7b2999efc3b7,Article 4 Protocol 4,apps:44283/19,2024-08-31,2025-02-28,2025-09-18,0,4,3|5,P4-4,0,1.5875545687502794,dev,0.457571,0.1,0.0,1.587555,0.065,0.051512
7b2999efc3b7,Article 4 Protocol 4,apps:48636/19,2024-08-31,2025-02-28,2025-09-18,0,4,13|8,P4-4,0,1.0003801073520453,dev,0.316383,0.1,0.0,1.00038,0.065,0.050953
7b2999efc3b7,Article 4 Protocol 4,apps:29359/22,2024-08-31,2025-02-28,2025-09-18,0,3,14|41|P1-2,P4-4,0,0.4842102943676426,dev,0.715668,0.3,0.0,0.48421,0.195,0.150461
7b2999efc3b7,Article 4 Protocol 4,apps:60716/10,2024-08-31,2025-02-28,2025-09-18,0,4,6,P4-4,0,2.587924979310226,dev,0.778941,0.1,0.0,2.587925,0.065,0.052464
7b2999efc3b7,Article 4 Protocol 4,apps:78030/14,2024-08-31,2025-02-28,2025-09-18,0,4,8,P4-4,0,2.292255032061789,dev,0.487581,0.1,0.0,2.292255,0.065,0.052183
7b2999efc3b7,Article 4 Protocol 4,apps:40733/22,2024-08-31,2025-02-28,2025-09-18,0,1,3|34|41|8,P4-4,0,1.9258138923691228,dev,0.631033,1.0,0.0,1.925814,0.65,0.501834
7b2999efc3b7,Article 4 Protocol 4,apps:32543/18,2024-08-31,2025-02-28,2025-09-18,0,4,39|6,P4-4,0,1.0003801073520453,dev,0.176824,0.1,0.0,1.00038,0.065,0.050953
7b2999efc3b7,Article 4 Protocol 4,apps:35054/22,2024-08-31,2025-02-28,2025-09-18,0,4,37|6,P4-4,0,1.7376854271690136,dev,0.634499,0.1,0.0,1.737685,0.065,0.051655
7b2999efc3b7,Article 4 Protocol 4,apps:10691/24,2024-08-31,2025-02-28,2025-09-18,0,4,13|39|6,P4-4,0,1.2706820222537807,dev,0.004714,0.1,0.0,1.270682,0.065,0.05121
7b2999efc3b7,Article 4 Protocol 4,apps:10896/24,2024-08-31,2025-02-28,2025-09-18,0,4,13|39|6,P4-4,0,2.31994986498452,dev,0.273528,0.1,0.0,2.31995,0.065,0.052209
7b2999efc3b7,Article 4 Protocol 4,apps:16240/23,2024-08-31,2025-02-28,2025-09-18,0,4,35|6|P1-1,P4-4,0,1.2251362594651705,dev,0.761193,0.1,0.0,1.225136,0.065,0.051167
7b2999efc3b7,Article 4 Protocol 4,apps:53499/20,2024-08-31,2025-02-28,2025-09-18,0,4,39|8,P4-4,0,0.6006388451417977,dev,0.168606,0.1,0.0,0.600639,0.065,0.050572
7b2999efc3b7,Article 4 Protocol 4,apps:18413/24,2024-08-31,2025-02-28,2025-09-18,0,4,37|5,P4-4,0,0.6065536708946944,dev,0.764484,0.1,0.0,0.606554,0.065,0.050578
7b2999efc3b7,Article 4 Protocol 4,apps:39466/17,2024-08-31,2025-02-28,2025-09-18,0,4,13|35|6,P4-4,0,1.7577984027359739,dev,0.489577,0.1,0.0,1.757798,0.065,0.051674
7b2999efc3b7,Article 4 Protocol 4,apps:21375/24,2024-08-31,2025-02-28,2025-09-18,0,4,13|39|6,P4-4,0,1.7547455790140865,dev,0.763569,0.1,0.0,1.754746,0.065,0.051671
7b2999efc3b7,Article 4 Protocol 4,apps:25248/22,2024-08-31,2025-02-28,2025-09-18,0,4,13|3|39,P4-4,0,0.336251755992959,dev,0.088041,0.1,0.0,0.336252,0.065,0.05032
7b2999efc3b7,Article 4 Protocol 4,apps:43307/22,2024-08-31,2025-02-28,2025-09-18,0,4,3|35|37,P4-4,0,0.336251755992959,dev,0.61448,0.1,0.0,0.336252,0.065,0.05032
7b2999efc3b7,Article 4 Protocol 4,apps:10462/23,2024-08-31,2025-02-28,2025-09-18,0,4,39|6,P4-4,0,0.336251755992959,dev,0.633488,0.1,0.0,0.336252,0.065,0.05032
7b2999efc3b7,Article 4 Protocol 4,apps:43481/18,2024-08-31,2025-02-28,2025-09-18,0,4,3|37,P4-4,0,1.0003801073520453,dev,0.403393,0.1,0.0,1.00038,0.065,0.050953
8ad6b528df3f,Rights of the child,apps:23956/24,2024-08-31,2025-02-28,2025-06-01,0,4,39|6,,0,8.9084481530321,dev,0.965328,0.1,0.0,8.908448,0.065,0.058483
8ad6b528df3f,Rights of the child,apps:15545/24,2024-08-31,2025-02-28,2025-06-01,0,4,39|6,,0,8.07297726973288,dev,0.383316,0.1,0.0,8.072977,0.065,0.057687
8ad6b528df3f,Rights of the child,apps:21166/20,2024-08-31,2025-02-28,2025-06-01,0,4,37,,0,14.019608922548029,dev,0.037725,0.1,0.0,14.019609,0.065,0.06335
8ad6b528df3f,Rights of the child,apps:18493/21,2024-08-31,2025-02-28,2025-06-01,0,4,10|37,,0,6.036030661284922,dev,0.199414,0.1,0.0,6.036031,0.065,0.055748
8ad6b528df3f,Rights of the child,apps:56929/18,2024-08-31,2025-02-28,2025-06-01,0,4,6,,0,9.17352185300107,dev,0.373101,0.1,0.0,9.173522,0.065,0.058735
8ad6b528df3f,Rights of the child,apps:19274/20,2024-08-31,2025-02-28,2025-06-01,0,4,5,,0,5.887199273623336,dev,0.014077,0.1,0.0,5.887199,0.065,0.055606
8ad6b528df3f,Rights of the child,apps:78280/14,2024-08-31,2025-02-28,2025-06-01,0,4,8,,0,13.472307727966138,dev,0.322213,0.1,0.0,13.472308,0.065,0.062828
8ad6b528df3f,Rights of the child,apps:47626/21,2024-08-31,2025-02-28,2025-06-01,0,3,2|41,,0,10.893916861226412,dev,0.833229,0.3,0.0,10.893917,0.195,0.160373
8ad6b528df3f,Rights of the child,apps:56795/11,2024-08-31,2025-02-28,2025-06-01,0,4,P1-1,,0,9.87819021624502,dev,0.190577,0.1,0.0,9.87819,0.065,0.059406
8ad6b528df3f,Rights of the child,apps:36436/22,2024-08-31,2025-02-28,2025-06-01,0,3,14|3|35|4|41|8,,0,11.85680858185024,dev,0.676748,0.3,0.0,11.856809,0.195,0.16129
8ad6b528df3f,Rights of the child,apps:31381/17,2024-08-31,2025-02-28,2025-06-01,0,4,P1-1,,0,7.335693420913983,dev,0.626687,0.1,0.0,7.335693,0.065,0.056985
8ad6b528df3f,Rights of the child,apps:44283/19,2024-08-31,2025-02-28,2025-06-01,0,4,3|5,,0,11.153486274775481,dev,0.248823,0.1,0.0,11.153486,0.065,0.06062
8ad6b528df3f,Rights of the child,apps:48636/19,2024-08-31,2025-02-28,2025-06-01,0,4,13|8,,0,7.761219349704355,dev,0.693525,0.1,0.0,7.761219,0.065,0.05739
8ad6b528df3f,Rights of the child,apps:60716/10,2024-08-31,2025-02-28,2025-06-01,0,4,6,,0,8.013422423126983,dev,0.34435,0.1,0.0,8.013422,0.065,0.05763
8ad6b528df3f,Rights of the child,apps:78030/14,2024-08-31,2025-02-28,2025-06-01,0,4,8,,0,11.313164280484111,dev,0.128931,0.1,0.0,11.313164,0.065,0.060772
8ad6b528df3f,Rights of the child,apps:40733/22,2024-08-31,2025-02-28,2025-06-01,0,1,3|34|41|8,,0,6.963955389437188,dev,0.38355,1.0,0.0,6.963955,0.65,0.506631
8ad6b528df3f,Rights of the child,apps:32543/18,2024-08-31,2025-02-28,2025-06-01,0,4,39|6,,0,21.25369872498368,dev,0.588671,0.1,0.0,21.253699,0.065,0.070238
8ad6b528df3f,Rights of the child,apps:35054/22,2024-08-31,2025-02-28,2025-06-01,0,4,37|6,,0,5.4483137335291305,dev,0.16702,0.1,0.0,5.448314,0.065,0.055188
8ad6b528df3f,Rights of the child,apps:10691/24,2024-08-31,2025-02-28,2025-06-01,0,4,13|39|6,,0,8.9084481530321,dev,0.823844,0.1,0.0,8.908448,0.065,0.058483
8ad6b528df3f,Rights of the child,apps:10896/24,2024-08-31,2025-02-28,2025-06-01,0,4,13|39|6,,0,11.992026658910873,dev,0.298202,0.1,0.0,11.992027,0.065,0.061419
8ad6b528df3f,Rights of the child,apps:16240/23,2024-08-31,2025-02-28,2025-06-01,0,4,35|6|P1-1,,0,6.404399590775154,dev,0.290828,0.1,0.0,6.4044,0.065,0.056098
8ad6b528df3f,Rights of the child,apps:53499/20,2024-08-31,2025-02-28,2025-06-01,0,4,39|8,,0,4.9166883602523725,dev,0.727832,0.1,0.0,4.916688,0.065,0.054682
8ad6b528df3f,Rights of the child,apps:18413/24,2024-08-31,2025-02-28,2025-06-01,0,4,37|5,,0,5.379955567578892,dev,0.59637,0.1,0.0,5.379956,0.065,0.055123
8ad6b528df3f,Rights of the child,apps:39466/17,2024-08-31,2025-02-28,2025-06-01,0,4,13|35|6,,0,9.87819021624502,dev,0.337835,0.1,0.0,9.87819,0.065,0.059406
8ad6b528df3f,Rights of the child,apps:21375/24,2024-08-31,2025-02-28,2025-06-01,0,4,13|39|6,,0,8.710580982379728,dev,0.887974,0.1,0.0,8.710581,0.065,0.058294
8ad6b528df3f,Rights of the child,apps:25248/22,2024-08-31,2025-02-28,2025-06-01,0,4,13|3|39,,0,5.141697478956923,dev,0.995472,0.1,0.0,5.141697,0.065,0.054896
8ad6b528df3f,Rights of the child,apps:43307/22,2024-08-31,2025-02-28,2025-06-01,0,4,3|35|37,,0,5.141697478956923,dev,0.342733,0.1,0.0,5.141697,0.065,0.054896
8ad6b528df3f,Rights of the child,apps:10462/23,2024-08-31,2025-02-28,2025-06-01,0,4,39|6,,0,6.800417132150551,dev,0.901384,0.1,0.0,6.800417,0.065,0.056475
8ad6b528df3f,Rights of the child,apps:43481/18,2024-08-31,2025-02-28,2025-06-01,0,4,3|37,,0,19.780736191093673,dev,0.359251,0.1,0.0,19.780736,0.065,0.068835
8ad6b528df3f,Rights of the child,apps:20014/24,2024-08-31,2025-02-28,2025-06-01,0,4,39|6,,0,6.404399590775154,dev,0.188426,0.1,0.0,6.4044,0.065,0.056098
acdaf72cea98,Article 3,apps:23956/24,2024-08-31,2025-02-28,2025-06-22,0,4,39|6,3,0,0.7264798348753203,dev,0.948084,0.1,0.0,0.72648,0.065,0.050692
acdaf72cea98,Article 3,apps:15545/24,2024-08-31,2025-02-28,2025-06-22,0,4,39|6,3,0,0.25826769337796834,dev,0.918205,0.1,0.0,0.258268,0.065,0.050246
acdaf72cea98,Article 3,apps:21166/20,2024-08-31,2025-02-28,2025-06-22,0,4,37,3,0,1.3863447557906041,dev,0.403392,0.1,0.0,1.386345,0.065,0.05132
acdaf72cea98,Article 3,apps:18493/21,2024-08-31,2025-02-28,2025-06-22,0,4,10|37,3,0,0.9181326142932522,dev,0.228418,0.1,0.0,0.918133,0.065,0.050874
acdaf72cea98,Article 3,apps:56929/18,2024-08-31,2025-02-28,2025-06-22,0,4,6,3,0,0.7264798348753203,dev,0.727169,0.1,0.0,0.72648,0.065,0.050692
acdaf72cea98,Article 3,apps:19274/20,2024-08-31,2025-02-28,2025-06-22,0,4,5,3,0,0.25826769337796834,dev,0.131206,0.1,0.0,0.258268,0.065,0.050246
acdaf72cea98,Article 3,apps:78280/14,2024-08-31,2025-02-28,2025-06-22,0,4,8,3,0,2.7004116541154097,dev,0.734077,0.1,0.0,2.700412,0.065,0.052571
acdaf72cea98,Article 3,apps:47626/21,2024-08-31,2025-02-28,2025-06-22,0,3,2|41,3,0,0.7264798348753203,dev,0.589693,0.3,0.0,0.72648,0.195,0.150692
acdaf72cea98,Article 3,apps:56795/11,2024-08-31,2025-02-28,2025-06-22,0,4,P1-1,3,0,1.9091106881057647,dev,0.168985,0.1,0.0,1.909111,0.065,0.051818
acdaf72cea98,Article 3,apps:31381/17,2024-08-31,2025-02-28,2025-06-22,0,4,P1-1,3,0,1.1284192311907515,dev,0.366591,0.1,0.0,1.128419,0.065,0.051074
acdaf72cea98,Article 3,apps:44283/19,2024-08-31,2025-02-28,2025-06-22,0,4,3|5,3,1,0.38970373847232964,dev,0.65054,0.1,1.0,0.389704,0.415,0.050371
acdaf72cea98,Article 3,apps:48636/19,2024-08-31,2025-02-28,2025-06-22,0,4,13|8,3,0,0.7264798348753203,dev,0.037363,0.1,0.0,0.72648,0.065,0.050692
acdaf72cea98,Article 3,apps:29359/22,2024-08-31,2025-02-28,2025-06-22,0,3,14|41|P1-2,3,0,0.25826769337796834,dev,0.876544,0.3,0.0,0.258268,0.195,0.150246
acdaf72cea98,Article 3,apps:60716/10,2024-08-31,2025-02-28,2025-06-22,0,4,6,3,0,0.25826769337796834,dev,0.255789,0.1,0.0,0.258268,0.065,0.050246
acdaf72cea98,Article 3,apps:78030/14,2024-08-31,2025-02-28,2025-06-22,0,4,8,3,0,0.9367664517728196,dev,0.534733,0.1,0.0,0.936766,0.065,0.050892
acdaf72cea98,Article 3,apps:40733/22,2024-08-31,2025-02-28,2025-06-22,0,1,3|34|41|8,3,1,0.25826769337796834,dev,0.048587,1.0,1.0,0.258268,1.0,0.500246
acdaf72cea98,Article 3,apps:32543/18,2024-08-31,2025-02-28,2025-06-22,0,4,39|6,3,0,0.7264798348753203,dev,0.99468,0.1,0.0,0.72648,0.065,0.050692
acdaf72cea98,Article 3,apps:35054/22,2024-08-31,2025-02-28,2025-06-22,0,4,37|6,3,0,0.9181326142932522,dev,0.66197,0.1,0.0,0.918133,0.065,0.050874
acdaf72cea98,Article 3,apps:10691/24,2024-08-31,2025-02-28,2025-06-22,0,4,13|39|6,3,0,0.7264798348753203,dev,0.653568,0.1,0.0,0.72648,0.065,0.050692
acdaf72cea98,Article 3,apps:10896/24,2024-08-31,2025-02-28,2025-06-22,0,4,13|39|6,3,0,0.8579158799696818,dev,0.019742,0.1,0.0,0.857916,0.065,0.050817
acdaf72cea98,Article 3,apps:16240/23,2024-08-31,2025-02-28,2025-06-22,0,4,35|6|P1-1,3,0,0.5096904480960411,dev,0.68975,0.1,0.0,0.50969,0.065,0.050485
acdaf72cea98,Article 3,apps:53499/20,2024-08-31,2025-02-28,2025-06-22,0,4,39|8,3,0,0.25826769337796834,dev,0.416776,0.1,0.0,0.258268,0.065,0.050246
acdaf72cea98,Article 3,apps:18413/24,2024-08-31,2025-02-28,2025-06-22,0,4,37|5,3,0,0.25826769337796834,dev,0.380254,0.1,0.0,0.258268,0.065,0.050246
acdaf72cea98,Article 3,apps:39466/17,2024-08-31,2025-02-28,2025-06-22,0,4,13|35|6,3,0,2.5689756090210487,dev,0.547282,0.1,0.0,2.568976,0.065,0.052446
acdaf72cea98,Article 3,apps:21375/24,2024-08-31,2025-02-28,2025-06-22,0,4,13|39|6,3,0,1.7094335803028973,dev,0.474396,0.1,0.0,1.709434,0.065,0.051628
acdaf72cea98,Article 3,apps:25248/22,2024-08-31,2025-02-28,2025-06-22,0,4,13|3|39,3,1,0.25826769337796834,dev,0.153127,0.1,1.0,0.258268,0.415,0.050246
acdaf72cea98,Article 3,apps:43307/22,2024-08-31,2025-02-28,2025-06-22,0,4,3|35|37,3,1,0.25826769337796834,dev,0.695192,0.1,1.0,0.258268,0.415,0.050246
acdaf72cea98,Article 3,apps:10462/23,2024-08-31,2025-02-28,2025-06-22,0,4,39|6,3,0,0.25826769337796834,dev,0.630311,0.1,0.0,0.258268,0.065,0.050246
acdaf72cea98,Article 3,apps:43481/18,2024-08-31,2025-02-28,2025-06-22,0,4,3|37,3,1,0.9046926431884701,dev,0.301116,0.1,1.0,0.904693,0.415,0.050861
acdaf72cea98,Article 3,apps:20014/24,2024-08-31,2025-02-28,2025-06-22,0,4,39|6,3,0,0.5096904480960411,dev,0.661665,0.1,0.0,0.50969,0.065,0.050485
ed0ed05ac958,Article 46,apps:23956/24,2024-08-31,2025-02-28,2025-09-18,0,4,39|6,46,0,5.243426767962027,dev,0.662483,0.1,0.0,5.243427,0.065,0.054993
ed0ed05ac958,Article 46,apps:15545/24,2024-08-31,2025-02-28,2025-09-18,0,4,39|6,46,0,3.2331475350112497,dev,0.269977,0.1,0.0,3.233148,0.065,0.053079
ed0ed05ac958,Article 46,apps:21166/20,2024-08-31,2025-02-28,2025-09-18,0,4,37,46,0,10.824547179755625,dev,0.605634,0.1,0.0,10.824547,0.065,0.060307
ed0ed05ac958,Article 46,apps:18493/21,2024-08-31,2025-02-28,2025-09-18,0,4,10|37,46,0,4.395126272432644,dev,0.137164,0.1,0.0,4.395126,0.065,0.054185
ed0ed05ac958,Article 46,apps:56929/18,2024-08-31,2025-02-28,2025-09-18,0,4,6,46,0,7.030852012613551,dev,0.830653,0.1,0.0,7.030852,0.065,0.056695
ed0ed05ac958,Article 46,apps:19274/20,2024-08-31,2025-02-28,2025-09-18,0,4,5,46,0,4.084629581258352,dev,0.104914,0.1,0.0,4.08463,0.065,0.053889
ed0ed05ac958,Article 46,apps:78280/14,2024-08-31,2025-02-28,2025-09-18,0,4,8,46,0,10.862980604412995,dev,0.718766,0.1,0.0,10.862981,0.065,0.060344
ed0ed05ac958,Article 46,apps:47626/21,2024-08-31,2025-02-28,2025-09-18,0,3,2|41,46,0,6.785247517189467,dev,0.117735,0.3,0.0,6.785248,0.195,0.156461
ed0ed05ac958,Article 46,apps:56795/11,2024-08-31,2025-02-28,2025-09-18,0,4,P1-1,46,0,10.524037949626507,dev,0.114013,0.1,0.0,10.524038,0.065,0.060021
ed0ed05ac958,Article 46,apps:36436/22,2024-08-31,2025-02-28,2025-09-18,0,3,14|3|35|4|41|8,46,0,9.992226771320988,dev,0.106264,0.3,0.0,9.992227,0.195,0.159515
ed0ed05ac958,Article 46,apps:31381/17,2024-08-31,2025-02-28,2025-09-18,0,4,P1-1,46,0,2.738085708007469,dev,0.198647,0.1,0.0,2.738086,0.065,0.052607
ed0ed05ac958,Article 46,apps:44283/19,2024-08-31,2025-02-28,2025-09-18,0,4,3|5,46,0,7.291999319655564,dev,0.199749,0.1,0.0,7.291999,0.065,0.056943
ed0ed05ac958,Article 46,apps:48636/19,2024-08-31,2025-02-28,2025-09-18,0,4,13|8,46,0,5.9543925098658175,dev,0.262994,0.1,0.0,5.954393,0.065,0.05567
ed0ed05ac958,Article 46,apps:29359/22,2024-08-31,2025-02-28,2025-09-18,0,3,14|41|P1-2,46,0,3.885025643378941,dev,0.523146,0.3,0.0,3.885026,0.195,0.153699
ed0ed05ac958,Article 46,apps:60716/10,2024-08-31,2025-02-28,2025-09-18,0,4,6,46,0,4.656782351892294,dev,0.201673,0.1,0.0,4.656782,0.065,0.054434
ed0ed05ac958,Article 46,apps:78030/14,2024-08-31,2025-02-28,2025-09-18,0,4,8,46,0,7.846349448796634,dev,0.703437,0.1,0.0,7.846349,0.065,0.057471
ed0ed05ac958,Article 46,apps:40733/22,2024-08-31,2025-02-28,2025-09-18,0,1,3|34|41|8,46,0,3.992212910429554,dev,0.295351,1.0,0.0,3.992213,0.65,0.503801
ed0ed05ac958,Article 46,apps:32543/18,2024-08-31,2025-02-28,2025-09-18,0,4,39|6,46,0,19.874266764743542,dev,0.039406,0.1,0.0,19.874267,0.065,0.068924
ed0ed05ac958,Article 46,apps:35054/22,2024-08-31,2025-02-28,2025-09-18,0,4,37|6,46,0,6.573302250838761,dev,0.496355,0.1,0.0,6.573302,0.065,0.056259
ed0ed05ac958,Article 46,apps:10691/24,2024-08-31,2025-02-28,2025-09-18,0,4,13|39|6,46,0,5.243426767962027,dev,0.207694,0.1,0.0,5.243427,0.065,0.054993
ed0ed05ac958,Article 46,apps:10896/24,2024-08-31,2025-02-28,2025-09-18,0,4,13|39|6,46,0,8.101081476108527,dev,0.933124,0.1,0.0,8.101081,0.065,0.057714
ed0ed05ac958,Article 46,apps:16240/23,2024-08-31,2025-02-28,2025-09-18,0,4,35|6|P1-1,46,0,9.03663439070721,dev,0.330604,0.1,0.0,9.036634,0.065,0.058605
ed0ed05ac958,Article 46,apps:53499/20,2024-08-31,2025-02-28,2025-09-18,0,4,39|8,46,0,5.147125387385395,dev,0.002738,0.1,0.0,5.147125,0.065,0.054901
ed0ed05ac958,Article 46,apps:18413/24,2024-08-31,2025-02-28,2025-09-18,0,4,37|5,46,0,3.3730948794058917,dev,0.671633,0.1,0.0,3.373095,0.065,0.053212
ed0ed05ac958,Article 46,apps:39466/17,2024-08-31,2025-02-28,2025-09-18,0,4,13|35|6,46,0,9.628963986392472,dev,0.90688,0.1,0.0,9.628964,0.065,0.059169
ed0ed05ac958,Article 46,apps:21375/24,2024-08-31,2025-02-28,2025-09-18,0,4,13|39|6,46,0,9.060443953738407,dev,0.835232,0.1,0.0,9.060444,0.065,0.058627
ed0ed05ac958,Article 46,apps:25248/22,2024-08-31,2025-02-28,2025-09-18,0,4,13|3|39,46,0,3.6479296479835903,dev,0.669022,0.1,0.0,3.64793,0.065,0.053474
ed0ed05ac958,Article 46,apps:43307/22,2024-08-31,2025-02-28,2025-09-18,0,4,3|35|37,46,0,3.6479296479835903,dev,0.149144,0.1,0.0,3.64793,0.065,0.053474
ed0ed05ac958,Article 46,apps:10462/23,2024-08-31,2025-02-28,2025-09-18,0,4,39|6,46,0,4.273805881636432,dev,0.090083,0.1,0.0,4.273806,0.065,0.05407
ed0ed05ac958,Article 46,apps:43481/18,2024-08-31,2025-02-28,2025-09-18,0,4,3|37,46,0,13.495201088749104,dev,0.511705,0.1,0.0,13.495201,0.065,0.06285
0bd62693ae9f,Article 3 Protocol 1,apps:10416/24,2024-08-31,2025-08-31,2025-12-20,0,4,5,P1-3,0,2.3170542925500044,test,0.723564,0.1,0.0,2.317054,0.065,0.052206
0bd62693ae9f,Article 3 Protocol 1,apps:14875/23,2024-08-31,2025-08-31,2025-12-20,0,4,3,P1-3,0,4.399071498883535,test,0.10129,0.1,0.0,4.399071,0.065,0.054189
0bd62693ae9f,Article 3 Protocol 1,apps:278/15,2024-08-31,2025-08-31,2025-12-20,0,4,6,P1-3,0,2.7429686828413726,test,0.255892,0.1,0.0,2.742969,0.065,0.052612
0bd62693ae9f,Article 3 Protocol 1,apps:23095/24,2024-08-31,2025-08-31,2025-12-20,0,4,6,P1-3,0,6.304392519000182,test,0.23116,0.1,0.0,6.304393,0.065,0.056003
0bd62693ae9f,Article 3 Protocol 1,apps:56234/16,2024-08-31,2025-08-31,2025-12-20,0,4,6,P1-3,0,3.435731063425669,test,0.988666,0.1,0.0,3.435731,0.065,0.053272
0bd62693ae9f,Article 3 Protocol 1,apps:25321/24,2024-08-31,2025-08-31,2025-12-20,0,4,13|6,P1-3,0,4.285059782109,test,0.296022,0.1,0.0,4.28506,0.065,0.05408
0bd62693ae9f,Article 3 Protocol 1,apps:22971/19,2024-08-31,2025-08-31,2025-12-20,0,4,3,P1-3,0,7.280590054440069,test,0.464277,0.1,0.0,7.28059,0.065,0.056933
0bd62693ae9f,Article 3 Protocol 1,apps:587/24,2024-08-31,2025-08-31,2025-12-20,0,4,13|3|6,P1-3,0,4.285059782109,test,0.099809,0.1,0.0,4.28506,0.065,0.05408
0bd62693ae9f,Article 3 Protocol 1,apps:22973/23,2024-08-31,2025-08-31,2025-12-20,0,4,13|3|5,P1-3,0,5.624487238397907,test,0.174702,0.1,0.0,5.624487,0.065,0.055356
0bd62693ae9f,Article 3 Protocol 1,apps:21429/24,2024-08-31,2025-08-31,2025-12-20,0,4,13|6,P1-3,0,4.285059782109,test,0.039445,0.1,0.0,4.28506,0.065,0.05408
0bd62693ae9f,Article 3 Protocol 1,apps:4735/22,2024-08-31,2025-08-31,2025-12-20,0,4,13|6,P1-3,0,3.435731063425669,test,0.290567,0.1,0.0,3.435731,0.065,0.053272
0bd62693ae9f,Article 3 Protocol 1,apps:46115/20,2024-08-31,2025-08-31,2025-12-20,0,4,13|3|35,P1-3,0,2.8860517864838684,test,0.801596,0.1,0.0,2.886052,0.065,0.052748
0bd62693ae9f,Article 3 Protocol 1,apps:38336/21,2024-08-31,2025-08-31,2025-12-20,0,4,5,P1-3,0,4.677485660539384,test,0.312707,0.1,0.0,4.677486,0.065,0.054454
0bd62693ae9f,Article 3 Protocol 1,apps:17006/20,2024-08-31,2025-08-31,2025-12-20,0,3,14|3|8,P1-3,0,5.169241917600337,test,0.73854,0.3,0.0,5.169242,0.195,0.154922
0bd62693ae9f,Article 3 Protocol 1,apps:35777/15,2024-08-31,2025-08-31,2025-12-20,0,4,3,P1-3,0,4.016657719281223,test,0.094998,0.1,0.0,4.016658,0.065,0.053825
0bd62693ae9f,Article 3 Protocol 1,apps:37957/14,2024-08-31,2025-08-31,2025-12-20,0,3,34|41|P7-2,P1-3,0,2.2804195727943006,test,0.758204,0.3,0.0,2.28042,0.195,0.152171
0bd62693ae9f,Article 3 Protocol 1,apps:41192/22,2024-08-31,2025-08-31,2025-12-20,0,4,3,P1-3,0,6.941021433617671,test,0.045889,0.1,0.0,6.941021,0.065,0.056609
0bd62693ae9f,Article 3 Protocol 1,apps:33975/21,2024-08-31,2025-08-31,2025-12-20,0,4,3,P1-3,0,4.078873473035346,test,0.851999,0.1,0.0,4.078873,0.065,0.053884
0bd62693ae9f,Article 3 Protocol 1,apps:84056/17,2024-08-31,2025-08-31,2025-12-20,0,3,41|6,P1-3,0,3.9357638085100284,test,0.663355,0.3,0.0,3.935764,0.195,0.153748
0bd62693ae9f,Article 3 Protocol 1,apps:59813/19,2024-08-31,2025-08-31,2025-12-20,0,3,14|3|41|8,P1-3,0,4.431790463941568,test,0.170512,0.3,0.0,4.43179,0.195,0.15422
0bd62693ae9f,Article 3 Protocol 1,apps:3524/22,2024-08-31,2025-08-31,2025-12-20,0,4,2,P1-3,0,5.849434095441172,test,0.357527,0.1,0.0,5.849434,0.065,0.05557
0bd62693ae9f,Article 3 Protocol 1,apps:46913/20,2024-08-31,2025-08-31,2025-12-20,0,4,P1-1,P1-3,0,8.105356080399572,test,0.437715,0.1,0.0,8.105356,0.065,0.057718
0bd62693ae9f,Article 3 Protocol 1,apps:15816/20,2024-08-31,2025-08-31,2025-12-20,0,4,9,P1-3,0,3.603093624544381,test,0.621807,0.1,0.0,3.603094,0.065,0.053431
0bd62693ae9f,Article 3 Protocol 1,apps:34012/20,2024-08-31,2025-08-31,2025-12-20,0,3,13|34|35|41|6,P1-3,0,3.1604812394890422,test,0.878476,0.3,0.0,3.160481,0.195,0.153009
0bd62693ae9f,Article 3 Protocol 1,apps:24338/21,2024-08-31,2025-08-31,2025-12-20,0,4,35|P1-1,P1-3,0,3.473152876265144,test,0.092951,0.1,0.0,3.473153,0.065,0.053307
0bd62693ae9f,Article 3 Protocol 1,apps:8761/23,2024-08-31,2025-08-31,2025-12-20,0,4,10|13|35|6,P1-3,0,3.2725942249050415,test,0.814964,0.1,0.0,3.272594,0.065,0.053116
0bd62693ae9f,Article 3 Protocol 1,apps:13375/18,2024-08-31,2025-08-31,2025-12-20,0,3,35|41|5,P1-3,0,3.7076852498279305,test,0.182869,0.3,0.0,3.707685,0.195,0.15353
0bd62693ae9f,Article 3 Protocol 1,apps:42975/19,2024-08-31,2025-08-31,2025-12-20,0,3,5,P1-3,0,2.123746891925436,test,0.400778,0.3,0.0,2.123747,0.195,0.152022
0bd62693ae9f,Article 3 Protocol 1,apps:31687/15,2024-08-31,2025-08-31,2025-12-20,0,4,13|6,P1-3,0,2.148273168262286,test,0.96231,0.1,0.0,2.148273,0.065,0.052046
0bd62693ae9f,Article 3 Protocol 1,apps:1595/20,2024-08-31,2025-08-31,2025-12-20,0,4,15|6|7,P1-3,0,76.99219835968313,test,0.271833,0.1,0.0,76.992198,0.065,0.123312
684d373b17e9,Article 11,apps:10416/24,2024-08-31,2025-08-31,2025-12-10,0,4,5,11,0,5.899891094975024,test,0.385715,0.1,0.0,5.899891,0.065,0.055618
684d373b17e9,Article 11,apps:14875/23,2024-08-31,2025-08-31,2025-12-10,0,4,3,11,0,5.345311968673423,test,0.850672,0.1,0.0,5.345312,0.065,0.05509
684d373b17e9,Article 11,apps:278/15,2024-08-31,2025-08-31,2025-12-10,0,4,6,11,0,5.829717464699035,test,0.799899,0.1,0.0,5.829717,0.065,0.055551
684d373b17e9,Article 11,apps:23095/24,2024-08-31,2025-08-31,2025-12-10,0,4,6,11,0,8.442910850243944,test,0.648846,0.1,0.0,8.442911,0.065,0.058039
684d373b17e9,Article 11,apps:56234/16,2024-08-31,2025-08-31,2025-12-10,0,4,6,11,0,7.516108923618502,test,0.79691,0.1,0.0,7.516109,0.065,0.057157
684d373b17e9,Article 11,apps:25321/24,2024-08-31,2025-08-31,2025-12-10,0,4,13|6,11,0,12.344617482017192,test,0.113057,0.1,0.0,12.344617,0.065,0.061755
684d373b17e9,Article 11,apps:22971/19,2024-08-31,2025-08-31,2025-12-10,0,4,3,11,0,54.41721921543168,test,0.69617,0.1,0.0,54.417219,0.065,0.101816
684d373b17e9,Article 11,apps:587/24,2024-08-31,2025-08-31,2025-12-10,0,4,13|3|6,11,0,16.24632411379044,test,0.058646,0.1,0.0,16.246324,0.065,0.06547
684d373b17e9,Article 11,apps:22973/23,2024-08-31,2025-08-31,2025-12-10,0,4,13|3|5,11,0,16.24632411379044,test,0.942467,0.1,0.0,16.246324,0.065,0.06547
684d373b17e9,Article 11,apps:21429/24,2024-08-31,2025-08-31,2025-12-10,0,4,13|6,11,0,16.24632411379044,test,0.159395,0.1,0.0,16.246324,0.065,0.06547
684d373b17e9,Article 11,apps:4735/22,2024-08-31,2025-08-31,2025-12-10,0,4,13|6,11,0,5.331964826267474,test,0.416028,0.1,0.0,5.331965,0.065,0.055077
684d373b17e9,Article 11,apps:46115/20,2024-08-31,2025-08-31,2025-12-10,0,4,13|3|35,11,0,3.1225429463162873,test,0.59075,0.1,0.0,3.122543,0.065,0.052973
684d373b17e9,Article 11,apps:38336/21,2024-08-31,2025-08-31,2025-12-10,0,4,5,11,0,5.755683857024698,test,0.802265,0.1,0.0,5.755684,0.065,0.055481
684d373b17e9,Article 11,apps:17006/20,2024-08-31,2025-08-31,2025-12-10,0,3,14|3|8,11,0,7.012888293502112,test,0.678393,0.3,0.0,7.012888,0.195,0.156678
684d373b17e9,Article 11,apps:35777/15,2024-08-31,2025-08-31,2025-12-10,0,4,3,11,0,5.024437549769979,test,0.181261,0.1,0.0,5.024438,0.065,0.054784
684d373b17e9,Article 11,apps:37957/14,2024-08-31,2025-08-31,2025-12-10,0,3,34|41|P7-2,11,0,7.756342810070623,test,0.379751,0.3,0.0,7.756343,0.195,0.157386
684d373b17e9,Article 11,apps:41192/22,2024-08-31,2025-08-31,2025-12-10,0,4,3,11,0,7.93533974900952,test,0.358599,0.1,0.0,7.93534,0.065,0.057556
684d373b17e9,Article 11,apps:33975/21,2024-08-31,2025-08-31,2025-12-10,0,4,3,11,0,5.896662105921464,test,0.028816,0.1,0.0,5.896662,0.065,0.055615
684d373b17e9,Article 11,apps:84056/17,2024-08-31,2025-08-31,2025-12-10,0,3,41|6,11,0,7.480304640186539,test,0.684464,0.3,0.0,7.480305,0.195,0.157123
684d373b17e9,Article 11,apps:59813/19,2024-08-31,2025-08-31,2025-12-10,0,3,14|3|41|8,11,0,7.012888293502112,test,0.838536,0.3,0.0,7.012888,0.195,0.156678
684d373b17e9,Article 11,apps:3524/22,2024-08-31,2025-08-31,2025-12-10,0,4,2,11,0,9.807335280745713,test,0.973445,0.1,0.0,9.807335,0.065,0.059339
684d373b17e9,Article 11,apps:46913/20,2024-08-31,2025-08-31,2025-12-10,0,4,P1-1,11,0,6.581150034502507,test,0.130655,0.1,0.0,6.58115,0.065,0.056267
684d373b17e9,Article 11,apps:15816/20,2024-08-31,2025-08-31,2025-12-10,0,4,9,11,0,2.7257208460232825,test,0.920398,0.1,0.0,2.725721,0.065,0.052595
684d373b17e9,Article 11,apps:34012/20,2024-08-31,2025-08-31,2025-12-10,0,3,13|34|35|41|6,11,0,4.164682442294626,test,0.112937,0.3,0.0,4.164682,0.195,0.153966
684d373b17e9,Article 11,apps:24338/21,2024-08-31,2025-08-31,2025-12-10,0,4,35|P1-1,11,0,5.755683857024698,test,0.411284,0.1,0.0,5.755684,0.065,0.055481
684d373b17e9,Article 11,apps:8761/23,2024-08-31,2025-08-31,2025-12-10,0,4,10|13|35|6,11,0,6.0137755263464685,test,0.045972,0.1,0.0,6.013776,0.065,0.055726
684d373b17e9,Article 11,apps:13375/18,2024-08-31,2025-08-31,2025-12-10,0,3,35|41|5,11,0,5.3386384398005555,test,0.261613,0.3,0.0,5.338638,0.195,0.155083
684d373b17e9,Article 11,apps:42975/19,2024-08-31,2025-08-31,2025-12-10,0,3,5,11,0,5.250588979622545,test,0.314238,0.3,0.0,5.250589,0.195,0.155
684d373b17e9,Article 11,apps:31687/15,2024-08-31,2025-08-31,2025-12-10,0,4,13|6,11,0,5.024437549769979,test,0.704568,0.1,0.0,5.024438,0.065,0.054784
684d373b17e9,Article 11,apps:15653/22,2024-08-31,2025-08-31,2025-12-10,0,1,10|2|3|34|4|8|P1-1|P1-3,11,0,8.839364508493823,test,0.677929,1.0,0.0,8.839365,0.65,0.508417
e751e8063f8b,Environment,apps:9915/19,2024-08-31,2025-09-17,2025-12-12,0,4,3,,0,3.285741172412876,test,0.767529,0.1,0.0,3.285741,0.065,0.053129
e751e8063f8b,Environment,apps:33988/21,2024-08-31,2025-09-17,2025-12-12,0,4,P1-1,,0,1.2682866073331345,test,0.576649,0.1,0.0,1.268287,0.065,0.051208
e751e8063f8b,Environment,apps:46890/21,2024-08-31,2025-09-17,2025-12-12,0,4,9,,0,3.285741172412876,test,0.565012,0.1,0.0,3.285741,0.065,0.053129
e751e8063f8b,Environment,apps:31722/22,2024-08-31,2025-09-17,2025-12-12,0,3,6,,0,0.987918185984771,test,0.977896,0.3,0.0,0.987918,0.195,0.150941
e751e8063f8b,Environment,apps:23420/22,2024-08-31,2025-09-17,2025-12-12,0,4,35|6,,0,4.570323298692195,test,0.669844,0.1,0.0,4.570323,0.065,0.054352
e751e8063f8b,Environment,apps:40492/20,2024-08-31,2025-09-17,2025-12-12,0,4,35|6,,0,2.310858461601799,test,0.338301,0.1,0.0,2.310858,0.065,0.0522
e751e8063f8b,Environment,apps:15118/22,2024-08-31,2025-09-17,2025-12-12,0,4,35|6,,0,0.987918185984771,test,0.523103,0.1,0.0,0.987918,0.065,0.050941
e751e8063f8b,Environment,apps:57978/14,2024-08-31,2025-09-17,2025-12-12,0,4,14|35|P1-1,,0,3.6985271599347205,test,0.70058,0.1,0.0,3.698527,0.065,0.053522
e751e8063f8b,Environment,apps:34288/19,2024-08-31,2025-09-17,2025-12-12,0,4,35|8,,0,2.310858461601799,test,0.095242,0.1,0.0,2.310858,0.065,0.0522
e751e8063f8b,Environment,apps:21670/24,2024-08-31,2025-09-17,2025-12-12,0,4,35|7,,0,1.8700589922468507,test,0.661713,0.1,0.0,1.870059,0.065,0.051781
e751e8063f8b,Environment,apps:23705/15,2024-08-31,2025-09-17,2025-12-12,0,4,6,,0,2.9442340810226892,test,0.248577,0.1,0.0,2.944234,0.065,0.052804
e751e8063f8b,Environment,apps:28473/22,2024-08-31,2025-09-17,2025-12-12,0,3,8,,0,4.087563769169261,test,0.345749,0.3,0.0,4.087564,0.195,0.153892
e751e8063f8b,Environment,apps:14335/18,2024-08-31,2025-09-17,2025-12-12,0,4,5|6,,0,0.987918185984771,test,0.676296,0.1,0.0,0.987918,0.065,0.050941
e751e8063f8b,Environment,apps:7210/15,2024-08-31,2025-09-17,2025-12-12,0,4,6,,0,0.987918185984771,test,0.384877,0.1,0.0,0.987918,0.065,0.050941
e751e8063f8b,Environment,apps:33944/13,2024-08-31,2025-09-17,2025-12-12,0,4,2,,0,0.987918185984771,test,0.839033,0.1,0.0,0.987918,0.065,0.050941
e751e8063f8b,Environment,apps:37185/18,2024-08-31,2025-09-17,2025-12-12,0,4,6,,0,1.8700589922468507,test,0.558344,0.1,0.0,1.870059,0.065,0.051781
e751e8063f8b,Environment,apps:21217/17,2024-08-31,2025-09-17,2025-12-12,0,4,10,,0,0.987918185984771,test,0.987792,0.1,0.0,0.987918,0.065,0.050941
e751e8063f8b,Environment,apps:8010/05,2024-08-31,2025-09-17,2025-12-12,0,4,6,,0,1.9840602869838364,test,0.054566,0.1,0.0,1.98406,0.065,0.051889
e751e8063f8b,Environment,apps:15440/22,2024-08-31,2025-09-17,2025-12-12,0,3,35|6,,0,1.980673099985507,test,0.643399,0.3,0.0,1.980673,0.195,0.151886
e751e8063f8b,Environment,apps:26519/16,2024-08-31,2025-09-17,2025-12-12,0,3,13|41|6|8,,0,0.987918185984771,test,0.156927,0.3,0.0,0.987918,0.195,0.150941
e751e8063f8b,Environment,apps:32985/18,2024-08-31,2025-09-17,2025-12-12,0,4,2|35,,0,5.305958621585782,test,0.848846,0.1,0.0,5.305959,0.065,0.055052
e751e8063f8b,Environment,apps:11843/16,2024-08-31,2025-09-17,2025-12-12,0,4,13|35|6|P1-1,,0,0.987918185984771,test,0.851871,0.1,0.0,0.987918,0.065,0.050941
e751e8063f8b,Environment,apps:51547/22,2024-08-31,2025-09-17,2025-12-12,0,4,35|8,,0,2.9442340810226892,test,0.869416,0.1,0.0,2.944234,0.065,0.052804
e751e8063f8b,Environment,apps:18789/21,2024-08-31,2025-09-17,2025-12-12,0,4,37|6,,0,0.987918185984771,test,0.074865,0.1,0.0,0.987918,0.065,0.050941
e751e8063f8b,Environment,apps:31652/21,2024-08-31,2025-09-17,2025-12-12,0,4,13|14|35|8,,0,3.736694828880099,test,0.491648,0.1,0.0,3.736695,0.065,0.053558
e751e8063f8b,Environment,apps:9047/14,2024-08-31,2025-09-17,2025-12-12,0,4,35|6,,0,3.6985271599347205,test,0.240892,0.1,0.0,3.698527,0.065,0.053522
e751e8063f8b,Environment,apps:42887/14,2024-08-31,2025-09-17,2025-12-12,0,4,35|6,,0,1.9731667552692729,test,0.970145,0.1,0.0,1.973167,0.065,0.051879
e751e8063f8b,Environment,apps:8284/22,2024-08-31,2025-09-17,2025-12-12,0,4,3|35,,0,3.0882014275735257,test,0.050351,0.1,0.0,3.088201,0.065,0.052941
e751e8063f8b,Environment,apps:45513/21,2024-08-31,2025-09-17,2025-12-12,0,4,35|8,,0,1.6634996389512189,test,0.222707,0.1,0.0,1.6635,0.065,0.051584
e751e8063f8b,Environment,apps:24729/17,2024-08-31,2025-09-17,2025-12-12,0,3,14|41|8,,0,6.66297229501248,test,0.643317,0.3,0.0,6.662972,0.195,0.156345
154b01c3289a,Article 34/35,apps:10416/24,2025-02-28,2025-08-31,2025-12-02,0,4,5,34|35,0,6.2383949408081065,test,0.403277,0.1,0.0,6.238395,0.065,0.05594
154b01c3289a,Article 34/35,apps:14875/23,2025-02-28,2025-08-31,2025-12-02,0,4,3,34|35,0,6.7949453481975555,test,0.235,0.1,0.0,6.794945,0.065,0.05647
154b01c3289a,Article 34/35,apps:278/15,2025-02-28,2025-08-31,2025-12-02,0,4,6,34|35,0,8.25053759713589,test,0.459095,0.1,0.0,8.250538,0.065,0.057856
154b01c3289a,Article 34/35,apps:23095/24,2025-02-28,2025-08-31,2025-12-02,0,4,6,34|35,0,8.916427668000075,test,0.801261,0.1,0.0,8.916428,0.065,0.05849
154b01c3289a,Article 34/35,apps:56234/16,2025-02-28,2025-08-31,2025-12-02,0,4,6,34|35,0,10.213373624129746,test,0.448099,0.1,0.0,10.213374,0.065,0.059725
154b01c3289a,Article 34/35,apps:25321/24,2025-02-28,2025-08-31,2025-12-02,0,4,13|6,34|35,0,13.090801388854851,test,0.856589,0.1,0.0,13.090801,0.065,0.062465
154b01c3289a,Article 34/35,apps:22971/19,2025-02-28,2025-08-31,2025-12-02,0,4,3,34|35,0,53.58405944656006,test,0.447068,0.1,0.0,53.584059,0.065,0.101023
154b01c3289a,Article 34/35,apps:587/24,2025-02-28,2025-08-31,2025-12-02,0,4,13|3|6,34|35,0,16.055298256524328,test,0.118707,0.1,0.0,16.055298,0.065,0.065288
154b01c3289a,Article 34/35,apps:22973/23,2025-02-28,2025-08-31,2025-12-02,0,4,13|3|5,34|35,0,18.33238972298116,test,0.497373,0.1,0.0,18.33239,0.065,0.067456
154b01c3289a,Article 34/35,apps:21429/24,2025-02-28,2025-08-31,2025-12-02,0,4,13|6,34|35,0,16.055298256524328,test,0.653373,0.1,0.0,16.055298,0.065,0.065288
154b01c3289a,Article 34/35,apps:4735/22,2025-02-28,2025-08-31,2025-12-02,0,4,13|6,34|35,0,11.797271981513,test,0.102643,0.1,0.0,11.797272,0.065,0.061233
154b01c3289a,Article 34/35,apps:46115/20,2025-02-28,2025-08-31,2025-12-02,0,4,13|3|35,34|35,1,6.842568537126914,test,0.412339,0.1,1.0,6.842569,0.415,0.056516
154b01c3289a,Article 34/35,apps:38336/21,2025-02-28,2025-08-31,2025-12-02,0,4,5,34|35,0,6.1472233086528885,test,0.557131,0.1,0.0,6.147223,0.065,0.055853
154b01c3289a,Article 34/35,apps:17006/20,2025-02-28,2025-08-31,2025-12-02,0,3,14|3|8,34|35,0,8.218092728521977,test,0.00017,0.3,0.0,8.218093,0.195,0.157825
154b01c3289a,Article 34/35,apps:35777/15,2025-02-28,2025-08-31,2025-12-02,0,4,3,34|35,0,6.643324353972547,test,0.090896,0.1,0.0,6.643324,0.065,0.056326
154b01c3289a,Article 34/35,apps:37957/14,2025-02-28,2025-08-31,2025-12-02,0,3,34|41|P7-2,34|35,1,6.060021896539848,test,0.604203,0.3,1.0,6.060022,0.545,0.15577
154b01c3289a,Article 34/35,apps:41192/22,2025-02-28,2025-08-31,2025-12-02,0,4,3,34|35,0,10.50283779742982,test,0.619066,0.1,0.0,10.502838,0.065,0.060001
154b01c3289a,Article 34/35,apps:33975/21,2025-02-28,2025-08-31,2025-12-02,0,4,3,34|35,0,7.707393452267507,test,0.304598,0.1,0.0,7.707393,0.065,0.057339
154b01c3289a,Article 34/35,apps:84056/17,2025-02-28,2025-08-31,2025-12-02,0,3,41|6,34|35,0,10.66879498498073,test,0.508338,0.3,0.0,10.668795,0.195,0.160159
154b01c3289a,Article 34/35,apps:59813/19,2025-02-28,2025-08-31,2025-12-02,0,3,14|3|41|8,34|35,0,8.541913235941687,test,0.206851,0.3,0.0,8.541913,0.195,0.158134
154b01c3289a,Article 34/35,apps:3524/22,2025-02-28,2025-08-31,2025-12-02,0,4,2,34|35,0,9.128549798060265,test,0.671474,0.1,0.0,9.12855,0.065,0.058692
154b01c3289a,Article 34/35,apps:46913/20,2025-02-28,2025-08-31,2025-12-02,0,4,P1-1,34|35,0,16.10412762408393,test,0.950355,0.1,0.0,16.104128,0.065,0.065334
154b01c3289a,Article 34/35,apps:15816/20,2025-02-28,2025-08-31,2025-12-02,0,4,9,34|35,0,7.170055183715925,test,0.363342,0.1,0.0,7.170055,0.065,0.056827
154b01c3289a,Article 34/35,apps:34012/20,2025-02-28,2025-08-31,2025-12-02,0,3,13|34|35|41|6,34|35,1,5.896047339129511,test,0.054275,0.3,1.0,5.896047,0.545,0.155614
154b01c3289a,Article 34/35,apps:24338/21,2025-02-28,2025-08-31,2025-12-02,0,4,35|P1-1,34|35,1,4.8829962771566,test,0.222918,0.1,1.0,4.882996,0.415,0.05465
154b01c3289a,Article 34/35,apps:8761/23,2025-02-28,2025-08-31,2025-12-02,0,4,10|13|35|6,34|35,1,5.58233019790841,test,0.45446,0.1,1.0,5.58233,0.415,0.055316
154b01c3289a,Article 34/35,apps:13375/18,2025-02-28,2025-08-31,2025-12-02,0,3,35|41|5,34|35,1,4.951591743459547,test,0.560151,0.3,1.0,4.951592,0.545,0.154715
154b01c3289a,Article 34/35,apps:42975/19,2025-02-28,2025-08-31,2025-12-02,0,3,5,34|35,0,5.6404679723525,test,0.619758,0.3,0.0,5.640468,0.195,0.155371
154b01c3289a,Article 34/35,apps:31687/15,2025-02-28,2025-08-31,2025-12-02,0,4,13|6,34|35,0,8.915282801255117,test,0.473134,0.1,0.0,8.915283,0.065,0.058489
154b01c3289a,Article 34/35,apps:15653/22,2025-02-28,2025-08-31,2025-12-02,0,1,10|2|3|34|4|8|P1-1|P1-3,34|35,1,10.703801043489587,test,0.657167,1.0,1.0,10.703801,1.0,0.510192
1b1f8de345be,Article 1 Protocol 1,apps:10416/24,2025-02-28,2025-08-31,2026-01-04,0,4,5,P1-1,0,4.606531365962299,test,0.715914,0.1,0.0,4.606531,0.065,0.054386
1b1f8de345be,Article 1 Protocol 1,apps:14875/23,2025-02-28,2025-08-31,2026-01-04,0,4,3,P1-1,0,5.512202937124194,test,0.114023,0.1,0.0,5.512203,0.065,0.055249
1b1f8de345be,Article 1 Protocol 1,apps:278/15,2025-02-28,2025-08-31,2026-01-04,0,4,6,P1-1,0,6.317063404064017,test,0.75932,0.1,0.0,6.317063,0.065,0.056015
1b1f8de345be,Article 1 Protocol 1,apps:23095/24,2025-02-28,2025-08-31,2026-01-04,0,4,6,P1-1,0,8.865348943582195,test,0.221747,0.1,0.0,8.865349,0.065,0.058442
1b1f8de345be,Article 1 Protocol 1,apps:56234/16,2025-02-28,2025-08-31,2026-01-04,0,4,6,P1-1,0,6.676322902145145,test,0.341357,0.1,0.0,6.676323,0.065,0.056357
1b1f8de345be,Article 1 Protocol 1,apps:25321/24,2025-02-28,2025-08-31,2026-01-04,0,4,13|6,P1-1,0,10.411079324311011,test,0.829884,0.1,0.0,10.411079,0.065,0.059913
1b1f8de345be,Article 1 Protocol 1,apps:22971/19,2025-02-28,2025-08-31,2026-01-04,0,4,3,P1-1,0,42.549926295717476,test,0.964434,0.1,0.0,42.549926,0.065,0.090516
1b1f8de345be,Article 1 Protocol 1,apps:587/24,2025-02-28,2025-08-31,2026-01-04,0,4,13|3|6,P1-1,0,13.019761227943212,test,0.291984,0.1,0.0,13.019761,0.065,0.062397
1b1f8de345be,Article 1 Protocol 1,apps:22973/23,2025-02-28,2025-08-31,2026-01-04,0,4,13|3|5,P1-1,0,14.541065236358628,test,0.521985,0.1,0.0,14.541065,0.065,0.063846
1b1f8de345be,Article 1 Protocol 1,apps:21429/24,2025-02-28,2025-08-31,2026-01-04,0,4,13|6,P1-1,0,13.019761227943212,test,0.702096,0.1,0.0,13.019761,0.065,0.062397
1b1f8de345be,Article 1 Protocol 1,apps:4735/22,2025-02-28,2025-08-31,2026-01-04,0,4,13|6,P1-1,0,10.254870510014463,test,0.045778,0.1,0.0,10.254871,0.065,0.059765
1b1f8de345be,Article 1 Protocol 1,apps:46115/20,2025-02-28,2025-08-31,2026-01-04,0,4,13|3|35,P1-1,0,6.2263505836266,test,0.164155,0.1,0.0,6.226351,0.065,0.055929
1b1f8de345be,Article 1 Protocol 1,apps:38336/21,2025-02-28,2025-08-31,2026-01-04,0,4,5,P1-1,0,5.041580151641472,test,0.140449,0.1,0.0,5.04158,0.065,0.054801
1b1f8de345be,Article 1 Protocol 1,apps:17006/20,2025-02-28,2025-08-31,2026-01-04,0,3,14|3|8,P1-1,0,8.882635230612006,test,0.716856,0.3,0.0,8.882635,0.195,0.158458
1b1f8de345be,Article 1 Protocol 1,apps:35777/15,2025-02-28,2025-08-31,2026-01-04,0,4,3,P1-1,0,3.99275387429783,test,0.721559,0.1,0.0,3.992754,0.065,0.053802
1b1f8de345be,Article 1 Protocol 1,apps:37957/14,2025-02-28,2025-08-31,2026-01-04,0,3,34|41|P7-2,P1-1,0,4.849574017950507,test,0.106962,0.3,0.0,4.849574,0.195,0.154618
1b1f8de345be,Article 1 Protocol 1,apps:41192/22,2025-02-28,2025-08-31,2026-01-04,0,4,3,P1-1,0,7.7747297856476365,test,0.610852,0.1,0.0,7.77473,0.065,0.057403
1b1f8de345be,Article 1 Protocol 1,apps:33975/21,2025-02-28,2025-08-31,2026-01-04,0,4,3,P1-1,0,6.682958072098097,test,0.187543,0.1,0.0,6.682958,0.065,0.056364
1b1f8de345be,Article 1 Protocol 1,apps:84056/17,2025-02-28,2025-08-31,2026-01-04,0,3,41|6,P1-1,0,6.736899401659453,test,0.930216,0.3,0.0,6.736899,0.195,0.156415
1b1f8de345be,Article 1 Protocol 1,apps:59813/19,2025-02-28,2025-08-31,2026-01-04,0,3,14|3|41|8,P1-1,0,8.642556189842328,test,0.392896,0.3,0.0,8.642556,0.195,0.158229
1b1f8de345be,Article 1 Protocol 1,apps:3524/22,2025-02-28,2025-08-31,2026-01-04,0,4,2,P1-1,0,9.67731560577414,test,0.457046,0.1,0.0,9.677316,0.065,0.059215
1b1f8de345be,Article 1 Protocol 1,apps:46913/20,2025-02-28,2025-08-31,2026-01-04,0,4,P1-1,P1-1,1,19.06069571910552,test,0.78142,0.1,1.0,19.060696,0.415,0.06815
1b1f8de345be,Article 1 Protocol 1,apps:15816/20,2025-02-28,2025-08-31,2026-01-04,0,4,9,P1-1,0,6.2263505836266,test,0.716788,0.1,0.0,6.226351,0.065,0.055929
1b1f8de345be,Article 1 Protocol 1,apps:34012/20,2025-02-28,2025-08-31,2026-01-04,0,3,13|34|35|41|6,P1-1,0,6.2263505836266,test,0.107766,0.3,0.0,6.226351,0.195,0.155929
1b1f8de345be,Article 1 Protocol 1,apps:24338/21,2025-02-28,2025-08-31,2026-01-04,0,4,35|P1-1,P1-1,1,4.21665154881516,test,0.41447,0.1,1.0,4.216652,0.415,0.054015
1b1f8de345be,Article 1 Protocol 1,apps:8761/23,2025-02-28,2025-08-31,2026-01-04,0,4,10|13|35|6,P1-1,0,3.99459567358711,test,0.926627,0.1,0.0,3.994596,0.065,0.053804
1b1f8de345be,Article 1 Protocol 1,apps:13375/18,2025-02-28,2025-08-31,2026-01-04,0,3,35|41|5,P1-1,0,3.094208710911106,test,0.837466,0.3,0.0,3.094209,0.195,0.152946
1b1f8de345be,Article 1 Protocol 1,apps:42975/19,2025-02-28,2025-08-31,2026-01-04,0,3,5,P1-1,0,4.548362035557884,test,0.588811,0.3,0.0,4.548362,0.195,0.154331
1b1f8de345be,Article 1 Protocol 1,apps:31687/15,2025-02-28,2025-08-31,2026-01-04,0,4,13|6,P1-1,0,6.810555344579802,test,0.772145,0.1,0.0,6.810555,0.065,0.056485
1b1f8de345be,Article 1 Protocol 1,apps:15653/22,2025-02-28,2025-08-31,2026-01-04,0,1,10|2|3|34|4|8|P1-1|P1-3,P1-1,1,11.308003642729158,test,0.450505,1.0,1.0,11.308004,1.0,0.510768
2fbc08fc30bd,Article 9,apps:10416/24,2025-02-28,2025-08-31,2025-11-22,0,4,5,9,0,3.847428209848991,test,0.658457,0.1,0.0,3.847428,0.065,0.053664
2fbc08fc30bd,Article 9,apps:14875/23,2025-02-28,2025-08-31,2025-11-22,0,4,3,9,0,3.7931290402799145,test,0.95619,0.1,0.0,3.793129,0.065,0.053612
2fbc08fc30bd,Article 9,apps:278/15,2025-02-28,2025-08-31,2025-11-22,0,4,6,9,0,4.988717849596478,test,0.134636,0.1,0.0,4.988718,0.065,0.05475
2fbc08fc30bd,Article 9,apps:23095/24,2025-02-28,2025-08-31,2025-11-22,0,4,6,9,0,7.561817307144846,test,0.498829,0.1,0.0,7.561817,0.065,0.0572
2fbc08fc30bd,Article 9,apps:56234/16,2025-02-28,2025-08-31,2025-11-22,0,4,6,9,0,5.228512239890328,test,0.530364,0.1,0.0,5.228512,0.065,0.054979
2fbc08fc30bd,Article 9,apps:25321/24,2025-02-28,2025-08-31,2025-11-22,0,4,13|6,9,0,8.0190302253354,test,0.048572,0.1,0.0,8.01903,0.065,0.057636
2fbc08fc30bd,Article 9,apps:22971/19,2025-02-28,2025-08-31,2025-11-22,0,4,3,9,0,64.3467498035269,test,0.935308,0.1,0.0,64.34675,0.065,0.111271
2fbc08fc30bd,Article 9,apps:587/24,2025-02-28,2025-08-31,2025-11-22,0,4,13|3|6,9,0,9.496674701733896,test,0.838816,0.1,0.0,9.496675,0.065,0.059043
2fbc08fc30bd,Article 9,apps:22973/23,2025-02-28,2025-08-31,2025-11-22,0,4,13|3|5,9,0,9.496674701733896,test,0.482932,0.1,0.0,9.496675,0.065,0.059043
2fbc08fc30bd,Article 9,apps:21429/24,2025-02-28,2025-08-31,2025-11-22,0,4,13|6,9,0,9.496674701733896,test,0.508333,0.1,0.0,9.496675,0.065,0.059043
2fbc08fc30bd,Article 9,apps:4735/22,2025-02-28,2025-08-31,2025-11-22,0,4,13|6,9,0,10.849644597968684,test,0.921162,0.1,0.0,10.849645,0.065,0.060331
2fbc08fc30bd,Article 9,apps:46115/20,2025-02-28,2025-08-31,2025-11-22,0,4,13|3|35,9,0,3.950650141610509,test,0.177202,0.1,0.0,3.95065,0.065,0.053762
2fbc08fc30bd,Article 9,apps:38336/21,2025-02-28,2025-08-31,2025-11-22,0,4,5,9,0,3.9686319214502084,test,0.578554,0.1,0.0,3.968632,0.065,0.053779
2fbc08fc30bd,Article 9,apps:17006/20,2025-02-28,2025-08-31,2025-11-22,0,3,14|3|8,9,0,5.968356923238481,test,0.730495,0.3,0.0,5.968357,0.195,0.155683
2fbc08fc30bd,Article 9,apps:35777/15,2025-02-28,2025-08-31,2025-11-22,0,4,3,9,0,4.869415383656257,test,0.128382,0.1,0.0,4.869415,0.065,0.054637
2fbc08fc30bd,Article 9,apps:37957/14,2025-02-28,2025-08-31,2025-11-22,0,3,34|41|P7-2,9,0,2.9513748615088393,test,0.387406,0.3,0.0,2.951375,0.195,0.15281
2fbc08fc30bd,Article 9,apps:41192/22,2025-02-28,2025-08-31,2025-11-22,0,4,3,9,0,7.980252146525714,test,0.600546,0.1,0.0,7.980252,0.065,0.057599
2fbc08fc30bd,Article 9,apps:33975/21,2025-02-28,2025-08-31,2025-11-22,0,4,3,9,0,7.9161445225170874,test,0.882696,0.1,0.0,7.916145,0.065,0.057538
2fbc08fc30bd,Article 9,apps:84056/17,2025-02-28,2025-08-31,2025-11-22,0,3,41|6,9,0,6.321925505320783,test,0.50411,0.3,0.0,6.321926,0.195,0.15602
2fbc08fc30bd,Article 9,apps:59813/19,2025-02-28,2025-08-31,2025-11-22,0,3,14|3|41|8,9,0,5.957261849164675,test,0.384663,0.3,0.0,5.957262,0.195,0.155673
2fbc08fc30bd,Article 9,apps:3524/22,2025-02-28,2025-08-31,2025-11-22,0,4,2,9,0,9.559590155838933,test,0.979501,0.1,0.0,9.55959,0.065,0.059103
2fbc08fc30bd,Article 9,apps:46913/20,2025-02-28,2025-08-31,2025-11-22,0,4,P1-1,9,0,9.848409639429569,test,0.91591,0.1,0.0,9.84841,0.065,0.059378
2fbc08fc30bd,Article 9,apps:15816/20,2025-02-28,2025-08-31,2025-11-22,0,4,9,9,1,3.3647451524676426,test,0.762375,0.1,1.0,3.364745,0.415,0.053204
2fbc08fc30bd,Article 9,apps:34012/20,2025-02-28,2025-08-31,2025-11-22,0,3,13|34|35|41|6,9,0,3.3800692700762864,test,0.273596,0.3,0.0,3.380069,0.195,0.153219
2fbc08fc30bd,Article 9,apps:24338/21,2025-02-28,2025-08-31,2025-11-22,0,4,35|P1-1,9,0,3.9686319214502084,test,0.963594,0.1,0.0,3.968632,0.065,0.053779
2fbc08fc30bd,Article 9,apps:8761/23,2025-02-28,2025-08-31,2025-11-22,0,4,10|13|35|6,9,0,2.421701965279918,test,0.970492,0.1,0.0,2.421702,0.065,0.052306
2fbc08fc30bd,Article 9,apps:13375/18,2025-02-28,2025-08-31,2025-11-22,0,3,35|41|5,9,0,5.234201425872056,test,0.452846,0.3,0.0,5.234201,0.195,0.154984
2fbc08fc30bd,Article 9,apps:42975/19,2025-02-28,2025-08-31,2025-11-22,0,3,5,9,0,3.440473106393498,test,0.133372,0.3,0.0,3.440473,0.195,0.153276
2fbc08fc30bd,Article 9,apps:31687/15,2025-02-28,2025-08-31,2025-11-22,0,4,13|6,9,0,4.14163820922432,test,0.412745,0.1,0.0,4.141638,0.065,0.053944
2fbc08fc30bd,Article 9,apps:15653/22,2025-02-28,2025-08-31,2025-11-22,0,1,10|2|3|34|4|8|P1-1|P1-3,9,0,11.2523251649639,test,0.700014,1.0,0.0,11.252325,0.65,0.510715
4026b1621d4a,Article 6 Criminal,apps:10416/24,2025-02-28,2025-08-31,2026-02-17,0,4,5,6,0,5.7895992664538865,test,0.748427,0.1,0.0,5.789599,0.065,0.055513
4026b1621d4a,Article 6 Criminal,apps:14875/23,2025-02-28,2025-08-31,2026-02-17,0,4,3,6,0,6.166274424502228,test,0.298913,0.1,0.0,6.166274,0.065,0.055872
4026b1621d4a,Article 6 Criminal,apps:278/15,2025-02-28,2025-08-31,2026-02-17,0,4,6,6,1,5.794362889340442,test,0.701494,0.1,1.0,5.794363,0.415,0.055517
4026b1621d4a,Article 6 Criminal,apps:23095/24,2025-02-28,2025-08-31,2026-02-17,0,4,6,6,1,12.90108493869996,test,0.860708,0.1,1.0,12.901085,0.415,0.062284
4026b1621d4a,Article 6 Criminal,apps:56234/16,2025-02-28,2025-08-31,2026-02-17,0,4,6,6,1,8.735928317685046,test,0.711874,0.1,1.0,8.735928,0.415,0.058318
4026b1621d4a,Article 6 Criminal,apps:25321/24,2025-02-28,2025-08-31,2026-02-17,0,4,13|6,6,1,11.628451656790082,test,0.935512,0.1,1.0,11.628452,0.415,0.061073
4026b1621d4a,Article 6 Criminal,apps:22971/19,2025-02-28,2025-08-31,2026-02-17,0,4,3,6,0,67.60069810524544,test,0.632583,0.1,0.0,67.600698,0.065,0.11437
4026b1621d4a,Article 6 Criminal,apps:587/24,2025-02-28,2025-08-31,2026-02-17,0,4,13|3|6,6,1,13.866051746051795,test,0.200889,0.1,1.0,13.866052,0.415,0.063203
4026b1621d4a,Article 6 Criminal,apps:22973/23,2025-02-28,2025-08-31,2026-02-17,0,4,13|3|5,6,0,16.48121999077463,test,0.624168,0.1,0.0,16.48122,0.065,0.065694
4026b1621d4a,Article 6 Criminal,apps:21429/24,2025-02-28,2025-08-31,2026-02-17,0,4,13|6,6,1,13.866051746051795,test,0.290579,0.1,1.0,13.866052,0.415,0.063203
4026b1621d4a,Article 6 Criminal,apps:4735/22,2025-02-28,2025-08-31,2026-02-17,0,4,13|6,6,1,9.98448924984135,test,0.345294,0.1,1.0,9.984489,0.415,0.059507
4026b1621d4a,Article 6 Criminal,apps:46115/20,2025-02-28,2025-08-31,2026-02-17,0,4,13|3|35,6,0,5.42793982124314,test,0.672374,0.1,0.0,5.42794,0.065,0.055169
4026b1621d4a,Article 6 Criminal,apps:38336/21,2025-02-28,2025-08-31,2026-02-17,0,4,5,6,0,6.17233812121795,test,0.981335,0.1,0.0,6.172338,0.065,0.055877
4026b1621d4a,Article 6 Criminal,apps:17006/20,2025-02-28,2025-08-31,2026-02-17,0,3,14|3|8,6,0,7.896194460296574,test,0.650086,0.3,0.0,7.896194,0.195,0.157519
4026b1621d4a,Article 6 Criminal,apps:35777/15,2025-02-28,2025-08-31,2026-02-17,0,4,3,6,0,6.131213486215705,test,0.958326,0.1,0.0,6.131213,0.065,0.055838
4026b1621d4a,Article 6 Criminal,apps:37957/14,2025-02-28,2025-08-31,2026-02-17,0,3,34|41|P7-2,6,0,4.4726686759243695,test,0.503893,0.3,0.0,4.472669,0.195,0.154259
4026b1621d4a,Article 6 Criminal,apps:41192/22,2025-02-28,2025-08-31,2026-02-17,0,4,3,6,0,7.969368166454205,test,0.694312,0.1,0.0,7.969368,0.065,0.057588
4026b1621d4a,Article 6 Criminal,apps:33975/21,2025-02-28,2025-08-31,2026-02-17,0,4,3,6,0,9.530254767418537,test,0.322381,0.1,0.0,9.530255,0.065,0.059075
4026b1621d4a,Article 6 Criminal,apps:84056/17,2025-02-28,2025-08-31,2026-02-17,0,3,41|6,6,1,9.258726918080253,test,0.115405,0.3,1.0,9.258727,0.545,0.158816
4026b1621d4a,Article 6 Criminal,apps:59813/19,2025-02-28,2025-08-31,2026-02-17,0,3,14|3|41|8,6,0,8.740907237282393,test,0.352238,0.3,0.0,8.740907,0.195,0.158323
4026b1621d4a,Article 6 Criminal,apps:3524/22,2025-02-28,2025-08-31,2026-02-17,0,4,2,6,0,9.965715825689777,test,0.48037,0.1,0.0,9.965716,0.065,0.059489
4026b1621d4a,Article 6 Criminal,apps:46913/20,2025-02-28,2025-08-31,2026-02-17,0,4,P1-1,6,0,15.86278115367378,test,0.570638,0.1,0.0,15.862781,0.065,0.065105
4026b1621d4a,Article 6 Criminal,apps:15816/20,2025-02-28,2025-08-31,2026-02-17,0,4,9,6,0,6.4862560419409,test,0.667157,0.1,0.0,6.486256,0.065,0.056176
4026b1621d4a,Article 6 Criminal,apps:34012/20,2025-02-28,2025-08-31,2026-02-17,0,3,13|34|35|41|6,6,1,7.072301544011422,test,0.417478,0.3,1.0,7.072302,0.545,0.156734
4026b1621d4a,Article 6 Criminal,apps:24338/21,2025-02-28,2025-08-31,2026-02-17,0,4,35|P1-1,6,0,6.605590106500047,test,0.747869,0.1,0.0,6.60559,0.065,0.05629
4026b1621d4a,Article 6 Criminal,apps:8761/23,2025-02-28,2025-08-31,2026-02-17,0,4,10|13|35|6,6,1,6.467363343734813,test,0.841389,0.1,1.0,6.467363,0.415,0.056158
4026b1621d4a,Article 6 Criminal,apps:13375/18,2025-02-28,2025-08-31,2026-02-17,0,3,35|41|5,6,0,5.931790873370607,test,0.285928,0.3,0.0,5.931791,0.195,0.155648
4026b1621d4a,Article 6 Criminal,apps:42975/19,2025-02-28,2025-08-31,2026-02-17,0,3,5,6,0,6.696666536815069,test,0.847301,0.3,0.0,6.696667,0.195,0.156377
4026b1621d4a,Article 6 Criminal,apps:31687/15,2025-02-28,2025-08-31,2026-02-17,0,4,13|6,6,1,7.892238252464329,test,0.808305,0.1,1.0,7.892238,0.415,0.057515
4026b1621d4a,Article 6 Criminal,apps:15653/22,2025-02-28,2025-08-31,2026-02-17,0,1,10|2|3|34|4|8|P1-1|P1-3,6,0,11.260085635986423,test,0.52273,1.0,0.0,11.260086,0.65,0.510722
415c8994e0ed,Article 2,apps:10416/24,2025-02-28,2025-08-31,2025-12-15,0,4,5,2,0,4.089841534367453,test,0.025272,0.1,0.0,4.089842,0.065,0.053894
415c8994e0ed,Article 2,apps:14875/23,2025-02-28,2025-08-31,2025-12-15,0,4,3,2,0,4.145951509525707,test,0.145327,0.1,0.0,4.145952,0.065,0.053948
415c8994e0ed,Article 2,apps:278/15,2025-02-28,2025-08-31,2025-12-15,0,4,6,2,0,6.066480862149592,test,0.670254,0.1,0.0,6.066481,0.065,0.055777
415c8994e0ed,Article 2,apps:23095/24,2025-02-28,2025-08-31,2025-12-15,0,4,6,2,0,9.762329322332821,test,0.199902,0.1,0.0,9.762329,0.065,0.059296
415c8994e0ed,Article 2,apps:56234/16,2025-02-28,2025-08-31,2025-12-15,0,4,6,2,0,8.65705012181212,test,0.750185,0.1,0.0,8.65705,0.065,0.058243
415c8994e0ed,Article 2,apps:25321/24,2025-02-28,2025-08-31,2025-12-15,0,4,13|6,2,0,9.561448681082272,test,0.160935,0.1,0.0,9.561449,0.065,0.059104
415c8994e0ed,Article 2,apps:22971/19,2025-02-28,2025-08-31,2025-12-15,0,4,3,2,0,40.08434882189565,test,0.286616,0.1,0.0,40.084349,0.065,0.088169
415c8994e0ed,Article 2,apps:587/24,2025-02-28,2025-08-31,2025-12-15,0,4,13|3|6,2,0,11.948133348676125,test,0.250561,0.1,0.0,11.948133,0.065,0.061377
415c8994e0ed,Article 2,apps:22973/23,2025-02-28,2025-08-31,2025-12-15,0,4,13|3|5,2,0,11.948133348676125,test,0.839382,0.1,0.0,11.948133,0.065,0.061377
415c8994e0ed,Article 2,apps:21429/24,2025-02-28,2025-08-31,2025-12-15,0,4,13|6,2,0,11.948133348676125,test,0.690595,0.1,0.0,11.948133,0.065,0.061377
415c8994e0ed,Article 2,apps:4735/22,2025-02-28,2025-08-31,2025-12-15,0,4,13|6,2,0,4.931468085019027,test,0.295141,0.1,0.0,4.931468,0.065,0.054696
415c8994e0ed,Article 2,apps:46115/20,2025-02-28,2025-08-31,2025-12-15,0,4,13|3|35,2,0,3.4143401664977375,test,0.753594,0.1,0.0,3.41434,0.065,0.053251
415c8994e0ed,Article 2,apps:38336/21,2025-02-28,2025-08-31,2025-12-15,0,4,5,2,0,4.915881778363362,test,0.032306,0.1,0.0,4.915882,0.065,0.054681
415c8994e0ed,Article 2,apps:17006/20,2025-02-28,2025-08-31,2025-12-15,0,3,14|3|8,2,0,3.9084045749052256,test,0.814026,0.3,0.0,3.908405,0.195,0.153722
415c8994e0ed,Article 2,apps:35777/15,2025-02-28,2025-08-31,2025-12-15,0,4,3,2,0,7.1410507707317254,test,0.10248,0.1,0.0,7.141051,0.065,0.0568
415c8994e0ed,Article 2,apps:37957/14,2025-02-28,2025-08-31,2025-12-15,0,3,34|41|P7-2,2,0,9.331713091654946,test,0.868035,0.3,0.0,9.331713,0.195,0.158886
415c8994e0ed,Article 2,apps:41192/22,2025-02-28,2025-08-31,2025-12-15,0,4,3,2,0,9.879075945507555,test,0.739492,0.1,0.0,9.879076,0.065,0.059407
415c8994e0ed,Article 2,apps:33975/21,2025-02-28,2025-08-31,2025-12-15,0,4,3,2,0,10.058384390543852,test,0.864841,0.1,0.0,10.058384,0.065,0.059578
415c8994e0ed,Article 2,apps:84056/17,2025-02-28,2025-08-31,2025-12-15,0,3,41|6,2,0,8.09753545700972,test,0.742413,0.3,0.0,8.097535,0.195,0.157711
415c8994e0ed,Article 2,apps:59813/19,2025-02-28,2025-08-31,2025-12-15,0,3,14|3|41|8,2,0,6.489026061701752,test,0.561271,0.3,0.0,6.489026,0.195,0.156179
415c8994e0ed,Article 2,apps:3524/22,2025-02-28,2025-08-31,2025-12-15,0,4,2,2,1,11.40943940422488,test,0.237595,0.1,1.0,11.409439,0.415,0.060864
415c8994e0ed,Article 2,apps:46913/20,2025-02-28,2025-08-31,2025-12-15,0,4,P1-1,2,0,6.659975038800649,test,0.784307,0.1,0.0,6.659975,0.065,0.056342
415c8994e0ed,Article 2,apps:15816/20,2025-02-28,2025-08-31,2025-12-15,0,4,9,2,0,4.988092673158993,test,0.798822,0.1,0.0,4.988093,0.065,0.05475
415c8994e0ed,Article 2,apps:34012/20,2025-02-28,2025-08-31,2025-12-15,0,3,13|34|35|41|6,2,0,4.162761180496783,test,0.287639,0.3,0.0,4.162761,0.195,0.153964
415c8994e0ed,Article 2,apps:24338/21,2025-02-28,2025-08-31,2025-12-15,0,4,35|P1-1,2,0,5.320990680456944,test,0.664494,0.1,0.0,5.320991,0.065,0.055067
415c8994e0ed,Article 2,apps:8761/23,2025-02-28,2025-08-31,2025-12-15,0,4,10|13|35|6,2,0,4.169761153133043,test,0.926485,0.1,0.0,4.169761,0.065,0.05397
415c8994e0ed,Article 2,apps:13375/18,2025-02-28,2025-08-31,2025-12-15,0,3,35|41|5,2,0,3.750504053868204,test,0.387555,0.3,0.0,3.750504,0.195,0.153571
415c8994e0ed,Article 2,apps:42975/19,2025-02-28,2025-08-31,2025-12-15,0,3,5,2,0,4.360681173935024,test,0.956702,0.3,0.0,4.360681,0.195,0.154152
415c8994e0ed,Article 2,apps:31687/15,2025-02-28,2025-08-31,2025-12-15,0,4,13|6,2,0,6.066480862149592,test,0.975823,0.1,0.0,6.066481,0.065,0.055777
415c8994e0ed,Article 2,apps:15653/22,2025-02-28,2025-08-31,2025-12-15,0,1,10|2|3|34|4|8|P1-1|P1-3,2,1,9.574548437322424,test,0.312654,1.0,1.0,9.574548,1.0,0.509117
96d370a07ab1,Article 6 Civil,apps:10416/24,2025-02-28,2025-08-31,2026-02-17,0,4,5,6,0,3.709067761720078,test,0.552125,0.1,0.0,3.709068,0.065,0.053532
96d370a07ab1,Article 6 Civil,apps:14875/23,2025-02-28,2025-08-31,2026-02-17,0,4,3,6,0,5.499021557310506,test,0.012965,0.1,0.0,5.499022,0.065,0.055236
96d370a07ab1,Article 6 Civil,apps:278/15,2025-02-28,2025-08-31,2026-02-17,0,4,6,6,1,6.730302110250568,test,0.251341,0.1,1.0,6.730302,0.415,0.056409
96d370a07ab1,Article 6 Civil,apps:23095/24,2025-02-28,2025-08-31,2026-02-17,0,4,6,6,1,7.415182558578192,test,0.620562,0.1,1.0,7.415183,0.415,0.057061
96d370a07ab1,Article 6 Civil,apps:56234/16,2025-02-28,2025-08-31,2026-02-17,0,4,6,6,1,8.022584740770307,test,0.780925,0.1,1.0,8.022585,0.415,0.057639
96d370a07ab1,Article 6 Civil,apps:25321/24,2025-02-28,2025-08-31,2026-02-17,0,4,13|6,6,1,8.196260688832794,test,0.870118,0.1,1.0,8.196261,0.415,0.057805
96d370a07ab1,Article 6 Civil,apps:22971/19,2025-02-28,2025-08-31,2026-02-17,0,4,3,6,0,48.64294363260123,test,0.829983,0.1,0.0,48.642944,0.065,0.096318
96d370a07ab1,Article 6 Civil,apps:587/24,2025-02-28,2025-08-31,2026-02-17,0,4,13|3|6,6,1,9.805331502955482,test,0.911486,0.1,1.0,9.805332,0.415,0.059337
96d370a07ab1,Article 6 Civil,apps:22973/23,2025-02-28,2025-08-31,2026-02-17,0,4,13|3|5,6,0,11.386678735035796,test,0.704629,0.1,0.0,11.386679,0.065,0.060842
96d370a07ab1,Article 6 Civil,apps:21429/24,2025-02-28,2025-08-31,2026-02-17,0,4,13|6,6,1,9.805331502955482,test,0.647632,0.1,1.0,9.805332,0.415,0.059337
96d370a07ab1,Article 6 Civil,apps:4735/22,2025-02-28,2025-08-31,2026-02-17,0,4,13|6,6,1,7.880741365434691,test,0.755108,0.1,1.0,7.880741,0.415,0.057504
96d370a07ab1,Article 6 Civil,apps:46115/20,2025-02-28,2025-08-31,2026-02-17,0,4,13|3|35,6,0,4.805293981054605,test,0.546615,0.1,0.0,4.805294,0.065,0.054576
96d370a07ab1,Article 6 Civil,apps:38336/21,2025-02-28,2025-08-31,2026-02-17,0,4,5,6,0,5.258212790623223,test,0.603387,0.1,0.0,5.258213,0.065,0.055007
96d370a07ab1,Article 6 Civil,apps:17006/20,2025-02-28,2025-08-31,2026-02-17,0,3,14|3|8,6,0,6.512939832708316,test,0.776147,0.3,0.0,6.51294,0.195,0.156202
96d370a07ab1,Article 6 Civil,apps:35777/15,2025-02-28,2025-08-31,2026-02-17,0,4,3,6,0,5.82433977445998,test,0.96429,0.1,0.0,5.82434,0.065,0.055546
96d370a07ab1,Article 6 Civil,apps:37957/14,2025-02-28,2025-08-31,2026-02-17,0,3,34|41|P7-2,6,0,5.665839587979192,test,0.294178,0.3,0.0,5.66584,0.195,0.155395
96d370a07ab1,Article 6 Civil,apps:41192/22,2025-02-28,2025-08-31,2026-02-17,0,4,3,6,0,8.7712220206814,test,0.177426,0.1,0.0,8.771222,0.065,0.058352
96d370a07ab1,Article 6 Civil,apps:33975/21,2025-02-28,2025-08-31,2026-02-17,0,4,3,6,0,9.948482430058942,test,0.682659,0.1,0.0,9.948482,0.065,0.059473
96d370a07ab1,Article 6 Civil,apps:59813/19,2025-02-28,2025-08-31,2026-02-17,0,3,14|3|41|8,6,0,6.812188635238832,test,0.186977,0.3,0.0,6.812189,0.195,0.156487
96d370a07ab1,Article 6 Civil,apps:3524/22,2025-02-28,2025-08-31,2026-02-17,0,4,2,6,0,9.17451105347124,test,0.173795,0.1,0.0,9.174511,0.065,0.058736
96d370a07ab1,Article 6 Civil,apps:46913/20,2025-02-28,2025-08-31,2026-02-17,0,4,P1-1,6,0,11.616259120056924,test,0.513847,0.1,0.0,11.616259,0.065,0.061061
96d370a07ab1,Article 6 Civil,apps:15816/20,2025-02-28,2025-08-31,2026-02-17,0,4,9,6,0,5.297300099999934,test,0.377198,0.1,0.0,5.2973,0.065,0.055044
96d370a07ab1,Article 6 Civil,apps:34012/20,2025-02-28,2025-08-31,2026-02-17,0,3,13|34|35|41|6,6,1,4.036617850180962,test,0.428508,0.3,1.0,4.036618,0.545,0.153844
96d370a07ab1,Article 6 Civil,apps:24338/21,2025-02-28,2025-08-31,2026-02-17,0,4,35|P1-1,6,0,5.711134103249598,test,0.556599,0.1,0.0,5.711134,0.065,0.055438
96d370a07ab1,Article 6 Civil,apps:8761/23,2025-02-28,2025-08-31,2026-02-17,0,4,10|13|35|6,6,1,4.984771262096224,test,0.130067,0.1,1.0,4.984771,0.415,0.054747
96d370a07ab1,Article 6 Civil,apps:13375/18,2025-02-28,2025-08-31,2026-02-17,0,3,35|41|5,6,0,6.129268337981555,test,0.583986,0.3,0.0,6.129268,0.195,0.155836
96d370a07ab1,Article 6 Civil,apps:42975/19,2025-02-28,2025-08-31,2026-02-17,0,3,5,6,0,5.081676841448411,test,0.255016,0.3,0.0,5.081677,0.195,0.154839
96d370a07ab1,Article 6 Civil,apps:31687/15,2025-02-28,2025-08-31,2026-02-17,0,4,13|6,6,1,5.82433977445998,test,0.330563,0.1,1.0,5.82434,0.415,0.055546
96d370a07ab1,Article 6 Civil,apps:15653/22,2025-02-28,2025-08-31,2026-02-17,0,1,10|2|3|34|4|8|P1-1|P1-3,6,0,9.803617610206398,test,0.709689,1.0,0.0,9.803618,0.65,0.509335
96d370a07ab1,Article 6 Civil,apps:1595/20,2025-02-28,2025-08-31,2026-02-17,0,4,15|6|7,6,1,388.2025226733167,test,0.154806,0.1,1.0,388.202523,0.415,0.419649
99cd2ce32cf8,Article 8,apps:10416/24,2025-02-28,2025-08-31,2025-12-19,0,4,5,8,0,5.786417086544695,test,0.153703,0.1,0.0,5.786417,0.065,0.05551
99cd2ce32cf8,Article 8,apps:14875/23,2025-02-28,2025-08-31,2025-12-19,0,4,3,8,0,8.919113961052657,test,0.32263,0.1,0.0,8.919114,0.065,0.058493
99cd2ce32cf8,Article 8,apps:278/15,2025-02-28,2025-08-31,2025-12-19,0,4,6,8,0,6.804746167652587,test,0.050855,0.1,0.0,6.804746,0.065,0.05648
99cd2ce32cf8,Article 8,apps:23095/24,2025-02-28,2025-08-31,2025-12-19,0,4,6,8,0,11.62153053597553,test,0.932382,0.1,0.0,11.621531,0.065,0.061066
99cd2ce32cf8,Article 8,apps:56234/16,2025-02-28,2025-08-31,2025-12-19,0,4,6,8,0,9.462506052739297,test,0.615609,0.1,0.0,9.462506,0.065,0.05901
99cd2ce32cf8,Article 8,apps:25321/24,2025-02-28,2025-08-31,2025-12-19,0,4,13|6,8,0,12.74643411929385,test,0.66189,0.1,0.0,12.746434,0.065,0.062137
99cd2ce32cf8,Article 8,apps:22971/19,2025-02-28,2025-08-31,2025-12-19,0,4,3,8,0,71.62579136052912,test,0.490551,0.1,0.0,71.625791,0.065,0.118202
99cd2ce32cf8,Article 8,apps:587/24,2025-02-28,2025-08-31,2025-12-19,0,4,13|3|6,8,0,16.33150798571641,test,0.572677,0.1,0.0,16.331508,0.065,0.065551
99cd2ce32cf8,Article 8,apps:22973/23,2025-02-28,2025-08-31,2025-12-19,0,4,13|3|5,8,0,16.33150798571641,test,0.358086,0.1,0.0,16.331508,0.065,0.065551
99cd2ce32cf8,Article 8,apps:21429/24,2025-02-28,2025-08-31,2025-12-19,0,4,13|6,8,0,16.33150798571641,test,0.784031,0.1,0.0,16.331508,0.065,0.065551
99cd2ce32cf8,Article 8,apps:4735/22,2025-02-28,2025-08-31,2025-12-19,0,4,13|6,8,0,11.34951394627726,test,0.317859,0.1,0.0,11.349514,0.065,0.060807
99cd2ce32cf8,Article 8,apps:46115/20,2025-02-28,2025-08-31,2025-12-19,0,4,13|3|35,8,0,6.205183828369634,test,0.219962,0.1,0.0,6.205184,0.065,0.055909
99cd2ce32cf8,Article 8,apps:38336/21,2025-02-28,2025-08-31,2025-12-19,0,4,5,8,0,7.096109165217851,test,0.183869,0.1,0.0,7.096109,0.065,0.056757
99cd2ce32cf8,Article 8,apps:17006/20,2025-02-28,2025-08-31,2025-12-19,0,3,14|3|8,8,1,8.291174672809777,test,0.068176,0.3,1.0,8.291175,0.545,0.157895
99cd2ce32cf8,Article 8,apps:35777/15,2025-02-28,2025-08-31,2025-12-19,0,4,3,8,0,6.804746167652587,test,0.50514,0.1,0.0,6.804746,0.065,0.05648
99cd2ce32cf8,Article 8,apps:37957/14,2025-02-28,2025-08-31,2025-12-19,0,3,34|41|P7-2,8,0,6.155399459741631,test,0.415931,0.3,0.0,6.155399,0.195,0.155861
99cd2ce32cf8,Article 8,apps:41192/22,2025-02-28,2025-08-31,2025-12-19,0,4,3,8,0,7.1572687198097595,test,0.537036,0.1,0.0,7.157269,0.065,0.056815
99cd2ce32cf8,Article 8,apps:33975/21,2025-02-28,2025-08-31,2025-12-19,0,4,3,8,0,6.981142120621563,test,0.091946,0.1,0.0,6.981142,0.065,0.056647
99cd2ce32cf8,Article 8,apps:84056/17,2025-02-28,2025-08-31,2025-12-19,0,3,41|6,8,0,9.462506052739297,test,0.221198,0.3,0.0,9.462506,0.195,0.15901
99cd2ce32cf8,Article 8,apps:59813/19,2025-02-28,2025-08-31,2025-12-19,0,3,14|3|41|8,8,1,7.886924824927236,test,0.213354,0.3,1.0,7.886925,0.545,0.15751
99cd2ce32cf8,Article 8,apps:3524/22,2025-02-28,2025-08-31,2025-12-19,0,4,2,8,0,9.79167666055285,test,0.331884,0.1,0.0,9.791677,0.065,0.059324
99cd2ce32cf8,Article 8,apps:46913/20,2025-02-28,2025-08-31,2025-12-19,0,4,P1-1,8,0,13.667575862069064,test,0.360798,0.1,0.0,13.667576,0.065,0.063014
99cd2ce32cf8,Article 8,apps:15816/20,2025-02-28,2025-08-31,2025-12-19,0,4,9,8,0,5.701808457499753,test,0.218445,0.1,0.0,5.701808,0.065,0.055429
99cd2ce32cf8,Article 8,apps:34012/20,2025-02-28,2025-08-31,2025-12-19,0,3,13|34|35|41|6,8,0,6.398821289361349,test,0.752656,0.3,0.0,6.398821,0.195,0.156093
99cd2ce32cf8,Article 8,apps:24338/21,2025-02-28,2025-08-31,2025-12-19,0,4,35|P1-1,8,0,7.751551891861508,test,0.530499,0.1,0.0,7.751552,0.065,0.057381
99cd2ce32cf8,Article 8,apps:8761/23,2025-02-28,2025-08-31,2025-12-19,0,4,10|13|35|6,8,0,5.559491369397094,test,0.996631,0.1,0.0,5.559491,0.065,0.055294
99cd2ce32cf8,Article 8,apps:13375/18,2025-02-28,2025-08-31,2025-12-19,0,3,35|41|5,8,0,6.837160105660805,test,0.823688,0.3,0.0,6.83716,0.195,0.15651
99cd2ce32cf8,Article 8,apps:42975/19,2025-02-28,2025-08-31,2025-12-19,0,3,5,8,0,7.086017299846308,test,0.981133,0.3,0.0,7.086017,0.195,0.156747
99cd2ce32cf8,Article 8,apps:31687/15,2025-02-28,2025-08-31,2025-12-19,0,4,13|6,8,0,7.198085919674118,test,0.008804,0.1,0.0,7.198086,0.065,0.056854
99cd2ce32cf8,Article 8,apps:15653/22,2025-02-28,2025-08-31,2025-12-19,0,1,10|2|3|34|4|8|P1-1|P1-3,8,1,14.226530623573096,test,0.668938,1.0,1.0,14.226531,1.0,0.513547
acdaf72cea98,Article 3,apps:10416/24,2025-02-28,2025-08-31,2025-12-24,0,4,5,3,0,0.25723714896779143,test,0.445667,0.1,0.0,0.257237,0.065,0.050245
acdaf72cea98,Article 3,apps:14875/23,2025-02-28,2025-08-31,2025-12-24,0,4,3,3,1,0.25723714896779143,test,0.904496,0.1,1.0,0.257237,0.415,0.050245
acdaf72cea98,Article 3,apps:278/15,2025-02-28,2025-08-31,2025-12-24,0,4,6,3,0,1.1528657441754449,test,0.613701,0.1,0.0,1.152866,0.065,0.051098
acdaf72cea98,Article 3,apps:23095/24,2025-02-28,2025-08-31,2025-12-24,0,4,6,3,0,0.7235565060054399,test,0.621132,0.1,0.0,0.723557,0.065,0.050689
acdaf72cea98,Article 3,apps:56234/16,2025-02-28,2025-08-31,2025-12-24,0,4,6,3,0,0.5076527334985874,test,0.958897,0.1,0.0,0.507653,0.065,0.050483
acdaf72cea98,Article 3,apps:25321/24,2025-02-28,2025-08-31,2025-12-24,0,4,13|6,3,0,0.7235565060054399,test,0.682551,0.1,0.0,0.723557,0.065,0.050689
acdaf72cea98,Article 3,apps:22971/19,2025-02-28,2025-08-31,2025-12-24,0,4,3,3,1,0.7235565060054399,test,0.320937,0.1,1.0,0.723557,0.415,0.050689
acdaf72cea98,Article 3,apps:587/24,2025-02-28,2025-08-31,2025-12-24,0,4,13|3|6,3,1,0.7235565060054399,test,0.915932,0.1,1.0,0.723557,0.415,0.050689
acdaf72cea98,Article 3,apps:22973/23,2025-02-28,2025-08-31,2025-12-24,0,4,13|3|5,3,1,0.7235565060054399,test,0.944988,0.1,1.0,0.723557,0.415,0.050689
acdaf72cea98,Article 3,apps:21429/24,2025-02-28,2025-08-31,2025-12-24,0,4,13|6,3,0,0.7235565060054399,test,0.385876,0.1,0.0,0.723557,0.065,0.050689
acdaf72cea98,Article 3,apps:4735/22,2025-02-28,2025-08-31,2025-12-24,0,4,13|6,3,0,0.5076527334985874,test,0.540237,0.1,0.0,0.507653,0.065,0.050483
acdaf72cea98,Article 3,apps:46115/20,2025-02-28,2025-08-31,2025-12-24,0,4,13|3|35,3,1,0.44831210225625473,test,0.282829,0.1,1.0,0.448312,0.415,0.050427
acdaf72cea98,Article 3,apps:38336/21,2025-02-28,2025-08-31,2025-12-24,0,4,5,3,0,0.25723714896779143,test,0.911336,0.1,0.0,0.257237,0.065,0.050245
acdaf72cea98,Article 3,apps:17006/20,2025-02-28,2025-08-31,2025-12-24,0,3,14|3|8,3,1,1.126237796286844,test,0.822109,0.3,1.0,1.126238,0.545,0.151072
acdaf72cea98,Article 3,apps:35777/15,2025-02-28,2025-08-31,2025-12-24,0,4,3,3,1,1.2720538676167277,test,0.374958,0.1,1.0,1.272054,0.415,0.051211
acdaf72cea98,Article 3,apps:37957/14,2025-02-28,2025-08-31,2025-12-24,0,3,34|41|P7-2,3,0,0.25723714896779143,test,0.802817,0.3,0.0,0.257237,0.195,0.150245
acdaf72cea98,Article 3,apps:41192/22,2025-02-28,2025-08-31,2025-12-24,0,4,3,3,1,1.0942824130644395,test,0.445557,0.1,1.0,1.094282,0.415,0.051042
acdaf72cea98,Article 3,apps:33975/21,2025-02-28,2025-08-31,2025-12-24,0,4,3,3,1,0.9168133578643094,test,0.043852,0.1,1.0,0.916813,0.415,0.050873
acdaf72cea98,Article 3,apps:84056/17,2025-02-28,2025-08-31,2025-12-24,0,3,41|6,3,0,0.5076527334985874,test,0.898282,0.3,0.0,0.507653,0.195,0.150483
acdaf72cea98,Article 3,apps:59813/19,2025-02-28,2025-08-31,2025-12-24,0,3,14|3|41|8,3,1,0.46666158739032604,test,0.192512,0.3,1.0,0.466662,0.545,0.150444
acdaf72cea98,Article 3,apps:3524/22,2025-02-28,2025-08-31,2025-12-24,0,4,2,3,0,0.90102556120557,test,0.513895,0.1,0.0,0.901026,0.065,0.050858
acdaf72cea98,Article 3,apps:46913/20,2025-02-28,2025-08-31,2025-12-24,0,4,P1-1,3,0,0.90102556120557,test,0.948212,0.1,0.0,0.901026,0.065,0.050858
acdaf72cea98,Article 3,apps:15816/20,2025-02-28,2025-08-31,2025-12-24,0,4,9,3,0,0.25723714896779143,test,0.167395,0.1,0.0,0.257237,0.065,0.050245
acdaf72cea98,Article 3,apps:34012/20,2025-02-28,2025-08-31,2025-12-24,0,3,13|34|35|41|6,3,0,0.25723714896779143,test,0.956276,0.3,0.0,0.257237,0.195,0.150245
acdaf72cea98,Article 3,apps:24338/21,2025-02-28,2025-08-31,2025-12-24,0,4,35|P1-1,3,0,0.25723714896779143,test,0.537975,0.1,0.0,0.257237,0.065,0.050245
acdaf72cea98,Article 3,apps:8761/23,2025-02-28,2025-08-31,2025-12-24,0,4,10|13|35|6,3,0,0.25723714896779143,test,0.007331,0.1,0.0,0.257237,0.065,0.050245
acdaf72cea98,Article 3,apps:13375/18,2025-02-28,2025-08-31,2025-12-24,0,3,35|41|5,3,0,0.25723714896779143,test,0.065472,0.3,0.0,0.257237,0.195,0.150245
acdaf72cea98,Article 3,apps:42975/19,2025-02-28,2025-08-31,2025-12-24,0,3,5,3,0,1.1528657441754449,test,0.670335,0.3,0.0,1.152866,0.195,0.151098
acdaf72cea98,Article 3,apps:31687/15,2025-02-28,2025-08-31,2025-12-24,0,4,13|6,3,0,1.1528657441754449,test,0.773582,0.1,0.0,1.152866,0.065,0.051098
acdaf72cea98,Article 3,apps:15653/22,2025-02-28,2025-08-31,2025-12-24,0,1,10|2|3|34|4|8|P1-1|P1-3,3,1,0.9823139856326868,test,0.864951,1.0,1.0,0.982314,1.0,0.500935
b8a991ab1181,Mass protests,apps:10416/24,2025-02-28,2025-08-31,2025-11-04,0,4,5,,0,4.445283631490412,test,0.424209,0.1,0.0,4.445284,0.065,0.054233
b8a991ab1181,Mass protests,apps:14875/23,2025-02-28,2025-08-31,2025-11-04,0,4,3,,0,4.677182260069855,test,0.103927,0.1,0.0,4.677182,0.065,0.054454
b8a991ab1181,Mass protests,apps:278/15,2025-02-28,2025-08-31,2025-11-04,0,4,6,,0,5.393964118086927,test,0.537754,0.1,0.0,5.393964,0.065,0.055136
b8a991ab1181,Mass protests,apps:23095/24,2025-02-28,2025-08-31,2025-11-04,0,4,6,,0,6.252365603051488,test,0.702743,0.1,0.0,6.252366,0.065,0.055954
b8a991ab1181,Mass protests,apps:56234/16,2025-02-28,2025-08-31,2025-11-04,0,4,6,,0,6.697512952267999,test,0.976224,0.1,0.0,6.697513,0.065,0.056377
b8a991ab1181,Mass protests,apps:25321/24,2025-02-28,2025-08-31,2025-11-04,0,4,13|6,,0,9.329062732875531,test,0.775207,0.1,0.0,9.329063,0.065,0.058883
b8a991ab1181,Mass protests,apps:22971/19,2025-02-28,2025-08-31,2025-11-04,0,4,3,,0,41.78692796640742,test,0.646561,0.1,0.0,41.786928,0.065,0.08979
b8a991ab1181,Mass protests,apps:587/24,2025-02-28,2025-08-31,2025-11-04,0,4,13|3|6,,0,11.76986078888966,test,0.939751,0.1,0.0,11.769861,0.065,0.061207
b8a991ab1181,Mass protests,apps:22973/23,2025-02-28,2025-08-31,2025-11-04,0,4,13|3|5,,0,11.76986078888966,test,0.746891,0.1,0.0,11.769861,0.065,0.061207
b8a991ab1181,Mass protests,apps:21429/24,2025-02-28,2025-08-31,2025-11-04,0,4,13|6,,0,11.76986078888966,test,0.153755,0.1,0.0,11.769861,0.065,0.061207
b8a991ab1181,Mass protests,apps:4735/22,2025-02-28,2025-08-31,2025-11-04,0,4,13|6,,0,8.834328671089287,test,0.459225,0.1,0.0,8.834329,0.065,0.058412
b8a991ab1181,Mass protests,apps:46115/20,2025-02-28,2025-08-31,2025-11-04,0,4,13|3|35,,0,5.2420117556096395,test,0.331715,0.1,0.0,5.242012,0.065,0.054991
b8a991ab1181,Mass protests,apps:38336/21,2025-02-28,2025-08-31,2025-11-04,0,4,5,,0,4.5069516643626795,test,0.087521,0.1,0.0,4.506952,0.065,0.054292
b8a991ab1181,Mass protests,apps:17006/20,2025-02-28,2025-08-31,2025-11-04,0,3,14|3|8,,0,6.371152867233738,test,0.054268,0.3,0.0,6.371153,0.195,0.156067
b8a991ab1181,Mass protests,apps:35777/15,2025-02-28,2025-08-31,2025-11-04,0,4,3,,0,4.5045257470828695,test,0.794215,0.1,0.0,4.504526,0.065,0.054289
b8a991ab1181,Mass protests,apps:37957/14,2025-02-28,2025-08-31,2025-11-04,0,3,34|41|P7-2,,0,6.505938471902807,test,0.558084,0.3,0.0,6.505938,0.195,0.156195
b8a991ab1181,Mass protests,apps:41192/22,2025-02-28,2025-08-31,2025-11-04,0,4,3,,0,5.58019178333931,test,0.574962,0.1,0.0,5.580192,0.065,0.055313
b8a991ab1181,Mass protests,apps:33975/21,2025-02-28,2025-08-31,2025-11-04,0,4,3,,0,6.155650825739034,test,0.227646,0.1,0.0,6.155651,0.065,0.055861
b8a991ab1181,Mass protests,apps:84056/17,2025-02-28,2025-08-31,2025-11-04,0,3,41|6,,0,6.049731386684082,test,0.258648,0.3,0.0,6.049731,0.195,0.155761
b8a991ab1181,Mass protests,apps:59813/19,2025-02-28,2025-08-31,2025-11-04,0,3,14|3|41|8,,0,6.019558719840151,test,0.388033,0.3,0.0,6.019559,0.195,0.155732
b8a991ab1181,Mass protests,apps:3524/22,2025-02-28,2025-08-31,2025-11-04,0,4,2,,0,8.170476918117501,test,0.630217,0.1,0.0,8.170477,0.065,0.05778
b8a991ab1181,Mass protests,apps:46913/20,2025-02-28,2025-08-31,2025-11-04,0,4,P1-1,,0,16.45458211787725,test,0.433025,0.1,0.0,16.454582,0.065,0.065668
b8a991ab1181,Mass protests,apps:15816/20,2025-02-28,2025-08-31,2025-11-04,0,4,9,,0,4.5069516643626795,test,0.016891,0.1,0.0,4.506952,0.065,0.054292
b8a991ab1181,Mass protests,apps:34012/20,2025-02-28,2025-08-31,2025-11-04,0,3,13|34|35|41|6,,0,5.725656686339774,test,0.673299,0.3,0.0,5.725657,0.195,0.155452
b8a991ab1181,Mass protests,apps:24338/21,2025-02-28,2025-08-31,2025-11-04,0,4,35|P1-1,,0,6.517859002735705,test,0.534834,0.1,0.0,6.517859,0.065,0.056206
b8a991ab1181,Mass protests,apps:8761/23,2025-02-28,2025-08-31,2025-11-04,0,4,10|13|35|6,,0,5.624072184403593,test,0.641423,0.1,0.0,5.624072,0.065,0.055355
b8a991ab1181,Mass protests,apps:13375/18,2025-02-28,2025-08-31,2025-11-04,0,3,35|41|5,,0,4.69699991243003,test,0.618349,0.3,0.0,4.697,0.195,0.154473
b8a991ab1181,Mass protests,apps:42975/19,2025-02-28,2025-08-31,2025-11-04,0,3,5,,0,4.567157308090115,test,0.755961,0.3,0.0,4.567157,0.195,0.154349
b8a991ab1181,Mass protests,apps:31687/15,2025-02-28,2025-08-31,2025-11-04,0,4,13|6,,0,5.725656686339774,test,0.585608,0.1,0.0,5.725657,0.065,0.055452
b8a991ab1181,Mass protests,apps:15653/22,2025-02-28,2025-08-31,2025-11-04,0,1,10|2|3|34|4|8|P1-1|P1-3,,0,9.086812718907463,test,0.700882,1.0,0.0,9.086813,0.65,0.508653
d5256ad78e38,Data protection,apps:10416/24,2025-02-28,2025-08-31,2026-01-01,0,4,5,,0,4.614664986167284,test,0.072589,0.1,0.0,4.614665,0.065,0.054394
d5256ad78e38,Data protection,apps:14875/23,2025-02-28,2025-08-31,2026-01-01,0,4,3,,0,5.22481397348833,test,0.928048,0.1,0.0,5.224814,0.065,0.054975
d5256ad78e38,Data protection,apps:278/15,2025-02-28,2025-08-31,2026-01-01,0,4,6,,0,6.456299796258326,test,0.106136,0.1,0.0,6.4563,0.065,0.056148
d5256ad78e38,Data protection,apps:23095/24,2025-02-28,2025-08-31,2026-01-01,0,4,6,,0,7.1846303703981516,test,0.786892,0.1,0.0,7.18463,0.065,0.056841
d5256ad78e38,Data protection,apps:56234/16,2025-02-28,2025-08-31,2026-01-01,0,4,6,,0,7.38031183877121,test,0.301351,0.1,0.0,7.380312,0.065,0.057028
d5256ad78e38,Data protection,apps:25321/24,2025-02-28,2025-08-31,2026-01-01,0,4,13|6,,0,8.314103109179669,test,0.086505,0.1,0.0,8.314103,0.065,0.057917
d5256ad78e38,Data protection,apps:22971/19,2025-02-28,2025-08-31,2026-01-01,0,4,3,,0,41.48692857771587,test,0.765274,0.1,0.0,41.486929,0.065,0.089504
d5256ad78e38,Data protection,apps:587/24,2025-02-28,2025-08-31,2026-01-01,0,4,13|3|6,,0,10.096370220957153,test,0.437676,0.1,0.0,10.09637,0.065,0.059614
d5256ad78e38,Data protection,apps:22973/23,2025-02-28,2025-08-31,2026-01-01,0,4,13|3|5,,0,10.096370220957153,test,0.395113,0.1,0.0,10.09637,0.065,0.059614
d5256ad78e38,Data protection,apps:21429/24,2025-02-28,2025-08-31,2026-01-01,0,4,13|6,,0,10.096370220957153,test,0.660723,0.1,0.0,10.09637,0.065,0.059614
d5256ad78e38,Data protection,apps:4735/22,2025-02-28,2025-08-31,2026-01-01,0,4,13|6,,0,9.807839827241523,test,0.473988,0.1,0.0,9.80784,0.065,0.059339
d5256ad78e38,Data protection,apps:46115/20,2025-02-28,2025-08-31,2026-01-01,0,4,13|3|35,,0,6.184792412037077,test,0.533468,0.1,0.0,6.184792,0.065,0.055889
d5256ad78e38,Data protection,apps:38336/21,2025-02-28,2025-08-31,2026-01-01,0,4,5,,0,4.489574066106296,test,0.136381,0.1,0.0,4.489574,0.065,0.054275
d5256ad78e38,Data protection,apps:17006/20,2025-02-28,2025-08-31,2026-01-01,0,3,14|3|8,,0,7.941646645648966,test,0.390993,0.3,0.0,7.941647,0.195,0.157562
d5256ad78e38,Data protection,apps:35777/15,2025-02-28,2025-08-31,2026-01-01,0,4,3,,0,6.456299796258326,test,0.797485,0.1,0.0,6.4563,0.065,0.056148
d5256ad78e38,Data protection,apps:37957/14,2025-02-28,2025-08-31,2026-01-01,0,3,34|41|P7-2,,0,7.8915362613576745,test,0.545724,0.3,0.0,7.891536,0.195,0.157514
d5256ad78e38,Data protection,apps:41192/22,2025-02-28,2025-08-31,2026-01-01,0,4,3,,0,8.266814536381032,test,0.960134,0.1,0.0,8.266815,0.065,0.057872
d5256ad78e38,Data protection,apps:33975/21,2025-02-28,2025-08-31,2026-01-01,0,4,3,,0,8.755718227301628,test,0.144076,0.1,0.0,8.755718,0.065,0.058337
d5256ad78e38,Data protection,apps:84056/17,2025-02-28,2025-08-31,2026-01-01,0,3,41|6,,0,5.801583576561477,test,0.677289,0.3,0.0,5.801584,0.195,0.155524
d5256ad78e38,Data protection,apps:59813/19,2025-02-28,2025-08-31,2026-01-01,0,3,14|3|41|8,,0,7.585427279328082,test,0.914169,0.3,0.0,7.585427,0.195,0.157223
d5256ad78e38,Data protection,apps:3524/22,2025-02-28,2025-08-31,2026-01-01,0,4,2,,0,8.992836385517013,test,0.795017,0.1,0.0,8.992836,0.065,0.058563
d5256ad78e38,Data protection,apps:46913/20,2025-02-28,2025-08-31,2026-01-01,0,4,P1-1,,0,17.84506561481547,test,0.729325,0.1,0.0,17.845066,0.065,0.066992
d5256ad78e38,Data protection,apps:15816/20,2025-02-28,2025-08-31,2026-01-01,0,4,9,,0,6.184792412037077,test,0.373131,0.1,0.0,6.184792,0.065,0.055889
d5256ad78e38,Data protection,apps:34012/20,2025-02-28,2025-08-31,2026-01-01,0,3,13|34|35|41|6,,0,6.184792412037077,test,0.949465,0.3,0.0,6.184792,0.195,0.155889
d5256ad78e38,Data protection,apps:24338/21,2025-02-28,2025-08-31,2026-01-01,0,4,35|P1-1,,0,4.071325785388863,test,0.553524,0.1,0.0,4.071326,0.065,0.053877
d5256ad78e38,Data protection,apps:8761/23,2025-02-28,2025-08-31,2026-01-01,0,4,10|13|35|6,,0,4.841826508809335,test,0.55507,0.1,0.0,4.841827,0.065,0.05461
d5256ad78e38,Data protection,apps:13375/18,2025-02-28,2025-08-31,2026-01-01,0,3,35|41|5,,0,5.645085255102707,test,0.123235,0.3,0.0,5.645085,0.195,0.155375
d5256ad78e38,Data protection,apps:42975/19,2025-02-28,2025-08-31,2026-01-01,0,3,5,,0,6.549443228737851,test,0.00503,0.3,0.0,6.549443,0.195,0.156236
d5256ad78e38,Data protection,apps:31687/15,2025-02-28,2025-08-31,2026-01-01,0,4,13|6,,0,6.456299796258326,test,0.596655,0.1,0.0,6.4563,0.065,0.056148
d5256ad78e38,Data protection,apps:15653/22,2025-02-28,2025-08-31,2026-01-01,0,1,10|2|3|34|4|8|P1-1|P1-3,,0,9.655193054013724,test,0.537152,1.0,0.0,9.655193,0.65,0.509194
e19a063de5b3,Immigration,apps:10416/24,2025-02-28,2025-08-31,2025-11-22,0,4,5,,0,3.988996275394896,test,0.946979,0.1,0.0,3.988996,0.065,0.053798
e19a063de5b3,Immigration,apps:14875/23,2025-02-28,2025-08-31,2025-11-22,0,4,3,,0,6.2743631144949035,test,0.304691,0.1,0.0,6.274363,0.065,0.055974
e19a063de5b3,Immigration,apps:278/15,2025-02-28,2025-08-31,2025-11-22,0,4,6,,0,7.950423993299684,test,0.748297,0.1,0.0,7.950424,0.065,0.05757
e19a063de5b3,Immigration,apps:23095/24,2025-02-28,2025-08-31,2025-11-22,0,4,6,,0,6.291026783016683,test,0.903546,0.1,0.0,6.291027,0.065,0.05599
e19a063de5b3,Immigration,apps:56234/16,2025-02-28,2025-08-31,2025-11-22,0,4,6,,0,6.335887220581883,test,0.343852,0.1,0.0,6.335887,0.065,0.056033
e19a063de5b3,Immigration,apps:25321/24,2025-02-28,2025-08-31,2025-11-22,0,4,13|6,,0,7.152289058975661,test,0.412654,0.1,0.0,7.152289,0.065,0.05681
e19a063de5b3,Immigration,apps:22971/19,2025-02-28,2025-08-31,2025-11-22,0,4,3,,0,51.89309465119802,test,0.645932,0.1,0.0,51.893095,0.065,0.099413
e19a063de5b3,Immigration,apps:587/24,2025-02-28,2025-08-31,2025-11-22,0,4,13|3|6,,0,7.152289058975661,test,0.512553,0.1,0.0,7.152289,0.065,0.05681
e19a063de5b3,Immigration,apps:22973/23,2025-02-28,2025-08-31,2025-11-22,0,4,13|3|5,,0,8.801196086935544,test,0.160954,0.1,0.0,8.801196,0.065,0.058381
e19a063de5b3,Immigration,apps:21429/24,2025-02-28,2025-08-31,2025-11-22,0,4,13|6,,0,7.152289058975661,test,0.220788,0.1,0.0,7.152289,0.065,0.05681
e19a063de5b3,Immigration,apps:4735/22,2025-02-28,2025-08-31,2025-11-22,0,4,13|6,,0,6.332435549224102,test,0.834748,0.1,0.0,6.332436,0.065,0.05603
e19a063de5b3,Immigration,apps:46115/20,2025-02-28,2025-08-31,2025-11-22,0,4,13|3|35,,0,2.844680764920397,test,0.194326,0.1,0.0,2.844681,0.065,0.052709
e19a063de5b3,Immigration,apps:38336/21,2025-02-28,2025-08-31,2025-11-22,0,4,5,,0,5.496207821867667,test,0.181358,0.1,0.0,5.496208,0.065,0.055234
e19a063de5b3,Immigration,apps:17006/20,2025-02-28,2025-08-31,2025-11-22,0,3,14|3|8,,0,4.232710717727293,test,0.79966,0.3,0.0,4.232711,0.195,0.15403
e19a063de5b3,Immigration,apps:35777/15,2025-02-28,2025-08-31,2025-11-22,0,4,3,,0,7.950423993299684,test,0.852251,0.1,0.0,7.950424,0.065,0.05757
e19a063de5b3,Immigration,apps:37957/14,2025-02-28,2025-08-31,2025-11-22,0,3,34|41|P7-2,,0,5.836959026720654,test,0.851388,0.3,0.0,5.836959,0.195,0.155558
e19a063de5b3,Immigration,apps:41192/22,2025-02-28,2025-08-31,2025-11-22,0,4,3,,0,6.901145725323438,test,0.93237,0.1,0.0,6.901146,0.065,0.056571
e19a063de5b3,Immigration,apps:33975/21,2025-02-28,2025-08-31,2025-11-22,0,4,3,,0,5.496207821867667,test,0.994313,0.1,0.0,5.496208,0.065,0.055234
e19a063de5b3,Immigration,apps:84056/17,2025-02-28,2025-08-31,2025-11-22,0,3,41|6,,0,7.815353986696764,test,0.461265,0.3,0.0,7.815354,0.195,0.157442
e19a063de5b3,Immigration,apps:59813/19,2025-02-28,2025-08-31,2025-11-22,0,3,14|3|41|8,,0,8.136904207972957,test,0.549665,0.3,0.0,8.136904,0.195,0.157748
e19a063de5b3,Immigration,apps:3524/22,2025-02-28,2025-08-31,2025-11-22,0,4,2,,0,7.064375678892965,test,0.290653,0.1,0.0,7.064376,0.065,0.056727
e19a063de5b3,Immigration,apps:46913/20,2025-02-28,2025-08-31,2025-11-22,0,4,P1-1,,0,7.064375678892965,test,0.067363,0.1,0.0,7.064376,0.065,0.056727
e19a063de5b3,Immigration,apps:15816/20,2025-02-28,2025-08-31,2025-11-22,0,4,9,,0,4.893104846505353,test,0.098202,0.1,0.0,4.893105,0.065,0.054659
e19a063de5b3,Immigration,apps:34012/20,2025-02-28,2025-08-31,2025-11-22,0,3,13|34|35|41|6,,0,2.311347834629963,test,0.725589,0.3,0.0,2.311348,0.195,0.152201
e19a063de5b3,Immigration,apps:24338/21,2025-02-28,2025-08-31,2025-11-22,0,4,35|P1-1,,0,5.974271929080992,test,0.48719,0.1,0.0,5.974272,0.065,0.055689
e19a063de5b3,Immigration,apps:8761/23,2025-02-28,2025-08-31,2025-11-22,0,4,10|13|35|6,,0,6.2743631144949035,test,0.330851,0.1,0.0,6.274363,0.065,0.055974
e19a063de5b3,Immigration,apps:13375/18,2025-02-28,2025-08-31,2025-11-22,0,3,35|41|5,,0,6.541133489233424,test,0.128215,0.3,0.0,6.541133,0.195,0.156229
e19a063de5b3,Immigration,apps:42975/19,2025-02-28,2025-08-31,2025-11-22,0,3,5,,0,5.930967212537414,test,0.655473,0.3,0.0,5.930967,0.195,0.155648
e19a063de5b3,Immigration,apps:31687/15,2025-02-28,2025-08-31,2025-11-22,0,4,13|6,,0,7.950423993299684,test,0.100045,0.1,0.0,7.950424,0.065,0.05757
e19a063de5b3,Immigration,apps:15653/22,2025-02-28,2025-08-31,2025-11-22,0,1,10|2|3|34|4|8|P1-1|P1-3,,0,8.746722230874603,test,0.619516,1.0,0.0,8.746722,0.65,0.508329
e8704f851a2b,Article 15,apps:10416/24,2025-02-28,2025-08-31,2025-11-25,0,4,5,15,0,2.221160759787005,test,0.900119,0.1,0.0,2.221161,0.065,0.052115
e8704f851a2b,Article 15,apps:14875/23,2025-02-28,2025-08-31,2025-11-25,0,4,3,15,0,2.115203344972599,test,0.317786,0.1,0.0,2.115203,0.065,0.052014
e8704f851a2b,Article 15,apps:278/15,2025-02-28,2025-08-31,2025-11-25,0,4,6,15,0,2.5216112657590197,test,0.450646,0.1,0.0,2.521611,0.065,0.052401
e8704f851a2b,Article 15,apps:23095/24,2025-02-28,2025-08-31,2025-11-25,0,4,6,15,0,1.3641146635202077,test,0.616342,0.1,0.0,1.364115,0.065,0.051299
e8704f851a2b,Article 15,apps:56234/16,2025-02-28,2025-08-31,2025-11-25,0,4,6,15,0,2.590764332427215,test,0.305675,0.1,0.0,2.590764,0.065,0.052467
e8704f851a2b,Article 15,apps:25321/24,2025-02-28,2025-08-31,2025-11-25,0,4,13|6,15,0,2.8764047992555395,test,0.58417,0.1,0.0,2.876405,0.065,0.052739
e8704f851a2b,Article 15,apps:22971/19,2025-02-28,2025-08-31,2025-11-25,0,4,3,15,0,4.648817073176066,test,0.565552,0.1,0.0,4.648817,0.065,0.054427
e8704f851a2b,Article 15,apps:587/24,2025-02-28,2025-08-31,2025-11-25,0,4,13|3|6,15,0,2.8764047992555395,test,0.364493,0.1,0.0,2.876405,0.065,0.052739
e8704f851a2b,Article 15,apps:22973/23,2025-02-28,2025-08-31,2025-11-25,0,4,13|3|5,15,0,2.8764047992555395,test,0.316333,0.1,0.0,2.876405,0.065,0.052739
e8704f851a2b,Article 15,apps:21429/24,2025-02-28,2025-08-31,2025-11-25,0,4,13|6,15,0,2.8764047992555395,test,0.428307,0.1,0.0,2.876405,0.065,0.052739
e8704f851a2b,Article 15,apps:4735/22,2025-02-28,2025-08-31,2025-11-25,0,4,13|6,15,0,2.590764332427215,test,0.004832,0.1,0.0,2.590764,0.065,0.052467
e8704f851a2b,Article 15,apps:46115/20,2025-02-28,2025-08-31,2025-11-25,0,4,13|3|35,15,0,1.3765356452772342,test,0.246175,0.1,0.0,1.376536,0.065,0.051311
e8704f851a2b,Article 15,apps:38336/21,2025-02-28,2025-08-31,2025-11-25,0,4,5,15,0,0.49774338059637074,test,0.221526,0.1,0.0,0.497743,0.065,0.050474
e8704f851a2b,Article 15,apps:17006/20,2025-02-28,2025-08-31,2025-11-25,0,3,14|3|8,15,0,1.7955304559666818,test,0.739816,0.3,0.0,1.79553,0.195,0.15171
e8704f851a2b,Article 15,apps:35777/15,2025-02-28,2025-08-31,2025-11-25,0,4,3,15,0,2.6889908870279213,test,0.436124,0.1,0.0,2.688991,0.065,0.05256
e8704f851a2b,Article 15,apps:37957/14,2025-02-28,2025-08-31,2025-11-25,0,3,34|41|P7-2,15,0,1.229471117883576,test,0.84011,0.3,0.0,1.229471,0.195,0.151171
e8704f851a2b,Article 15,apps:41192/22,2025-02-28,2025-08-31,2025-11-25,0,4,3,15,0,2.221160759787005,test,0.134306,0.1,0.0,2.221161,0.065,0.052115
e8704f851a2b,Article 15,apps:33975/21,2025-02-28,2025-08-31,2025-11-25,0,4,3,15,0,0.49774338059637074,test,0.732973,0.1,0.0,0.497743,0.065,0.050474
e8704f851a2b,Article 15,apps:84056/17,2025-02-28,2025-08-31,2025-11-25,0,3,41|6,15,0,0.9910771180546347,test,0.877886,0.3,0.0,0.991077,0.195,0.150944
e8704f851a2b,Article 15,apps:59813/19,2025-02-28,2025-08-31,2025-11-25,0,3,14|3|41|8,15,0,2.7044021459832788,test,0.462848,0.3,0.0,2.704402,0.195,0.152575
e8704f851a2b,Article 15,apps:3524/22,2025-02-28,2025-08-31,2025-11-25,0,4,2,15,0,2.8764047992555395,test,0.358742,0.1,0.0,2.876405,0.065,0.052739
e8704f851a2b,Article 15,apps:46913/20,2025-02-28,2025-08-31,2025-11-25,0,4,P1-1,15,0,2.8764047992555395,test,0.305472,0.1,0.0,2.876405,0.065,0.052739
e8704f851a2b,Article 15,apps:15816/20,2025-02-28,2025-08-31,2025-11-25,0,4,9,15,0,0.49774338059637074,test,0.551672,0.1,0.0,0.497743,0.065,0.050474
e8704f851a2b,Article 15,apps:34012/20,2025-02-28,2025-08-31,2025-11-25,0,3,13|34|35|41|6,15,0,1.229471117883576,test,0.17577,0.3,0.0,1.229471,0.195,0.151171
e8704f851a2b,Article 15,apps:24338/21,2025-02-28,2025-08-31,2025-11-25,0,4,35|P1-1,15,0,0.49774338059637074,test,0.606628,0.1,0.0,0.497743,0.065,0.050474
e8704f851a2b,Article 15,apps:8761/23,2025-02-28,2025-08-31,2025-11-25,0,4,10|13|35|6,15,0,0.49774338059637074,test,0.841793,0.1,0.0,0.497743,0.065,0.050474
e8704f851a2b,Article 15,apps:13375/18,2025-02-28,2025-08-31,2025-11-25,0,3,35|41|5,15,0,0.49774338059637074,test,0.858714,0.3,0.0,0.497743,0.195,0.150474
e8704f851a2b,Article 15,apps:42975/19,2025-02-28,2025-08-31,2025-11-25,0,3,5,15,0,2.221160759787005,test,0.140002,0.3,0.0,2.221161,0.195,0.152115
e8704f851a2b,Article 15,apps:31687/15,2025-02-28,2025-08-31,2025-11-25,0,4,13|6,15,0,1.6358790386699966,test,0.538618,0.1,0.0,1.635879,0.065,0.051558
e8704f851a2b,Article 15,apps:15653/22,2025-02-28,2025-08-31,2025-11-25,0,1,10|2|3|34|4|8|P1-1|P1-3,15,0,2.8188222165614825,test,0.263235,1.0,0.0,2.818822,0.65,0.502684
