guide_id,guide_title,from_snapshot_date,to_snapshot_date,from_guide_version_date,to_guide_version_date,case_key,case_name,application_numbers,hudoc_itemid,hudoc_importance_level,hudoc_doctype,hudoc_conclusion,convention_articles,judgment_year,label,negative_reason,resolved_case_key,delayed_positive,right_censored,audit_flag,negative_type
154b01c3289a,Article 34/35,2023-06-27,2023-10-27,2022-08-31,2023-02-28,apps:48393/12,ABAZI v. ALBANIA,48393/12,001-223829,4,HEDEC,Inadmissible,6|6-1|6-3-c|6-3-d|35,2023,negative,published_in_window_not_added_to_guide,apps:48393/12,false,false,clean,easy
154b01c3289a,Article 34/35,2023-06-27,2023-10-27,2022-08-31,2023-02-28,apps:40796/19,AKKURT v. TÜRKİYE,40796/19,001-223826,4,HEDEC,Inadmissible,8|35,2023,negative,published_in_window_not_added_to_guide,apps:40796/19,false,false,clean,easy
154b01c3289a,Article 34/35,2023-06-27,2023-10-27,2022-08-31,2023-02-28,apps:52051/17,ATEŞ AND OTHERS v. TÜRKİYE,52051/17|52053/17|52054/17,001-224035,4,HEDEC,Inadmissible,11|35,2023,negative,published_in_window_not_added_to_guide,apps:52051/17,false,false,clean,easy
154b01c3289a,Article 34/35,2023-06-27,2023-10-27,2022-08-31,2023-02-28,apps:39200/16,BENZIANE v. GREECE,39200/16,001-223830,4,HEDEC,Inadmissible,8|35,2023,negative,published_in_window_not_added_to_guide,apps:39200/16,false,false,clean,easy
154b01c3289a,Article 34/35,2023-06-27,2023-10-27,2022-08-31,2023-02-28,apps:4746/16,BRNABIĆ v. CROATIA,4746/16,001-223824,4,HEDEC,Inadmissible,P1-1|35,2023,negative,published_in_window_not_added_to_guide,apps:4746/16,false,false,clean,easy
154b01c3289a,Article 34/35,2023-06-27,2023-10-27,2022-08-31,2023-02-28,apps:911/16,CĂPĂŢÎNĂ v. ROMANIA,911/16,001-223271,3,HEJUD,No violation of Article 1 of Protocol No. 1 - Protection of property (Article 1 para. 1 of Protocol No. 1 - Peaceful enjoyment of possessions;Article 1 para. 2 of Protocol No. 1 - Control of the use of property),P1-1|P1-1-1|P1-1-2,2023,negative,published_in_window_not_added_to_guide,apps:911/16,false,false,clean,easy
154b01c3289a,Article 34/35,2023-06-27,2023-10-27,2022-08-31,2023-02-28,apps:14166/19,STOENESCU v. ROMANIA,14166/19,001-223272,4,HEJUD,No violation of Article 6 - Right to a fair trial (Article 6 - Civil proceedings;Article 6-1 - Fair hearing),6|6-1,2023,negative,published_in_window_not_added_to_guide,apps:14166/19,false,false,clean,easy
154b01c3289a,Article 34/35,2023-06-27,2023-10-27,2022-08-31,2023-02-28,apps:26605/19,HALLAÇOĞLU v. TÜRKİYE,26605/19,001-223825,4,HEDEC,Inadmissible,8|35,2023,negative,published_in_window_not_added_to_guide,apps:26605/19,false,false,clean,easy
154b01c3289a,Article 34/35,2023-06-27,2023-10-27,2022-08-31,2023-02-28,apps:54155/21,HANSEN v. DENMARK,54155/21,001-223836,4,HEDEC,Inadmissible,5|5-1|5-4|35,2023,negative,published_in_window_not_added_to_guide,apps:54155/21,false,false,clean,easy
154b01c3289a,Article 34/35,2023-06-27,2023-10-27,2022-08-31,2023-02-28,apps:40734/22,KALIŇÁK AND FICO v. SLOVAKIA,40734/22|40803/22,001-223822,4,HEDEC,Inadmissible,6|6-1|6-3-c|13|35,2023,negative,published_in_window_not_added_to_guide,apps:40734/22,false,false,clean,easy
154b01c3289a,Article 34/35,2023-06-27,2023-10-27,2022-08-31,2023-02-28,apps:66614/10,KOHEN AND OTHERS v. TÜRKİYE,66614/10|66656/10|66659/10,001-224034,4,HEDEC,Inadmissible,6|35,2023,negative,published_in_window_not_added_to_guide,apps:66614/10,false,false,clean,easy
154b01c3289a,Article 34/35,2023-06-27,2023-10-27,2022-08-31,2023-02-28,apps:22916/20,KOŞUM v. TÜRKİYE,22916/20,001-223827,4,HEDEC,Inadmissible,10|35,2023,negative,published_in_window_not_added_to_guide,apps:22916/20,false,false,clean,easy
154b01c3289a,Article 34/35,2023-06-27,2023-10-27,2022-08-31,2023-02-28,apps:55082/19,LEPASAAR AND SMIGELSKITE v. ESTONIA,55082/19|55095/19,001-224037,4,HEDEC,Inadmissible,13|P1-1|35,2023,negative,published_in_window_not_added_to_guide,apps:55082/19,false,false,clean,easy
154b01c3289a,Article 34/35,2023-06-27,2023-10-27,2022-08-31,2023-02-28,apps:80857/17,MITOV AND OTHERS v. BULGARIA,80857/17,001-223828,3,HEDEC,Inadmissible (Art. 35) Admissibility criteria;(Art. 35-3-a) Ratione materiae,6|6-1|10|10-1|35|35-3-a,2023,negative,published_in_window_not_added_to_guide,apps:80857/17,false,false,clean,easy
154b01c3289a,Article 34/35,2023-06-27,2023-10-27,2022-08-31,2023-02-28,apps:58367/18,P.V. AND LAVOS v. PORTUGAL,58367/18,001-223833,4,HEDEC,Inadmissible,6|P1-1|35,2023,negative,published_in_window_not_added_to_guide,apps:58367/18,false,false,clean,easy
154b01c3289a,Article 34/35,2023-06-27,2023-10-27,2022-08-31,2023-02-28,apps:35527/19,TEKMENÜRAY AND İNCEDERE v. TÜRKİYE,35527/19|16853/20,001-224036,4,HEDEC,Inadmissible,10|35,2023,negative,published_in_window_not_added_to_guide,apps:35527/19,false,false,clean,easy
154b01c3289a,Article 34/35,2023-06-27,2023-10-27,2022-08-31,2023-02-28,apps:44312/19,TUTUNDŽIĆ v. BOSNIA AND HERZEGOVINA,44312/19,001-223834,4,HEDEC,Inadmissible,6|6-1|35,2023,negative,published_in_window_not_added_to_guide,apps:44312/19,false,false,clean,easy
154b01c3289a,Article 34/35,2023-06-27,2023-10-27,2022-08-31,2023-02-28,apps:26750/16,WIERZBICKA v. POLAND,26750/16,001-223821,4,HEDEC,Inadmissible,6|6-1|35,2023,negative,published_in_window_not_added_to_guide,apps:26750/16,false,false,clean,easy
154b01c3289a,Article 34/35,2023-06-27,2023-10-27,2022-08-31,2023-02-28,apps:18555/15,BASHIRLI AND OTHERS v. AZERBAIJAN,18555/15|34068/15,001-223101,4,HEJUD,Violation of Article 11 - Freedom of assembly and association (Article 11-1 - Freedom of association),11|11-1,2023,negative,published_in_window_not_added_to_guide,apps:18555/15,false,false,clean,easy
154b01c3289a,Article 34/35,2023-06-27,2023-10-27,2022-08-31,2023-02-28,apps:79522/13,BAYRAMOV AND IMANOV v. AZERBAIJAN,79522/13,001-223100,4,HEJUD,Violation of Article 11 - Freedom of assembly and association (Article 11-1 - Freedom of association);Violation of Article 34 - Individual applications (Article 34 - Hinder the exercise of the right of application),11|11-1|34,2023,negative,published_in_window_not_added_to_guide,apps:79522/13,false,false,clean,easy
154b01c3289a,Article 34/35,2023-06-27,2023-10-27,2022-08-31,2023-02-28,apps:21325/16,DSHIJRI v. HUNGARY,21325/16,001-223103,4,HEJUD,Violation of Article 5 - Right to liberty and security (Article 5-1 - Lawful arrest or detention),5|5-1,2023,negative,published_in_window_not_added_to_guide,apps:21325/16,false,false,clean,easy
154b01c3289a,Article 34/35,2023-06-27,2023-10-27,2022-08-31,2023-02-28,apps:41995/15,IMRANOVA AND AHMADOVA v. AZERBAIJAN,41995/15,001-223102,4,HEJUD,Violation of Article 11 - Freedom of assembly and association (Article 11-1 - Freedom of association),11|11-1,2023,negative,published_in_window_not_added_to_guide,apps:41995/15,false,false,clean,easy
154b01c3289a,Article 34/35,2023-06-27,2023-10-27,2022-08-31,2023-02-28,apps:73088/13,MAHMUDOV AND OTHERS v. AZERBAIJAN,73088/13|47154/14,001-223099,4,HEJUD,Violation of Article 11 - Freedom of assembly and association (Article 11-1 - Freedom of association);Violation of Article 34 - Individual applications (Article 34 - Hinder the exercise of the right of application),11|11-1|34,2023,negative,published_in_window_not_added_to_guide,apps:73088/13,false,false,clean,easy
154b01c3289a,Article 34/35,2023-06-27,2023-10-27,2022-08-31,2023-02-28,apps:22323/16,RUSTAMZADE v. AZERBAIJAN (No. 2),22323/16,001-223104,4,HEJUD,Violation of Article 6 - Right to a fair trial (Article 6 - Criminal proceedings;Article 6-1 - Fair hearing);Violation of Article 10 - Freedom of expression-{general} (Article 10-1 - Freedom of expression),6|6-1|10|10-1|10-2,2023,negative,published_in_window_not_added_to_guide,apps:22323/16,false,false,clean,easy
154b01c3289a,Article 34/35,2023-06-27,2023-10-27,2022-08-31,2023-02-28,apps:43237/13,CATANĂ v. THE REPUBLIC OF MOLDOVA,43237/13,001-223360,3,HEJUD,Violation of Article 6 - Right to a fair trial (Article 6 - Civil proceedings;Article 6-1 - Impartial tribunal;Independent tribunal);Non-pecuniary damage - award (Article 41 - Non-pecuniary damage;Just satisfaction),6|6-1|41,2023,negative,published_in_window_not_added_to_guide,apps:43237/13,false,false,clean,easy
154b01c3289a,Article 34/35,2023-06-27,2023-10-27,2022-08-31,2023-02-28,apps:16205/21,G.K. v. CYPRUS,16205/21,001-223107,3,HEJUD,No violation of Article 8 - Right to respect for private and family life (Article 8-1 - Respect for family life),8|8-1|8-2,2023,negative,published_in_window_not_added_to_guide,apps:16205/21,false,false,clean,easy
154b01c3289a,Article 34/35,2023-06-27,2023-10-27,2022-08-31,2023-02-28,apps:52048/16,HYSA v. ALBANIA,52048/16,001-223106,3,HEJUD,Preliminary objection dismissed (Article 37-1 - Striking out applications);Violation of Article 5 - Right to liberty and security (Article 5-3 - Reasonableness of pre-trial detention);Pecuniary damage - claim dismissed (Article 41 - Pecuniary damage;Just satisfaction);Non-pecuniary damage - award (Article 41 - Non-pecuniary damage;Just satisfaction),37|37-1|5|5-3|41,2023,negative,published_in_window_not_added_to_guide,apps:52048/16,false,false,clean,easy
154b01c3289a,Article 34/35,2023-06-27,2023-10-27,2022-08-31,2023-02-28,apps:57916/16,HUBERT NOWAK v. POLAND,57916/16,001-223024,3,HEJUD,Preliminary objection joined to merits and dismissed (Art. 35) Admissibility criteria;(Art. 35-1) Exhaustion of domestic remedies;No violation of Article 2 - Right to life (Article 2 - Positive obligations;Article 2-1 - Life) (Substantive aspect);Violation of Article 2 - Right to life (Article 2-1 - Effective investigation) (Procedural aspect);Non-pecuniary damage - award (Article 41 - Non-pecuniary damage;Just satisfaction),35|35-1|2|2-1|41,2023,negative,published_in_window_not_added_to_guide,apps:57916/16,false,false,clean,easy
154b01c3289a,Article 34/35,2023-06-27,2023-10-27,2022-08-31,2023-02-28,apps:32380/13,IBRAHIMBEYOV AND OTHERS v. AZERBAIJAN,32380/13,001-223021,3,HEJUD,No violation of Article 1 of Protocol No. 1 - Protection of property (Article 1 para. 1 of Protocol No. 1 - Deprivation of property;Possessions),P1-1|P1-1-1,2023,negative,published_in_window_not_added_to_guide,apps:32380/13,false,false,clean,easy
154b01c3289a,Article 34/35,2023-06-27,2023-10-27,2022-08-31,2023-02-28,apps:59462/14,IMRANOVA AND OTHERS v. AZERBAIJAN,59462/14|74254/14|74275/14|74299/14|74333/14|74363/14|74448/14|74454/14|74481/14|74528/14|74553/14|74559/14|74573/14|74589/14|74622/14|77326/14|55353/15|58938/15,001-223022,4,HEJUD,Violation of Article 1 of Protocol No. 1 - Protection of property (Article 1 para. 1 of Protocol No. 1 - Peaceful enjoyment of possessions),P1-1|P1-1-1,2023,negative,published_in_window_not_added_to_guide,apps:59462/14,false,false,clean,easy
0a61f8f7ceb0,Rights of LGBTI persons,2023-09-23,2024-04-05,2023-02-28,2023-08-31,apps:32891/22,A.N. v. SWEDEN,32891/22,001-227779,4,HEDEC,Struck out of the list,3|37|37-1,2023,negative,published_in_window_not_added_to_guide,apps:32891/22,false,false,clean,easy
0a61f8f7ceb0,Rights of LGBTI persons,2023-09-23,2024-04-05,2023-02-28,2023-08-31,apps:44328/18,ALVES FERREIRA AND OTHERS v. PORTUGAL,44328/18|25234/21,001-227818,4,HEDEC,Struck out of the list,6|6-1|13|39,2023,negative,published_in_window_not_added_to_guide,apps:44328/18,false,false,clean,easy
0a61f8f7ceb0,Rights of LGBTI persons,2023-09-23,2024-04-05,2023-02-28,2023-08-31,apps:50568/11,ART GRUP-TRANS S.R.L. v. THE REPUBLIC OF MOLDOVA,50568/11,001-227869,4,HEDEC,Struck out of the list,6|6-1|37|37-1|P1-1,2023,negative,published_in_window_not_added_to_guide,apps:50568/11,false,false,clean,easy
0a61f8f7ceb0,Rights of LGBTI persons,2023-09-23,2024-04-05,2023-02-28,2023-08-31,apps:40990/18,ASHUROV AND OTHERS v. AZERBAIJAN,40990/18|58593/18|39249/19|7329/20|22149/20|4219/21|18328/22|32529/22,001-227862,4,HEDEC,Struck out of the list,6|5|37|37-1,2023,negative,published_in_window_not_added_to_guide,apps:40990/18,false,false,clean,easy
0a61f8f7ceb0,Rights of LGBTI persons,2023-09-23,2024-04-05,2023-02-28,2023-08-31,apps:19071/18,BABAYEV AND OTHERS v. AZERBAIJAN,19071/18|23274/18|55883/18|55897/18|7801/19|15748/19|20048/19|27365/19|27430/19|27632/19|28181/19|33330/19|35515/19|35553/19|36085/19|36285/19|36317/19|44224/20|4174/21|4488/21|27579/21,001-227858,4,HEDEC,Struck out of the list,6|37|37-1,2023,negative,published_in_window_not_added_to_guide,apps:19071/18,false,false,clean,easy
0a61f8f7ceb0,Rights of LGBTI persons,2023-09-23,2024-04-05,2023-02-28,2023-08-31,apps:57180/16,BALOGH AND OTHERS v. ROMANIA,57180/16|79130/16|2427/17,001-227814,4,HEDEC,Struck out of the list,3|37|37-1,2023,negative,published_in_window_not_added_to_guide,apps:57180/16,false,false,clean,easy
0a61f8f7ceb0,Rights of LGBTI persons,2023-09-23,2024-04-05,2023-02-28,2023-08-31,apps:23972/22,BRUNO AND OTHERS v. ITALY,23972/22,001-227772,4,HEDEC,Struck out of the list,P1-1|6|37|37-1,2023,negative,published_in_window_not_added_to_guide,apps:23972/22,false,false,clean,easy
0a61f8f7ceb0,Rights of LGBTI persons,2023-09-23,2024-04-05,2023-02-28,2023-08-31,apps:28227/18,BUSUIOC AND GROSU v. ROMANIA,28227/18|30685/18,001-227817,4,HEDEC,Inadmissible,3|35,2023,negative,published_in_window_not_added_to_guide,apps:28227/18,false,false,clean,easy
0a61f8f7ceb0,Rights of LGBTI persons,2023-09-23,2024-04-05,2023-02-28,2023-08-31,apps:37706/17,BAGIROVA AND OTHERS v. AZERBAIJAN,37706/17|47835/17|59194/17|73757/17|75028/17|753/18,001-226389,3,HEJUD,Remainder inadmissible (Art. 35) Admissibility criteria;(Art. 35-3-a) Ratione materiae;Violation of Article 1 of Protocol No. 1 - Protection of property (Article 1 para. 1 of Protocol No. 1 - Deprivation of property;Peaceful enjoyment of possessions);Just satisfaction reserved (Article 41 - Non-pecuniary damage;Pecuniary damage;Just satisfaction),35|35-3-a|P1-1|P1-1-1|41,2023,negative,published_in_window_not_added_to_guide,apps:37706/17,false,false,clean,easy
0a61f8f7ceb0,Rights of LGBTI persons,2023-09-23,2024-04-05,2023-02-28,2023-08-31,apps:2371/11,BORISOV v. UKRAINE,2371/11,001-226058,4,HEJUD,Pecuniary damage - award (Article 41 - Pecuniary damage;Just satisfaction),41,2023,negative,published_in_window_not_added_to_guide,apps:2371/11,false,false,clean,easy
0a61f8f7ceb0,Rights of LGBTI persons,2023-09-23,2024-04-05,2023-02-28,2023-08-31,apps:47196/21,C v. ITALY,47196/21,001-226488,3,HEJUD,Violation of Article 8 - Right to respect for private and family life (Article 8 - Positive obligations;Article 8-1 - Respect for private life);No violation of Article 8 - Right to respect for private and family life (Article 8-1 - Respect for family life;Respect for private life);Pecuniary damage - claim dismissed (Article 41 - Pecuniary damage;Just satisfaction);Non-pecuniary damage - award (Article 41 - Non-pecuniary damage;Just satisfaction),8|8-1|41,2023,negative,published_in_window_not_added_to_guide,apps:47196/21,false,false,clean,easy
0a61f8f7ceb0,Rights of LGBTI persons,2023-09-23,2024-04-05,2023-02-28,2023-08-31,apps:51424/08,GULIYEVA v. AZERBAIJAN,51424/08,001-226459,4,HEJUD,Pecuniary and non-pecuniary damage - award (Article 41 - Non-pecuniary damage;Pecuniary damage;Just satisfaction),41,2023,negative,published_in_window_not_added_to_guide,apps:51424/08,false,false,clean,easy
0a61f8f7ceb0,Rights of LGBTI persons,2023-09-23,2024-04-05,2023-02-28,2023-08-31,apps:70583/17,M.A. v. ITALY,70583/17,001-226390,3,HEJUD,Remainder inadmissible (Art. 35) Admissibility criteria;(Art. 35-3-a) Manifestly ill-founded;Violation of Article 3 - Prohibition of torture (Article 3 - Inhuman treatment) (Substantive aspect);Non-pecuniary damage - award (Article 41 - Non-pecuniary damage;Just satisfaction),35|35-3-a|3|41,2023,negative,published_in_window_not_added_to_guide,apps:70583/17,false,false,clean,easy
0a61f8f7ceb0,Rights of LGBTI persons,2023-09-23,2024-04-05,2023-02-28,2023-08-31,apps:56669/18,OKSUZOGLU v. UKRAINE,56669/18,001-226060,4,HEJUD,Violation of Article 8 - Right to respect for private and family life (Article 8-1 - Respect for family life),8|8-1,2023,negative,published_in_window_not_added_to_guide,apps:56669/18,false,false,clean,easy
0a61f8f7ceb0,Rights of LGBTI persons,2023-09-23,2024-04-05,2023-02-28,2023-08-31,apps:71304/16,SHALA v. ITALY,71304/16,001-226388,4,HEJUD,Violation of Article 6 - Right to a fair trial (Article 6 - Criminal proceedings;Article 6-1 - Fair hearing),6|6-1,2023,negative,published_in_window_not_added_to_guide,apps:71304/16,false,false,clean,easy
0a61f8f7ceb0,Rights of LGBTI persons,2023-09-23,2024-04-05,2023-02-28,2023-08-31,apps:57752/21,X v. SLOVAKIA,57752/21,001-226061,4,HEJUD,Violation of Article 8 - Right to respect for private and family life (Article 8-1 - Respect for family life),8|8-1,2023,negative,published_in_window_not_added_to_guide,apps:57752/21,false,false,clean,easy
0a61f8f7ceb0,Rights of LGBTI persons,2023-09-23,2024-04-05,2023-02-28,2023-08-31,apps:36257/21,CHICOŞ v. ROMANIA,36257/21,001-227836,4,HEDEC,Struck out of the list,8|37|37-1,2023,negative,published_in_window_not_added_to_guide,apps:36257/21,false,false,clean,easy
0a61f8f7ceb0,Rights of LGBTI persons,2023-09-23,2024-04-05,2023-02-28,2023-08-31,apps:49670/16,COZAC AND CRISTEA v. ROMANIA,49670/16|19611/19,001-227812,4,HEDEC,Struck out of the list,3|39,2023,negative,published_in_window_not_added_to_guide,apps:49670/16,false,false,clean,easy
0a61f8f7ceb0,Rights of LGBTI persons,2023-09-23,2024-04-05,2023-02-28,2023-08-31,apps:41253/19,DELİBAŞ AND İLHAN v. TÜRKİYE,41253/19|51638/19,001-227828,4,HEDEC,Struck out of the list,6|6-1|39,2023,negative,published_in_window_not_added_to_guide,apps:41253/19,false,false,clean,easy
0a61f8f7ceb0,Rights of LGBTI persons,2023-09-23,2024-04-05,2023-02-28,2023-08-31,apps:38609/15,DINU AND COROI v. ROMANIA,38609/15|71101/17,001-227810,4,HEDEC,Inadmissible,3|35,2023,negative,published_in_window_not_added_to_guide,apps:38609/15,false,false,clean,easy
0a61f8f7ceb0,Rights of LGBTI persons,2023-09-23,2024-04-05,2023-02-28,2023-08-31,apps:50622/21,FATORIĆ BERTOVIĆ v. CROATIA,50622/21,001-227824,4,HEDEC,Struck out of the list,6|6-1|37|37-1,2023,negative,published_in_window_not_added_to_guide,apps:50622/21,false,false,clean,easy
0a61f8f7ceb0,Rights of LGBTI persons,2023-09-23,2024-04-05,2023-02-28,2023-08-31,apps:19812/18,FERREIRA ESTEVAM v. PORTUGAL,19812/18,001-227834,4,HEDEC,Struck out of the list,5|5-4|39,2023,negative,published_in_window_not_added_to_guide,apps:19812/18,false,false,clean,easy
0a61f8f7ceb0,Rights of LGBTI persons,2023-09-23,2024-04-05,2023-02-28,2023-08-31,apps:30196/17,GENERAL CLINIC LYSIMACHOS GRIGOR. SARAFIANOS S.A. AND OTHERS v. GREECE,30196/17,001-227830,4,HEDEC,Struck out of the list,6|6-1|37|37-1,2023,negative,published_in_window_not_added_to_guide,apps:30196/17,false,false,clean,easy
0a61f8f7ceb0,Rights of LGBTI persons,2023-09-23,2024-04-05,2023-02-28,2023-08-31,apps:38066/16,GÎTLAN v. ROMANIA,38066/16,001-227832,4,HEDEC,Inadmissible,3|35,2023,negative,published_in_window_not_added_to_guide,apps:38066/16,false,false,clean,easy
0a61f8f7ceb0,Rights of LGBTI persons,2023-09-23,2024-04-05,2023-02-28,2023-08-31,apps:49720/16,GROSU AND OTHERS v. ROMANIA,49720/16|59247/16|61086/16|10541/17|11636/17|15323/17|15327/17|20862/17,001-227813,4,HEDEC,Inadmissible,3|35,2023,negative,published_in_window_not_added_to_guide,apps:49720/16,false,false,clean,easy
0a61f8f7ceb0,Rights of LGBTI persons,2023-09-23,2024-04-05,2023-02-28,2023-08-31,apps:10867/18,HETEȘ-PEȘTEAN v. ROMANIA,10867/18,001-227833,4,HEDEC,Struck out of the list,3|39,2023,negative,published_in_window_not_added_to_guide,apps:10867/18,false,false,clean,easy
0a61f8f7ceb0,Rights of LGBTI persons,2023-09-23,2024-04-05,2023-02-28,2023-08-31,apps:36983/22,JAKŠIĆ v. CROATIA,36983/22,001-227826,4,HEDEC,Struck out of the list,6|6-1|37|37-1,2023,negative,published_in_window_not_added_to_guide,apps:36983/22,false,false,clean,easy
0a61f8f7ceb0,Rights of LGBTI persons,2023-09-23,2024-04-05,2023-02-28,2023-08-31,apps:76865/17,KĻAVIŅŠ v. LATVIA,76865/17,001-227821,4,HEDEC,Struck out of the list,6|6-1|37|37-1,2023,negative,published_in_window_not_added_to_guide,apps:76865/17,false,false,clean,easy
0a61f8f7ceb0,Rights of LGBTI persons,2023-09-23,2024-04-05,2023-02-28,2023-08-31,apps:27901/07,LAZELLARI AND OTHERS v. ALBANIA,27901/07|47108/08|1490/10|5753/15,001-227831,4,HEDEC,Struck out of the list,6|13|P1-1|37|37-1,2023,negative,published_in_window_not_added_to_guide,apps:27901/07,false,false,clean,easy
0a61f8f7ceb0,Rights of LGBTI persons,2023-09-23,2024-04-05,2023-02-28,2023-08-31,apps:21391/18,LOJODICE v. ITALY,21391/18,001-227762,4,HEDEC,Struck out of the list,6|6-1|39,2023,negative,published_in_window_not_added_to_guide,apps:21391/18,false,false,clean,easy
0faa41c7c031,Article 18,2023-09-23,2024-02-17,2023-02-28,2023-08-31,apps:32891/22,A.N. v. SWEDEN,32891/22,001-227779,4,HEDEC,Struck out of the list,3|37|37-1,2023,negative,published_in_window_not_added_to_guide,apps:32891/22,false,false,clean,easy
0faa41c7c031,Article 18,2023-09-23,2024-02-17,2023-02-28,2023-08-31,apps:44328/18,ALVES FERREIRA AND OTHERS v. PORTUGAL,44328/18|25234/21,001-227818,4,HEDEC,Struck out of the list,6|6-1|13|39,2023,negative,published_in_window_not_added_to_guide,apps:44328/18,false,false,clean,easy
0faa41c7c031,Article 18,2023-09-23,2024-02-17,2023-02-28,2023-08-31,apps:50568/11,ART GRUP-TRANS S.R.L. v. THE REPUBLIC OF MOLDOVA,50568/11,001-227869,4,HEDEC,Struck out of the list,6|6-1|37|37-1|P1-1,2023,negative,published_in_window_not_added_to_guide,apps:50568/11,false,false,clean,easy
0faa41c7c031,Article 18,2023-09-23,2024-02-17,2023-02-28,2023-08-31,apps:40990/18,ASHUROV AND OTHERS v. AZERBAIJAN,40990/18|58593/18|39249/19|7329/20|22149/20|4219/21|18328/22|32529/22,001-227862,4,HEDEC,Struck out of the list,6|5|37|37-1,2023,negative,published_in_window_not_added_to_guide,apps:40990/18,false,false,clean,easy
0faa41c7c031,Article 18,2023-09-23,2024-02-17,2023-02-28,2023-08-31,apps:19071/18,BABAYEV AND OTHERS v. AZERBAIJAN,19071/18|23274/18|55883/18|55897/18|7801/19|15748/19|20048/19|27365/19|27430/19|27632/19|28181/19|33330/19|35515/19|35553/19|36085/19|36285/19|36317/19|44224/20|4174/21|4488/21|27579/21,001-227858,4,HEDEC,Struck out of the list,6|37|37-1,2023,negative,published_in_window_not_added_to_guide,apps:19071/18,false,false,clean,easy
0faa41c7c031,Article 18,2023-09-23,2024-02-17,2023-02-28,2023-08-31,apps:57180/16,BALOGH AND OTHERS v. ROMANIA,57180/16|79130/16|2427/17,001-227814,4,HEDEC,Struck out of the list,3|37|37-1,2023,negative,published_in_window_not_added_to_guide,apps:57180/16,false,false,clean,easy
0faa41c7c031,Article 18,2023-09-23,2024-02-17,2023-02-28,2023-08-31,apps:23972/22,BRUNO AND OTHERS v. ITALY,23972/22,001-227772,4,HEDEC,Struck out of the list,P1-1|6|37|37-1,2023,negative,published_in_window_not_added_to_guide,apps:23972/22,false,false,clean,easy
0faa41c7c031,Article 18,2023-09-23,2024-02-17,2023-02-28,2023-08-31,apps:28227/18,BUSUIOC AND GROSU v. ROMANIA,28227/18|30685/18,001-227817,4,HEDEC,Inadmissible,3|35,2023,negative,published_in_window_not_added_to_guide,apps:28227/18,false,false,clean,easy
0faa41c7c031,Article 18,2023-09-23,2024-02-17,2023-02-28,2023-08-31,apps:37706/17,BAGIROVA AND OTHERS v. AZERBAIJAN,37706/17|47835/17|59194/17|73757/17|75028/17|753/18,001-226389,3,HEJUD,Remainder inadmissible (Art. 35) Admissibility criteria;(Art. 35-3-a) Ratione materiae;Violation of Article 1 of Protocol No. 1 - Protection of property (Article 1 para. 1 of Protocol No. 1 - Deprivation of property;Peaceful enjoyment of possessions);Just satisfaction reserved (Article 41 - Non-pecuniary damage;Pecuniary damage;Just satisfaction),35|35-3-a|P1-1|P1-1-1|41,2023,negative,published_in_window_not_added_to_guide,apps:37706/17,false,false,clean,easy
0faa41c7c031,Article 18,2023-09-23,2024-02-17,2023-02-28,2023-08-31,apps:2371/11,BORISOV v. UKRAINE,2371/11,001-226058,4,HEJUD,Pecuniary damage - award (Article 41 - Pecuniary damage;Just satisfaction),41,2023,negative,published_in_window_not_added_to_guide,apps:2371/11,false,false,clean,easy
0faa41c7c031,Article 18,2023-09-23,2024-02-17,2023-02-28,2023-08-31,apps:47196/21,C v. ITALY,47196/21,001-226488,3,HEJUD,Violation of Article 8 - Right to respect for private and family life (Article 8 - Positive obligations;Article 8-1 - Respect for private life);No violation of Article 8 - Right to respect for private and family life (Article 8-1 - Respect for family life;Respect for private life);Pecuniary damage - claim dismissed (Article 41 - Pecuniary damage;Just satisfaction);Non-pecuniary damage - award (Article 41 - Non-pecuniary damage;Just satisfaction),8|8-1|41,2023,negative,published_in_window_not_added_to_guide,apps:47196/21,false,false,clean,easy
0faa41c7c031,Article 18,2023-09-23,2024-02-17,2023-02-28,2023-08-31,apps:51424/08,GULIYEVA v. AZERBAIJAN,51424/08,001-226459,4,HEJUD,Pecuniary and non-pecuniary damage - award (Article 41 - Non-pecuniary damage;Pecuniary damage;Just satisfaction),41,2023,negative,published_in_window_not_added_to_guide,apps:51424/08,false,false,clean,easy
0faa41c7c031,Article 18,2023-09-23,2024-02-17,2023-02-28,2023-08-31,apps:70583/17,M.A. v. ITALY,70583/17,001-226390,3,HEJUD,Remainder inadmissible (Art. 35) Admissibility criteria;(Art. 35-3-a) Manifestly ill-founded;Violation of Article 3 - Prohibition of torture (Article 3 - Inhuman treatment) (Substantive aspect);Non-pecuniary damage - award (Article 41 - Non-pecuniary damage;Just satisfaction),35|35-3-a|3|41,2023,negative,published_in_window_not_added_to_guide,apps:70583/17,false,false,clean,easy
0faa41c7c031,Article 18,2023-09-23,2024-02-17,2023-02-28,2023-08-31,apps:56669/18,OKSUZOGLU v. UKRAINE,56669/18,001-226060,4,HEJUD,Violation of Article 8 - Right to respect for private and family life (Article 8-1 - Respect for family life),8|8-1,2023,negative,published_in_window_not_added_to_guide,apps:56669/18,false,false,clean,easy
0faa41c7c031,Article 18,2023-09-23,2024-02-17,2023-02-28,2023-08-31,apps:71304/16,SHALA v. ITALY,71304/16,001-226388,4,HEJUD,Violation of Article 6 - Right to a fair trial (Article 6 - Criminal proceedings;Article 6-1 - Fair hearing),6|6-1,2023,negative,published_in_window_not_added_to_guide,apps:71304/16,false,false,clean,easy
0faa41c7c031,Article 18,2023-09-23,2024-02-17,2023-02-28,2023-08-31,apps:57752/21,X v. SLOVAKIA,57752/21,001-226061,4,HEJUD,Violation of Article 8 - Right to respect for private and family life (Article 8-1 - Respect for family life),8|8-1,2023,negative,published_in_window_not_added_to_guide,apps:57752/21,false,false,clean,easy
0faa41c7c031,Article 18,2023-09-23,2024-02-17,2023-02-28,2023-08-31,apps:36257/21,CHICOŞ v. ROMANIA,36257/21,001-227836,4,HEDEC,Struck out of the list,8|37|37-1,2023,negative,published_in_window_not_added_to_guide,apps:36257/21,false,false,clean,easy
0faa41c7c031,Article 18,2023-09-23,2024-02-17,2023-02-28,2023-08-31,apps:49670/16,COZAC AND CRISTEA v. ROMANIA,49670/16|19611/19,001-227812,4,HEDEC,Struck out of the list,3|39,2023,negative,published_in_window_not_added_to_guide,apps:49670/16,false,false,clean,easy
0faa41c7c031,Article 18,2023-09-23,2024-02-17,2023-02-28,2023-08-31,apps:41253/19,DELİBAŞ AND İLHAN v. TÜRKİYE,41253/19|51638/19,001-227828,4,HEDEC,Struck out of the list,6|6-1|39,2023,negative,published_in_window_not_added_to_guide,apps:41253/19,false,false,clean,easy
0faa41c7c031,Article 18,2023-09-23,2024-02-17,2023-02-28,2023-08-31,apps:38609/15,DINU AND COROI v. ROMANIA,38609/15|71101/17,001-227810,4,HEDEC,Inadmissible,3|35,2023,negative,published_in_window_not_added_to_guide,apps:38609/15,false,false,clean,easy
0faa41c7c031,Article 18,2023-09-23,2024-02-17,2023-02-28,2023-08-31,apps:50622/21,FATORIĆ BERTOVIĆ v. CROATIA,50622/21,001-227824,4,HEDEC,Struck out of the list,6|6-1|37|37-1,2023,negative,published_in_window_not_added_to_guide,apps:50622/21,false,false,clean,easy
0faa41c7c031,Article 18,2023-09-23,2024-02-17,2023-02-28,2023-08-31,apps:19812/18,FERREIRA ESTEVAM v. PORTUGAL,19812/18,001-227834,4,HEDEC,Struck out of the list,5|5-4|39,2023,negative,published_in_window_not_added_to_guide,apps:19812/18,false,false,clean,easy
0faa41c7c031,Article 18,2023-09-23,2024-02-17,2023-02-28,2023-08-31,apps:30196/17,GENERAL CLINIC LYSIMACHOS GRIGOR. SARAFIANOS S.A. AND OTHERS v. GREECE,30196/17,001-227830,4,HEDEC,Struck out of the list,6|6-1|37|37-1,2023,negative,published_in_window_not_added_to_guide,apps:30196/17,false,false,clean,easy
0faa41c7c031,Article 18,2023-09-23,2024-02-17,2023-02-28,2023-08-31,apps:38066/16,GÎTLAN v. ROMANIA,38066/16,001-227832,4,HEDEC,Inadmissible,3|35,2023,negative,published_in_window_not_added_to_guide,apps:38066/16,false,false,clean,easy
0faa41c7c031,Article 18,2023-09-23,2024-02-17,2023-02-28,2023-08-31,apps:49720/16,GROSU AND OTHERS v. ROMANIA,49720/16|59247/16|61086/16|10541/17|11636/17|15323/17|15327/17|20862/17,001-227813,4,HEDEC,Inadmissible,3|35,2023,negative,published_in_window_not_added_to_guide,apps:49720/16,false,false,clean,easy
0faa41c7c031,Article 18,2023-09-23,2024-02-17,2023-02-28,2023-08-31,apps:10867/18,HETEȘ-PEȘTEAN v. ROMANIA,10867/18,001-227833,4,HEDEC,Struck out of the list,3|39,2023,negative,published_in_window_not_added_to_guide,apps:10867/18,false,false,clean,easy
0faa41c7c031,Article 18,2023-09-23,2024-02-17,2023-02-28,2023-08-31,apps:36983/22,JAKŠIĆ v. CROATIA,36983/22,001-227826,4,HEDEC,Struck out of the list,6|6-1|37|37-1,2023,negative,published_in_window_not_added_to_guide,apps:36983/22,false,false,clean,easy
0faa41c7c031,Article 18,2023-09-23,2024-02-17,2023-02-28,2023-08-31,apps:76865/17,KĻAVIŅŠ v. LATVIA,76865/17,001-227821,4,HEDEC,Struck out of the list,6|6-1|37|37-1,2023,negative,published_in_window_not_added_to_guide,apps:76865/17,false,false,clean,easy
0faa41c7c031,Article 18,2023-09-23,2024-02-17,2023-02-28,2023-08-31,apps:27901/07,LAZELLARI AND OTHERS v. ALBANIA,27901/07|47108/08|1490/10|5753/15,001-227831,4,HEDEC,Struck out of the list,6|13|P1-1|37|37-1,2023,negative,published_in_window_not_added_to_guide,apps:27901/07,false,false,clean,easy
0faa41c7c031,Article 18,2023-09-23,2024-02-17,2023-02-28,2023-08-31,apps:21391/18,LOJODICE v. ITALY,21391/18,001-227762,4,HEDEC,Struck out of the list,6|6-1|39,2023,negative,published_in_window_not_added_to_guide,apps:21391/18,false,false,clean,easy
154b01c3289a,Article 34/35,2023-10-27,2023-12-12,2023-02-28,2023-08-31,apps:32891/22,A.N. v. SWEDEN,32891/22,001-227779,4,HEDEC,Struck out of the list,3|37|37-1,2023,negative,published_in_window_not_added_to_guide,apps:32891/22,false,false,clean,easy
154b01c3289a,Article 34/35,2023-10-27,2023-12-12,2023-02-28,2023-08-31,apps:44328/18,ALVES FERREIRA AND OTHERS v. PORTUGAL,44328/18|25234/21,001-227818,4,HEDEC,Struck out of the list,6|6-1|13|39,2023,negative,published_in_window_not_added_to_guide,apps:44328/18,false,false,clean,easy
154b01c3289a,Article 34/35,2023-10-27,2023-12-12,2023-02-28,2023-08-31,apps:50568/11,ART GRUP-TRANS S.R.L. v. THE REPUBLIC OF MOLDOVA,50568/11,001-227869,4,HEDEC,Struck out of the list,6|6-1|37|37-1|P1-1,2023,negative,published_in_window_not_added_to_guide,apps:50568/11,false,false,clean,easy
154b01c3289a,Article 34/35,2023-10-27,2023-12-12,2023-02-28,2023-08-31,apps:40990/18,ASHUROV AND OTHERS v. AZERBAIJAN,40990/18|58593/18|39249/19|7329/20|22149/20|4219/21|18328/22|32529/22,001-227862,4,HEDEC,Struck out of the list,6|5|37|37-1,2023,negative,published_in_window_not_added_to_guide,apps:40990/18,false,false,clean,easy
154b01c3289a,Article 34/35,2023-10-27,2023-12-12,2023-02-28,2023-08-31,apps:19071/18,BABAYEV AND OTHERS v. AZERBAIJAN,19071/18|23274/18|55883/18|55897/18|7801/19|15748/19|20048/19|27365/19|27430/19|27632/19|28181/19|33330/19|35515/19|35553/19|36085/19|36285/19|36317/19|44224/20|4174/21|4488/21|27579/21,001-227858,4,HEDEC,Struck out of the list,6|37|37-1,2023,negative,published_in_window_not_added_to_guide,apps:19071/18,false,false,clean,easy
154b01c3289a,Article 34/35,2023-10-27,2023-12-12,2023-02-28,2023-08-31,apps:57180/16,BALOGH AND OTHERS v. ROMANIA,57180/16|79130/16|2427/17,001-227814,4,HEDEC,Struck out of the list,3|37|37-1,2023,negative,published_in_window_not_added_to_guide,apps:57180/16,false,false,clean,easy
154b01c3289a,Article 34/35,2023-10-27,2023-12-12,2023-02-28,2023-08-31,apps:23972/22,BRUNO AND OTHERS v. ITALY,23972/22,001-227772,4,HEDEC,Struck out of the list,P1-1|6|37|37-1,2023,negative,published_in_window_not_added_to_guide,apps:23972/22,false,false,clean,easy
154b01c3289a,Article 34/35,2023-10-27,2023-12-12,2023-02-28,2023-08-31,apps:28227/18,BUSUIOC AND GROSU v. ROMANIA,28227/18|30685/18,001-227817,4,HEDEC,Inadmissible,3|35,2023,negative,published_in_window_not_added_to_guide,apps:28227/18,false,false,clean,easy
154b01c3289a,Article 34/35,2023-10-27,2023-12-12,2023-02-28,2023-08-31,apps:37706/17,BAGIROVA AND OTHERS v. AZERBAIJAN,37706/17|47835/17|59194/17|73757/17|75028/17|753/18,001-226389,3,HEJUD,Remainder inadmissible (Art. 35) Admissibility criteria;(Art. 35-3-a) Ratione materiae;Violation of Article 1 of Protocol No. 1 - Protection of property (Article 1 para. 1 of Protocol No. 1 - Deprivation of property;Peaceful enjoyment of possessions);Just satisfaction reserved (Article 41 - Non-pecuniary damage;Pecuniary damage;Just satisfaction),35|35-3-a|P1-1|P1-1-1|41,2023,negative,published_in_window_not_added_to_guide,apps:37706/17,false,false,clean,easy
154b01c3289a,Article 34/35,2023-10-27,2023-12-12,2023-02-28,2023-08-31,apps:2371/11,BORISOV v. UKRAINE,2371/11,001-226058,4,HEJUD,Pecuniary damage - award (Article 41 - Pecuniary damage;Just satisfaction),41,2023,negative,published_in_window_not_added_to_guide,apps:2371/11,false,false,clean,easy
154b01c3289a,Article 34/35,2023-10-27,2023-12-12,2023-02-28,2023-08-31,apps:47196/21,C v. ITALY,47196/21,001-226488,3,HEJUD,Violation of Article 8 - Right to respect for private and family life (Article 8 - Positive obligations;Article 8-1 - Respect for private life);No violation of Article 8 - Right to respect for private and family life (Article 8-1 - Respect for family life;Respect for private life);Pecuniary damage - claim dismissed (Article 41 - Pecuniary damage;Just satisfaction);Non-pecuniary damage - award (Article 41 - Non-pecuniary damage;Just satisfaction),8|8-1|41,2023,negative,published_in_window_not_added_to_guide,apps:47196/21,false,false,clean,easy
154b01c3289a,Article 34/35,2023-10-27,2023-12-12,2023-02-28,2023-08-31,apps:51424/08,GULIYEVA v. AZERBAIJAN,51424/08,001-226459,4,HEJUD,Pecuniary and non-pecuniary damage - award (Article 41 - Non-pecuniary damage;Pecuniary damage;Just satisfaction),41,2023,negative,published_in_window_not_added_to_guide,apps:51424/08,false,false,clean,easy
154b01c3289a,Article 34/35,2023-10-27,2023-12-12,2023-02-28,2023-08-31,apps:70583/17,M.A. v. ITALY,70583/17,001-226390,3,HEJUD,Remainder inadmissible (Art. 35) Admissibility criteria;(Art. 35-3-a) Manifestly ill-founded;Violation of Article 3 - Prohibition of torture (Article 3 - Inhuman treatment) (Substantive aspect);Non-pecuniary damage - award (Article 41 - Non-pecuniary damage;Just satisfaction),35|35-3-a|3|41,2023,negative,published_in_window_not_added_to_guide,apps:70583/17,false,false,clean,easy
154b01c3289a,Article 34/35,2023-10-27,2023-12-12,2023-02-28,2023-08-31,apps:56669/18,OKSUZOGLU v. UKRAINE,56669/18,001-226060,4,HEJUD,Violation of Article 8 - Right to respect for private and family life (Article 8-1 - Respect for family life),8|8-1,2023,negative,published_in_window_not_added_to_guide,apps:56669/18,false,false,clean,easy
154b01c3289a,Article 34/35,2023-10-27,2023-12-12,2023-02-28,2023-08-31,apps:71304/16,SHALA v. ITALY,71304/16,001-226388,4,HEJUD,Violation of Article 6 - Right to a fair trial (Article 6 - Criminal proceedings;Article 6-1 - Fair hearing),6|6-1,2023,negative,published_in_window_not_added_to_guide,apps:71304/16,false,false,clean,easy
154b01c3289a,Article 34/35,2023-10-27,2023-12-12,2023-02-28,2023-08-31,apps:57752/21,X v. SLOVAKIA,57752/21,001-226061,4,HEJUD,Violation of Article 8 - Right to respect for private and family life (Article 8-1 - Respect for family life),8|8-1,2023,negative,published_in_window_not_added_to_guide,apps:57752/21,false,false,clean,easy
154b01c3289a,Article 34/35,2023-10-27,2023-12-12,2023-02-28,2023-08-31,apps:36257/21,CHICOŞ v. ROMANIA,36257/21,001-227836,4,HEDEC,Struck out of the list,8|37|37-1,2023,negative,published_in_window_not_added_to_guide,apps:36257/21,false,false,clean,easy
154b01c3289a,Article 34/35,2023-10-27,2023-12-12,2023-02-28,2023-08-31,apps:49670/16,COZAC AND CRISTEA v. ROMANIA,49670/16|19611/19,001-227812,4,HEDEC,Struck out of the list,3|39,2023,negative,published_in_window_not_added_to_guide,apps:49670/16,false,false,clean,easy
154b01c3289a,Article 34/35,2023-10-27,2023-12-12,2023-02-28,2023-08-31,apps:41253/19,DELİBAŞ AND İLHAN v. TÜRKİYE,41253/19|51638/19,001-227828,4,HEDEC,Struck out of the list,6|6-1|39,2023,negative,published_in_window_not_added_to_guide,apps:41253/19,false,false,clean,easy
154b01c3289a,Article 34/35,2023-10-27,2023-12-12,2023-02-28,2023-08-31,apps:38609/15,DINU AND COROI v. ROMANIA,38609/15|71101/17,001-227810,4,HEDEC,Inadmissible,3|35,2023,negative,published_in_window_not_added_to_guide,apps:38609/15,false,false,clean,easy
154b01c3289a,Article 34/35,2023-10-27,2023-12-12,2023-02-28,2023-08-31,apps:50622/21,FATORIĆ BERTOVIĆ v. CROATIA,50622/21,001-227824,4,HEDEC,Struck out of the list,6|6-1|37|37-1,2023,negative,published_in_window_not_added_to_guide,apps:50622/21,false,false,clean,easy
154b01c3289a,Article 34/35,2023-10-27,2023-12-12,2023-02-28,2023-08-31,apps:19812/18,FERREIRA ESTEVAM v. PORTUGAL,19812/18,001-227834,4,HEDEC,Struck out of the list,5|5-4|39,2023,negative,published_in_window_not_added_to_guide,apps:19812/18,false,false,clean,easy
154b01c3289a,Article 34/35,2023-10-27,2023-12-12,2023-02-28,2023-08-31,apps:30196/17,GENERAL CLINIC LYSIMACHOS GRIGOR. SARAFIANOS S.A. AND OTHERS v. GREECE,30196/17,001-227830,4,HEDEC,Struck out of the list,6|6-1|37|37-1,2023,negative,published_in_window_not_added_to_guide,apps:30196/17,false,false,clean,easy
154b01c3289a,Article 34/35,2023-10-27,2023-12-12,2023-02-28,2023-08-31,apps:38066/16,GÎTLAN v. ROMANIA,38066/16,001-227832,4,HEDEC,Inadmissible,3|35,2023,negative,published_in_window_not_added_to_guide,apps:38066/16,false,false,clean,easy
154b01c3289a,Article 34/35,2023-10-27,2023-12-12,2023-02-28,2023-08-31,apps:49720/16,GROSU AND OTHERS v. ROMANIA,49720/16|59247/16|61086/16|10541/17|11636/17|15323/17|15327/17|20862/17,001-227813,4,HEDEC,Inadmissible,3|35,2023,negative,published_in_window_not_added_to_guide,apps:49720/16,false,false,clean,easy
154b01c3289a,Article 34/35,2023-10-27,2023-12-12,2023-02-28,2023-08-31,apps:10867/18,HETEȘ-PEȘTEAN v. ROMANIA,10867/18,001-227833,4,HEDEC,Struck out of the list,3|39,2023,negative,published_in_window_not_added_to_guide,apps:10867/18,false,false,clean,easy
154b01c3289a,Article 34/35,2023-10-27,2023-12-12,2023-02-28,2023-08-31,apps:36983/22,JAKŠIĆ v. CROATIA,36983/22,001-227826,4,HEDEC,Struck out of the list,6|6-1|37|37-1,2023,negative,published_in_window_not_added_to_guide,apps:36983/22,false,false,clean,easy
154b01c3289a,Article 34/35,2023-10-27,2023-12-12,2023-02-28,2023-08-31,apps:76865/17,KĻAVIŅŠ v. LATVIA,76865/17,001-227821,4,HEDEC,Struck out of the list,6|6-1|37|37-1,2023,negative,published_in_window_not_added_to_guide,apps:76865/17,false,false,clean,easy
154b01c3289a,Article 34/35,2023-10-27,2023-12-12,2023-02-28,2023-08-31,apps:27901/07,LAZELLARI AND OTHERS v. ALBANIA,27901/07|47108/08|1490/10|5753/15,001-227831,4,HEDEC,Struck out of the list,6|13|P1-1|37|37-1,2023,negative,published_in_window_not_added_to_guide,apps:27901/07,false,false,clean,easy
154b01c3289a,Article 34/35,2023-10-27,2023-12-12,2023-02-28,2023-08-31,apps:21391/18,LOJODICE v. ITALY,21391/18,001-227762,4,HEDEC,Struck out of the list,6|6-1|39,2023,negative,published_in_window_not_added_to_guide,apps:21391/18,false,false,clean,easy
1b1f8de345be,Article 1 Protocol 1,2023-09-23,2024-02-17,2023-02-28,2023-08-31,apps:32891/22,A.N. v. SWEDEN,32891/22,001-227779,4,HEDEC,Struck out of the list,3|37|37-1,2023,negative,published_in_window_not_added_to_guide,apps:32891/22,false,false,clean,easy
1b1f8de345be,Article 1 Protocol 1,2023-09-23,2024-02-17,2023-02-28,2023-08-31,apps:44328/18,ALVES FERREIRA AND OTHERS v. PORTUGAL,44328/18|25234/21,001-227818,4,HEDEC,Struck out of the list,6|6-1|13|39,2023,negative,published_in_window_not_added_to_guide,apps:44328/18,false,false,clean,easy
1b1f8de345be,Article 1 Protocol 1,2023-09-23,2024-02-17,2023-02-28,2023-08-31,apps:50568/11,ART GRUP-TRANS S.R.L. v. THE REPUBLIC OF MOLDOVA,50568/11,001-227869,4,HEDEC,Struck out of the list,6|6-1|37|37-1|P1-1,2023,negative,published_in_window_not_added_to_guide,apps:50568/11,false,false,clean,easy
1b1f8de345be,Article 1 Protocol 1,2023-09-23,2024-02-17,2023-02-28,2023-08-31,apps:40990/18,ASHUROV AND OTHERS v. AZERBAIJAN,40990/18|58593/18|39249/19|7329/20|22149/20|4219/21|18328/22|32529/22,001-227862,4,HEDEC,Struck out of the list,6|5|37|37-1,2023,negative,published_in_window_not_added_to_guide,apps:40990/18,false,false,clean,easy
1b1f8de345be,Article 1 Protocol 1,2023-09-23,2024-02-17,2023-02-28,2023-08-31,apps:19071/18,BABAYEV AND OTHERS v. AZERBAIJAN,19071/18|23274/18|55883/18|55897/18|7801/19|15748/19|20048/19|27365/19|27430/19|27632/19|28181/19|33330/19|35515/19|35553/19|36085/19|36285/19|36317/19|44224/20|4174/21|4488/21|27579/21,001-227858,4,HEDEC,Struck out of the list,6|37|37-1,2023,negative,published_in_window_not_added_to_guide,apps:19071/18,false,false,clean,easy
1b1f8de345be,Article 1 Protocol 1,2023-09-23,2024-02-17,2023-02-28,2023-08-31,apps:57180/16,BALOGH AND OTHERS v. ROMANIA,57180/16|79130/16|2427/17,001-227814,4,HEDEC,Struck out of the list,3|37|37-1,2023,negative,published_in_window_not_added_to_guide,apps:57180/16,false,false,clean,easy
1b1f8de345be,Article 1 Protocol 1,2023-09-23,2024-02-17,2023-02-28,2023-08-31,apps:23972/22,BRUNO AND OTHERS v. ITALY,23972/22,001-227772,4,HEDEC,Struck out of the list,P1-1|6|37|37-1,2023,negative,published_in_window_not_added_to_guide,apps:23972/22,false,false,clean,easy
1b1f8de345be,Article 1 Protocol 1,2023-09-23,2024-02-17,2023-02-28,2023-08-31,apps:28227/18,BUSUIOC AND GROSU v. ROMANIA,28227/18|30685/18,001-227817,4,HEDEC,Inadmissible,3|35,2023,negative,published_in_window_not_added_to_guide,apps:28227/18,false,false,clean,easy
1b1f8de345be,Article 1 Protocol 1,2023-09-23,2024-02-17,2023-02-28,2023-08-31,apps:2371/11,BORISOV v. UKRAINE,2371/11,001-226058,4,HEJUD,Pecuniary damage - award (Article 41 - Pecuniary damage;Just satisfaction),41,2023,negative,published_in_window_not_added_to_guide,apps:2371/11,false,false,clean,easy
1b1f8de345be,Article 1 Protocol 1,2023-09-23,2024-02-17,2023-02-28,2023-08-31,apps:47196/21,C v. ITALY,47196/21,001-226488,3,HEJUD,Violation of Article 8 - Right to respect for private and family life (Article 8 - Positive obligations;Article 8-1 - Respect for private life);No violation of Article 8 - Right to respect for private and family life (Article 8-1 - Respect for family life;Respect for private life);Pecuniary damage - claim dismissed (Article 41 - Pecuniary damage;Just satisfaction);Non-pecuniary damage - award (Article 41 - Non-pecuniary damage;Just satisfaction),8|8-1|41,2023,negative,published_in_window_not_added_to_guide,apps:47196/21,false,false,clean,easy
1b1f8de345be,Article 1 Protocol 1,2023-09-23,2024-02-17,2023-02-28,2023-08-31,apps:51424/08,GULIYEVA v. AZERBAIJAN,51424/08,001-226459,4,HEJUD,Pecuniary and non-pecuniary damage - award (Article 41 - Non-pecuniary damage;Pecuniary damage;Just satisfaction),41,2023,negative,published_in_window_not_added_to_guide,apps:51424/08,false,false,clean,easy
1b1f8de345be,Article 1 Protocol 1,2023-09-23,2024-02-17,2023-02-28,2023-08-31,apps:70583/17,M.A. v. ITALY,70583/17,001-226390,3,HEJUD,Remainder inadmissible (Art. 35) Admissibility criteria;(Art. 35-3-a) Manifestly ill-founded;Violation of Article 3 - Prohibition of torture (Article 3 - Inhuman treatment) (Substantive aspect);Non-pecuniary damage - award (Article 41 - Non-pecuniary damage;Just satisfaction),35|35-3-a|3|41,2023,negative,published_in_window_not_added_to_guide,apps:70583/17,false,false,clean,easy
1b1f8de345be,Article 1 Protocol 1,2023-09-23,2024-02-17,2023-02-28,2023-08-31,apps:56669/18,OKSUZOGLU v. UKRAINE,56669/18,001-226060,4,HEJUD,Violation of Article 8 - Right to respect for private and family life (Article 8-1 - Respect for family life),8|8-1,2023,negative,published_in_window_not_added_to_guide,apps:56669/18,false,false,clean,easy
1b1f8de345be,Article 1 Protocol 1,2023-09-23,2024-02-17,2023-02-28,2023-08-31,apps:71304/16,SHALA v. ITALY,71304/16,001-226388,4,HEJUD,Violation of Article 6 - Right to a fair trial (Article 6 - Criminal proceedings;Article 6-1 - Fair hearing),6|6-1,2023,negative,published_in_window_not_added_to_guide,apps:71304/16,false,false,clean,easy
1b1f8de345be,Article 1 Protocol 1,2023-09-23,2024-02-17,2023-02-28,2023-08-31,apps:57752/21,X v. SLOVAKIA,57752/21,001-226061,4,HEJUD,Violation of Article 8 - Right to respect for private and family life (Article 8-1 - Respect for family life),8|8-1,2023,negative,published_in_window_not_added_to_guide,apps:57752/21,false,false,clean,easy
1b1f8de345be,Article 1 Protocol 1,2023-09-23,2024-02-17,2023-02-28,2023-08-31,apps:36257/21,CHICOŞ v. ROMANIA,36257/21,001-227836,4,HEDEC,Struck out of the list,8|37|37-1,2023,negative,published_in_window_not_added_to_guide,apps:36257/21,false,false,clean,easy
1b1f8de345be,Article 1 Protocol 1,2023-09-23,2024-02-17,2023-02-28,2023-08-31,apps:49670/16,COZAC AND CRISTEA v. ROMANIA,49670/16|19611/19,001-227812,4,HEDEC,Struck out of the list,3|39,2023,negative,published_in_window_not_added_to_guide,apps:49670/16,false,false,clean,easy
1b1f8de345be,Article 1 Protocol 1,2023-09-23,2024-02-17,2023-02-28,2023-08-31,apps:41253/19,DELİBAŞ AND İLHAN v. TÜRKİYE,41253/19|51638/19,001-227828,4,HEDEC,Struck out of the list,6|6-1|39,2023,negative,published_in_window_not_added_to_guide,apps:41253/19,false,false,clean,easy
1b1f8de345be,Article 1 Protocol 1,2023-09-23,2024-02-17,2023-02-28,2023-08-31,apps:38609/15,DINU AND COROI v. ROMANIA,38609/15|71101/17,001-227810,4,HEDEC,Inadmissible,3|35,2023,negative,published_in_window_not_added_to_guide,apps:38609/15,false,false,clean,easy
1b1f8de345be,Article 1 Protocol 1,2023-09-23,2024-02-17,2023-02-28,2023-08-31,apps:50622/21,FATORIĆ BERTOVIĆ v. CROATIA,50622/21,001-227824,4,HEDEC,Struck out of the list,6|6-1|37|37-1,2023,negative,published_in_window_not_added_to_guide,apps:50622/21,false,false,clean,easy
1b1f8de345be,Article 1 Protocol 1,2023-09-23,2024-02-17,2023-02-28,2023-08-31,apps:19812/18,FERREIRA ESTEVAM v. PORTUGAL,19812/18,001-227834,4,HEDEC,Struck out of the list,5|5-4|39,2023,negative,published_in_window_not_added_to_guide,apps:19812/18,false,false,clean,easy
1b1f8de345be,Article 1 Protocol 1,2023-09-23,2024-02-17,2023-02-28,2023-08-31,apps:30196/17,GENERAL CLINIC LYSIMACHOS GRIGOR. SARAFIANOS S.A. AND OTHERS v. GREECE,30196/17,001-227830,4,HEDEC,Struck out of the list,6|6-1|37|37-1,2023,negative,published_in_window_not_added_to_guide,apps:30196/17,false,false,clean,easy
1b1f8de345be,Article 1 Protocol 1,2023-09-23,2024-02-17,2023-02-28,2023-08-31,apps:38066/16,GÎTLAN v. ROMANIA,38066/16,001-227832,4,HEDEC,Inadmissible,3|35,2023,negative,published_in_window_not_added_to_guide,apps:38066/16,false,false,clean,easy
1b1f8de345be,Article 1 Protocol 1,2023-09-23,2024-02-17,2023-02-28,2023-08-31,apps:49720/16,GROSU AND OTHERS v. ROMANIA,49720/16|59247/16|61086/16|10541/17|11636/17|15323/17|15327/17|20862/17,001-227813,4,HEDEC,Inadmissible,3|35,2023,negative,published_in_window_not_added_to_guide,apps:49720/16,false,false,clean,easy
1b1f8de345be,Article 1 Protocol 1,2023-09-23,2024-02-17,2023-02-28,2023-08-31,apps:10867/18,HETEȘ-PEȘTEAN v. ROMANIA,10867/18,001-227833,4,HEDEC,Struck out of the list,3|39,2023,negative,published_in_window_not_added_to_guide,apps:10867/18,false,false,clean,easy
1b1f8de345be,Article 1 Protocol 1,2023-09-23,2024-02-17,2023-02-28,2023-08-31,apps:36983/22,JAKŠIĆ v. CROATIA,36983/22,001-227826,4,HEDEC,Struck out of the list,6|6-1|37|37-1,2023,negative,published_in_window_not_added_to_guide,apps:36983/22,false,false,clean,easy
1b1f8de345be,Article 1 Protocol 1,2023-09-23,2024-02-17,2023-02-28,2023-08-31,apps:76865/17,KĻAVIŅŠ v. LATVIA,76865/17,001-227821,4,HEDEC,Struck out of the list,6|6-1|37|37-1,2023,negative,published_in_window_not_added_to_guide,apps:76865/17,false,false,clean,easy
1b1f8de345be,Article 1 Protocol 1,2023-09-23,2024-02-17,2023-02-28,2023-08-31,apps:27901/07,LAZELLARI AND OTHERS v. ALBANIA,27901/07|47108/08|1490/10|5753/15,001-227831,4,HEDEC,Struck out of the list,6|13|P1-1|37|37-1,2023,negative,published_in_window_not_added_to_guide,apps:27901/07,false,false,clean,easy
1b1f8de345be,Article 1 Protocol 1,2023-09-23,2024-02-17,2023-02-28,2023-08-31,apps:21391/18,LOJODICE v. ITALY,21391/18,001-227762,4,HEDEC,Struck out of the list,6|6-1|39,2023,negative,published_in_window_not_added_to_guide,apps:21391/18,false,false,clean,easy
1b1f8de345be,Article 1 Protocol 1,2023-09-23,2024-02-17,2023-02-28,2023-08-31,apps:64330/16,MANAFU AND OTHERS v. ROMANIA,64330/16|79679/16|7344/17,001-227816,4,HEDEC,Inadmissible,3|35,2023,negative,published_in_window_not_added_to_guide,apps:64330/16,false,false,clean,easy
1e58f64bfb7a,Article 12,2023-09-23,2023-12-06,2023-02-28,2023-08-31,apps:32891/22,A.N. v. SWEDEN,32891/22,001-227779,4,HEDEC,Struck out of the list,3|37|37-1,2023,negative,published_in_window_not_added_to_guide,apps:32891/22,false,false,clean,easy
1e58f64bfb7a,Article 12,2023-09-23,2023-12-06,2023-02-28,2023-08-31,apps:44328/18,ALVES FERREIRA AND OTHERS v. PORTUGAL,44328/18|25234/21,001-227818,4,HEDEC,Struck out of the list,6|6-1|13|39,2023,negative,published_in_window_not_added_to_guide,apps:44328/18,false,false,clean,easy
1e58f64bfb7a,Article 12,2023-09-23,2023-12-06,2023-02-28,2023-08-31,apps:50568/11,ART GRUP-TRANS S.R.L. v. THE REPUBLIC OF MOLDOVA,50568/11,001-227869,4,HEDEC,Struck out of the list,6|6-1|37|37-1|P1-1,2023,negative,published_in_window_not_added_to_guide,apps:50568/11,false,false,clean,easy
1e58f64bfb7a,Article 12,2023-09-23,2023-12-06,2023-02-28,2023-08-31,apps:40990/18,ASHUROV AND OTHERS v. AZERBAIJAN,40990/18|58593/18|39249/19|7329/20|22149/20|4219/21|18328/22|32529/22,001-227862,4,HEDEC,Struck out of the list,6|5|37|37-1,2023,negative,published_in_window_not_added_to_guide,apps:40990/18,false,false,clean,easy
1e58f64bfb7a,Article 12,2023-09-23,2023-12-06,2023-02-28,2023-08-31,apps:19071/18,BABAYEV AND OTHERS v. AZERBAIJAN,19071/18|23274/18|55883/18|55897/18|7801/19|15748/19|20048/19|27365/19|27430/19|27632/19|28181/19|33330/19|35515/19|35553/19|36085/19|36285/19|36317/19|44224/20|4174/21|4488/21|27579/21,001-227858,4,HEDEC,Struck out of the list,6|37|37-1,2023,negative,published_in_window_not_added_to_guide,apps:19071/18,false,false,clean,easy
1e58f64bfb7a,Article 12,2023-09-23,2023-12-06,2023-02-28,2023-08-31,apps:57180/16,BALOGH AND OTHERS v. ROMANIA,57180/16|79130/16|2427/17,001-227814,4,HEDEC,Struck out of the list,3|37|37-1,2023,negative,published_in_window_not_added_to_guide,apps:57180/16,false,false,clean,easy
1e58f64bfb7a,Article 12,2023-09-23,2023-12-06,2023-02-28,2023-08-31,apps:23972/22,BRUNO AND OTHERS v. ITALY,23972/22,001-227772,4,HEDEC,Struck out of the list,P1-1|6|37|37-1,2023,negative,published_in_window_not_added_to_guide,apps:23972/22,false,false,clean,easy
1e58f64bfb7a,Article 12,2023-09-23,2023-12-06,2023-02-28,2023-08-31,apps:28227/18,BUSUIOC AND GROSU v. ROMANIA,28227/18|30685/18,001-227817,4,HEDEC,Inadmissible,3|35,2023,negative,published_in_window_not_added_to_guide,apps:28227/18,false,false,clean,easy
1e58f64bfb7a,Article 12,2023-09-23,2023-12-06,2023-02-28,2023-08-31,apps:37706/17,BAGIROVA AND OTHERS v. AZERBAIJAN,37706/17|47835/17|59194/17|73757/17|75028/17|753/18,001-226389,3,HEJUD,Remainder inadmissible (Art. 35) Admissibility criteria;(Art. 35-3-a) Ratione materiae;Violation of Article 1 of Protocol No. 1 - Protection of property (Article 1 para. 1 of Protocol No. 1 - Deprivation of property;Peaceful enjoyment of possessions);Just satisfaction reserved (Article 41 - Non-pecuniary damage;Pecuniary damage;Just satisfaction),35|35-3-a|P1-1|P1-1-1|41,2023,negative,published_in_window_not_added_to_guide,apps:37706/17,false,false,clean,easy
1e58f64bfb7a,Article 12,2023-09-23,2023-12-06,2023-02-28,2023-08-31,apps:2371/11,BORISOV v. UKRAINE,2371/11,001-226058,4,HEJUD,Pecuniary damage - award (Article 41 - Pecuniary damage;Just satisfaction),41,2023,negative,published_in_window_not_added_to_guide,apps:2371/11,false,false,clean,easy
1e58f64bfb7a,Article 12,2023-09-23,2023-12-06,2023-02-28,2023-08-31,apps:47196/21,C v. ITALY,47196/21,001-226488,3,HEJUD,Violation of Article 8 - Right to respect for private and family life (Article 8 - Positive obligations;Article 8-1 - Respect for private life);No violation of Article 8 - Right to respect for private and family life (Article 8-1 - Respect for family life;Respect for private life);Pecuniary damage - claim dismissed (Article 41 - Pecuniary damage;Just satisfaction);Non-pecuniary damage - award (Article 41 - Non-pecuniary damage;Just satisfaction),8|8-1|41,2023,negative,published_in_window_not_added_to_guide,apps:47196/21,false,false,clean,easy
1e58f64bfb7a,Article 12,2023-09-23,2023-12-06,2023-02-28,2023-08-31,apps:51424/08,GULIYEVA v. AZERBAIJAN,51424/08,001-226459,4,HEJUD,Pecuniary and non-pecuniary damage - award (Article 41 - Non-pecuniary damage;Pecuniary damage;Just satisfaction),41,2023,negative,published_in_window_not_added_to_guide,apps:51424/08,false,false,clean,easy
1e58f64bfb7a,Article 12,2023-09-23,2023-12-06,2023-02-28,2023-08-31,apps:70583/17,M.A. v. ITALY,70583/17,001-226390,3,HEJUD,Remainder inadmissible (Art. 35) Admissibility criteria;(Art. 35-3-a) Manifestly ill-founded;Violation of Article 3 - Prohibition of torture (Article 3 - Inhuman treatment) (Substantive aspect);Non-pecuniary damage - award (Article 41 - Non-pecuniary damage;Just satisfaction),35|35-3-a|3|41,2023,negative,published_in_window_not_added_to_guide,apps:70583/17,false,false,clean,easy
1e58f64bfb7a,Article 12,2023-09-23,2023-12-06,2023-02-28,2023-08-31,apps:56669/18,OKSUZOGLU v. UKRAINE,56669/18,001-226060,4,HEJUD,Violation of Article 8 - Right to respect for private and family life (Article 8-1 - Respect for family life),8|8-1,2023,negative,published_in_window_not_added_to_guide,apps:56669/18,false,false,clean,easy
1e58f64bfb7a,Article 12,2023-09-23,2023-12-06,2023-02-28,2023-08-31,apps:71304/16,SHALA v. ITALY,71304/16,001-226388,4,HEJUD,Violation of Article 6 - Right to a fair trial (Article 6 - Criminal proceedings;Article 6-1 - Fair hearing),6|6-1,2023,negative,published_in_window_not_added_to_guide,apps:71304/16,false,false,clean,easy
1e58f64bfb7a,Article 12,2023-09-23,2023-12-06,2023-02-28,2023-08-31,apps:57752/21,X v. SLOVAKIA,57752/21,001-226061,4,HEJUD,Violation of Article 8 - Right to respect for private and family life (Article 8-1 - Respect for family life),8|8-1,2023,negative,published_in_window_not_added_to_guide,apps:57752/21,false,false,clean,easy
1e58f64bfb7a,Article 12,2023-09-23,2023-12-06,2023-02-28,2023-08-31,apps:36257/21,CHICOŞ v. ROMANIA,36257/21,001-227836,4,HEDEC,Struck out of the list,8|37|37-1,2023,negative,published_in_window_not_added_to_guide,apps:36257/21,false,false,clean,easy
1e58f64bfb7a,Article 12,2023-09-23,2023-12-06,2023-02-28,2023-08-31,apps:49670/16,COZAC AND CRISTEA v. ROMANIA,49670/16|19611/19,001-227812,4,HEDEC,Struck out of the list,3|39,2023,negative,published_in_window_not_added_to_guide,apps:49670/16,false,false,clean,easy
1e58f64bfb7a,Article 12,2023-09-23,2023-12-06,2023-02-28,2023-08-31,apps:41253/19,DELİBAŞ AND İLHAN v. TÜRKİYE,41253/19|51638/19,001-227828,4,HEDEC,Struck out of the list,6|6-1|39,2023,negative,published_in_window_not_added_to_guide,apps:41253/19,false,false,clean,easy
1e58f64bfb7a,Article 12,2023-09-23,2023-12-06,2023-02-28,2023-08-31,apps:38609/15,DINU AND COROI v. ROMANIA,38609/15|71101/17,001-227810,4,HEDEC,Inadmissible,3|35,2023,negative,published_in_window_not_added_to_guide,apps:38609/15,false,false,clean,easy
1e58f64bfb7a,Article 12,2023-09-23,2023-12-06,2023-02-28,2023-08-31,apps:50622/21,FATORIĆ BERTOVIĆ v. CROATIA,50622/21,001-227824,4,HEDEC,Struck out of the list,6|6-1|37|37-1,2023,negative,published_in_window_not_added_to_guide,apps:50622/21,false,false,clean,easy
1e58f64bfb7a,Article 12,2023-09-23,2023-12-06,2023-02-28,2023-08-31,apps:19812/18,FERREIRA ESTEVAM v. PORTUGAL,19812/18,001-227834,4,HEDEC,Struck out of the list,5|5-4|39,2023,negative,published_in_window_not_added_to_guide,apps:19812/18,false,false,clean,easy
1e58f64bfb7a,Article 12,2023-09-23,2023-12-06,2023-02-28,2023-08-31,apps:30196/17,GENERAL CLINIC LYSIMACHOS GRIGOR. SARAFIANOS S.A. AND OTHERS v. GREECE,30196/17,001-227830,4,HEDEC,Struck out of the list,6|6-1|37|37-1,2023,negative,published_in_window_not_added_to_guide,apps:30196/17,false,false,clean,easy
1e58f64bfb7a,Article 12,2023-09-23,2023-12-06,2023-02-28,2023-08-31,apps:38066/16,GÎTLAN v. ROMANIA,38066/16,001-227832,4,HEDEC,Inadmissible,3|35,2023,negative,published_in_window_not_added_to_guide,apps:38066/16,false,false,clean,easy
1e58f64bfb7a,Article 12,2023-09-23,2023-12-06,2023-02-28,2023-08-31,apps:49720/16,GROSU AND OTHERS v. ROMANIA,49720/16|59247/16|61086/16|10541/17|11636/17|15323/17|15327/17|20862/17,001-227813,4,HEDEC,Inadmissible,3|35,2023,negative,published_in_window_not_added_to_guide,apps:49720/16,false,false,clean,easy
1e58f64bfb7a,Article 12,2023-09-23,2023-12-06,2023-02-28,2023-08-31,apps:10867/18,HETEȘ-PEȘTEAN v. ROMANIA,10867/18,001-227833,4,HEDEC,Struck out of the list,3|39,2023,negative,published_in_window_not_added_to_guide,apps:10867/18,false,false,clean,easy
1e58f64bfb7a,Article 12,2023-09-23,2023-12-06,2023-02-28,2023-08-31,apps:36983/22,JAKŠIĆ v. CROATIA,36983/22,001-227826,4,HEDEC,Struck out of the list,6|6-1|37|37-1,2023,negative,published_in_window_not_added_to_guide,apps:36983/22,false,false,clean,easy
1e58f64bfb7a,Article 12,2023-09-23,2023-12-06,2023-02-28,2023-08-31,apps:76865/17,KĻAVIŅŠ v. LATVIA,76865/17,001-227821,4,HEDEC,Struck out of the list,6|6-1|37|37-1,2023,negative,published_in_window_not_added_to_guide,apps:76865/17,false,false,clean,easy
1e58f64bfb7a,Article 12,2023-09-23,2023-12-06,2023-02-28,2023-08-31,apps:27901/07,LAZELLARI AND OTHERS v. ALBANIA,27901/07|47108/08|1490/10|5753/15,001-227831,4,HEDEC,Struck out of the list,6|13|P1-1|37|37-1,2023,negative,published_in_window_not_added_to_guide,apps:27901/07,false,false,clean,easy
1e58f64bfb7a,Article 12,2023-09-23,2023-12-06,2023-02-28,2023-08-31,apps:21391/18,LOJODICE v. ITALY,21391/18,001-227762,4,HEDEC,Struck out of the list,6|6-1|39,2023,negative,published_in_window_not_added_to_guide,apps:21391/18,false,false,clean,easy
2fbc08fc30bd,Article 9,2023-09-23,2024-03-29,2023-02-28,2023-08-31,apps:32891/22,A.N. v. SWEDEN,32891/22,001-227779,4,HEDEC,Struck out of the list,3|37|37-1,2023,negative,published_in_window_not_added_to_guide,apps:32891/22,false,false,clean,easy
2fbc08fc30bd,Article 9,2023-09-23,2024-03-29,2023-02-28,2023-08-31,apps:44328/18,ALVES FERREIRA AND OTHERS v. PORTUGAL,44328/18|25234/21,001-227818,4,HEDEC,Struck out of the list,6|6-1|13|39,2023,negative,published_in_window_not_added_to_guide,apps:44328/18,false,false,clean,easy
2fbc08fc30bd,Article 9,2023-09-23,2024-03-29,2023-02-28,2023-08-31,apps:50568/11,ART GRUP-TRANS S.R.L. v. THE REPUBLIC OF MOLDOVA,50568/11,001-227869,4,HEDEC,Struck out of the list,6|6-1|37|37-1|P1-1,2023,negative,published_in_window_not_added_to_guide,apps:50568/11,false,false,clean,easy
2fbc08fc30bd,Article 9,2023-09-23,2024-03-29,2023-02-28,2023-08-31,apps:40990/18,ASHUROV AND OTHERS v. AZERBAIJAN,40990/18|58593/18|39249/19|7329/20|22149/20|4219/21|18328/22|32529/22,001-227862,4,HEDEC,Struck out of the list,6|5|37|37-1,2023,negative,published_in_window_not_added_to_guide,apps:40990/18,false,false,clean,easy
2fbc08fc30bd,Article 9,2023-09-23,2024-03-29,2023-02-28,2023-08-31,apps:19071/18,BABAYEV AND OTHERS v. AZERBAIJAN,19071/18|23274/18|55883/18|55897/18|7801/19|15748/19|20048/19|27365/19|27430/19|27632/19|28181/19|33330/19|35515/19|35553/19|36085/19|36285/19|36317/19|44224/20|4174/21|4488/21|27579/21,001-227858,4,HEDEC,Struck out of the list,6|37|37-1,2023,negative,published_in_window_not_added_to_guide,apps:19071/18,false,false,clean,easy
2fbc08fc30bd,Article 9,2023-09-23,2024-03-29,2023-02-28,2023-08-31,apps:57180/16,BALOGH AND OTHERS v. ROMANIA,57180/16|79130/16|2427/17,001-227814,4,HEDEC,Struck out of the list,3|37|37-1,2023,negative,published_in_window_not_added_to_guide,apps:57180/16,false,false,clean,easy
2fbc08fc30bd,Article 9,2023-09-23,2024-03-29,2023-02-28,2023-08-31,apps:23972/22,BRUNO AND OTHERS v. ITALY,23972/22,001-227772,4,HEDEC,Struck out of the list,P1-1|6|37|37-1,2023,negative,published_in_window_not_added_to_guide,apps:23972/22,false,false,clean,easy
2fbc08fc30bd,Article 9,2023-09-23,2024-03-29,2023-02-28,2023-08-31,apps:28227/18,BUSUIOC AND GROSU v. ROMANIA,28227/18|30685/18,001-227817,4,HEDEC,Inadmissible,3|35,2023,negative,published_in_window_not_added_to_guide,apps:28227/18,false,false,clean,easy
2fbc08fc30bd,Article 9,2023-09-23,2024-03-29,2023-02-28,2023-08-31,apps:37706/17,BAGIROVA AND OTHERS v. AZERBAIJAN,37706/17|47835/17|59194/17|73757/17|75028/17|753/18,001-226389,3,HEJUD,Remainder inadmissible (Art. 35) Admissibility criteria;(Art. 35-3-a) Ratione materiae;Violation of Article 1 of Protocol No. 1 - Protection of property (Article 1 para. 1 of Protocol No. 1 - Deprivation of property;Peaceful enjoyment of possessions);Just satisfaction reserved (Article 41 - Non-pecuniary damage;Pecuniary damage;Just satisfaction),35|35-3-a|P1-1|P1-1-1|41,2023,negative,published_in_window_not_added_to_guide,apps:37706/17,false,false,clean,easy
2fbc08fc30bd,Article 9,2023-09-23,2024-03-29,2023-02-28,2023-08-31,apps:2371/11,BORISOV v. UKRAINE,2371/11,001-226058,4,HEJUD,Pecuniary damage - award (Article 41 - Pecuniary damage;Just satisfaction),41,2023,negative,published_in_window_not_added_to_guide,apps:2371/11,false,false,clean,easy
2fbc08fc30bd,Article 9,2023-09-23,2024-03-29,2023-02-28,2023-08-31,apps:47196/21,C v. ITALY,47196/21,001-226488,3,HEJUD,Violation of Article 8 - Right to respect for private and family life (Article 8 - Positive obligations;Article 8-1 - Respect for private life);No violation of Article 8 - Right to respect for private and family life (Article 8-1 - Respect for family life;Respect for private life);Pecuniary damage - claim dismissed (Article 41 - Pecuniary damage;Just satisfaction);Non-pecuniary damage - award (Article 41 - Non-pecuniary damage;Just satisfaction),8|8-1|41,2023,negative,published_in_window_not_added_to_guide,apps:47196/21,false,false,clean,easy
2fbc08fc30bd,Article 9,2023-09-23,2024-03-29,2023-02-28,2023-08-31,apps:51424/08,GULIYEVA v. AZERBAIJAN,51424/08,001-226459,4,HEJUD,Pecuniary and non-pecuniary damage - award (Article 41 - Non-pecuniary damage;Pecuniary damage;Just satisfaction),41,2023,negative,published_in_window_not_added_to_guide,apps:51424/08,false,false,clean,easy
2fbc08fc30bd,Article 9,2023-09-23,2024-03-29,2023-02-28,2023-08-31,apps:70583/17,M.A. v. ITALY,70583/17,001-226390,3,HEJUD,Remainder inadmissible (Art. 35) Admissibility criteria;(Art. 35-3-a) Manifestly ill-founded;Violation of Article 3 - Prohibition of torture (Article 3 - Inhuman treatment) (Substantive aspect);Non-pecuniary damage - award (Article 41 - Non-pecuniary damage;Just satisfaction),35|35-3-a|3|41,2023,negative,published_in_window_not_added_to_guide,apps:70583/17,false,false,clean,easy
2fbc08fc30bd,Article 9,2023-09-23,2024-03-29,2023-02-28,2023-08-31,apps:56669/18,OKSUZOGLU v. UKRAINE,56669/18,001-226060,4,HEJUD,Violation of Article 8 - Right to respect for private and family life (Article 8-1 - Respect for family life),8|8-1,2023,negative,published_in_window_not_added_to_guide,apps:56669/18,false,false,clean,easy
2fbc08fc30bd,Article 9,2023-09-23,2024-03-29,2023-02-28,2023-08-31,apps:71304/16,SHALA v. ITALY,71304/16,001-226388,4,HEJUD,Violation of Article 6 - Right to a fair trial (Article 6 - Criminal proceedings;Article 6-1 - Fair hearing),6|6-1,2023,negative,published_in_window_not_added_to_guide,apps:71304/16,false,false,clean,easy
2fbc08fc30bd,Article 9,2023-09-23,2024-03-29,2023-02-28,2023-08-31,apps:57752/21,X v. SLOVAKIA,57752/21,001-226061,4,HEJUD,Violation of Article 8 - Right to respect for private and family life (Article 8-1 - Respect for family life),8|8-1,2023,negative,published_in_window_not_added_to_guide,apps:57752/21,false,false,clean,easy
2fbc08fc30bd,Article 9,2023-09-23,2024-03-29,2023-02-28,2023-08-31,apps:36257/21,CHICOŞ v. ROMANIA,36257/21,001-227836,4,HEDEC,Struck out of the list,8|37|37-1,2023,negative,published_in_window_not_added_to_guide,apps:36257/21,false,false,clean,easy
2fbc08fc30bd,Article 9,2023-09-23,2024-03-29,2023-02-28,2023-08-31,apps:49670/16,COZAC AND CRISTEA v. ROMANIA,49670/16|19611/19,001-227812,4,HEDEC,Struck out of the list,3|39,2023,negative,published_in_window_not_added_to_guide,apps:49670/16,false,false,clean,easy
2fbc08fc30bd,Article 9,2023-09-23,2024-03-29,2023-02-28,2023-08-31,apps:41253/19,DELİBAŞ AND İLHAN v. TÜRKİYE,41253/19|51638/19,001-227828,4,HEDEC,Struck out of the list,6|6-1|39,2023,negative,published_in_window_not_added_to_guide,apps:41253/19,false,false,clean,easy
2fbc08fc30bd,Article 9,2023-09-23,2024-03-29,2023-02-28,2023-08-31,apps:38609/15,DINU AND COROI v. ROMANIA,38609/15|71101/17,001-227810,4,HEDEC,Inadmissible,3|35,2023,negative,published_in_window_not_added_to_guide,apps:38609/15,false,false,clean,easy
2fbc08fc30bd,Article 9,2023-09-23,2024-03-29,2023-02-28,2023-08-31,apps:50622/21,FATORIĆ BERTOVIĆ v. CROATIA,50622/21,001-227824,4,HEDEC,Struck out of the list,6|6-1|37|37-1,2023,negative,published_in_window_not_added_to_guide,apps:50622/21,false,false,clean,easy
2fbc08fc30bd,Article 9,2023-09-23,2024-03-29,2023-02-28,2023-08-31,apps:19812/18,FERREIRA ESTEVAM v. PORTUGAL,19812/18,001-227834,4,HEDEC,Struck out of the list,5|5-4|39,2023,negative,published_in_window_not_added_to_guide,apps:19812/18,false,false,clean,easy
2fbc08fc30bd,Article 9,2023-09-23,2024-03-29,2023-02-28,2023-08-31,apps:30196/17,GENERAL CLINIC LYSIMACHOS GRIGOR. SARAFIANOS S.A. AND OTHERS v. GREECE,30196/17,001-227830,4,HEDEC,Struck out of the list,6|6-1|37|37-1,2023,negative,published_in_window_not_added_to_guide,apps:30196/17,false,false,clean,easy
2fbc08fc30bd,Article 9,2023-09-23,2024-03-29,2023-02-28,2023-08-31,apps:38066/16,GÎTLAN v. ROMANIA,38066/16,001-227832,4,HEDEC,Inadmissible,3|35,2023,negative,published_in_window_not_added_to_guide,apps:38066/16,false,false,clean,easy
2fbc08fc30bd,Article 9,2023-09-23,2024-03-29,2023-02-28,2023-08-31,apps:49720/16,GROSU AND OTHERS v. ROMANIA,49720/16|59247/16|61086/16|10541/17|11636/17|15323/17|15327/17|20862/17,001-227813,4,HEDEC,Inadmissible,3|35,2023,negative,published_in_window_not_added_to_guide,apps:49720/16,false,false,clean,easy
2fbc08fc30bd,Article 9,2023-09-23,2024-03-29,2023-02-28,2023-08-31,apps:10867/18,HETEȘ-PEȘTEAN v. ROMANIA,10867/18,001-227833,4,HEDEC,Struck out of the list,3|39,2023,negative,published_in_window_not_added_to_guide,apps:10867/18,false,false,clean,easy
2fbc08fc30bd,Article 9,2023-09-23,2024-03-29,2023-02-28,2023-08-31,apps:36983/22,JAKŠIĆ v. CROATIA,36983/22,001-227826,4,HEDEC,Struck out of the list,6|6-1|37|37-1,2023,negative,published_in_window_not_added_to_guide,apps:36983/22,false,false,clean,easy
2fbc08fc30bd,Article 9,2023-09-23,2024-03-29,2023-02-28,2023-08-31,apps:76865/17,KĻAVIŅŠ v. LATVIA,76865/17,001-227821,4,HEDEC,Struck out of the list,6|6-1|37|37-1,2023,negative,published_in_window_not_added_to_guide,apps:76865/17,false,false,clean,easy
2fbc08fc30bd,Article 9,2023-09-23,2024-03-29,2023-02-28,2023-08-31,apps:27901/07,LAZELLARI AND OTHERS v. ALBANIA,27901/07|47108/08|1490/10|5753/15,001-227831,4,HEDEC,Struck out of the list,6|13|P1-1|37|37-1,2023,negative,published_in_window_not_added_to_guide,apps:27901/07,false,false,clean,easy
2fbc08fc30bd,Article 9,2023-09-23,2024-03-29,2023-02-28,2023-08-31,apps:21391/18,LOJODICE v. ITALY,21391/18,001-227762,4,HEDEC,Struck out of the list,6|6-1|39,2023,negative,published_in_window_not_added_to_guide,apps:21391/18,false,false,clean,easy
415c8994e0ed,Article 2,2023-09-23,2023-12-18,2023-02-28,2023-08-31,apps:32891/22,A.N. v. SWEDEN,32891/22,001-227779,4,HEDEC,Struck out of the list,3|37|37-1,2023,negative,published_in_window_not_added_to_guide,apps:32891/22,false,false,clean,easy
415c8994e0ed,Article 2,2023-09-23,2023-12-18,2023-02-28,2023-08-31,apps:44328/18,ALVES FERREIRA AND OTHERS v. PORTUGAL,44328/18|25234/21,001-227818,4,HEDEC,Struck out of the list,6|6-1|13|39,2023,negative,published_in_window_not_added_to_guide,apps:44328/18,false,false,clean,easy
415c8994e0ed,Article 2,2023-09-23,2023-12-18,2023-02-28,2023-08-31,apps:50568/11,ART GRUP-TRANS S.R.L. v. THE REPUBLIC OF MOLDOVA,50568/11,001-227869,4,HEDEC,Struck out of the list,6|6-1|37|37-1|P1-1,2023,negative,published_in_window_not_added_to_guide,apps:50568/11,false,false,clean,easy
415c8994e0ed,Article 2,2023-09-23,2023-12-18,2023-02-28,2023-08-31,apps:40990/18,ASHUROV AND OTHERS v. AZERBAIJAN,40990/18|58593/18|39249/19|7329/20|22149/20|4219/21|18328/22|32529/22,001-227862,4,HEDEC,Struck out of the list,6|5|37|37-1,2023,negative,published_in_window_not_added_to_guide,apps:40990/18,false,false,clean,easy
415c8994e0ed,Article 2,2023-09-23,2023-12-18,2023-02-28,2023-08-31,apps:19071/18,BABAYEV AND OTHERS v. AZERBAIJAN,19071/18|23274/18|55883/18|55897/18|7801/19|15748/19|20048/19|27365/19|27430/19|27632/19|28181/19|33330/19|35515/19|35553/19|36085/19|36285/19|36317/19|44224/20|4174/21|4488/21|27579/21,001-227858,4,HEDEC,Struck out of the list,6|37|37-1,2023,negative,published_in_window_not_added_to_guide,apps:19071/18,false,false,clean,easy
415c8994e0ed,Article 2,2023-09-23,2023-12-18,2023-02-28,2023-08-31,apps:57180/16,BALOGH AND OTHERS v. ROMANIA,57180/16|79130/16|2427/17,001-227814,4,HEDEC,Struck out of the list,3|37|37-1,2023,negative,published_in_window_not_added_to_guide,apps:57180/16,false,false,clean,easy
415c8994e0ed,Article 2,2023-09-23,2023-12-18,2023-02-28,2023-08-31,apps:23972/22,BRUNO AND OTHERS v. ITALY,23972/22,001-227772,4,HEDEC,Struck out of the list,P1-1|6|37|37-1,2023,negative,published_in_window_not_added_to_guide,apps:23972/22,false,false,clean,easy
415c8994e0ed,Article 2,2023-09-23,2023-12-18,2023-02-28,2023-08-31,apps:28227/18,BUSUIOC AND GROSU v. ROMANIA,28227/18|30685/18,001-227817,4,HEDEC,Inadmissible,3|35,2023,negative,published_in_window_not_added_to_guide,apps:28227/18,false,false,clean,easy
415c8994e0ed,Article 2,2023-09-23,2023-12-18,2023-02-28,2023-08-31,apps:37706/17,BAGIROVA AND OTHERS v. AZERBAIJAN,37706/17|47835/17|59194/17|73757/17|75028/17|753/18,001-226389,3,HEJUD,Remainder inadmissible (Art. 35) Admissibility criteria;(Art. 35-3-a) Ratione materiae;Violation of Article 1 of Protocol No. 1 - Protection of property (Article 1 para. 1 of Protocol No. 1 - Deprivation of property;Peaceful enjoyment of possessions);Just satisfaction reserved (Article 41 - Non-pecuniary damage;Pecuniary damage;Just satisfaction),35|35-3-a|P1-1|P1-1-1|41,2023,negative,published_in_window_not_added_to_guide,apps:37706/17,false,false,clean,easy
415c8994e0ed,Article 2,2023-09-23,2023-12-18,2023-02-28,2023-08-31,apps:2371/11,BORISOV v. UKRAINE,2371/11,001-226058,4,HEJUD,Pecuniary damage - award (Article 41 - Pecuniary damage;Just satisfaction),41,2023,negative,published_in_window_not_added_to_guide,apps:2371/11,false,false,clean,easy
415c8994e0ed,Article 2,2023-09-23,2023-12-18,2023-02-28,2023-08-31,apps:47196/21,C v. ITALY,47196/21,001-226488,3,HEJUD,Violation of Article 8 - Right to respect for private and family life (Article 8 - Positive obligations;Article 8-1 - Respect for private life);No violation of Article 8 - Right to respect for private and family life (Article 8-1 - Respect for family life;Respect for private life);Pecuniary damage - claim dismissed (Article 41 - Pecuniary damage;Just satisfaction);Non-pecuniary damage - award (Article 41 - Non-pecuniary damage;Just satisfaction),8|8-1|41,2023,negative,published_in_window_not_added_to_guide,apps:47196/21,false,false,clean,easy
415c8994e0ed,Article 2,2023-09-23,2023-12-18,2023-02-28,2023-08-31,apps:51424/08,GULIYEVA v. AZERBAIJAN,51424/08,001-226459,4,HEJUD,Pecuniary and non-pecuniary damage - award (Article 41 - Non-pecuniary damage;Pecuniary damage;Just satisfaction),41,2023,negative,published_in_window_not_added_to_guide,apps:51424/08,false,false,clean,easy
415c8994e0ed,Article 2,2023-09-23,2023-12-18,2023-02-28,2023-08-31,apps:70583/17,M.A. v. ITALY,70583/17,001-226390,3,HEJUD,Remainder inadmissible (Art. 35) Admissibility criteria;(Art. 35-3-a) Manifestly ill-founded;Violation of Article 3 - Prohibition of torture (Article 3 - Inhuman treatment) (Substantive aspect);Non-pecuniary damage - award (Article 41 - Non-pecuniary damage;Just satisfaction),35|35-3-a|3|41,2023,negative,published_in_window_not_added_to_guide,apps:70583/17,false,false,clean,easy
415c8994e0ed,Article 2,2023-09-23,2023-12-18,2023-02-28,2023-08-31,apps:56669/18,OKSUZOGLU v. UKRAINE,56669/18,001-226060,4,HEJUD,Violation of Article 8 - Right to respect for private and family life (Article 8-1 - Respect for family life),8|8-1,2023,negative,published_in_window_not_added_to_guide,apps:56669/18,false,false,clean,easy
415c8994e0ed,Article 2,2023-09-23,2023-12-18,2023-02-28,2023-08-31,apps:71304/16,SHALA v. ITALY,71304/16,001-226388,4,HEJUD,Violation of Article 6 - Right to a fair trial (Article 6 - Criminal proceedings;Article 6-1 - Fair hearing),6|6-1,2023,negative,published_in_window_not_added_to_guide,apps:71304/16,false,false,clean,easy
415c8994e0ed,Article 2,2023-09-23,2023-12-18,2023-02-28,2023-08-31,apps:57752/21,X v. SLOVAKIA,57752/21,001-226061,4,HEJUD,Violation of Article 8 - Right to respect for private and family life (Article 8-1 - Respect for family life),8|8-1,2023,negative,published_in_window_not_added_to_guide,apps:57752/21,false,false,clean,easy
415c8994e0ed,Article 2,2023-09-23,2023-12-18,2023-02-28,2023-08-31,apps:36257/21,CHICOŞ v. ROMANIA,36257/21,001-227836,4,HEDEC,Struck out of the list,8|37|37-1,2023,negative,published_in_window_not_added_to_guide,apps:36257/21,false,false,clean,easy
415c8994e0ed,Article 2,2023-09-23,2023-12-18,2023-02-28,2023-08-31,apps:49670/16,COZAC AND CRISTEA v. ROMANIA,49670/16|19611/19,001-227812,4,HEDEC,Struck out of the list,3|39,2023,negative,published_in_window_not_added_to_guide,apps:49670/16,false,false,clean,easy
415c8994e0ed,Article 2,2023-09-23,2023-12-18,2023-02-28,2023-08-31,apps:41253/19,DELİBAŞ AND İLHAN v. TÜRKİYE,41253/19|51638/19,001-227828,4,HEDEC,Struck out of the list,6|6-1|39,2023,negative,published_in_window_not_added_to_guide,apps:41253/19,false,false,clean,easy
415c8994e0ed,Article 2,2023-09-23,2023-12-18,2023-02-28,2023-08-31,apps:38609/15,DINU AND COROI v. ROMANIA,38609/15|71101/17,001-227810,4,HEDEC,Inadmissible,3|35,2023,negative,published_in_window_not_added_to_guide,apps:38609/15,false,false,clean,easy
415c8994e0ed,Article 2,2023-09-23,2023-12-18,2023-02-28,2023-08-31,apps:50622/21,FATORIĆ BERTOVIĆ v. CROATIA,50622/21,001-227824,4,HEDEC,Struck out of the list,6|6-1|37|37-1,2023,negative,published_in_window_not_added_to_guide,apps:50622/21,false,false,clean,easy
415c8994e0ed,Article 2,2023-09-23,2023-12-18,2023-02-28,2023-08-31,apps:19812/18,FERREIRA ESTEVAM v. PORTUGAL,19812/18,001-227834,4,HEDEC,Struck out of the list,5|5-4|39,2023,negative,published_in_window_not_added_to_guide,apps:19812/18,false,false,clean,easy
415c8994e0ed,Article 2,2023-09-23,2023-12-18,2023-02-28,2023-08-31,apps:30196/17,GENERAL CLINIC LYSIMACHOS GRIGOR. SARAFIANOS S.A. AND OTHERS v. GREECE,30196/17,001-227830,4,HEDEC,Struck out of the list,6|6-1|37|37-1,2023,negative,published_in_window_not_added_to_guide,apps:30196/17,false,false,clean,easy
415c8994e0ed,Article 2,2023-09-23,2023-12-18,2023-02-28,2023-08-31,apps:38066/16,GÎTLAN v. ROMANIA,38066/16,001-227832,4,HEDEC,Inadmissible,3|35,2023,negative,published_in_window_not_added_to_guide,apps:38066/16,false,false,clean,easy
415c8994e0ed,Article 2,2023-09-23,2023-12-18,2023-02-28,2023-08-31,apps:49720/16,GROSU AND OTHERS v. ROMANIA,49720/16|59247/16|61086/16|10541/17|11636/17|15323/17|15327/17|20862/17,001-227813,4,HEDEC,Inadmissible,3|35,2023,negative,published_in_window_not_added_to_guide,apps:49720/16,false,false,clean,easy
415c8994e0ed,Article 2,2023-09-23,2023-12-18,2023-02-28,2023-08-31,apps:10867/18,HETEȘ-PEȘTEAN v. ROMANIA,10867/18,001-227833,4,HEDEC,Struck out of the list,3|39,2023,negative,published_in_window_not_added_to_guide,apps:10867/18,false,false,clean,easy
415c8994e0ed,Article 2,2023-09-23,2023-12-18,2023-02-28,2023-08-31,apps:36983/22,JAKŠIĆ v. CROATIA,36983/22,001-227826,4,HEDEC,Struck out of the list,6|6-1|37|37-1,2023,negative,published_in_window_not_added_to_guide,apps:36983/22,false,false,clean,easy
415c8994e0ed,Article 2,2023-09-23,2023-12-18,2023-02-28,2023-08-31,apps:76865/17,KĻAVIŅŠ v. LATVIA,76865/17,001-227821,4,HEDEC,Struck out of the list,6|6-1|37|37-1,2023,negative,published_in_window_not_added_to_guide,apps:76865/17,false,false,clean,easy
415c8994e0ed,Article 2,2023-09-23,2023-12-18,2023-02-28,2023-08-31,apps:27901/07,LAZELLARI AND OTHERS v. ALBANIA,27901/07|47108/08|1490/10|5753/15,001-227831,4,HEDEC,Struck out of the list,6|13|P1-1|37|37-1,2023,negative,published_in_window_not_added_to_guide,apps:27901/07,false,false,clean,easy
415c8994e0ed,Article 2,2023-09-23,2023-12-18,2023-02-28,2023-08-31,apps:21391/18,LOJODICE v. ITALY,21391/18,001-227762,4,HEDEC,Struck out of the list,6|6-1|39,2023,negative,published_in_window_not_added_to_guide,apps:21391/18,false,false,clean,easy
54e38e09f96e,Article 2 Protocol 1,2023-09-23,2023-12-06,2023-02-28,2023-08-31,apps:32891/22,A.N. v. SWEDEN,32891/22,001-227779,4,HEDEC,Struck out of the list,3|37|37-1,2023,negative,published_in_window_not_added_to_guide,apps:32891/22,false,false,clean,easy
54e38e09f96e,Article 2 Protocol 1,2023-09-23,2023-12-06,2023-02-28,2023-08-31,apps:44328/18,ALVES FERREIRA AND OTHERS v. PORTUGAL,44328/18|25234/21,001-227818,4,HEDEC,Struck out of the list,6|6-1|13|39,2023,negative,published_in_window_not_added_to_guide,apps:44328/18,false,false,clean,easy
54e38e09f96e,Article 2 Protocol 1,2023-09-23,2023-12-06,2023-02-28,2023-08-31,apps:50568/11,ART GRUP-TRANS S.R.L. v. THE REPUBLIC OF MOLDOVA,50568/11,001-227869,4,HEDEC,Struck out of the list,6|6-1|37|37-1|P1-1,2023,negative,published_in_window_not_added_to_guide,apps:50568/11,false,false,clean,easy
54e38e09f96e,Article 2 Protocol 1,2023-09-23,2023-12-06,2023-02-28,2023-08-31,apps:40990/18,ASHUROV AND OTHERS v. AZERBAIJAN,40990/18|58593/18|39249/19|7329/20|22149/20|4219/21|18328/22|32529/22,001-227862,4,HEDEC,Struck out of the list,6|5|37|37-1,2023,negative,published_in_window_not_added_to_guide,apps:40990/18,false,false,clean,easy
54e38e09f96e,Article 2 Protocol 1,2023-09-23,2023-12-06,2023-02-28,2023-08-31,apps:19071/18,BABAYEV AND OTHERS v. AZERBAIJAN,19071/18|23274/18|55883/18|55897/18|7801/19|15748/19|20048/19|27365/19|27430/19|27632/19|28181/19|33330/19|35515/19|35553/19|36085/19|36285/19|36317/19|44224/20|4174/21|4488/21|27579/21,001-227858,4,HEDEC,Struck out of the list,6|37|37-1,2023,negative,published_in_window_not_added_to_guide,apps:19071/18,false,false,clean,easy
54e38e09f96e,Article 2 Protocol 1,2023-09-23,2023-12-06,2023-02-28,2023-08-31,apps:57180/16,BALOGH AND OTHERS v. ROMANIA,57180/16|79130/16|2427/17,001-227814,4,HEDEC,Struck out of the list,3|37|37-1,2023,negative,published_in_window_not_added_to_guide,apps:57180/16,false,false,clean,easy
54e38e09f96e,Article 2 Protocol 1,2023-09-23,2023-12-06,2023-02-28,2023-08-31,apps:23972/22,BRUNO AND OTHERS v. ITALY,23972/22,001-227772,4,HEDEC,Struck out of the list,P1-1|6|37|37-1,2023,negative,published_in_window_not_added_to_guide,apps:23972/22,false,false,clean,easy
54e38e09f96e,Article 2 Protocol 1,2023-09-23,2023-12-06,2023-02-28,2023-08-31,apps:28227/18,BUSUIOC AND GROSU v. ROMANIA,28227/18|30685/18,001-227817,4,HEDEC,Inadmissible,3|35,2023,negative,published_in_window_not_added_to_guide,apps:28227/18,false,false,clean,easy
54e38e09f96e,Article 2 Protocol 1,2023-09-23,2023-12-06,2023-02-28,2023-08-31,apps:37706/17,BAGIROVA AND OTHERS v. AZERBAIJAN,37706/17|47835/17|59194/17|73757/17|75028/17|753/18,001-226389,3,HEJUD,Remainder inadmissible (Art. 35) Admissibility criteria;(Art. 35-3-a) Ratione materiae;Violation of Article 1 of Protocol No. 1 - Protection of property (Article 1 para. 1 of Protocol No. 1 - Deprivation of property;Peaceful enjoyment of possessions);Just satisfaction reserved (Article 41 - Non-pecuniary damage;Pecuniary damage;Just satisfaction),35|35-3-a|P1-1|P1-1-1|41,2023,negative,published_in_window_not_added_to_guide,apps:37706/17,false,false,clean,easy
54e38e09f96e,Article 2 Protocol 1,2023-09-23,2023-12-06,2023-02-28,2023-08-31,apps:2371/11,BORISOV v. UKRAINE,2371/11,001-226058,4,HEJUD,Pecuniary damage - award (Article 41 - Pecuniary damage;Just satisfaction),41,2023,negative,published_in_window_not_added_to_guide,apps:2371/11,false,false,clean,easy
54e38e09f96e,Article 2 Protocol 1,2023-09-23,2023-12-06,2023-02-28,2023-08-31,apps:47196/21,C v. ITALY,47196/21,001-226488,3,HEJUD,Violation of Article 8 - Right to respect for private and family life (Article 8 - Positive obligations;Article 8-1 - Respect for private life);No violation of Article 8 - Right to respect for private and family life (Article 8-1 - Respect for family life;Respect for private life);Pecuniary damage - claim dismissed (Article 41 - Pecuniary damage;Just satisfaction);Non-pecuniary damage - award (Article 41 - Non-pecuniary damage;Just satisfaction),8|8-1|41,2023,negative,published_in_window_not_added_to_guide,apps:47196/21,false,false,clean,easy
54e38e09f96e,Article 2 Protocol 1,2023-09-23,2023-12-06,2023-02-28,2023-08-31,apps:51424/08,GULIYEVA v. AZERBAIJAN,51424/08,001-226459,4,HEJUD,Pecuniary and non-pecuniary damage - award (Article 41 - Non-pecuniary damage;Pecuniary damage;Just satisfaction),41,2023,negative,published_in_window_not_added_to_guide,apps:51424/08,false,false,clean,easy
54e38e09f96e,Article 2 Protocol 1,2023-09-23,2023-12-06,2023-02-28,2023-08-31,apps:70583/17,M.A. v. ITALY,70583/17,001-226390,3,HEJUD,Remainder inadmissible (Art. 35) Admissibility criteria;(Art. 35-3-a) Manifestly ill-founded;Violation of Article 3 - Prohibition of torture (Article 3 - Inhuman treatment) (Substantive aspect);Non-pecuniary damage - award (Article 41 - Non-pecuniary damage;Just satisfaction),35|35-3-a|3|41,2023,negative,published_in_window_not_added_to_guide,apps:70583/17,false,false,clean,easy
54e38e09f96e,Article 2 Protocol 1,2023-09-23,2023-12-06,2023-02-28,2023-08-31,apps:56669/18,OKSUZOGLU v. UKRAINE,56669/18,001-226060,4,HEJUD,Violation of Article 8 - Right to respect for private and family life (Article 8-1 - Respect for family life),8|8-1,2023,negative,published_in_window_not_added_to_guide,apps:56669/18,false,false,clean,easy
54e38e09f96e,Article 2 Protocol 1,2023-09-23,2023-12-06,2023-02-28,2023-08-31,apps:71304/16,SHALA v. ITALY,71304/16,001-226388,4,HEJUD,Violation of Article 6 - Right to a fair trial (Article 6 - Criminal proceedings;Article 6-1 - Fair hearing),6|6-1,2023,negative,published_in_window_not_added_to_guide,apps:71304/16,false,false,clean,easy
54e38e09f96e,Article 2 Protocol 1,2023-09-23,2023-12-06,2023-02-28,2023-08-31,apps:57752/21,X v. SLOVAKIA,57752/21,001-226061,4,HEJUD,Violation of Article 8 - Right to respect for private and family life (Article 8-1 - Respect for family life),8|8-1,2023,negative,published_in_window_not_added_to_guide,apps:57752/21,false,false,clean,easy
54e38e09f96e,Article 2 Protocol 1,2023-09-23,2023-12-06,2023-02-28,2023-08-31,apps:36257/21,CHICOŞ v. ROMANIA,36257/21,001-227836,4,HEDEC,Struck out of the list,8|37|37-1,2023,negative,published_in_window_not_added_to_guide,apps:36257/21,false,false,clean,easy
54e38e09f96e,Article 2 Protocol 1,2023-09-23,2023-12-06,2023-02-28,2023-08-31,apps:49670/16,COZAC AND CRISTEA v. ROMANIA,49670/16|19611/19,001-227812,4,HEDEC,Struck out of the list,3|39,2023,negative,published_in_window_not_added_to_guide,apps:49670/16,false,false,clean,easy
54e38e09f96e,Article 2 Protocol 1,2023-09-23,2023-12-06,2023-02-28,2023-08-31,apps:41253/19,DELİBAŞ AND İLHAN v. TÜRKİYE,41253/19|51638/19,001-227828,4,HEDEC,Struck out of the list,6|6-1|39,2023,negative,published_in_window_not_added_to_guide,apps:41253/19,false,false,clean,easy
54e38e09f96e,Article 2 Protocol 1,2023-09-23,2023-12-06,2023-02-28,2023-08-31,apps:38609/15,DINU AND COROI v. ROMANIA,38609/15|71101/17,001-227810,4,HEDEC,Inadmissible,3|35,2023,negative,published_in_window_not_added_to_guide,apps:38609/15,false,false,clean,easy
54e38e09f96e,Article 2 Protocol 1,2023-09-23,2023-12-06,2023-02-28,2023-08-31,apps:50622/21,FATORIĆ BERTOVIĆ v. CROATIA,50622/21,001-227824,4,HEDEC,Struck out of the list,6|6-1|37|37-1,2023,negative,published_in_window_not_added_to_guide,apps:50622/21,false,false,clean,easy
54e38e09f96e,Article 2 Protocol 1,2023-09-23,2023-12-06,2023-02-28,2023-08-31,apps:19812/18,FERREIRA ESTEVAM v. PORTUGAL,19812/18,001-227834,4,HEDEC,Struck out of the list,5|5-4|39,2023,negative,published_in_window_not_added_to_guide,apps:19812/18,false,false,clean,easy
54e38e09f96e,Article 2 Protocol 1,2023-09-23,2023-12-06,2023-02-28,2023-08-31,apps:30196/17,GENERAL CLINIC LYSIMACHOS GRIGOR. SARAFIANOS S.A. AND OTHERS v. GREECE,30196/17,001-227830,4,HEDEC,Struck out of the list,6|6-1|37|37-1,2023,negative,published_in_window_not_added_to_guide,apps:30196/17,false,false,clean,easy
54e38e09f96e,Article 2 Protocol 1,2023-09-23,2023-12-06,2023-02-28,2023-08-31,apps:38066/16,GÎTLAN v. ROMANIA,38066/16,001-227832,4,HEDEC,Inadmissible,3|35,2023,negative,published_in_window_not_added_to_guide,apps:38066/16,false,false,clean,easy
54e38e09f96e,Article 2 Protocol 1,2023-09-23,2023-12-06,2023-02-28,2023-08-31,apps:49720/16,GROSU AND OTHERS v. ROMANIA,49720/16|59247/16|61086/16|10541/17|11636/17|15323/17|15327/17|20862/17,001-227813,4,HEDEC,Inadmissible,3|35,2023,negative,published_in_window_not_added_to_guide,apps:49720/16,false,false,clean,easy
54e38e09f96e,Article 2 Protocol 1,2023-09-23,2023-12-06,2023-02-28,2023-08-31,apps:10867/18,HETEȘ-PEȘTEAN v. ROMANIA,10867/18,001-227833,4,HEDEC,Struck out of the list,3|39,2023,negative,published_in_window_not_added_to_guide,apps:10867/18,false,false,clean,easy
54e38e09f96e,Article 2 Protocol 1,2023-09-23,2023-12-06,2023-02-28,2023-08-31,apps:36983/22,JAKŠIĆ v. CROATIA,36983/22,001-227826,4,HEDEC,Struck out of the list,6|6-1|37|37-1,2023,negative,published_in_window_not_added_to_guide,apps:36983/22,false,false,clean,easy
54e38e09f96e,Article 2 Protocol 1,2023-09-23,2023-12-06,2023-02-28,2023-08-31,apps:76865/17,KĻAVIŅŠ v. LATVIA,76865/17,001-227821,4,HEDEC,Struck out of the list,6|6-1|37|37-1,2023,negative,published_in_window_not_added_to_guide,apps:76865/17,false,false,clean,easy
54e38e09f96e,Article 2 Protocol 1,2023-09-23,2023-12-06,2023-02-28,2023-08-31,apps:27901/07,LAZELLARI AND OTHERS v. ALBANIA,27901/07|47108/08|1490/10|5753/15,001-227831,4,HEDEC,Struck out of the list,6|13|P1-1|37|37-1,2023,negative,published_in_window_not_added_to_guide,apps:27901/07,false,false,clean,easy
54e38e09f96e,Article 2 Protocol 1,2023-09-23,2023-12-06,2023-02-28,2023-08-31,apps:21391/18,LOJODICE v. ITALY,21391/18,001-227762,4,HEDEC,Struck out of the list,6|6-1|39,2023,negative,published_in_window_not_added_to_guide,apps:21391/18,false,false,clean,easy
684d373b17e9,Article 11,2023-09-23,2024-04-05,2023-02-28,2023-08-31,apps:32891/22,A.N. v. SWEDEN,32891/22,001-227779,4,HEDEC,Struck out of the list,3|37|37-1,2023,negative,published_in_window_not_added_to_guide,apps:32891/22,false,false,clean,easy
684d373b17e9,Article 11,2023-09-23,2024-04-05,2023-02-28,2023-08-31,apps:44328/18,ALVES FERREIRA AND OTHERS v. PORTUGAL,44328/18|25234/21,001-227818,4,HEDEC,Struck out of the list,6|6-1|13|39,2023,negative,published_in_window_not_added_to_guide,apps:44328/18,false,false,clean,easy
684d373b17e9,Article 11,2023-09-23,2024-04-05,2023-02-28,2023-08-31,apps:50568/11,ART GRUP-TRANS S.R.L. v. THE REPUBLIC OF MOLDOVA,50568/11,001-227869,4,HEDEC,Struck out of the list,6|6-1|37|37-1|P1-1,2023,negative,published_in_window_not_added_to_guide,apps:50568/11,false,false,clean,easy
684d373b17e9,Article 11,2023-09-23,2024-04-05,2023-02-28,2023-08-31,apps:40990/18,ASHUROV AND OTHERS v. AZERBAIJAN,40990/18|58593/18|39249/19|7329/20|22149/20|4219/21|18328/22|32529/22,001-227862,4,HEDEC,Struck out of the list,6|5|37|37-1,2023,negative,published_in_window_not_added_to_guide,apps:40990/18,false,false,clean,easy
684d373b17e9,Article 11,2023-09-23,2024-04-05,2023-02-28,2023-08-31,apps:19071/18,BABAYEV AND OTHERS v. AZERBAIJAN,19071/18|23274/18|55883/18|55897/18|7801/19|15748/19|20048/19|27365/19|27430/19|27632/19|28181/19|33330/19|35515/19|35553/19|36085/19|36285/19|36317/19|44224/20|4174/21|4488/21|27579/21,001-227858,4,HEDEC,Struck out of the list,6|37|37-1,2023,negative,published_in_window_not_added_to_guide,apps:19071/18,false,false,clean,easy
684d373b17e9,Article 11,2023-09-23,2024-04-05,2023-02-28,2023-08-31,apps:57180/16,BALOGH AND OTHERS v. ROMANIA,57180/16|79130/16|2427/17,001-227814,4,HEDEC,Struck out of the list,3|37|37-1,2023,negative,published_in_window_not_added_to_guide,apps:57180/16,false,false,clean,easy
684d373b17e9,Article 11,2023-09-23,2024-04-05,2023-02-28,2023-08-31,apps:23972/22,BRUNO AND OTHERS v. ITALY,23972/22,001-227772,4,HEDEC,Struck out of the list,P1-1|6|37|37-1,2023,negative,published_in_window_not_added_to_guide,apps:23972/22,false,false,clean,easy
684d373b17e9,Article 11,2023-09-23,2024-04-05,2023-02-28,2023-08-31,apps:28227/18,BUSUIOC AND GROSU v. ROMANIA,28227/18|30685/18,001-227817,4,HEDEC,Inadmissible,3|35,2023,negative,published_in_window_not_added_to_guide,apps:28227/18,false,false,clean,easy
684d373b17e9,Article 11,2023-09-23,2024-04-05,2023-02-28,2023-08-31,apps:37706/17,BAGIROVA AND OTHERS v. AZERBAIJAN,37706/17|47835/17|59194/17|73757/17|75028/17|753/18,001-226389,3,HEJUD,Remainder inadmissible (Art. 35) Admissibility criteria;(Art. 35-3-a) Ratione materiae;Violation of Article 1 of Protocol No. 1 - Protection of property (Article 1 para. 1 of Protocol No. 1 - Deprivation of property;Peaceful enjoyment of possessions);Just satisfaction reserved (Article 41 - Non-pecuniary damage;Pecuniary damage;Just satisfaction),35|35-3-a|P1-1|P1-1-1|41,2023,negative,published_in_window_not_added_to_guide,apps:37706/17,false,false,clean,easy
684d373b17e9,Article 11,2023-09-23,2024-04-05,2023-02-28,2023-08-31,apps:2371/11,BORISOV v. UKRAINE,2371/11,001-226058,4,HEJUD,Pecuniary damage - award (Article 41 - Pecuniary damage;Just satisfaction),41,2023,negative,published_in_window_not_added_to_guide,apps:2371/11,false,false,clean,easy
684d373b17e9,Article 11,2023-09-23,2024-04-05,2023-02-28,2023-08-31,apps:47196/21,C v. ITALY,47196/21,001-226488,3,HEJUD,Violation of Article 8 - Right to respect for private and family life (Article 8 - Positive obligations;Article 8-1 - Respect for private life);No violation of Article 8 - Right to respect for private and family life (Article 8-1 - Respect for family life;Respect for private life);Pecuniary damage - claim dismissed (Article 41 - Pecuniary damage;Just satisfaction);Non-pecuniary damage - award (Article 41 - Non-pecuniary damage;Just satisfaction),8|8-1|41,2023,negative,published_in_window_not_added_to_guide,apps:47196/21,false,false,clean,easy
684d373b17e9,Article 11,2023-09-23,2024-04-05,2023-02-28,2023-08-31,apps:51424/08,GULIYEVA v. AZERBAIJAN,51424/08,001-226459,4,HEJUD,Pecuniary and non-pecuniary damage - award (Article 41 - Non-pecuniary damage;Pecuniary damage;Just satisfaction),41,2023,negative,published_in_window_not_added_to_guide,apps:51424/08,false,false,clean,easy
684d373b17e9,Article 11,2023-09-23,2024-04-05,2023-02-28,2023-08-31,apps:70583/17,M.A. v. ITALY,70583/17,001-226390,3,HEJUD,Remainder inadmissible (Art. 35) Admissibility criteria;(Art. 35-3-a) Manifestly ill-founded;Violation of Article 3 - Prohibition of torture (Article 3 - Inhuman treatment) (Substantive aspect);Non-pecuniary damage - award (Article 41 - Non-pecuniary damage;Just satisfaction),35|35-3-a|3|41,2023,negative,published_in_window_not_added_to_guide,apps:70583/17,false,false,clean,easy
684d373b17e9,Article 11,2023-09-23,2024-04-05,2023-02-28,2023-08-31,apps:56669/18,OKSUZOGLU v. UKRAINE,56669/18,001-226060,4,HEJUD,Violation of Article 8 - Right to respect for private and family life (Article 8-1 - Respect for family life),8|8-1,2023,negative,published_in_window_not_added_to_guide,apps:56669/18,false,false,clean,easy
684d373b17e9,Article 11,2023-09-23,2024-04-05,2023-02-28,2023-08-31,apps:71304/16,SHALA v. ITALY,71304/16,001-226388,4,HEJUD,Violation of Article 6 - Right to a fair trial (Article 6 - Criminal proceedings;Article 6-1 - Fair hearing),6|6-1,2023,negative,published_in_window_not_added_to_guide,apps:71304/16,false,false,clean,easy
684d373b17e9,Article 11,2023-09-23,2024-04-05,2023-02-28,2023-08-31,apps:57752/21,X v. SLOVAKIA,57752/21,001-226061,4,HEJUD,Violation of Article 8 - Right to respect for private and family life (Article 8-1 - Respect for family life),8|8-1,2023,negative,published_in_window_not_added_to_guide,apps:57752/21,false,false,clean,easy
684d373b17e9,Article 11,2023-09-23,2024-04-05,2023-02-28,2023-08-31,apps:36257/21,CHICOŞ v. ROMANIA,36257/21,001-227836,4,HEDEC,Struck out of the list,8|37|37-1,2023,negative,published_in_window_not_added_to_guide,apps:36257/21,false,false,clean,easy
684d373b17e9,Article 11,2023-09-23,2024-04-05,2023-02-28,2023-08-31,apps:49670/16,COZAC AND CRISTEA v. ROMANIA,49670/16|19611/19,001-227812,4,HEDEC,Struck out of the list,3|39,2023,negative,published_in_window_not_added_to_guide,apps:49670/16,false,false,clean,easy
684d373b17e9,Article 11,2023-09-23,2024-04-05,2023-02-28,2023-08-31,apps:41253/19,DELİBAŞ AND İLHAN v. TÜRKİYE,41253/19|51638/19,001-227828,4,HEDEC,Struck out of the list,6|6-1|39,2023,negative,published_in_window_not_added_to_guide,apps:41253/19,false,false,clean,easy
684d373b17e9,Article 11,2023-09-23,2024-04-05,2023-02-28,2023-08-31,apps:38609/15,DINU AND COROI v. ROMANIA,38609/15|71101/17,001-227810,4,HEDEC,Inadmissible,3|35,2023,negative,published_in_window_not_added_to_guide,apps:38609/15,false,false,clean,easy
684d373b17e9,Article 11,2023-09-23,2024-04-05,2023-02-28,2023-08-31,apps:50622/21,FATORIĆ BERTOVIĆ v. CROATIA,50622/21,001-227824,4,HEDEC,Struck out of the list,6|6-1|37|37-1,2023,negative,published_in_window_not_added_to_guide,apps:50622/21,false,false,clean,easy
684d373b17e9,Article 11,2023-09-23,2024-04-05,2023-02-28,2023-08-31,apps:19812/18,FERREIRA ESTEVAM v. PORTUGAL,19812/18,001-227834,4,HEDEC,Struck out of the list,5|5-4|39,2023,negative,published_in_window_not_added_to_guide,apps:19812/18,false,false,clean,easy
684d373b17e9,Article 11,2023-09-23,2024-04-05,2023-02-28,2023-08-31,apps:30196/17,GENERAL CLINIC LYSIMACHOS GRIGOR. SARAFIANOS S.A. AND OTHERS v. GREECE,30196/17,001-227830,4,HEDEC,Struck out of the list,6|6-1|37|37-1,2023,negative,published_in_window_not_added_to_guide,apps:30196/17,false,false,clean,easy
684d373b17e9,Article 11,2023-09-23,2024-04-05,2023-02-28,2023-08-31,apps:38066/16,GÎTLAN v. ROMANIA,38066/16,001-227832,4,HEDEC,Inadmissible,3|35,2023,negative,published_in_window_not_added_to_guide,apps:38066/16,false,false,clean,easy
684d373b17e9,Article 11,2023-09-23,2024-04-05,2023-02-28,2023-08-31,apps:49720/16,GROSU AND OTHERS v. ROMANIA,49720/16|59247/16|61086/16|10541/17|11636/17|15323/17|15327/17|20862/17,001-227813,4,HEDEC,Inadmissible,3|35,2023,negative,published_in_window_not_added_to_guide,apps:49720/16,false,false,clean,easy
684d373b17e9,Article 11,2023-09-23,2024-04-05,2023-02-28,2023-08-31,apps:10867/18,HETEȘ-PEȘTEAN v. ROMANIA,10867/18,001-227833,4,HEDEC,Struck out of the list,3|39,2023,negative,published_in_window_not_added_to_guide,apps:10867/18,false,false,clean,easy
684d373b17e9,Article 11,2023-09-23,2024-04-05,2023-02-28,2023-08-31,apps:36983/22,JAKŠIĆ v. CROATIA,36983/22,001-227826,4,HEDEC,Struck out of the list,6|6-1|37|37-1,2023,negative,published_in_window_not_added_to_guide,apps:36983/22,false,false,clean,easy
684d373b17e9,Article 11,2023-09-23,2024-04-05,2023-02-28,2023-08-31,apps:76865/17,KĻAVIŅŠ v. LATVIA,76865/17,001-227821,4,HEDEC,Struck out of the list,6|6-1|37|37-1,2023,negative,published_in_window_not_added_to_guide,apps:76865/17,false,false,clean,easy
684d373b17e9,Article 11,2023-09-23,2024-04-05,2023-02-28,2023-08-31,apps:27901/07,LAZELLARI AND OTHERS v. ALBANIA,27901/07|47108/08|1490/10|5753/15,001-227831,4,HEDEC,Struck out of the list,6|13|P1-1|37|37-1,2023,negative,published_in_window_not_added_to_guide,apps:27901/07,false,false,clean,easy
684d373b17e9,Article 11,2023-09-23,2024-04-05,2023-02-28,2023-08-31,apps:21391/18,LOJODICE v. ITALY,21391/18,001-227762,4,HEDEC,Struck out of the list,6|6-1|39,2023,negative,published_in_window_not_added_to_guide,apps:21391/18,false,false,clean,easy
7a059e452dbd,Article 1,2023-09-23,2023-11-14,2023-02-28,2023-08-31,apps:32891/22,A.N. v. SWEDEN,32891/22,001-227779,4,HEDEC,Struck out of the list,3|37|37-1,2023,negative,published_in_window_not_added_to_guide,apps:32891/22,false,false,clean,easy
7a059e452dbd,Article 1,2023-09-23,2023-11-14,2023-02-28,2023-08-31,apps:44328/18,ALVES FERREIRA AND OTHERS v. PORTUGAL,44328/18|25234/21,001-227818,4,HEDEC,Struck out of the list,6|6-1|13|39,2023,negative,published_in_window_not_added_to_guide,apps:44328/18,false,false,clean,easy
7a059e452dbd,Article 1,2023-09-23,2023-11-14,2023-02-28,2023-08-31,apps:50568/11,ART GRUP-TRANS S.R.L. v. THE REPUBLIC OF MOLDOVA,50568/11,001-227869,4,HEDEC,Struck out of the list,6|6-1|37|37-1|P1-1,2023,negative,published_in_window_not_added_to_guide,apps:50568/11,false,false,clean,easy
7a059e452dbd,Article 1,2023-09-23,2023-11-14,2023-02-28,2023-08-31,apps:40990/18,ASHUROV AND OTHERS v. AZERBAIJAN,40990/18|58593/18|39249/19|7329/20|22149/20|4219/21|18328/22|32529/22,001-227862,4,HEDEC,Struck out of the list,6|5|37|37-1,2023,negative,published_in_window_not_added_to_guide,apps:40990/18,false,false,clean,easy
7a059e452dbd,Article 1,2023-09-23,2023-11-14,2023-02-28,2023-08-31,apps:19071/18,BABAYEV AND OTHERS v. AZERBAIJAN,19071/18|23274/18|55883/18|55897/18|7801/19|15748/19|20048/19|27365/19|27430/19|27632/19|28181/19|33330/19|35515/19|35553/19|36085/19|36285/19|36317/19|44224/20|4174/21|4488/21|27579/21,001-227858,4,HEDEC,Struck out of the list,6|37|37-1,2023,negative,published_in_window_not_added_to_guide,apps:19071/18,false,false,clean,easy
7a059e452dbd,Article 1,2023-09-23,2023-11-14,2023-02-28,2023-08-31,apps:57180/16,BALOGH AND OTHERS v. ROMANIA,57180/16|79130/16|2427/17,001-227814,4,HEDEC,Struck out of the list,3|37|37-1,2023,negative,published_in_window_not_added_to_guide,apps:57180/16,false,false,clean,easy
7a059e452dbd,Article 1,2023-09-23,2023-11-14,2023-02-28,2023-08-31,apps:23972/22,BRUNO AND OTHERS v. ITALY,23972/22,001-227772,4,HEDEC,Struck out of the list,P1-1|6|37|37-1,2023,negative,published_in_window_not_added_to_guide,apps:23972/22,false,false,clean,easy
7a059e452dbd,Article 1,2023-09-23,2023-11-14,2023-02-28,2023-08-31,apps:28227/18,BUSUIOC AND GROSU v. ROMANIA,28227/18|30685/18,001-227817,4,HEDEC,Inadmissible,3|35,2023,negative,published_in_window_not_added_to_guide,apps:28227/18,false,false,clean,easy
7a059e452dbd,Article 1,2023-09-23,2023-11-14,2023-02-28,2023-08-31,apps:37706/17,BAGIROVA AND OTHERS v. AZERBAIJAN,37706/17|47835/17|59194/17|73757/17|75028/17|753/18,001-226389,3,HEJUD,Remainder inadmissible (Art. 35) Admissibility criteria;(Art. 35-3-a) Ratione materiae;Violation of Article 1 of Protocol No. 1 - Protection of property (Article 1 para. 1 of Protocol No. 1 - Deprivation of property;Peaceful enjoyment of possessions);Just satisfaction reserved (Article 41 - Non-pecuniary damage;Pecuniary damage;Just satisfaction),35|35-3-a|P1-1|P1-1-1|41,2023,negative,published_in_window_not_added_to_guide,apps:37706/17,false,false,clean,easy
7a059e452dbd,Article 1,2023-09-23,2023-11-14,2023-02-28,2023-08-31,apps:2371/11,BORISOV v. UKRAINE,2371/11,001-226058,4,HEJUD,Pecuniary damage - award (Article 41 - Pecuniary damage;Just satisfaction),41,2023,negative,published_in_window_not_added_to_guide,apps:2371/11,false,false,clean,easy
7a059e452dbd,Article 1,2023-09-23,2023-11-14,2023-02-28,2023-08-31,apps:47196/21,C v. ITALY,47196/21,001-226488,3,HEJUD,Violation of Article 8 - Right to respect for private and family life (Article 8 - Positive obligations;Article 8-1 - Respect for private life);No violation of Article 8 - Right to respect for private and family life (Article 8-1 - Respect for family life;Respect for private life);Pecuniary damage - claim dismissed (Article 41 - Pecuniary damage;Just satisfaction);Non-pecuniary damage - award (Article 41 - Non-pecuniary damage;Just satisfaction),8|8-1|41,2023,negative,published_in_window_not_added_to_guide,apps:47196/21,false,false,clean,easy
7a059e452dbd,Article 1,2023-09-23,2023-11-14,2023-02-28,2023-08-31,apps:51424/08,GULIYEVA v. AZERBAIJAN,51424/08,001-226459,4,HEJUD,Pecuniary and non-pecuniary damage - award (Article 41 - Non-pecuniary damage;Pecuniary damage;Just satisfaction),41,2023,negative,published_in_window_not_added_to_guide,apps:51424/08,false,false,clean,easy
7a059e452dbd,Article 1,2023-09-23,2023-11-14,2023-02-28,2023-08-31,apps:70583/17,M.A. v. ITALY,70583/17,001-226390,3,HEJUD,Remainder inadmissible (Art. 35) Admissibility criteria;(Art. 35-3-a) Manifestly ill-founded;Violation of Article 3 - Prohibition of torture (Article 3 - Inhuman treatment) (Substantive aspect);Non-pecuniary damage - award (Article 41 - Non-pecuniary damage;Just satisfaction),35|35-3-a|3|41,2023,negative,published_in_window_not_added_to_guide,apps:70583/17,false,false,clean,easy
7a059e452dbd,Article 1,2023-09-23,2023-11-14,2023-02-28,2023-08-31,apps:56669/18,OKSUZOGLU v. UKRAINE,56669/18,001-226060,4,HEJUD,Violation of Article 8 - Right to respect for private and family life (Article 8-1 - Respect for family life),8|8-1,2023,negative,published_in_window_not_added_to_guide,apps:56669/18,false,false,clean,easy
7a059e452dbd,Article 1,2023-09-23,2023-11-14,2023-02-28,2023-08-31,apps:71304/16,SHALA v. ITALY,71304/16,001-226388,4,HEJUD,Violation of Article 6 - Right to a fair trial (Article 6 - Criminal proceedings;Article 6-1 - Fair hearing),6|6-1,2023,negative,published_in_window_not_added_to_guide,apps:71304/16,false,false,clean,easy
7a059e452dbd,Article 1,2023-09-23,2023-11-14,2023-02-28,2023-08-31,apps:57752/21,X v. SLOVAKIA,57752/21,001-226061,4,HEJUD,Violation of Article 8 - Right to respect for private and family life (Article 8-1 - Respect for family life),8|8-1,2023,negative,published_in_window_not_added_to_guide,apps:57752/21,false,false,clean,easy
7a059e452dbd,Article 1,2023-09-23,2023-11-14,2023-02-28,2023-08-31,apps:36257/21,CHICOŞ v. ROMANIA,36257/21,001-227836,4,HEDEC,Struck out of the list,8|37|37-1,2023,negative,published_in_window_not_added_to_guide,apps:36257/21,false,false,clean,easy
7a059e452dbd,Article 1,2023-09-23,2023-11-14,2023-02-28,2023-08-31,apps:49670/16,COZAC AND CRISTEA v. ROMANIA,49670/16|19611/19,001-227812,4,HEDEC,Struck out of the list,3|39,2023,negative,published_in_window_not_added_to_guide,apps:49670/16,false,false,clean,easy
7a059e452dbd,Article 1,2023-09-23,2023-11-14,2023-02-28,2023-08-31,apps:41253/19,DELİBAŞ AND İLHAN v. TÜRKİYE,41253/19|51638/19,001-227828,4,HEDEC,Struck out of the list,6|6-1|39,2023,negative,published_in_window_not_added_to_guide,apps:41253/19,false,false,clean,easy
7a059e452dbd,Article 1,2023-09-23,2023-11-14,2023-02-28,2023-08-31,apps:38609/15,DINU AND COROI v. ROMANIA,38609/15|71101/17,001-227810,4,HEDEC,Inadmissible,3|35,2023,negative,published_in_window_not_added_to_guide,apps:38609/15,false,false,clean,easy
7a059e452dbd,Article 1,2023-09-23,2023-11-14,2023-02-28,2023-08-31,apps:50622/21,FATORIĆ BERTOVIĆ v. CROATIA,50622/21,001-227824,4,HEDEC,Struck out of the list,6|6-1|37|37-1,2023,negative,published_in_window_not_added_to_guide,apps:50622/21,false,false,clean,easy
7a059e452dbd,Article 1,2023-09-23,2023-11-14,2023-02-28,2023-08-31,apps:19812/18,FERREIRA ESTEVAM v. PORTUGAL,19812/18,001-227834,4,HEDEC,Struck out of the list,5|5-4|39,2023,negative,published_in_window_not_added_to_guide,apps:19812/18,false,false,clean,easy
7a059e452dbd,Article 1,2023-09-23,2023-11-14,2023-02-28,2023-08-31,apps:30196/17,GENERAL CLINIC LYSIMACHOS GRIGOR. SARAFIANOS S.A. AND OTHERS v. GREECE,30196/17,001-227830,4,HEDEC,Struck out of the list,6|6-1|37|37-1,2023,negative,published_in_window_not_added_to_guide,apps:30196/17,false,false,clean,easy
7a059e452dbd,Article 1,2023-09-23,2023-11-14,2023-02-28,2023-08-31,apps:38066/16,GÎTLAN v. ROMANIA,38066/16,001-227832,4,HEDEC,Inadmissible,3|35,2023,negative,published_in_window_not_added_to_guide,apps:38066/16,false,false,clean,easy
7a059e452dbd,Article 1,2023-09-23,2023-11-14,2023-02-28,2023-08-31,apps:49720/16,GROSU AND OTHERS v. ROMANIA,49720/16|59247/16|61086/16|10541/17|11636/17|15323/17|15327/17|20862/17,001-227813,4,HEDEC,Inadmissible,3|35,2023,negative,published_in_window_not_added_to_guide,apps:49720/16,false,false,clean,easy
7a059e452dbd,Article 1,2023-09-23,2023-11-14,2023-02-28,2023-08-31,apps:10867/18,HETEȘ-PEȘTEAN v. ROMANIA,10867/18,001-227833,4,HEDEC,Struck out of the list,3|39,2023,negative,published_in_window_not_added_to_guide,apps:10867/18,false,false,clean,easy
7a059e452dbd,Article 1,2023-09-23,2023-11-14,2023-02-28,2023-08-31,apps:36983/22,JAKŠIĆ v. CROATIA,36983/22,001-227826,4,HEDEC,Struck out of the list,6|6-1|37|37-1,2023,negative,published_in_window_not_added_to_guide,apps:36983/22,false,false,clean,easy
7a059e452dbd,Article 1,2023-09-23,2023-11-14,2023-02-28,2023-08-31,apps:76865/17,KĻAVIŅŠ v. LATVIA,76865/17,001-227821,4,HEDEC,Struck out of the list,6|6-1|37|37-1,2023,negative,published_in_window_not_added_to_guide,apps:76865/17,false,false,clean,easy
7a059e452dbd,Article 1,2023-09-23,2023-11-14,2023-02-28,2023-08-31,apps:27901/07,LAZELLARI AND OTHERS v. ALBANIA,27901/07|47108/08|1490/10|5753/15,001-227831,4,HEDEC,Struck out of the list,6|13|P1-1|37|37-1,2023,negative,published_in_window_not_added_to_guide,apps:27901/07,false,false,clean,easy
7a059e452dbd,Article 1,2023-09-23,2023-11-14,2023-02-28,2023-08-31,apps:21391/18,LOJODICE v. ITALY,21391/18,001-227762,4,HEDEC,Struck out of the list,6|6-1|39,2023,negative,published_in_window_not_added_to_guide,apps:21391/18,false,false,clean,easy
7b2999efc3b7,Article 4 Protocol 4,2023-09-23,2024-04-09,2023-02-28,2023-08-31,apps:32891/22,A.N. v. SWEDEN,32891/22,001-227779,4,HEDEC,Struck out of the list,3|37|37-1,2023,negative,published_in_window_not_added_to_guide,apps:32891/22,false,false,clean,easy
7b2999efc3b7,Article 4 Protocol 4,2023-09-23,2024-04-09,2023-02-28,2023-08-31,apps:44328/18,ALVES FERREIRA AND OTHERS v. PORTUGAL,44328/18|25234/21,001-227818,4,HEDEC,Struck out of the list,6|6-1|13|39,2023,negative,published_in_window_not_added_to_guide,apps:44328/18,false,false,clean,easy
7b2999efc3b7,Article 4 Protocol 4,2023-09-23,2024-04-09,2023-02-28,2023-08-31,apps:50568/11,ART GRUP-TRANS S.R.L. v. THE REPUBLIC OF MOLDOVA,50568/11,001-227869,4,HEDEC,Struck out of the list,6|6-1|37|37-1|P1-1,2023,negative,published_in_window_not_added_to_guide,apps:50568/11,false,false,clean,easy
7b2999efc3b7,Article 4 Protocol 4,2023-09-23,2024-04-09,2023-02-28,2023-08-31,apps:40990/18,ASHUROV AND OTHERS v. AZERBAIJAN,40990/18|58593/18|39249/19|7329/20|22149/20|4219/21|18328/22|32529/22,001-227862,4,HEDEC,Struck out of the list,6|5|37|37-1,2023,negative,published_in_window_not_added_to_guide,apps:40990/18,false,false,clean,easy
7b2999efc3b7,Article 4 Protocol 4,2023-09-23,2024-04-09,2023-02-28,2023-08-31,apps:19071/18,BABAYEV AND OTHERS v. AZERBAIJAN,19071/18|23274/18|55883/18|55897/18|7801/19|15748/19|20048/19|27365/19|27430/19|27632/19|28181/19|33330/19|35515/19|35553/19|36085/19|36285/19|36317/19|44224/20|4174/21|4488/21|27579/21,001-227858,4,HEDEC,Struck out of the list,6|37|37-1,2023,negative,published_in_window_not_added_to_guide,apps:19071/18,false,false,clean,easy
7b2999efc3b7,Article 4 Protocol 4,2023-09-23,2024-04-09,2023-02-28,2023-08-31,apps:57180/16,BALOGH AND OTHERS v. ROMANIA,57180/16|79130/16|2427/17,001-227814,4,HEDEC,Struck out of the list,3|37|37-1,2023,negative,published_in_window_not_added_to_guide,apps:57180/16,false,false,clean,easy
7b2999efc3b7,Article 4 Protocol 4,2023-09-23,2024-04-09,2023-02-28,2023-08-31,apps:23972/22,BRUNO AND OTHERS v. ITALY,23972/22,001-227772,4,HEDEC,Struck out of the list,P1-1|6|37|37-1,2023,negative,published_in_window_not_added_to_guide,apps:23972/22,false,false,clean,easy
7b2999efc3b7,Article 4 Protocol 4,2023-09-23,2024-04-09,2023-02-28,2023-08-31,apps:28227/18,BUSUIOC AND GROSU v. ROMANIA,28227/18|30685/18,001-227817,4,HEDEC,Inadmissible,3|35,2023,negative,published_in_window_not_added_to_guide,apps:28227/18,false,false,clean,easy
7b2999efc3b7,Article 4 Protocol 4,2023-09-23,2024-04-09,2023-02-28,2023-08-31,apps:37706/17,BAGIROVA AND OTHERS v. AZERBAIJAN,37706/17|47835/17|59194/17|73757/17|75028/17|753/18,001-226389,3,HEJUD,Remainder inadmissible (Art. 35) Admissibility criteria;(Art. 35-3-a) Ratione materiae;Violation of Article 1 of Protocol No. 1 - Protection of property (Article 1 para. 1 of Protocol No. 1 - Deprivation of property;Peaceful enjoyment of possessions);Just satisfaction reserved (Article 41 - Non-pecuniary damage;Pecuniary damage;Just satisfaction),35|35-3-a|P1-1|P1-1-1|41,2023,negative,published_in_window_not_added_to_guide,apps:37706/17,false,false,clean,easy
7b2999efc3b7,Article 4 Protocol 4,2023-09-23,2024-04-09,2023-02-28,2023-08-31,apps:2371/11,BORISOV v. UKRAINE,2371/11,001-226058,4,HEJUD,Pecuniary damage - award (Article 41 - Pecuniary damage;Just satisfaction),41,2023,negative,published_in_window_not_added_to_guide,apps:2371/11,false,false,clean,easy
7b2999efc3b7,Article 4 Protocol 4,2023-09-23,2024-04-09,2023-02-28,2023-08-31,apps:47196/21,C v. ITALY,47196/21,001-226488,3,HEJUD,Violation of Article 8 - Right to respect for private and family life (Article 8 - Positive obligations;Article 8-1 - Respect for private life);No violation of Article 8 - Right to respect for private and family life (Article 8-1 - Respect for family life;Respect for private life);Pecuniary damage - claim dismissed (Article 41 - Pecuniary damage;Just satisfaction);Non-pecuniary damage - award (Article 41 - Non-pecuniary damage;Just satisfaction),8|8-1|41,2023,negative,published_in_window_not_added_to_guide,apps:47196/21,false,false,clean,easy
7b2999efc3b7,Article 4 Protocol 4,2023-09-23,2024-04-09,2023-02-28,2023-08-31,apps:51424/08,GULIYEVA v. AZERBAIJAN,51424/08,001-226459,4,HEJUD,Pecuniary and non-pecuniary damage - award (Article 41 - Non-pecuniary damage;Pecuniary damage;Just satisfaction),41,2023,negative,published_in_window_not_added_to_guide,apps:51424/08,false,false,clean,easy
7b2999efc3b7,Article 4 Protocol 4,2023-09-23,2024-04-09,2023-02-28,2023-08-31,apps:70583/17,M.A. v. ITALY,70583/17,001-226390,3,HEJUD,Remainder inadmissible (Art. 35) Admissibility criteria;(Art. 35-3-a) Manifestly ill-founded;Violation of Article 3 - Prohibition of torture (Article 3 - Inhuman treatment) (Substantive aspect);Non-pecuniary damage - award (Article 41 - Non-pecuniary damage;Just satisfaction),35|35-3-a|3|41,2023,negative,published_in_window_not_added_to_guide,apps:70583/17,false,false,clean,easy
7b2999efc3b7,Article 4 Protocol 4,2023-09-23,2024-04-09,2023-02-28,2023-08-31,apps:56669/18,OKSUZOGLU v. UKRAINE,56669/18,001-226060,4,HEJUD,Violation of Article 8 - Right to respect for private and family life (Article 8-1 - Respect for family life),8|8-1,2023,negative,published_in_window_not_added_to_guide,apps:56669/18,false,false,clean,easy
7b2999efc3b7,Article 4 Protocol 4,2023-09-23,2024-04-09,2023-02-28,2023-08-31,apps:71304/16,SHALA v. ITALY,71304/16,001-226388,4,HEJUD,Violation of Article 6 - Right to a fair trial (Article 6 - Criminal proceedings;Article 6-1 - Fair hearing),6|6-1,2023,negative,published_in_window_not_added_to_guide,apps:71304/16,false,false,clean,easy
7b2999efc3b7,Article 4 Protocol 4,2023-09-23,2024-04-09,2023-02-28,2023-08-31,apps:57752/21,X v. SLOVAKIA,57752/21,001-226061,4,HEJUD,Violation of Article 8 - Right to respect for private and family life (Article 8-1 - Respect for family life),8|8-1,2023,negative,published_in_window_not_added_to_guide,apps:57752/21,false,false,clean,easy
7b2999efc3b7,Article 4 Protocol 4,2023-09-23,2024-04-09,2023-02-28,2023-08-31,apps:36257/21,CHICOŞ v. ROMANIA,36257/21,001-227836,4,HEDEC,Struck out of the list,8|37|37-1,2023,negative,published_in_window_not_added_to_guide,apps:36257/21,false,false,clean,easy
7b2999efc3b7,Article 4 Protocol 4,2023-09-23,2024-04-09,2023-02-28,2023-08-31,apps:49670/16,COZAC AND CRISTEA v. ROMANIA,49670/16|19611/19,001-227812,4,HEDEC,Struck out of the list,3|39,2023,negative,published_in_window_not_added_to_guide,apps:49670/16,false,false,clean,easy
7b2999efc3b7,Article 4 Protocol 4,2023-09-23,2024-04-09,2023-02-28,2023-08-31,apps:41253/19,DELİBAŞ AND İLHAN v. TÜRKİYE,41253/19|51638/19,001-227828,4,HEDEC,Struck out of the list,6|6-1|39,2023,negative,published_in_window_not_added_to_guide,apps:41253/19,false,false,clean,easy
7b2999efc3b7,Article 4 Protocol 4,2023-09-23,2024-04-09,2023-02-28,2023-08-31,apps:38609/15,DINU AND COROI v. ROMANIA,38609/15|71101/17,001-227810,4,HEDEC,Inadmissible,3|35,2023,negative,published_in_window_not_added_to_guide,apps:38609/15,false,false,clean,easy
7b2999efc3b7,Article 4 Protocol 4,2023-09-23,2024-04-09,2023-02-28,2023-08-31,apps:50622/21,FATORIĆ BERTOVIĆ v. CROATIA,50622/21,001-227824,4,HEDEC,Struck out of the list,6|6-1|37|37-1,2023,negative,published_in_window_not_added_to_guide,apps:50622/21,false,false,clean,easy
7b2999efc3b7,Article 4 Protocol 4,2023-09-23,2024-04-09,2023-02-28,2023-08-31,apps:19812/18,FERREIRA ESTEVAM v. PORTUGAL,19812/18,001-227834,4,HEDEC,Struck out of the list,5|5-4|39,2023,negative,published_in_window_not_added_to_guide,apps:19812/18,false,false,clean,easy
7b2999efc3b7,Article 4 Protocol 4,2023-09-23,2024-04-09,2023-02-28,2023-08-31,apps:30196/17,GENERAL CLINIC LYSIMACHOS GRIGOR. SARAFIANOS S.A. AND OTHERS v. GREECE,30196/17,001-227830,4,HEDEC,Struck out of the list,6|6-1|37|37-1,2023,negative,published_in_window_not_added_to_guide,apps:30196/17,false,false,clean,easy
7b2999efc3b7,Article 4 Protocol 4,2023-09-23,2024-04-09,2023-02-28,2023-08-31,apps:38066/16,GÎTLAN v. ROMANIA,38066/16,001-227832,4,HEDEC,Inadmissible,3|35,2023,negative,published_in_window_not_added_to_guide,apps:38066/16,false,false,clean,easy
7b2999efc3b7,Article 4 Protocol 4,2023-09-23,2024-04-09,2023-02-28,2023-08-31,apps:49720/16,GROSU AND OTHERS v. ROMANIA,49720/16|59247/16|61086/16|10541/17|11636/17|15323/17|15327/17|20862/17,001-227813,4,HEDEC,Inadmissible,3|35,2023,negative,published_in_window_not_added_to_guide,apps:49720/16,false,false,clean,easy
7b2999efc3b7,Article 4 Protocol 4,2023-09-23,2024-04-09,2023-02-28,2023-08-31,apps:10867/18,HETEȘ-PEȘTEAN v. ROMANIA,10867/18,001-227833,4,HEDEC,Struck out of the list,3|39,2023,negative,published_in_window_not_added_to_guide,apps:10867/18,false,false,clean,easy
7b2999efc3b7,Article 4 Protocol 4,2023-09-23,2024-04-09,2023-02-28,2023-08-31,apps:36983/22,JAKŠIĆ v. CROATIA,36983/22,001-227826,4,HEDEC,Struck out of the list,6|6-1|37|37-1,2023,negative,published_in_window_not_added_to_guide,apps:36983/22,false,false,clean,easy
7b2999efc3b7,Article 4 Protocol 4,2023-09-23,2024-04-09,2023-02-28,2023-08-31,apps:76865/17,KĻAVIŅŠ v. LATVIA,76865/17,001-227821,4,HEDEC,Struck out of the list,6|6-1|37|37-1,2023,negative,published_in_window_not_added_to_guide,apps:76865/17,false,false,clean,easy
7b2999efc3b7,Article 4 Protocol 4,2023-09-23,2024-04-09,2023-02-28,2023-08-31,apps:27901/07,LAZELLARI AND OTHERS v. ALBANIA,27901/07|47108/08|1490/10|5753/15,001-227831,4,HEDEC,Struck out of the list,6|13|P1-1|37|37-1,2023,negative,published_in_window_not_added_to_guide,apps:27901/07,false,false,clean,easy
7b2999efc3b7,Article 4 Protocol 4,2023-09-23,2024-04-09,2023-02-28,2023-08-31,apps:21391/18,LOJODICE v. ITALY,21391/18,001-227762,4,HEDEC,Struck out of the list,6|6-1|39,2023,negative,published_in_window_not_added_to_guide,apps:21391/18,false,false,clean,easy
99cd2ce32cf8,Article 8,2023-09-23,2024-02-17,2023-02-28,2023-08-31,apps:32891/22,A.N. v. SWEDEN,32891/22,001-227779,4,HEDEC,Struck out of the list,3|37|37-1,2023,negative,published_in_window_not_added_to_guide,apps:32891/22,false,false,clean,easy
99cd2ce32cf8,Article 8,2023-09-23,2024-02-17,2023-02-28,2023-08-31,apps:44328/18,ALVES FERREIRA AND OTHERS v. PORTUGAL,44328/18|25234/21,001-227818,4,HEDEC,Struck out of the list,6|6-1|13|39,2023,negative,published_in_window_not_added_to_guide,apps:44328/18,false,false,clean,easy
99cd2ce32cf8,Article 8,2023-09-23,2024-02-17,2023-02-28,2023-08-31,apps:50568/11,ART GRUP-TRANS S.R.L. v. THE REPUBLIC OF MOLDOVA,50568/11,001-227869,4,HEDEC,Struck out of the list,6|6-1|37|37-1|P1-1,2023,negative,published_in_window_not_added_to_guide,apps:50568/11,false,false,clean,easy
99cd2ce32cf8,Article 8,2023-09-23,2024-02-17,2023-02-28,2023-08-31,apps:40990/18,ASHUROV AND OTHERS v. AZERBAIJAN,40990/18|58593/18|39249/19|7329/20|22149/20|4219/21|18328/22|32529/22,001-227862,4,HEDEC,Struck out of the list,6|5|37|37-1,2023,negative,published_in_window_not_added_to_guide,apps:40990/18,false,false,clean,easy
99cd2ce32cf8,Article 8,2023-09-23,2024-02-17,2023-02-28,2023-08-31,apps:19071/18,BABAYEV AND OTHERS v. AZERBAIJAN,19071/18|23274/18|55883/18|55897/18|7801/19|15748/19|20048/19|27365/19|27430/19|27632/19|28181/19|33330/19|35515/19|35553/19|36085/19|36285/19|36317/19|44224/20|4174/21|4488/21|27579/21,001-227858,4,HEDEC,Struck out of the list,6|37|37-1,2023,negative,published_in_window_not_added_to_guide,apps:19071/18,false,false,clean,easy
99cd2ce32cf8,Article 8,2023-09-23,2024-02-17,2023-02-28,2023-08-31,apps:57180/16,BALOGH AND OTHERS v. ROMANIA,57180/16|79130/16|2427/17,001-227814,4,HEDEC,Struck out of the list,3|37|37-1,2023,negative,published_in_window_not_added_to_guide,apps:57180/16,false,false,clean,easy
99cd2ce32cf8,Article 8,2023-09-23,2024-02-17,2023-02-28,2023-08-31,apps:23972/22,BRUNO AND OTHERS v. ITALY,23972/22,001-227772,4,HEDEC,Struck out of the list,P1-1|6|37|37-1,2023,negative,published_in_window_not_added_to_guide,apps:23972/22,false,false,clean,easy
99cd2ce32cf8,Article 8,2023-09-23,2024-02-17,2023-02-28,2023-08-31,apps:28227/18,BUSUIOC AND GROSU v. ROMANIA,28227/18|30685/18,001-227817,4,HEDEC,Inadmissible,3|35,2023,negative,published_in_window_not_added_to_guide,apps:28227/18,false,false,clean,easy
99cd2ce32cf8,Article 8,2023-09-23,2024-02-17,2023-02-28,2023-08-31,apps:37706/17,BAGIROVA AND OTHERS v. AZERBAIJAN,37706/17|47835/17|59194/17|73757/17|75028/17|753/18,001-226389,3,HEJUD,Remainder inadmissible (Art. 35) Admissibility criteria;(Art. 35-3-a) Ratione materiae;Violation of Article 1 of Protocol No. 1 - Protection of property (Article 1 para. 1 of Protocol No. 1 - Deprivation of property;Peaceful enjoyment of possessions);Just satisfaction reserved (Article 41 - Non-pecuniary damage;Pecuniary damage;Just satisfaction),35|35-3-a|P1-1|P1-1-1|41,2023,negative,published_in_window_not_added_to_guide,apps:37706/17,false,false,clean,easy
99cd2ce32cf8,Article 8,2023-09-23,2024-02-17,2023-02-28,2023-08-31,apps:2371/11,BORISOV v. UKRAINE,2371/11,001-226058,4,HEJUD,Pecuniary damage - award (Article 41 - Pecuniary damage;Just satisfaction),41,2023,negative,published_in_window_not_added_to_guide,apps:2371/11,false,false,clean,easy
99cd2ce32cf8,Article 8,2023-09-23,2024-02-17,2023-02-28,2023-08-31,apps:51424/08,GULIYEVA v. AZERBAIJAN,51424/08,001-226459,4,HEJUD,Pecuniary and non-pecuniary damage - award (Article 41 - Non-pecuniary damage;Pecuniary damage;Just satisfaction),41,2023,negative,published_in_window_not_added_to_guide,apps:51424/08,false,false,clean,easy
99cd2ce32cf8,Article 8,2023-09-23,2024-02-17,2023-02-28,2023-08-31,apps:70583/17,M.A. v. ITALY,70583/17,001-226390,3,HEJUD,Remainder inadmissible (Art. 35) Admissibility criteria;(Art. 35-3-a) Manifestly ill-founded;Violation of Article 3 - Prohibition of torture (Article 3 - Inhuman treatment) (Substantive aspect);Non-pecuniary damage - award (Article 41 - Non-pecuniary damage;Just satisfaction),35|35-3-a|3|41,2023,negative,published_in_window_not_added_to_guide,apps:70583/17,false,false,clean,easy
99cd2ce32cf8,Article 8,2023-09-23,2024-02-17,2023-02-28,2023-08-31,apps:56669/18,OKSUZOGLU v. UKRAINE,56669/18,001-226060,4,HEJUD,Violation of Article 8 - Right to respect for private and family life (Article 8-1 - Respect for family life),8|8-1,2023,negative,published_in_window_not_added_to_guide,apps:56669/18,false,false,clean,easy
99cd2ce32cf8,Article 8,2023-09-23,2024-02-17,2023-02-28,2023-08-31,apps:71304/16,SHALA v. ITALY,71304/16,001-226388,4,HEJUD,Violation of Article 6 - Right to a fair trial (Article 6 - Criminal proceedings;Article 6-1 - Fair hearing),6|6-1,2023,negative,published_in_window_not_added_to_guide,apps:71304/16,false,false,clean,easy
99cd2ce32cf8,Article 8,2023-09-23,2024-02-17,2023-02-28,2023-08-31,apps:57752/21,X v. SLOVAKIA,57752/21,001-226061,4,HEJUD,Violation of Article 8 - Right to respect for private and family life (Article 8-1 - Respect for family life),8|8-1,2023,negative,published_in_window_not_added_to_guide,apps:57752/21,false,false,clean,easy
99cd2ce32cf8,Article 8,2023-09-23,2024-02-17,2023-02-28,2023-08-31,apps:36257/21,CHICOŞ v. ROMANIA,36257/21,001-227836,4,HEDEC,Struck out of the list,8|37|37-1,2023,negative,published_in_window_not_added_to_guide,apps:36257/21,false,false,clean,easy
99cd2ce32cf8,Article 8,2023-09-23,2024-02-17,2023-02-28,2023-08-31,apps:49670/16,COZAC AND CRISTEA v. ROMANIA,49670/16|19611/19,001-227812,4,HEDEC,Struck out of the list,3|39,2023,negative,published_in_window_not_added_to_guide,apps:49670/16,false,false,clean,easy
99cd2ce32cf8,Article 8,2023-09-23,2024-02-17,2023-02-28,2023-08-31,apps:41253/19,DELİBAŞ AND İLHAN v. TÜRKİYE,41253/19|51638/19,001-227828,4,HEDEC,Struck out of the list,6|6-1|39,2023,negative,published_in_window_not_added_to_guide,apps:41253/19,false,false,clean,easy
99cd2ce32cf8,Article 8,2023-09-23,2024-02-17,2023-02-28,2023-08-31,apps:38609/15,DINU AND COROI v. ROMANIA,38609/15|71101/17,001-227810,4,HEDEC,Inadmissible,3|35,2023,negative,published_in_window_not_added_to_guide,apps:38609/15,false,false,clean,easy
99cd2ce32cf8,Article 8,2023-09-23,2024-02-17,2023-02-28,2023-08-31,apps:50622/21,FATORIĆ BERTOVIĆ v. CROATIA,50622/21,001-227824,4,HEDEC,Struck out of the list,6|6-1|37|37-1,2023,negative,published_in_window_not_added_to_guide,apps:50622/21,false,false,clean,easy
99cd2ce32cf8,Article 8,2023-09-23,2024-02-17,2023-02-28,2023-08-31,apps:19812/18,FERREIRA ESTEVAM v. PORTUGAL,19812/18,001-227834,4,HEDEC,Struck out of the list,5|5-4|39,2023,negative,published_in_window_not_added_to_guide,apps:19812/18,false,false,clean,easy
99cd2ce32cf8,Article 8,2023-09-23,2024-02-17,2023-02-28,2023-08-31,apps:30196/17,GENERAL CLINIC LYSIMACHOS GRIGOR. SARAFIANOS S.A. AND OTHERS v. GREECE,30196/17,001-227830,4,HEDEC,Struck out of the list,6|6-1|37|37-1,2023,negative,published_in_window_not_added_to_guide,apps:30196/17,false,false,clean,easy
99cd2ce32cf8,Article 8,2023-09-23,2024-02-17,2023-02-28,2023-08-31,apps:38066/16,GÎTLAN v. ROMANIA,38066/16,001-227832,4,HEDEC,Inadmissible,3|35,2023,negative,published_in_window_not_added_to_guide,apps:38066/16,false,false,clean,easy
99cd2ce32cf8,Article 8,2023-09-23,2024-02-17,2023-02-28,2023-08-31,apps:49720/16,GROSU AND OTHERS v. ROMANIA,49720/16|59247/16|61086/16|10541/17|11636/17|15323/17|15327/17|20862/17,001-227813,4,HEDEC,Inadmissible,3|35,2023,negative,published_in_window_not_added_to_guide,apps:49720/16,false,false,clean,easy
99cd2ce32cf8,Article 8,2023-09-23,2024-02-17,2023-02-28,2023-08-31,apps:10867/18,HETEȘ-PEȘTEAN v. ROMANIA,10867/18,001-227833,4,HEDEC,Struck out of the list,3|39,2023,negative,published_in_window_not_added_to_guide,apps:10867/18,false,false,clean,easy
99cd2ce32cf8,Article 8,2023-09-23,2024-02-17,2023-02-28,2023-08-31,apps:36983/22,JAKŠIĆ v. CROATIA,36983/22,001-227826,4,HEDEC,Struck out of the list,6|6-1|37|37-1,2023,negative,published_in_window_not_added_to_guide,apps:36983/22,false,false,clean,easy
99cd2ce32cf8,Article 8,2023-09-23,2024-02-17,2023-02-28,2023-08-31,apps:76865/17,KĻAVIŅŠ v. LATVIA,76865/17,001-227821,4,HEDEC,Struck out of the list,6|6-1|37|37-1,2023,negative,published_in_window_not_added_to_guide,apps:76865/17,false,false,clean,easy
99cd2ce32cf8,Article 8,2023-09-23,2024-02-17,2023-02-28,2023-08-31,apps:27901/07,LAZELLARI AND OTHERS v. ALBANIA,27901/07|47108/08|1490/10|5753/15,001-227831,4,HEDEC,Struck out of the list,6|13|P1-1|37|37-1,2023,negative,published_in_window_not_added_to_guide,apps:27901/07,false,false,clean,easy
99cd2ce32cf8,Article 8,2023-09-23,2024-02-17,2023-02-28,2023-08-31,apps:21391/18,LOJODICE v. ITALY,21391/18,001-227762,4,HEDEC,Struck out of the list,6|6-1|39,2023,negative,published_in_window_not_added_to_guide,apps:21391/18,false,false,clean,easy
99cd2ce32cf8,Article 8,2023-09-23,2024-02-17,2023-02-28,2023-08-31,apps:64330/16,MANAFU AND OTHERS v. ROMANIA,64330/16|79679/16|7344/17,001-227816,4,HEDEC,Inadmissible,3|35,2023,negative,published_in_window_not_added_to_guide,apps:64330/16,false,false,clean,easy
a94e3bc7e2bf,Article 13,2023-09-11,2024-02-17,2023-02-28,2023-08-31,apps:32891/22,A.N. v. SWEDEN,32891/22,001-227779,4,HEDEC,Struck out of the list,3|37|37-1,2023,negative,published_in_window_not_added_to_guide,apps:32891/22,false,false,clean,easy
a94e3bc7e2bf,Article 13,2023-09-11,2024-02-17,2023-02-28,2023-08-31,apps:44328/18,ALVES FERREIRA AND OTHERS v. PORTUGAL,44328/18|25234/21,001-227818,4,HEDEC,Struck out of the list,6|6-1|13|39,2023,negative,published_in_window_not_added_to_guide,apps:44328/18,false,false,clean,easy
a94e3bc7e2bf,Article 13,2023-09-11,2024-02-17,2023-02-28,2023-08-31,apps:50568/11,ART GRUP-TRANS S.R.L. v. THE REPUBLIC OF MOLDOVA,50568/11,001-227869,4,HEDEC,Struck out of the list,6|6-1|37|37-1|P1-1,2023,negative,published_in_window_not_added_to_guide,apps:50568/11,false,false,clean,easy
a94e3bc7e2bf,Article 13,2023-09-11,2024-02-17,2023-02-28,2023-08-31,apps:40990/18,ASHUROV AND OTHERS v. AZERBAIJAN,40990/18|58593/18|39249/19|7329/20|22149/20|4219/21|18328/22|32529/22,001-227862,4,HEDEC,Struck out of the list,6|5|37|37-1,2023,negative,published_in_window_not_added_to_guide,apps:40990/18,false,false,clean,easy
a94e3bc7e2bf,Article 13,2023-09-11,2024-02-17,2023-02-28,2023-08-31,apps:19071/18,BABAYEV AND OTHERS v. AZERBAIJAN,19071/18|23274/18|55883/18|55897/18|7801/19|15748/19|20048/19|27365/19|27430/19|27632/19|28181/19|33330/19|35515/19|35553/19|36085/19|36285/19|36317/19|44224/20|4174/21|4488/21|27579/21,001-227858,4,HEDEC,Struck out of the list,6|37|37-1,2023,negative,published_in_window_not_added_to_guide,apps:19071/18,false,false,clean,easy
a94e3bc7e2bf,Article 13,2023-09-11,2024-02-17,2023-02-28,2023-08-31,apps:57180/16,BALOGH AND OTHERS v. ROMANIA,57180/16|79130/16|2427/17,001-227814,4,HEDEC,Struck out of the list,3|37|37-1,2023,negative,published_in_window_not_added_to_guide,apps:57180/16,false,false,clean,easy
a94e3bc7e2bf,Article 13,2023-09-11,2024-02-17,2023-02-28,2023-08-31,apps:23972/22,BRUNO AND OTHERS v. ITALY,23972/22,001-227772,4,HEDEC,Struck out of the list,P1-1|6|37|37-1,2023,negative,published_in_window_not_added_to_guide,apps:23972/22,false,false,clean,easy
a94e3bc7e2bf,Article 13,2023-09-11,2024-02-17,2023-02-28,2023-08-31,apps:28227/18,BUSUIOC AND GROSU v. ROMANIA,28227/18|30685/18,001-227817,4,HEDEC,Inadmissible,3|35,2023,negative,published_in_window_not_added_to_guide,apps:28227/18,false,false,clean,easy
a94e3bc7e2bf,Article 13,2023-09-11,2024-02-17,2023-02-28,2023-08-31,apps:37706/17,BAGIROVA AND OTHERS v. AZERBAIJAN,37706/17|47835/17|59194/17|73757/17|75028/17|753/18,001-226389,3,HEJUD,Remainder inadmissible (Art. 35) Admissibility criteria;(Art. 35-3-a) Ratione materiae;Violation of Article 1 of Protocol No. 1 - Protection of property (Article 1 para. 1 of Protocol No. 1 - Deprivation of property;Peaceful enjoyment of possessions);Just satisfaction reserved (Article 41 - Non-pecuniary damage;Pecuniary damage;Just satisfaction),35|35-3-a|P1-1|P1-1-1|41,2023,negative,published_in_window_not_added_to_guide,apps:37706/17,false,false,clean,easy
a94e3bc7e2bf,Article 13,2023-09-11,2024-02-17,2023-02-28,2023-08-31,apps:2371/11,BORISOV v. UKRAINE,2371/11,001-226058,4,HEJUD,Pecuniary damage - award (Article 41 - Pecuniary damage;Just satisfaction),41,2023,negative,published_in_window_not_added_to_guide,apps:2371/11,false,false,clean,easy
a94e3bc7e2bf,Article 13,2023-09-11,2024-02-17,2023-02-28,2023-08-31,apps:47196/21,C v. ITALY,47196/21,001-226488,3,HEJUD,Violation of Article 8 - Right to respect for private and family life (Article 8 - Positive obligations;Article 8-1 - Respect for private life);No violation of Article 8 - Right to respect for private and family life (Article 8-1 - Respect for family life;Respect for private life);Pecuniary damage - claim dismissed (Article 41 - Pecuniary damage;Just satisfaction);Non-pecuniary damage - award (Article 41 - Non-pecuniary damage;Just satisfaction),8|8-1|41,2023,negative,published_in_window_not_added_to_guide,apps:47196/21,false,false,clean,easy
a94e3bc7e2bf,Article 13,2023-09-11,2024-02-17,2023-02-28,2023-08-31,apps:51424/08,GULIYEVA v. AZERBAIJAN,51424/08,001-226459,4,HEJUD,Pecuniary and non-pecuniary damage - award (Article 41 - Non-pecuniary damage;Pecuniary damage;Just satisfaction),41,2023,negative,published_in_window_not_added_to_guide,apps:51424/08,false,false,clean,easy
a94e3bc7e2bf,Article 13,2023-09-11,2024-02-17,2023-02-28,2023-08-31,apps:70583/17,M.A. v. ITALY,70583/17,001-226390,3,HEJUD,Remainder inadmissible (Art. 35) Admissibility criteria;(Art. 35-3-a) Manifestly ill-founded;Violation of Article 3 - Prohibition of torture (Article 3 - Inhuman treatment) (Substantive aspect);Non-pecuniary damage - award (Article 41 - Non-pecuniary damage;Just satisfaction),35|35-3-a|3|41,2023,negative,published_in_window_not_added_to_guide,apps:70583/17,false,false,clean,easy
a94e3bc7e2bf,Article 13,2023-09-11,2024-02-17,2023-02-28,2023-08-31,apps:56669/18,OKSUZOGLU v. UKRAINE,56669/18,001-226060,4,HEJUD,Violation of Article 8 - Right to respect for private and family life (Article 8-1 - Respect for family life),8|8-1,2023,negative,published_in_window_not_added_to_guide,apps:56669/18,false,false,clean,easy
a94e3bc7e2bf,Article 13,2023-09-11,2024-02-17,2023-02-28,2023-08-31,apps:71304/16,SHALA v. ITALY,71304/16,001-226388,4,HEJUD,Violation of Article 6 - Right to a fair trial (Article 6 - Criminal proceedings;Article 6-1 - Fair hearing),6|6-1,2023,negative,published_in_window_not_added_to_guide,apps:71304/16,false,false,clean,easy
a94e3bc7e2bf,Article 13,2023-09-11,2024-02-17,2023-02-28,2023-08-31,apps:57752/21,X v. SLOVAKIA,57752/21,001-226061,4,HEJUD,Violation of Article 8 - Right to respect for private and family life (Article 8-1 - Respect for family life),8|8-1,2023,negative,published_in_window_not_added_to_guide,apps:57752/21,false,false,clean,easy
a94e3bc7e2bf,Article 13,2023-09-11,2024-02-17,2023-02-28,2023-08-31,apps:36257/21,CHICOŞ v. ROMANIA,36257/21,001-227836,4,HEDEC,Struck out of the list,8|37|37-1,2023,negative,published_in_window_not_added_to_guide,apps:36257/21,false,false,clean,easy
a94e3bc7e2bf,Article 13,2023-09-11,2024-02-17,2023-02-28,2023-08-31,apps:49670/16,COZAC AND CRISTEA v. ROMANIA,49670/16|19611/19,001-227812,4,HEDEC,Struck out of the list,3|39,2023,negative,published_in_window_not_added_to_guide,apps:49670/16,false,false,clean,easy
a94e3bc7e2bf,Article 13,2023-09-11,2024-02-17,2023-02-28,2023-08-31,apps:41253/19,DELİBAŞ AND İLHAN v. TÜRKİYE,41253/19|51638/19,001-227828,4,HEDEC,Struck out of the list,6|6-1|39,2023,negative,published_in_window_not_added_to_guide,apps:41253/19,false,false,clean,easy
a94e3bc7e2bf,Article 13,2023-09-11,2024-02-17,2023-02-28,2023-08-31,apps:38609/15,DINU AND COROI v. ROMANIA,38609/15|71101/17,001-227810,4,HEDEC,Inadmissible,3|35,2023,negative,published_in_window_not_added_to_guide,apps:38609/15,false,false,clean,easy
a94e3bc7e2bf,Article 13,2023-09-11,2024-02-17,2023-02-28,2023-08-31,apps:50622/21,FATORIĆ BERTOVIĆ v. CROATIA,50622/21,001-227824,4,HEDEC,Struck out of the list,6|6-1|37|37-1,2023,negative,published_in_window_not_added_to_guide,apps:50622/21,false,false,clean,easy
a94e3bc7e2bf,Article 13,2023-09-11,2024-02-17,2023-02-28,2023-08-31,apps:19812/18,FERREIRA ESTEVAM v. PORTUGAL,19812/18,001-227834,4,HEDEC,Struck out of the list,5|5-4|39,2023,negative,published_in_window_not_added_to_guide,apps:19812/18,false,false,clean,easy
a94e3bc7e2bf,Article 13,2023-09-11,2024-02-17,2023-02-28,2023-08-31,apps:30196/17,GENERAL CLINIC LYSIMACHOS GRIGOR. SARAFIANOS S.A. AND OTHERS v. GREECE,30196/17,001-227830,4,HEDEC,Struck out of the list,6|6-1|37|37-1,2023,negative,published_in_window_not_added_to_guide,apps:30196/17,false,false,clean,easy
a94e3bc7e2bf,Article 13,2023-09-11,2024-02-17,2023-02-28,2023-08-31,apps:38066/16,GÎTLAN v. ROMANIA,38066/16,001-227832,4,HEDEC,Inadmissible,3|35,2023,negative,published_in_window_not_added_to_guide,apps:38066/16,false,false,clean,easy
a94e3bc7e2bf,Article 13,2023-09-11,2024-02-17,2023-02-28,2023-08-31,apps:49720/16,GROSU AND OTHERS v. ROMANIA,49720/16|59247/16|61086/16|10541/17|11636/17|15323/17|15327/17|20862/17,001-227813,4,HEDEC,Inadmissible,3|35,2023,negative,published_in_window_not_added_to_guide,apps:49720/16,false,false,clean,easy
a94e3bc7e2bf,Article 13,2023-09-11,2024-02-17,2023-02-28,2023-08-31,apps:10867/18,HETEȘ-PEȘTEAN v. ROMANIA,10867/18,001-227833,4,HEDEC,Struck out of the list,3|39,2023,negative,published_in_window_not_added_to_guide,apps:10867/18,false,false,clean,easy
a94e3bc7e2bf,Article 13,2023-09-11,2024-02-17,2023-02-28,2023-08-31,apps:36983/22,JAKŠIĆ v. CROATIA,36983/22,001-227826,4,HEDEC,Struck out of the list,6|6-1|37|37-1,2023,negative,published_in_window_not_added_to_guide,apps:36983/22,false,false,clean,easy
a94e3bc7e2bf,Article 13,2023-09-11,2024-02-17,2023-02-28,2023-08-31,apps:76865/17,KĻAVIŅŠ v. LATVIA,76865/17,001-227821,4,HEDEC,Struck out of the list,6|6-1|37|37-1,2023,negative,published_in_window_not_added_to_guide,apps:76865/17,false,false,clean,easy
a94e3bc7e2bf,Article 13,2023-09-11,2024-02-17,2023-02-28,2023-08-31,apps:27901/07,LAZELLARI AND OTHERS v. ALBANIA,27901/07|47108/08|1490/10|5753/15,001-227831,4,HEDEC,Struck out of the list,6|13|P1-1|37|37-1,2023,negative,published_in_window_not_added_to_guide,apps:27901/07,false,false,clean,easy
a94e3bc7e2bf,Article 13,2023-09-11,2024-02-17,2023-02-28,2023-08-31,apps:21391/18,LOJODICE v. ITALY,21391/18,001-227762,4,HEDEC,Struck out of the list,6|6-1|39,2023,negative,published_in_window_not_added_to_guide,apps:21391/18,false,false,clean,easy
acdaf72cea98,Article 3,2023-09-11,2024-02-23,2023-02-28,2023-08-31,apps:32891/22,A.N. v. SWEDEN,32891/22,001-227779,4,HEDEC,Struck out of the list,3|37|37-1,2023,negative,published_in_window_not_added_to_guide,apps:32891/22,false,false,clean,easy
acdaf72cea98,Article 3,2023-09-11,2024-02-23,2023-02-28,2023-08-31,apps:44328/18,ALVES FERREIRA AND OTHERS v. PORTUGAL,44328/18|25234/21,001-227818,4,HEDEC,Struck out of the list,6|6-1|13|39,2023,negative,published_in_window_not_added_to_guide,apps:44328/18,false,false,clean,easy
acdaf72cea98,Article 3,2023-09-11,2024-02-23,2023-02-28,2023-08-31,apps:50568/11,ART GRUP-TRANS S.R.L. v. THE REPUBLIC OF MOLDOVA,50568/11,001-227869,4,HEDEC,Struck out of the list,6|6-1|37|37-1|P1-1,2023,negative,published_in_window_not_added_to_guide,apps:50568/11,false,false,clean,easy
acdaf72cea98,Article 3,2023-09-11,2024-02-23,2023-02-28,2023-08-31,apps:40990/18,ASHUROV AND OTHERS v. AZERBAIJAN,40990/18|58593/18|39249/19|7329/20|22149/20|4219/21|18328/22|32529/22,001-227862,4,HEDEC,Struck out of the list,6|5|37|37-1,2023,negative,published_in_window_not_added_to_guide,apps:40990/18,false,false,clean,easy
acdaf72cea98,Article 3,2023-09-11,2024-02-23,2023-02-28,2023-08-31,apps:19071/18,BABAYEV AND OTHERS v. AZERBAIJAN,19071/18|23274/18|55883/18|55897/18|7801/19|15748/19|20048/19|27365/19|27430/19|27632/19|28181/19|33330/19|35515/19|35553/19|36085/19|36285/19|36317/19|44224/20|4174/21|4488/21|27579/21,001-227858,4,HEDEC,Struck out of the list,6|37|37-1,2023,negative,published_in_window_not_added_to_guide,apps:19071/18,false,false,clean,easy
acdaf72cea98,Article 3,2023-09-11,2024-02-23,2023-02-28,2023-08-31,apps:57180/16,BALOGH AND OTHERS v. ROMANIA,57180/16|79130/16|2427/17,001-227814,4,HEDEC,Struck out of the list,3|37|37-1,2023,negative,published_in_window_not_added_to_guide,apps:57180/16,false,false,clean,easy
acdaf72cea98,Article 3,2023-09-11,2024-02-23,2023-02-28,2023-08-31,apps:23972/22,BRUNO AND OTHERS v. ITALY,23972/22,001-227772,4,HEDEC,Struck out of the list,P1-1|6|37|37-1,2023,negative,published_in_window_not_added_to_guide,apps:23972/22,false,false,clean,easy
acdaf72cea98,Article 3,2023-09-11,2024-02-23,2023-02-28,2023-08-31,apps:28227/18,BUSUIOC AND GROSU v. ROMANIA,28227/18|30685/18,001-227817,4,HEDEC,Inadmissible,3|35,2023,negative,published_in_window_not_added_to_guide,apps:28227/18,false,false,clean,easy
acdaf72cea98,Article 3,2023-09-11,2024-02-23,2023-02-28,2023-08-31,apps:37706/17,BAGIROVA AND OTHERS v. AZERBAIJAN,37706/17|47835/17|59194/17|73757/17|75028/17|753/18,001-226389,3,HEJUD,Remainder inadmissible (Art. 35) Admissibility criteria;(Art. 35-3-a) Ratione materiae;Violation of Article 1 of Protocol No. 1 - Protection of property (Article 1 para. 1 of Protocol No. 1 - Deprivation of property;Peaceful enjoyment of possessions);Just satisfaction reserved (Article 41 - Non-pecuniary damage;Pecuniary damage;Just satisfaction),35|35-3-a|P1-1|P1-1-1|41,2023,negative,published_in_window_not_added_to_guide,apps:37706/17,false,false,clean,easy
acdaf72cea98,Article 3,2023-09-11,2024-02-23,2023-02-28,2023-08-31,apps:2371/11,BORISOV v. UKRAINE,2371/11,001-226058,4,HEJUD,Pecuniary damage - award (Article 41 - Pecuniary damage;Just satisfaction),41,2023,negative,published_in_window_not_added_to_guide,apps:2371/11,false,false,clean,easy
acdaf72cea98,Article 3,2023-09-11,2024-02-23,2023-02-28,2023-08-31,apps:47196/21,C v. ITALY,47196/21,001-226488,3,HEJUD,Violation of Article 8 - Right to respect for private and family life (Article 8 - Positive obligations;Article 8-1 - Respect for private life);No violation of Article 8 - Right to respect for private and family life (Article 8-1 - Respect for family life;Respect for private life);Pecuniary damage - claim dismissed (Article 41 - Pecuniary damage;Just satisfaction);Non-pecuniary damage - award (Article 41 - Non-pecuniary damage;Just satisfaction),8|8-1|41,2023,negative,published_in_window_not_added_to_guide,apps:47196/21,false,false,clean,easy
acdaf72cea98,Article 3,2023-09-11,2024-02-23,2023-02-28,2023-08-31,apps:51424/08,GULIYEVA v. AZERBAIJAN,51424/08,001-226459,4,HEJUD,Pecuniary and non-pecuniary damage - award (Article 41 - Non-pecuniary damage;Pecuniary damage;Just satisfaction),41,2023,negative,published_in_window_not_added_to_guide,apps:51424/08,false,false,clean,easy
acdaf72cea98,Article 3,2023-09-11,2024-02-23,2023-02-28,2023-08-31,apps:70583/17,M.A. v. ITALY,70583/17,001-226390,3,HEJUD,Remainder inadmissible (Art. 35) Admissibility criteria;(Art. 35-3-a) Manifestly ill-founded;Violation of Article 3 - Prohibition of torture (Article 3 - Inhuman treatment) (Substantive aspect);Non-pecuniary damage - award (Article 41 - Non-pecuniary damage;Just satisfaction),35|35-3-a|3|41,2023,negative,published_in_window_not_added_to_guide,apps:70583/17,false,false,clean,easy
acdaf72cea98,Article 3,2023-09-11,2024-02-23,2023-02-28,2023-08-31,apps:56669/18,OKSUZOGLU v. UKRAINE,56669/18,001-226060,4,HEJUD,Violation of Article 8 - Right to respect for private and family life (Article 8-1 - Respect for family life),8|8-1,2023,negative,published_in_window_not_added_to_guide,apps:56669/18,false,false,clean,easy
acdaf72cea98,Article 3,2023-09-11,2024-02-23,2023-02-28,2023-08-31,apps:71304/16,SHALA v. ITALY,71304/16,001-226388,4,HEJUD,Violation of Article 6 - Right to a fair trial (Article 6 - Criminal proceedings;Article 6-1 - Fair hearing),6|6-1,2023,negative,published_in_window_not_added_to_guide,apps:71304/16,false,false,clean,easy
acdaf72cea98,Article 3,2023-09-11,2024-02-23,2023-02-28,2023-08-31,apps:57752/21,X v. SLOVAKIA,57752/21,001-226061,4,HEJUD,Violation of Article 8 - Right to respect for private and family life (Article 8-1 - Respect for family life),8|8-1,2023,negative,published_in_window_not_added_to_guide,apps:57752/21,false,false,clean,easy
acdaf72cea98,Article 3,2023-09-11,2024-02-23,2023-02-28,2023-08-31,apps:36257/21,CHICOŞ v. ROMANIA,36257/21,001-227836,4,HEDEC,Struck out of the list,8|37|37-1,2023,negative,published_in_window_not_added_to_guide,apps:36257/21,false,false,clean,easy
acdaf72cea98,Article 3,2023-09-11,2024-02-23,2023-02-28,2023-08-31,apps:49670/16,COZAC AND CRISTEA v. ROMANIA,49670/16|19611/19,001-227812,4,HEDEC,Struck out of the list,3|39,2023,negative,published_in_window_not_added_to_guide,apps:49670/16,false,false,clean,easy
acdaf72cea98,Article 3,2023-09-11,2024-02-23,2023-02-28,2023-08-31,apps:41253/19,DELİBAŞ AND İLHAN v. TÜRKİYE,41253/19|51638/19,001-227828,4,HEDEC,Struck out of the list,6|6-1|39,2023,negative,published_in_window_not_added_to_guide,apps:41253/19,false,false,clean,easy
acdaf72cea98,Article 3,2023-09-11,2024-02-23,2023-02-28,2023-08-31,apps:38609/15,DINU AND COROI v. ROMANIA,38609/15|71101/17,001-227810,4,HEDEC,Inadmissible,3|35,2023,negative,published_in_window_not_added_to_guide,apps:38609/15,false,false,clean,easy
acdaf72cea98,Article 3,2023-09-11,2024-02-23,2023-02-28,2023-08-31,apps:50622/21,FATORIĆ BERTOVIĆ v. CROATIA,50622/21,001-227824,4,HEDEC,Struck out of the list,6|6-1|37|37-1,2023,negative,published_in_window_not_added_to_guide,apps:50622/21,false,false,clean,easy
acdaf72cea98,Article 3,2023-09-11,2024-02-23,2023-02-28,2023-08-31,apps:19812/18,FERREIRA ESTEVAM v. PORTUGAL,19812/18,001-227834,4,HEDEC,Struck out of the list,5|5-4|39,2023,negative,published_in_window_not_added_to_guide,apps:19812/18,false,false,clean,easy
acdaf72cea98,Article 3,2023-09-11,2024-02-23,2023-02-28,2023-08-31,apps:30196/17,GENERAL CLINIC LYSIMACHOS GRIGOR. SARAFIANOS S.A. AND OTHERS v. GREECE,30196/17,001-227830,4,HEDEC,Struck out of the list,6|6-1|37|37-1,2023,negative,published_in_window_not_added_to_guide,apps:30196/17,false,false,clean,easy
acdaf72cea98,Article 3,2023-09-11,2024-02-23,2023-02-28,2023-08-31,apps:38066/16,GÎTLAN v. ROMANIA,38066/16,001-227832,4,HEDEC,Inadmissible,3|35,2023,negative,published_in_window_not_added_to_guide,apps:38066/16,false,false,clean,easy
acdaf72cea98,Article 3,2023-09-11,2024-02-23,2023-02-28,2023-08-31,apps:49720/16,GROSU AND OTHERS v. ROMANIA,49720/16|59247/16|61086/16|10541/17|11636/17|15323/17|15327/17|20862/17,001-227813,4,HEDEC,Inadmissible,3|35,2023,negative,published_in_window_not_added_to_guide,apps:49720/16,false,false,clean,easy
acdaf72cea98,Article 3,2023-09-11,2024-02-23,2023-02-28,2023-08-31,apps:10867/18,HETEȘ-PEȘTEAN v. ROMANIA,10867/18,001-227833,4,HEDEC,Struck out of the list,3|39,2023,negative,published_in_window_not_added_to_guide,apps:10867/18,false,false,clean,easy
acdaf72cea98,Article 3,2023-09-11,2024-02-23,2023-02-28,2023-08-31,apps:36983/22,JAKŠIĆ v. CROATIA,36983/22,001-227826,4,HEDEC,Struck out of the list,6|6-1|37|37-1,2023,negative,published_in_window_not_added_to_guide,apps:36983/22,false,false,clean,easy
acdaf72cea98,Article 3,2023-09-11,2024-02-23,2023-02-28,2023-08-31,apps:76865/17,KĻAVIŅŠ v. LATVIA,76865/17,001-227821,4,HEDEC,Struck out of the list,6|6-1|37|37-1,2023,negative,published_in_window_not_added_to_guide,apps:76865/17,false,false,clean,easy
acdaf72cea98,Article 3,2023-09-11,2024-02-23,2023-02-28,2023-08-31,apps:27901/07,LAZELLARI AND OTHERS v. ALBANIA,27901/07|47108/08|1490/10|5753/15,001-227831,4,HEDEC,Struck out of the list,6|13|P1-1|37|37-1,2023,negative,published_in_window_not_added_to_guide,apps:27901/07,false,false,clean,easy
acdaf72cea98,Article 3,2023-09-11,2024-02-23,2023-02-28,2023-08-31,apps:21391/18,LOJODICE v. ITALY,21391/18,001-227762,4,HEDEC,Struck out of the list,6|6-1|39,2023,negative,published_in_window_not_added_to_guide,apps:21391/18,false,false,clean,easy
b8a991ab1181,Mass protests,2023-09-23,2023-12-06,2023-02-28,2023-08-31,apps:32891/22,A.N. v. SWEDEN,32891/22,001-227779,4,HEDEC,Struck out of the list,3|37|37-1,2023,negative,published_in_window_not_added_to_guide,apps:32891/22,false,false,clean,easy
b8a991ab1181,Mass protests,2023-09-23,2023-12-06,2023-02-28,2023-08-31,apps:44328/18,ALVES FERREIRA AND OTHERS v. PORTUGAL,44328/18|25234/21,001-227818,4,HEDEC,Struck out of the list,6|6-1|13|39,2023,negative,published_in_window_not_added_to_guide,apps:44328/18,false,false,clean,easy
b8a991ab1181,Mass protests,2023-09-23,2023-12-06,2023-02-28,2023-08-31,apps:50568/11,ART GRUP-TRANS S.R.L. v. THE REPUBLIC OF MOLDOVA,50568/11,001-227869,4,HEDEC,Struck out of the list,6|6-1|37|37-1|P1-1,2023,negative,published_in_window_not_added_to_guide,apps:50568/11,false,false,clean,easy
b8a991ab1181,Mass protests,2023-09-23,2023-12-06,2023-02-28,2023-08-31,apps:40990/18,ASHUROV AND OTHERS v. AZERBAIJAN,40990/18|58593/18|39249/19|7329/20|22149/20|4219/21|18328/22|32529/22,001-227862,4,HEDEC,Struck out of the list,6|5|37|37-1,2023,negative,published_in_window_not_added_to_guide,apps:40990/18,false,false,clean,easy
b8a991ab1181,Mass protests,2023-09-23,2023-12-06,2023-02-28,2023-08-31,apps:19071/18,BABAYEV AND OTHERS v. AZERBAIJAN,19071/18|23274/18|55883/18|55897/18|7801/19|15748/19|20048/19|27365/19|27430/19|27632/19|28181/19|33330/19|35515/19|35553/19|36085/19|36285/19|36317/19|44224/20|4174/21|4488/21|27579/21,001-227858,4,HEDEC,Struck out of the list,6|37|37-1,2023,negative,published_in_window_not_added_to_guide,apps:19071/18,false,false,clean,easy
b8a991ab1181,Mass protests,2023-09-23,2023-12-06,2023-02-28,2023-08-31,apps:57180/16,BALOGH AND OTHERS v. ROMANIA,57180/16|79130/16|2427/17,001-227814,4,HEDEC,Struck out of the list,3|37|37-1,2023,negative,published_in_window_not_added_to_guide,apps:57180/16,false,false,clean,easy
b8a991ab1181,Mass protests,2023-09-23,2023-12-06,2023-02-28,2023-08-31,apps:23972/22,BRUNO AND OTHERS v. ITALY,23972/22,001-227772,4,HEDEC,Struck out of the list,P1-1|6|37|37-1,2023,negative,published_in_window_not_added_to_guide,apps:23972/22,false,false,clean,easy
b8a991ab1181,Mass protests,2023-09-23,2023-12-06,2023-02-28,2023-08-31,apps:28227/18,BUSUIOC AND GROSU v. ROMANIA,28227/18|30685/18,001-227817,4,HEDEC,Inadmissible,3|35,2023,negative,published_in_window_not_added_to_guide,apps:28227/18,false,false,clean,easy
b8a991ab1181,Mass protests,2023-09-23,2023-12-06,2023-02-28,2023-08-31,apps:37706/17,BAGIROVA AND OTHERS v. AZERBAIJAN,37706/17|47835/17|59194/17|73757/17|75028/17|753/18,001-226389,3,HEJUD,Remainder inadmissible (Art. 35) Admissibility criteria;(Art. 35-3-a) Ratione materiae;Violation of Article 1 of Protocol No. 1 - Protection of property (Article 1 para. 1 of Protocol No. 1 - Deprivation of property;Peaceful enjoyment of possessions);Just satisfaction reserved (Article 41 - Non-pecuniary damage;Pecuniary damage;Just satisfaction),35|35-3-a|P1-1|P1-1-1|41,2023,negative,published_in_window_not_added_to_guide,apps:37706/17,false,false,clean,easy
b8a991ab1181,Mass protests,2023-09-23,2023-12-06,2023-02-28,2023-08-31,apps:2371/11,BORISOV v. UKRAINE,2371/11,001-226058,4,HEJUD,Pecuniary damage - award (Article 41 - Pecuniary damage;Just satisfaction),41,2023,negative,published_in_window_not_added_to_guide,apps:2371/11,false,false,clean,easy
b8a991ab1181,Mass protests,2023-09-23,2023-12-06,2023-02-28,2023-08-31,apps:47196/21,C v. ITALY,47196/21,001-226488,3,HEJUD,Violation of Article 8 - Right to respect for private and family life (Article 8 - Positive obligations;Article 8-1 - Respect for private life);No violation of Article 8 - Right to respect for private and family life (Article 8-1 - Respect for family life;Respect for private life);Pecuniary damage - claim dismissed (Article 41 - Pecuniary damage;Just satisfaction);Non-pecuniary damage - award (Article 41 - Non-pecuniary damage;Just satisfaction),8|8-1|41,2023,negative,published_in_window_not_added_to_guide,apps:47196/21,false,false,clean,easy
b8a991ab1181,Mass protests,2023-09-23,2023-12-06,2023-02-28,2023-08-31,apps:51424/08,GULIYEVA v. AZERBAIJAN,51424/08,001-226459,4,HEJUD,Pecuniary and non-pecuniary damage - award (Article 41 - Non-pecuniary damage;Pecuniary damage;Just satisfaction),41,2023,negative,published_in_window_not_added_to_guide,apps:51424/08,false,false,clean,easy
b8a991ab1181,Mass protests,2023-09-23,2023-12-06,2023-02-28,2023-08-31,apps:70583/17,M.A. v. ITALY,70583/17,001-226390,3,HEJUD,Remainder inadmissible (Art. 35) Admissibility criteria;(Art. 35-3-a) Manifestly ill-founded;Violation of Article 3 - Prohibition of torture (Article 3 - Inhuman treatment) (Substantive aspect);Non-pecuniary damage - award (Article 41 - Non-pecuniary damage;Just satisfaction),35|35-3-a|3|41,2023,negative,published_in_window_not_added_to_guide,apps:70583/17,false,false,clean,easy
b8a991ab1181,Mass protests,2023-09-23,2023-12-06,2023-02-28,2023-08-31,apps:56669/18,OKSUZOGLU v. UKRAINE,56669/18,001-226060,4,HEJUD,Violation of Article 8 - Right to respect for private and family life (Article 8-1 - Respect for family life),8|8-1,2023,negative,published_in_window_not_added_to_guide,apps:56669/18,false,false,clean,easy
b8a991ab1181,Mass protests,2023-09-23,2023-12-06,2023-02-28,2023-08-31,apps:71304/16,SHALA v. ITALY,71304/16,001-226388,4,HEJUD,Violation of Article 6 - Right to a fair trial (Article 6 - Criminal proceedings;Article 6-1 - Fair hearing),6|6-1,2023,negative,published_in_window_not_added_to_guide,apps:71304/16,false,false,clean,easy
b8a991ab1181,Mass protests,2023-09-23,2023-12-06,2023-02-28,2023-08-31,apps:57752/21,X v. SLOVAKIA,57752/21,001-226061,4,HEJUD,Violation of Article 8 - Right to respect for private and family life (Article 8-1 - Respect for family life),8|8-1,2023,negative,published_in_window_not_added_to_guide,apps:57752/21,false,false,clean,easy
b8a991ab1181,Mass protests,2023-09-23,2023-12-06,2023-02-28,2023-08-31,apps:36257/21,CHICOŞ v. ROMANIA,36257/21,001-227836,4,HEDEC,Struck out of the list,8|37|37-1,2023,negative,published_in_window_not_added_to_guide,apps:36257/21,false,false,clean,easy
b8a991ab1181,Mass protests,2023-09-23,2023-12-06,2023-02-28,2023-08-31,apps:49670/16,COZAC AND CRISTEA v. ROMANIA,49670/16|19611/19,001-227812,4,HEDEC,Struck out of the list,3|39,2023,negative,published_in_window_not_added_to_guide,apps:49670/16,false,false,clean,easy
b8a991ab1181,Mass protests,2023-09-23,2023-12-06,2023-02-28,2023-08-31,apps:41253/19,DELİBAŞ AND İLHAN v. TÜRKİYE,41253/19|51638/19,001-227828,4,HEDEC,Struck out of the list,6|6-1|39,2023,negative,published_in_window_not_added_to_guide,apps:41253/19,false,false,clean,easy
b8a991ab1181,Mass protests,2023-09-23,2023-12-06,2023-02-28,2023-08-31,apps:38609/15,DINU AND COROI v. ROMANIA,38609/15|71101/17,001-227810,4,HEDEC,Inadmissible,3|35,2023,negative,published_in_window_not_added_to_guide,apps:38609/15,false,false,clean,easy
b8a991ab1181,Mass protests,2023-09-23,2023-12-06,2023-02-28,2023-08-31,apps:50622/21,FATORIĆ BERTOVIĆ v. CROATIA,50622/21,001-227824,4,HEDEC,Struck out of the list,6|6-1|37|37-1,2023,negative,published_in_window_not_added_to_guide,apps:50622/21,false,false,clean,easy
b8a991ab1181,Mass protests,2023-09-23,2023-12-06,2023-02-28,2023-08-31,apps:19812/18,FERREIRA ESTEVAM v. PORTUGAL,19812/18,001-227834,4,HEDEC,Struck out of the list,5|5-4|39,2023,negative,published_in_window_not_added_to_guide,apps:19812/18,false,false,clean,easy
b8a991ab1181,Mass protests,2023-09-23,2023-12-06,2023-02-28,2023-08-31,apps:30196/17,GENERAL CLINIC LYSIMACHOS GRIGOR. SARAFIANOS S.A. AND OTHERS v. GREECE,30196/17,001-227830,4,HEDEC,Struck out of the list,6|6-1|37|37-1,2023,negative,published_in_window_not_added_to_guide,apps:30196/17,false,false,clean,easy
b8a991ab1181,Mass protests,2023-09-23,2023-12-06,2023-02-28,2023-08-31,apps:38066/16,GÎTLAN v. ROMANIA,38066/16,001-227832,4,HEDEC,Inadmissible,3|35,2023,negative,published_in_window_not_added_to_guide,apps:38066/16,false,false,clean,easy
b8a991ab1181,Mass protests,2023-09-23,2023-12-06,2023-02-28,2023-08-31,apps:49720/16,GROSU AND OTHERS v. ROMANIA,49720/16|59247/16|61086/16|10541/17|11636/17|15323/17|15327/17|20862/17,001-227813,4,HEDEC,Inadmissible,3|35,2023,negative,published_in_window_not_added_to_guide,apps:49720/16,false,false,clean,easy
b8a991ab1181,Mass protests,2023-09-23,2023-12-06,2023-02-28,2023-08-31,apps:10867/18,HETEȘ-PEȘTEAN v. ROMANIA,10867/18,001-227833,4,HEDEC,Struck out of the list,3|39,2023,negative,published_in_window_not_added_to_guide,apps:10867/18,false,false,clean,easy
b8a991ab1181,Mass protests,2023-09-23,2023-12-06,2023-02-28,2023-08-31,apps:36983/22,JAKŠIĆ v. CROATIA,36983/22,001-227826,4,HEDEC,Struck out of the list,6|6-1|37|37-1,2023,negative,published_in_window_not_added_to_guide,apps:36983/22,false,false,clean,easy
b8a991ab1181,Mass protests,2023-09-23,2023-12-06,2023-02-28,2023-08-31,apps:76865/17,KĻAVIŅŠ v. LATVIA,76865/17,001-227821,4,HEDEC,Struck out of the list,6|6-1|37|37-1,2023,negative,published_in_window_not_added_to_guide,apps:76865/17,false,false,clean,easy
b8a991ab1181,Mass protests,2023-09-23,2023-12-06,2023-02-28,2023-08-31,apps:27901/07,LAZELLARI AND OTHERS v. ALBANIA,27901/07|47108/08|1490/10|5753/15,001-227831,4,HEDEC,Struck out of the list,6|13|P1-1|37|37-1,2023,negative,published_in_window_not_added_to_guide,apps:27901/07,false,false,clean,easy
b8a991ab1181,Mass protests,2023-09-23,2023-12-06,2023-02-28,2023-08-31,apps:21391/18,LOJODICE v. ITALY,21391/18,001-227762,4,HEDEC,Struck out of the list,6|6-1|39,2023,negative,published_in_window_not_added_to_guide,apps:21391/18,false,false,clean,easy
cfca8cb0bbc6,Social rights,2023-09-23,2023-11-27,2023-02-28,2023-08-31,apps:32891/22,A.N. v. SWEDEN,32891/22,001-227779,4,HEDEC,Struck out of the list,3|37|37-1,2023,negative,published_in_window_not_added_to_guide,apps:32891/22,false,false,clean,easy
cfca8cb0bbc6,Social rights,2023-09-23,2023-11-27,2023-02-28,2023-08-31,apps:44328/18,ALVES FERREIRA AND OTHERS v. PORTUGAL,44328/18|25234/21,001-227818,4,HEDEC,Struck out of the list,6|6-1|13|39,2023,negative,published_in_window_not_added_to_guide,apps:44328/18,false,false,clean,easy
cfca8cb0bbc6,Social rights,2023-09-23,2023-11-27,2023-02-28,2023-08-31,apps:50568/11,ART GRUP-TRANS S.R.L. v. THE REPUBLIC OF MOLDOVA,50568/11,001-227869,4,HEDEC,Struck out of the list,6|6-1|37|37-1|P1-1,2023,negative,published_in_window_not_added_to_guide,apps:50568/11,false,false,clean,easy
cfca8cb0bbc6,Social rights,2023-09-23,2023-11-27,2023-02-28,2023-08-31,apps:40990/18,ASHUROV AND OTHERS v. AZERBAIJAN,40990/18|58593/18|39249/19|7329/20|22149/20|4219/21|18328/22|32529/22,001-227862,4,HEDEC,Struck out of the list,6|5|37|37-1,2023,negative,published_in_window_not_added_to_guide,apps:40990/18,false,false,clean,easy
cfca8cb0bbc6,Social rights,2023-09-23,2023-11-27,2023-02-28,2023-08-31,apps:19071/18,BABAYEV AND OTHERS v. AZERBAIJAN,19071/18|23274/18|55883/18|55897/18|7801/19|15748/19|20048/19|27365/19|27430/19|27632/19|28181/19|33330/19|35515/19|35553/19|36085/19|36285/19|36317/19|44224/20|4174/21|4488/21|27579/21,001-227858,4,HEDEC,Struck out of the list,6|37|37-1,2023,negative,published_in_window_not_added_to_guide,apps:19071/18,false,false,clean,easy
cfca8cb0bbc6,Social rights,2023-09-23,2023-11-27,2023-02-28,2023-08-31,apps:57180/16,BALOGH AND OTHERS v. ROMANIA,57180/16|79130/16|2427/17,001-227814,4,HEDEC,Struck out of the list,3|37|37-1,2023,negative,published_in_window_not_added_to_guide,apps:57180/16,false,false,clean,easy
cfca8cb0bbc6,Social rights,2023-09-23,2023-11-27,2023-02-28,2023-08-31,apps:23972/22,BRUNO AND OTHERS v. ITALY,23972/22,001-227772,4,HEDEC,Struck out of the list,P1-1|6|37|37-1,2023,negative,published_in_window_not_added_to_guide,apps:23972/22,false,false,clean,easy
cfca8cb0bbc6,Social rights,2023-09-23,2023-11-27,2023-02-28,2023-08-31,apps:28227/18,BUSUIOC AND GROSU v. ROMANIA,28227/18|30685/18,001-227817,4,HEDEC,Inadmissible,3|35,2023,negative,published_in_window_not_added_to_guide,apps:28227/18,false,false,clean,easy
cfca8cb0bbc6,Social rights,2023-09-23,2023-11-27,2023-02-28,2023-08-31,apps:37706/17,BAGIROVA AND OTHERS v. AZERBAIJAN,37706/17|47835/17|59194/17|73757/17|75028/17|753/18,001-226389,3,HEJUD,Remainder inadmissible (Art. 35) Admissibility criteria;(Art. 35-3-a) Ratione materiae;Violation of Article 1 of Protocol No. 1 - Protection of property (Article 1 para. 1 of Protocol No. 1 - Deprivation of property;Peaceful enjoyment of possessions);Just satisfaction reserved (Article 41 - Non-pecuniary damage;Pecuniary damage;Just satisfaction),35|35-3-a|P1-1|P1-1-1|41,2023,negative,published_in_window_not_added_to_guide,apps:37706/17,false,false,clean,easy
cfca8cb0bbc6,Social rights,2023-09-23,2023-11-27,2023-02-28,2023-08-31,apps:2371/11,BORISOV v. UKRAINE,2371/11,001-226058,4,HEJUD,Pecuniary damage - award (Article 41 - Pecuniary damage;Just satisfaction),41,2023,negative,published_in_window_not_added_to_guide,apps:2371/11,false,false,clean,easy
cfca8cb0bbc6,Social rights,2023-09-23,2023-11-27,2023-02-28,2023-08-31,apps:47196/21,C v. ITALY,47196/21,001-226488,3,HEJUD,Violation of Article 8 - Right to respect for private and family life (Article 8 - Positive obligations;Article 8-1 - Respect for private life);No violation of Article 8 - Right to respect for private and family life (Article 8-1 - Respect for family life;Respect for private life);Pecuniary damage - claim dismissed (Article 41 - Pecuniary damage;Just satisfaction);Non-pecuniary damage - award (Article 41 - Non-pecuniary damage;Just satisfaction),8|8-1|41,2023,negative,published_in_window_not_added_to_guide,apps:47196/21,false,false,clean,easy
cfca8cb0bbc6,Social rights,2023-09-23,2023-11-27,2023-02-28,2023-08-31,apps:51424/08,GULIYEVA v. AZERBAIJAN,51424/08,001-226459,4,HEJUD,Pecuniary and non-pecuniary damage - award (Article 41 - Non-pecuniary damage;Pecuniary damage;Just satisfaction),41,2023,negative,published_in_window_not_added_to_guide,apps:51424/08,false,false,clean,easy
cfca8cb0bbc6,Social rights,2023-09-23,2023-11-27,2023-02-28,2023-08-31,apps:56669/18,OKSUZOGLU v. UKRAINE,56669/18,001-226060,4,HEJUD,Violation of Article 8 - Right to respect for private and family life (Article 8-1 - Respect for family life),8|8-1,2023,negative,published_in_window_not_added_to_guide,apps:56669/18,false,false,clean,easy
cfca8cb0bbc6,Social rights,2023-09-23,2023-11-27,2023-02-28,2023-08-31,apps:71304/16,SHALA v. ITALY,71304/16,001-226388,4,HEJUD,Violation of Article 6 - Right to a fair trial (Article 6 - Criminal proceedings;Article 6-1 - Fair hearing),6|6-1,2023,negative,published_in_window_not_added_to_guide,apps:71304/16,false,false,clean,easy
cfca8cb0bbc6,Social rights,2023-09-23,2023-11-27,2023-02-28,2023-08-31,apps:57752/21,X v. SLOVAKIA,57752/21,001-226061,4,HEJUD,Violation of Article 8 - Right to respect for private and family life (Article 8-1 - Respect for family life),8|8-1,2023,negative,published_in_window_not_added_to_guide,apps:57752/21,false,false,clean,easy
cfca8cb0bbc6,Social rights,2023-09-23,2023-11-27,2023-02-28,2023-08-31,apps:36257/21,CHICOŞ v. ROMANIA,36257/21,001-227836,4,HEDEC,Struck out of the list,8|37|37-1,2023,negative,published_in_window_not_added_to_guide,apps:36257/21,false,false,clean,easy
cfca8cb0bbc6,Social rights,2023-09-23,2023-11-27,2023-02-28,2023-08-31,apps:49670/16,COZAC AND CRISTEA v. ROMANIA,49670/16|19611/19,001-227812,4,HEDEC,Struck out of the list,3|39,2023,negative,published_in_window_not_added_to_guide,apps:49670/16,false,false,clean,easy
cfca8cb0bbc6,Social rights,2023-09-23,2023-11-27,2023-02-28,2023-08-31,apps:41253/19,DELİBAŞ AND İLHAN v. TÜRKİYE,41253/19|51638/19,001-227828,4,HEDEC,Struck out of the list,6|6-1|39,2023,negative,published_in_window_not_added_to_guide,apps:41253/19,false,false,clean,easy
cfca8cb0bbc6,Social rights,2023-09-23,2023-11-27,2023-02-28,2023-08-31,apps:38609/15,DINU AND COROI v. ROMANIA,38609/15|71101/17,001-227810,4,HEDEC,Inadmissible,3|35,2023,negative,published_in_window_not_added_to_guide,apps:38609/15,false,false,clean,easy
cfca8cb0bbc6,Social rights,2023-09-23,2023-11-27,2023-02-28,2023-08-31,apps:50622/21,FATORIĆ BERTOVIĆ v. CROATIA,50622/21,001-227824,4,HEDEC,Struck out of the list,6|6-1|37|37-1,2023,negative,published_in_window_not_added_to_guide,apps:50622/21,false,false,clean,easy
cfca8cb0bbc6,Social rights,2023-09-23,2023-11-27,2023-02-28,2023-08-31,apps:19812/18,FERREIRA ESTEVAM v. PORTUGAL,19812/18,001-227834,4,HEDEC,Struck out of the list,5|5-4|39,2023,negative,published_in_window_not_added_to_guide,apps:19812/18,false,false,clean,easy
cfca8cb0bbc6,Social rights,2023-09-23,2023-11-27,2023-02-28,2023-08-31,apps:30196/17,GENERAL CLINIC LYSIMACHOS GRIGOR. SARAFIANOS S.A. AND OTHERS v. GREECE,30196/17,001-227830,4,HEDEC,Struck out of the list,6|6-1|37|37-1,2023,negative,published_in_window_not_added_to_guide,apps:30196/17,false,false,clean,easy
cfca8cb0bbc6,Social rights,2023-09-23,2023-11-27,2023-02-28,2023-08-31,apps:38066/16,GÎTLAN v. ROMANIA,38066/16,001-227832,4,HEDEC,Inadmissible,3|35,2023,negative,published_in_window_not_added_to_guide,apps:38066/16,false,false,clean,easy
cfca8cb0bbc6,Social rights,2023-09-23,2023-11-27,2023-02-28,2023-08-31,apps:49720/16,GROSU AND OTHERS v. ROMANIA,49720/16|59247/16|61086/16|10541/17|11636/17|15323/17|15327/17|20862/17,001-227813,4,HEDEC,Inadmissible,3|35,2023,negative,published_in_window_not_added_to_guide,apps:49720/16,false,false,clean,easy
cfca8cb0bbc6,Social rights,2023-09-23,2023-11-27,2023-02-28,2023-08-31,apps:10867/18,HETEȘ-PEȘTEAN v. ROMANIA,10867/18,001-227833,4,HEDEC,Struck out of the list,3|39,2023,negative,published_in_window_not_added_to_guide,apps:10867/18,false,false,clean,easy
cfca8cb0bbc6,Social rights,2023-09-23,2023-11-27,2023-02-28,2023-08-31,apps:36983/22,JAKŠIĆ v. CROATIA,36983/22,001-227826,4,HEDEC,Struck out of the list,6|6-1|37|37-1,2023,negative,published_in_window_not_added_to_guide,apps:36983/22,false,false,clean,easy
cfca8cb0bbc6,Social rights,2023-09-23,2023-11-27,2023-02-28,2023-08-31,apps:76865/17,KĻAVIŅŠ v. LATVIA,76865/17,001-227821,4,HEDEC,Struck out of the list,6|6-1|37|37-1,2023,negative,published_in_window_not_added_to_guide,apps:76865/17,false,false,clean,easy
cfca8cb0bbc6,Social rights,2023-09-23,2023-11-27,2023-02-28,2023-08-31,apps:27901/07,LAZELLARI AND OTHERS v. ALBANIA,27901/07|47108/08|1490/10|5753/15,001-227831,4,HEDEC,Struck out of the list,6|13|P1-1|37|37-1,2023,negative,published_in_window_not_added_to_guide,apps:27901/07,false,false,clean,easy
cfca8cb0bbc6,Social rights,2023-09-23,2023-11-27,2023-02-28,2023-08-31,apps:21391/18,LOJODICE v. ITALY,21391/18,001-227762,4,HEDEC,Struck out of the list,6|6-1|39,2023,negative,published_in_window_not_added_to_guide,apps:21391/18,false,false,clean,easy
cfca8cb0bbc6,Social rights,2023-09-23,2023-11-27,2023-02-28,2023-08-31,apps:64330/16,MANAFU AND OTHERS v. ROMANIA,64330/16|79679/16|7344/17,001-227816,4,HEDEC,Inadmissible,3|35,2023,negative,published_in_window_not_added_to_guide,apps:64330/16,false,false,clean,easy
d5256ad78e38,Data protection,2023-09-23,2024-03-31,2023-02-28,2023-08-31,apps:32891/22,A.N. v. SWEDEN,32891/22,001-227779,4,HEDEC,Struck out of the list,3|37|37-1,2023,negative,published_in_window_not_added_to_guide,apps:32891/22,false,false,clean,easy
d5256ad78e38,Data protection,2023-09-23,2024-03-31,2023-02-28,2023-08-31,apps:44328/18,ALVES FERREIRA AND OTHERS v. PORTUGAL,44328/18|25234/21,001-227818,4,HEDEC,Struck out of the list,6|6-1|13|39,2023,negative,published_in_window_not_added_to_guide,apps:44328/18,false,false,clean,easy
d5256ad78e38,Data protection,2023-09-23,2024-03-31,2023-02-28,2023-08-31,apps:50568/11,ART GRUP-TRANS S.R.L. v. THE REPUBLIC OF MOLDOVA,50568/11,001-227869,4,HEDEC,Struck out of the list,6|6-1|37|37-1|P1-1,2023,negative,published_in_window_not_added_to_guide,apps:50568/11,false,false,clean,easy
d5256ad78e38,Data protection,2023-09-23,2024-03-31,2023-02-28,2023-08-31,apps:40990/18,ASHUROV AND OTHERS v. AZERBAIJAN,40990/18|58593/18|39249/19|7329/20|22149/20|4219/21|18328/22|32529/22,001-227862,4,HEDEC,Struck out of the list,6|5|37|37-1,2023,negative,published_in_window_not_added_to_guide,apps:40990/18,false,false,clean,easy
d5256ad78e38,Data protection,2023-09-23,2024-03-31,2023-02-28,2023-08-31,apps:19071/18,BABAYEV AND OTHERS v. AZERBAIJAN,19071/18|23274/18|55883/18|55897/18|7801/19|15748/19|20048/19|27365/19|27430/19|27632/19|28181/19|33330/19|35515/19|35553/19|36085/19|36285/19|36317/19|44224/20|4174/21|4488/21|27579/21,001-227858,4,HEDEC,Struck out of the list,6|37|37-1,2023,negative,published_in_window_not_added_to_guide,apps:19071/18,false,false,clean,easy
d5256ad78e38,Data protection,2023-09-23,2024-03-31,2023-02-28,2023-08-31,apps:57180/16,BALOGH AND OTHERS v. ROMANIA,57180/16|79130/16|2427/17,001-227814,4,HEDEC,Struck out of the list,3|37|37-1,2023,negative,published_in_window_not_added_to_guide,apps:57180/16,false,false,clean,easy
d5256ad78e38,Data protection,2023-09-23,2024-03-31,2023-02-28,2023-08-31,apps:23972/22,BRUNO AND OTHERS v. ITALY,23972/22,001-227772,4,HEDEC,Struck out of the list,P1-1|6|37|37-1,2023,negative,published_in_window_not_added_to_guide,apps:23972/22,false,false,clean,easy
d5256ad78e38,Data protection,2023-09-23,2024-03-31,2023-02-28,2023-08-31,apps:28227/18,BUSUIOC AND GROSU v. ROMANIA,28227/18|30685/18,001-227817,4,HEDEC,Inadmissible,3|35,2023,negative,published_in_window_not_added_to_guide,apps:28227/18,false,false,clean,easy
d5256ad78e38,Data protection,2023-09-23,2024-03-31,2023-02-28,2023-08-31,apps:37706/17,BAGIROVA AND OTHERS v. AZERBAIJAN,37706/17|47835/17|59194/17|73757/17|75028/17|753/18,001-226389,3,HEJUD,Remainder inadmissible (Art. 35) Admissibility criteria;(Art. 35-3-a) Ratione materiae;Violation of Article 1 of Protocol No. 1 - Protection of property (Article 1 para. 1 of Protocol No. 1 - Deprivation of property;Peaceful enjoyment of possessions);Just satisfaction reserved (Article 41 - Non-pecuniary damage;Pecuniary damage;Just satisfaction),35|35-3-a|P1-1|P1-1-1|41,2023,negative,published_in_window_not_added_to_guide,apps:37706/17,false,false,clean,easy
d5256ad78e38,Data protection,2023-09-23,2024-03-31,2023-02-28,2023-08-31,apps:2371/11,BORISOV v. UKRAINE,2371/11,001-226058,4,HEJUD,Pecuniary damage - award (Article 41 - Pecuniary damage;Just satisfaction),41,2023,negative,published_in_window_not_added_to_guide,apps:2371/11,false,false,clean,easy
d5256ad78e38,Data protection,2023-09-23,2024-03-31,2023-02-28,2023-08-31,apps:47196/21,C v. ITALY,47196/21,001-226488,3,HEJUD,Violation of Article 8 - Right to respect for private and family life (Article 8 - Positive obligations;Article 8-1 - Respect for private life);No violation of Article 8 - Right to respect for private and family life (Article 8-1 - Respect for family life;Respect for private life);Pecuniary damage - claim dismissed (Article 41 - Pecuniary damage;Just satisfaction);Non-pecuniary damage - award (Article 41 - Non-pecuniary damage;Just satisfaction),8|8-1|41,2023,negative,published_in_window_not_added_to_guide,apps:47196/21,false,false,clean,easy
d5256ad78e38,Data protection,2023-09-23,2024-03-31,2023-02-28,2023-08-31,apps:51424/08,GULIYEVA v. AZERBAIJAN,51424/08,001-226459,4,HEJUD,Pecuniary and non-pecuniary damage - award (Article 41 - Non-pecuniary damage;Pecuniary damage;Just satisfaction),41,2023,negative,published_in_window_not_added_to_guide,apps:51424/08,false,false,clean,easy
d5256ad78e38,Data protection,2023-09-23,2024-03-31,2023-02-28,2023-08-31,apps:70583/17,M.A. v. ITALY,70583/17,001-226390,3,HEJUD,Remainder inadmissible (Art. 35) Admissibility criteria;(Art. 35-3-a) Manifestly ill-founded;Violation of Article 3 - Prohibition of torture (Article 3 - Inhuman treatment) (Substantive aspect);Non-pecuniary damage - award (Article 41 - Non-pecuniary damage;Just satisfaction),35|35-3-a|3|41,2023,negative,published_in_window_not_added_to_guide,apps:70583/17,false,false,clean,easy
d5256ad78e38,Data protection,2023-09-23,2024-03-31,2023-02-28,2023-08-31,apps:56669/18,OKSUZOGLU v. UKRAINE,56669/18,001-226060,4,HEJUD,Violation of Article 8 - Right to respect for private and family life (Article 8-1 - Respect for family life),8|8-1,2023,negative,published_in_window_not_added_to_guide,apps:56669/18,false,false,clean,easy
d5256ad78e38,Data protection,2023-09-23,2024-03-31,2023-02-28,2023-08-31,apps:71304/16,SHALA v. ITALY,71304/16,001-226388,4,HEJUD,Violation of Article 6 - Right to a fair trial (Article 6 - Criminal proceedings;Article 6-1 - Fair hearing),6|6-1,2023,negative,published_in_window_not_added_to_guide,apps:71304/16,false,false,clean,easy
d5256ad78e38,Data protection,2023-09-23,2024-03-31,2023-02-28,2023-08-31,apps:57752/21,X v. SLOVAKIA,57752/21,001-226061,4,HEJUD,Violation of Article 8 - Right to respect for private and family life (Article 8-1 - Respect for family life),8|8-1,2023,negative,published_in_window_not_added_to_guide,apps:57752/21,false,false,clean,easy
d5256ad78e38,Data protection,2023-09-23,2024-03-31,2023-02-28,2023-08-31,apps:36257/21,CHICOŞ v. ROMANIA,36257/21,001-227836,4,HEDEC,Struck out of the list,8|37|37-1,2023,negative,published_in_window_not_added_to_guide,apps:36257/21,false,false,clean,easy
d5256ad78e38,Data protection,2023-09-23,2024-03-31,2023-02-28,2023-08-31,apps:49670/16,COZAC AND CRISTEA v. ROMANIA,49670/16|19611/19,001-227812,4,HEDEC,Struck out of the list,3|39,2023,negative,published_in_window_not_added_to_guide,apps:49670/16,false,false,clean,easy
d5256ad78e38,Data protection,2023-09-23,2024-03-31,2023-02-28,2023-08-31,apps:41253/19,DELİBAŞ AND İLHAN v. TÜRKİYE,41253/19|51638/19,001-227828,4,HEDEC,Struck out of the list,6|6-1|39,2023,negative,published_in_window_not_added_to_guide,apps:41253/19,false,false,clean,easy
d5256ad78e38,Data protection,2023-09-23,2024-03-31,2023-02-28,2023-08-31,apps:38609/15,DINU AND COROI v. ROMANIA,38609/15|71101/17,001-227810,4,HEDEC,Inadmissible,3|35,2023,negative,published_in_window_not_added_to_guide,apps:38609/15,false,false,clean,easy
d5256ad78e38,Data protection,2023-09-23,2024-03-31,2023-02-28,2023-08-31,apps:50622/21,FATORIĆ BERTOVIĆ v. CROATIA,50622/21,001-227824,4,HEDEC,Struck out of the list,6|6-1|37|37-1,2023,negative,published_in_window_not_added_to_guide,apps:50622/21,false,false,clean,easy
d5256ad78e38,Data protection,2023-09-23,2024-03-31,2023-02-28,2023-08-31,apps:19812/18,FERREIRA ESTEVAM v. PORTUGAL,19812/18,001-227834,4,HEDEC,Struck out of the list,5|5-4|39,2023,negative,published_in_window_not_added_to_guide,apps:19812/18,false,false,clean,easy
d5256ad78e38,Data protection,2023-09-23,2024-03-31,2023-02-28,2023-08-31,apps:30196/17,GENERAL CLINIC LYSIMACHOS GRIGOR. SARAFIANOS S.A. AND OTHERS v. GREECE,30196/17,001-227830,4,HEDEC,Struck out of the list,6|6-1|37|37-1,2023,negative,published_in_window_not_added_to_guide,apps:30196/17,false,false,clean,easy
d5256ad78e38,Data protection,2023-09-23,2024-03-31,2023-02-28,2023-08-31,apps:38066/16,GÎTLAN v. ROMANIA,38066/16,001-227832,4,HEDEC,Inadmissible,3|35,2023,negative,published_in_window_not_added_to_guide,apps:38066/16,false,false,clean,easy
d5256ad78e38,Data protection,2023-09-23,2024-03-31,2023-02-28,2023-08-31,apps:49720/16,GROSU AND OTHERS v. ROMANIA,49720/16|59247/16|61086/16|10541/17|11636/17|15323/17|15327/17|20862/17,001-227813,4,HEDEC,Inadmissible,3|35,2023,negative,published_in_window_not_added_to_guide,apps:49720/16,false,false,clean,easy
d5256ad78e38,Data protection,2023-09-23,2024-03-31,2023-02-28,2023-08-31,apps:10867/18,HETEȘ-PEȘTEAN v. ROMANIA,10867/18,001-227833,4,HEDEC,Struck out of the list,3|39,2023,negative,published_in_window_not_added_to_guide,apps:10867/18,false,false,clean,easy
d5256ad78e38,Data protection,2023-09-23,2024-03-31,2023-02-28,2023-08-31,apps:36983/22,JAKŠIĆ v. CROATIA,36983/22,001-227826,4,HEDEC,Struck out of the list,6|6-1|37|37-1,2023,negative,published_in_window_not_added_to_guide,apps:36983/22,false,false,clean,easy
d5256ad78e38,Data protection,2023-09-23,2024-03-31,2023-02-28,2023-08-31,apps:76865/17,KĻAVIŅŠ v. LATVIA,76865/17,001-227821,4,HEDEC,Struck out of the list,6|6-1|37|37-1,2023,negative,published_in_window_not_added_to_guide,apps:76865/17,false,false,clean,easy
d5256ad78e38,Data protection,2023-09-23,2024-03-31,2023-02-28,2023-08-31,apps:27901/07,LAZELLARI AND OTHERS v. ALBANIA,27901/07|47108/08|1490/10|5753/15,001-227831,4,HEDEC,Struck out of the list,6|13|P1-1|37|37-1,2023,negative,published_in_window_not_added_to_guide,apps:27901/07,false,false,clean,easy
d5256ad78e38,Data protection,2023-09-23,2024-03-31,2023-02-28,2023-08-31,apps:21391/18,LOJODICE v. ITALY,21391/18,001-227762,4,HEDEC,Struck out of the list,6|6-1|39,2023,negative,published_in_window_not_added_to_guide,apps:21391/18,false,false,clean,easy
dbfbd08a4477,Article 2 Protocol 4,2023-09-23,2024-02-17,2023-02-28,2023-08-31,apps:32891/22,A.N. v. SWEDEN,32891/22,001-227779,4,HEDEC,Struck out of the list,3|37|37-1,2023,negative,published_in_window_not_added_to_guide,apps:32891/22,false,false,clean,easy
dbfbd08a4477,Article 2 Protocol 4,2023-09-23,2024-02-17,2023-02-28,2023-08-31,apps:44328/18,ALVES FERREIRA AND OTHERS v. PORTUGAL,44328/18|25234/21,001-227818,4,HEDEC,Struck out of the list,6|6-1|13|39,2023,negative,published_in_window_not_added_to_guide,apps:44328/18,false,false,clean,easy
dbfbd08a4477,Article 2 Protocol 4,2023-09-23,2024-02-17,2023-02-28,2023-08-31,apps:50568/11,ART GRUP-TRANS S.R.L. v. THE REPUBLIC OF MOLDOVA,50568/11,001-227869,4,HEDEC,Struck out of the list,6|6-1|37|37-1|P1-1,2023,negative,published_in_window_not_added_to_guide,apps:50568/11,false,false,clean,easy
dbfbd08a4477,Article 2 Protocol 4,2023-09-23,2024-02-17,2023-02-28,2023-08-31,apps:40990/18,ASHUROV AND OTHERS v. AZERBAIJAN,40990/18|58593/18|39249/19|7329/20|22149/20|4219/21|18328/22|32529/22,001-227862,4,HEDEC,Struck out of the list,6|5|37|37-1,2023,negative,published_in_window_not_added_to_guide,apps:40990/18,false,false,clean,easy
dbfbd08a4477,Article 2 Protocol 4,2023-09-23,2024-02-17,2023-02-28,2023-08-31,apps:19071/18,BABAYEV AND OTHERS v. AZERBAIJAN,19071/18|23274/18|55883/18|55897/18|7801/19|15748/19|20048/19|27365/19|27430/19|27632/19|28181/19|33330/19|35515/19|35553/19|36085/19|36285/19|36317/19|44224/20|4174/21|4488/21|27579/21,001-227858,4,HEDEC,Struck out of the list,6|37|37-1,2023,negative,published_in_window_not_added_to_guide,apps:19071/18,false,false,clean,easy
dbfbd08a4477,Article 2 Protocol 4,2023-09-23,2024-02-17,2023-02-28,2023-08-31,apps:57180/16,BALOGH AND OTHERS v. ROMANIA,57180/16|79130/16|2427/17,001-227814,4,HEDEC,Struck out of the list,3|37|37-1,2023,negative,published_in_window_not_added_to_guide,apps:57180/16,false,false,clean,easy
dbfbd08a4477,Article 2 Protocol 4,2023-09-23,2024-02-17,2023-02-28,2023-08-31,apps:23972/22,BRUNO AND OTHERS v. ITALY,23972/22,001-227772,4,HEDEC,Struck out of the list,P1-1|6|37|37-1,2023,negative,published_in_window_not_added_to_guide,apps:23972/22,false,false,clean,easy
dbfbd08a4477,Article 2 Protocol 4,2023-09-23,2024-02-17,2023-02-28,2023-08-31,apps:28227/18,BUSUIOC AND GROSU v. ROMANIA,28227/18|30685/18,001-227817,4,HEDEC,Inadmissible,3|35,2023,negative,published_in_window_not_added_to_guide,apps:28227/18,false,false,clean,easy
dbfbd08a4477,Article 2 Protocol 4,2023-09-23,2024-02-17,2023-02-28,2023-08-31,apps:37706/17,BAGIROVA AND OTHERS v. AZERBAIJAN,37706/17|47835/17|59194/17|73757/17|75028/17|753/18,001-226389,3,HEJUD,Remainder inadmissible (Art. 35) Admissibility criteria;(Art. 35-3-a) Ratione materiae;Violation of Article 1 of Protocol No. 1 - Protection of property (Article 1 para. 1 of Protocol No. 1 - Deprivation of property;Peaceful enjoyment of possessions);Just satisfaction reserved (Article 41 - Non-pecuniary damage;Pecuniary damage;Just satisfaction),35|35-3-a|P1-1|P1-1-1|41,2023,negative,published_in_window_not_added_to_guide,apps:37706/17,false,false,clean,easy
dbfbd08a4477,Article 2 Protocol 4,2023-09-23,2024-02-17,2023-02-28,2023-08-31,apps:2371/11,BORISOV v. UKRAINE,2371/11,001-226058,4,HEJUD,Pecuniary damage - award (Article 41 - Pecuniary damage;Just satisfaction),41,2023,negative,published_in_window_not_added_to_guide,apps:2371/11,false,false,clean,easy
dbfbd08a4477,Article 2 Protocol 4,2023-09-23,2024-02-17,2023-02-28,2023-08-31,apps:47196/21,C v. ITALY,47196/21,001-226488,3,HEJUD,Violation of Article 8 - Right to respect for private and family life (Article 8 - Positive obligations;Article 8-1 - Respect for private life);No violation of Article 8 - Right to respect for private and family life (Article 8-1 - Respect for family life;Respect for private life);Pecuniary damage - claim dismissed (Article 41 - Pecuniary damage;Just satisfaction);Non-pecuniary damage - award (Article 41 - Non-pecuniary damage;Just satisfaction),8|8-1|41,2023,negative,published_in_window_not_added_to_guide,apps:47196/21,false,false,clean,easy
dbfbd08a4477,Article 2 Protocol 4,2023-09-23,2024-02-17,2023-02-28,2023-08-31,apps:51424/08,GULIYEVA v. AZERBAIJAN,51424/08,001-226459,4,HEJUD,Pecuniary and non-pecuniary damage - award (Article 41 - Non-pecuniary damage;Pecuniary damage;Just satisfaction),41,2023,negative,published_in_window_not_added_to_guide,apps:51424/08,false,false,clean,easy
dbfbd08a4477,Article 2 Protocol 4,2023-09-23,2024-02-17,2023-02-28,2023-08-31,apps:70583/17,M.A. v. ITALY,70583/17,001-226390,3,HEJUD,Remainder inadmissible (Art. 35) Admissibility criteria;(Art. 35-3-a) Manifestly ill-founded;Violation of Article 3 - Prohibition of torture (Article 3 - Inhuman treatment) (Substantive aspect);Non-pecuniary damage - award (Article 41 - Non-pecuniary damage;Just satisfaction),35|35-3-a|3|41,2023,negative,published_in_window_not_added_to_guide,apps:70583/17,false,false,clean,easy
dbfbd08a4477,Article 2 Protocol 4,2023-09-23,2024-02-17,2023-02-28,2023-08-31,apps:56669/18,OKSUZOGLU v. UKRAINE,56669/18,001-226060,4,HEJUD,Violation of Article 8 - Right to respect for private and family life (Article 8-1 - Respect for family life),8|8-1,2023,negative,published_in_window_not_added_to_guide,apps:56669/18,false,false,clean,easy
dbfbd08a4477,Article 2 Protocol 4,2023-09-23,2024-02-17,2023-02-28,2023-08-31,apps:71304/16,SHALA v. ITALY,71304/16,001-226388,4,HEJUD,Violation of Article 6 - Right to a fair trial (Article 6 - Criminal proceedings;Article 6-1 - Fair hearing),6|6-1,2023,negative,published_in_window_not_added_to_guide,apps:71304/16,false,false,clean,easy
dbfbd08a4477,Article 2 Protocol 4,2023-09-23,2024-02-17,2023-02-28,2023-08-31,apps:57752/21,X v. SLOVAKIA,57752/21,001-226061,4,HEJUD,Violation of Article 8 - Right to respect for private and family life (Article 8-1 - Respect for family life),8|8-1,2023,negative,published_in_window_not_added_to_guide,apps:57752/21,false,false,clean,easy
dbfbd08a4477,Article 2 Protocol 4,2023-09-23,2024-02-17,2023-02-28,2023-08-31,apps:36257/21,CHICOŞ v. ROMANIA,36257/21,001-227836,4,HEDEC,Struck out of the list,8|37|37-1,2023,negative,published_in_window_not_added_to_guide,apps:36257/21,false,false,clean,easy
dbfbd08a4477,Article 2 Protocol 4,2023-09-23,2024-02-17,2023-02-28,2023-08-31,apps:49670/16,COZAC AND CRISTEA v. ROMANIA,49670/16|19611/19,001-227812,4,HEDEC,Struck out of the list,3|39,2023,negative,published_in_window_not_added_to_guide,apps:49670/16,false,false,clean,easy
dbfbd08a4477,Article 2 Protocol 4,2023-09-23,2024-02-17,2023-02-28,2023-08-31,apps:41253/19,DELİBAŞ AND İLHAN v. TÜRKİYE,41253/19|51638/19,001-227828,4,HEDEC,Struck out of the list,6|6-1|39,2023,negative,published_in_window_not_added_to_guide,apps:41253/19,false,false,clean,easy
dbfbd08a4477,Article 2 Protocol 4,2023-09-23,2024-02-17,2023-02-28,2023-08-31,apps:38609/15,DINU AND COROI v. ROMANIA,38609/15|71101/17,001-227810,4,HEDEC,Inadmissible,3|35,2023,negative,published_in_window_not_added_to_guide,apps:38609/15,false,false,clean,easy
dbfbd08a4477,Article 2 Protocol 4,2023-09-23,2024-02-17,2023-02-28,2023-08-31,apps:50622/21,FATORIĆ BERTOVIĆ v. CROATIA,50622/21,001-227824,4,HEDEC,Struck out of the list,6|6-1|37|37-1,2023,negative,published_in_window_not_added_to_guide,apps:50622/21,false,false,clean,easy
dbfbd08a4477,Article 2 Protocol 4,2023-09-23,2024-02-17,2023-02-28,2023-08-31,apps:19812/18,FERREIRA ESTEVAM v. PORTUGAL,19812/18,001-227834,4,HEDEC,Struck out of the list,5|5-4|39,2023,negative,published_in_window_not_added_to_guide,apps:19812/18,false,false,clean,easy
dbfbd08a4477,Article 2 Protocol 4,2023-09-23,2024-02-17,2023-02-28,2023-08-31,apps:30196/17,GENERAL CLINIC LYSIMACHOS GRIGOR. SARAFIANOS S.A. AND OTHERS v. GREECE,30196/17,001-227830,4,HEDEC,Struck out of the list,6|6-1|37|37-1,2023,negative,published_in_window_not_added_to_guide,apps:30196/17,false,false,clean,easy
dbfbd08a4477,Article 2 Protocol 4,2023-09-23,2024-02-17,2023-02-28,2023-08-31,apps:38066/16,GÎTLAN v. ROMANIA,38066/16,001-227832,4,HEDEC,Inadmissible,3|35,2023,negative,published_in_window_not_added_to_guide,apps:38066/16,false,false,clean,easy
dbfbd08a4477,Article 2 Protocol 4,2023-09-23,2024-02-17,2023-02-28,2023-08-31,apps:49720/16,GROSU AND OTHERS v. ROMANIA,49720/16|59247/16|61086/16|10541/17|11636/17|15323/17|15327/17|20862/17,001-227813,4,HEDEC,Inadmissible,3|35,2023,negative,published_in_window_not_added_to_guide,apps:49720/16,false,false,clean,easy
dbfbd08a4477,Article 2 Protocol 4,2023-09-23,2024-02-17,2023-02-28,2023-08-31,apps:10867/18,HETEȘ-PEȘTEAN v. ROMANIA,10867/18,001-227833,4,HEDEC,Struck out of the list,3|39,2023,negative,published_in_window_not_added_to_guide,apps:10867/18,false,false,clean,easy
dbfbd08a4477,Article 2 Protocol 4,2023-09-23,2024-02-17,2023-02-28,2023-08-31,apps:36983/22,JAKŠIĆ v. CROATIA,36983/22,001-227826,4,HEDEC,Struck out of the list,6|6-1|37|37-1,2023,negative,published_in_window_not_added_to_guide,apps:36983/22,false,false,clean,easy
dbfbd08a4477,Article 2 Protocol 4,2023-09-23,2024-02-17,2023-02-28,2023-08-31,apps:76865/17,KĻAVIŅŠ v. LATVIA,76865/17,001-227821,4,HEDEC,Struck out of the list,6|6-1|37|37-1,2023,negative,published_in_window_not_added_to_guide,apps:76865/17,false,false,clean,easy
dbfbd08a4477,Article 2 Protocol 4,2023-09-23,2024-02-17,2023-02-28,2023-08-31,apps:27901/07,LAZELLARI AND OTHERS v. ALBANIA,27901/07|47108/08|1490/10|5753/15,001-227831,4,HEDEC,Struck out of the list,6|13|P1-1|37|37-1,2023,negative,published_in_window_not_added_to_guide,apps:27901/07,false,false,clean,easy
dbfbd08a4477,Article 2 Protocol 4,2023-09-23,2024-02-17,2023-02-28,2023-08-31,apps:21391/18,LOJODICE v. ITALY,21391/18,001-227762,4,HEDEC,Struck out of the list,6|6-1|39,2023,negative,published_in_window_not_added_to_guide,apps:21391/18,false,false,clean,easy
e12c697e461c,Article 14,2023-09-23,2024-03-30,2023-02-28,2023-08-31,apps:32891/22,A.N. v. SWEDEN,32891/22,001-227779,4,HEDEC,Struck out of the list,3|37|37-1,2023,negative,published_in_window_not_added_to_guide,apps:32891/22,false,false,clean,easy
e12c697e461c,Article 14,2023-09-23,2024-03-30,2023-02-28,2023-08-31,apps:44328/18,ALVES FERREIRA AND OTHERS v. PORTUGAL,44328/18|25234/21,001-227818,4,HEDEC,Struck out of the list,6|6-1|13|39,2023,negative,published_in_window_not_added_to_guide,apps:44328/18,false,false,clean,easy
e12c697e461c,Article 14,2023-09-23,2024-03-30,2023-02-28,2023-08-31,apps:50568/11,ART GRUP-TRANS S.R.L. v. THE REPUBLIC OF MOLDOVA,50568/11,001-227869,4,HEDEC,Struck out of the list,6|6-1|37|37-1|P1-1,2023,negative,published_in_window_not_added_to_guide,apps:50568/11,false,false,clean,easy
e12c697e461c,Article 14,2023-09-23,2024-03-30,2023-02-28,2023-08-31,apps:40990/18,ASHUROV AND OTHERS v. AZERBAIJAN,40990/18|58593/18|39249/19|7329/20|22149/20|4219/21|18328/22|32529/22,001-227862,4,HEDEC,Struck out of the list,6|5|37|37-1,2023,negative,published_in_window_not_added_to_guide,apps:40990/18,false,false,clean,easy
e12c697e461c,Article 14,2023-09-23,2024-03-30,2023-02-28,2023-08-31,apps:19071/18,BABAYEV AND OTHERS v. AZERBAIJAN,19071/18|23274/18|55883/18|55897/18|7801/19|15748/19|20048/19|27365/19|27430/19|27632/19|28181/19|33330/19|35515/19|35553/19|36085/19|36285/19|36317/19|44224/20|4174/21|4488/21|27579/21,001-227858,4,HEDEC,Struck out of the list,6|37|37-1,2023,negative,published_in_window_not_added_to_guide,apps:19071/18,false,false,clean,easy
e12c697e461c,Article 14,2023-09-23,2024-03-30,2023-02-28,2023-08-31,apps:57180/16,BALOGH AND OTHERS v. ROMANIA,57180/16|79130/16|2427/17,001-227814,4,HEDEC,Struck out of the list,3|37|37-1,2023,negative,published_in_window_not_added_to_guide,apps:57180/16,false,false,clean,easy
e12c697e461c,Article 14,2023-09-23,2024-03-30,2023-02-28,2023-08-31,apps:23972/22,BRUNO AND OTHERS v. ITALY,23972/22,001-227772,4,HEDEC,Struck out of the list,P1-1|6|37|37-1,2023,negative,published_in_window_not_added_to_guide,apps:23972/22,false,false,clean,easy
e12c697e461c,Article 14,2023-09-23,2024-03-30,2023-02-28,2023-08-31,apps:28227/18,BUSUIOC AND GROSU v. ROMANIA,28227/18|30685/18,001-227817,4,HEDEC,Inadmissible,3|35,2023,negative,published_in_window_not_added_to_guide,apps:28227/18,false,false,clean,easy
e12c697e461c,Article 14,2023-09-23,2024-03-30,2023-02-28,2023-08-31,apps:37706/17,BAGIROVA AND OTHERS v. AZERBAIJAN,37706/17|47835/17|59194/17|73757/17|75028/17|753/18,001-226389,3,HEJUD,Remainder inadmissible (Art. 35) Admissibility criteria;(Art. 35-3-a) Ratione materiae;Violation of Article 1 of Protocol No. 1 - Protection of property (Article 1 para. 1 of Protocol No. 1 - Deprivation of property;Peaceful enjoyment of possessions);Just satisfaction reserved (Article 41 - Non-pecuniary damage;Pecuniary damage;Just satisfaction),35|35-3-a|P1-1|P1-1-1|41,2023,negative,published_in_window_not_added_to_guide,apps:37706/17,false,false,clean,easy
e12c697e461c,Article 14,2023-09-23,2024-03-30,2023-02-28,2023-08-31,apps:2371/11,BORISOV v. UKRAINE,2371/11,001-226058,4,HEJUD,Pecuniary damage - award (Article 41 - Pecuniary damage;Just satisfaction),41,2023,negative,published_in_window_not_added_to_guide,apps:2371/11,false,false,clean,easy
e12c697e461c,Article 14,2023-09-23,2024-03-30,2023-02-28,2023-08-31,apps:47196/21,C v. ITALY,47196/21,001-226488,3,HEJUD,Violation of Article 8 - Right to respect for private and family life (Article 8 - Positive obligations;Article 8-1 - Respect for private life);No violation of Article 8 - Right to respect for private and family life (Article 8-1 - Respect for family life;Respect for private life);Pecuniary damage - claim dismissed (Article 41 - Pecuniary damage;Just satisfaction);Non-pecuniary damage - award (Article 41 - Non-pecuniary damage;Just satisfaction),8|8-1|41,2023,negative,published_in_window_not_added_to_guide,apps:47196/21,false,false,clean,easy
e12c697e461c,Article 14,2023-09-23,2024-03-30,2023-02-28,2023-08-31,apps:51424/08,GULIYEVA v. AZERBAIJAN,51424/08,001-226459,4,HEJUD,Pecuniary and non-pecuniary damage - award (Article 41 - Non-pecuniary damage;Pecuniary damage;Just satisfaction),41,2023,negative,published_in_window_not_added_to_guide,apps:51424/08,false,false,clean,easy
e12c697e461c,Article 14,2023-09-23,2024-03-30,2023-02-28,2023-08-31,apps:70583/17,M.A. v. ITALY,70583/17,001-226390,3,HEJUD,Remainder inadmissible (Art. 35) Admissibility criteria;(Art. 35-3-a) Manifestly ill-founded;Violation of Article 3 - Prohibition of torture (Article 3 - Inhuman treatment) (Substantive aspect);Non-pecuniary damage - award (Article 41 - Non-pecuniary damage;Just satisfaction),35|35-3-a|3|41,2023,negative,published_in_window_not_added_to_guide,apps:70583/17,false,false,clean,easy
e12c697e461c,Article 14,2023-09-23,2024-03-30,2023-02-28,2023-08-31,apps:56669/18,OKSUZOGLU v. UKRAINE,56669/18,001-226060,4,HEJUD,Violation of Article 8 - Right to respect for private and family life (Article 8-1 - Respect for family life),8|8-1,2023,negative,published_in_window_not_added_to_guide,apps:56669/18,false,false,clean,easy
e12c697e461c,Article 14,2023-09-23,2024-03-30,2023-02-28,2023-08-31,apps:71304/16,SHALA v. ITALY,71304/16,001-226388,4,HEJUD,Violation of Article 6 - Right to a fair trial (Article 6 - Criminal proceedings;Article 6-1 - Fair hearing),6|6-1,2023,negative,published_in_window_not_added_to_guide,apps:71304/16,false,false,clean,easy
e12c697e461c,Article 14,2023-09-23,2024-03-30,2023-02-28,2023-08-31,apps:57752/21,X v. SLOVAKIA,57752/21,001-226061,4,HEJUD,Violation of Article 8 - Right to respect for private and family life (Article 8-1 - Respect for family life),8|8-1,2023,negative,published_in_window_not_added_to_guide,apps:57752/21,false,false,clean,easy
e12c697e461c,Article 14,2023-09-23,2024-03-30,2023-02-28,2023-08-31,apps:36257/21,CHICOŞ v. ROMANIA,36257/21,001-227836,4,HEDEC,Struck out of the list,8|37|37-1,2023,negative,published_in_window_not_added_to_guide,apps:36257/21,false,false,clean,easy
e12c697e461c,Article 14,2023-09-23,2024-03-30,2023-02-28,2023-08-31,apps:49670/16,COZAC AND CRISTEA v. ROMANIA,49670/16|19611/19,001-227812,4,HEDEC,Struck out of the list,3|39,2023,negative,published_in_window_not_added_to_guide,apps:49670/16,false,false,clean,easy
e12c697e461c,Article 14,2023-09-23,2024-03-30,2023-02-28,2023-08-31,apps:41253/19,DELİBAŞ AND İLHAN v. TÜRKİYE,41253/19|51638/19,001-227828,4,HEDEC,Struck out of the list,6|6-1|39,2023,negative,published_in_window_not_added_to_guide,apps:41253/19,false,false,clean,easy
e12c697e461c,Article 14,2023-09-23,2024-03-30,2023-02-28,2023-08-31,apps:38609/15,DINU AND COROI v. ROMANIA,38609/15|71101/17,001-227810,4,HEDEC,Inadmissible,3|35,2023,negative,published_in_window_not_added_to_guide,apps:38609/15,false,false,clean,easy
e12c697e461c,Article 14,2023-09-23,2024-03-30,2023-02-28,2023-08-31,apps:50622/21,FATORIĆ BERTOVIĆ v. CROATIA,50622/21,001-227824,4,HEDEC,Struck out of the list,6|6-1|37|37-1,2023,negative,published_in_window_not_added_to_guide,apps:50622/21,false,false,clean,easy
e12c697e461c,Article 14,2023-09-23,2024-03-30,2023-02-28,2023-08-31,apps:19812/18,FERREIRA ESTEVAM v. PORTUGAL,19812/18,001-227834,4,HEDEC,Struck out of the list,5|5-4|39,2023,negative,published_in_window_not_added_to_guide,apps:19812/18,false,false,clean,easy
e12c697e461c,Article 14,2023-09-23,2024-03-30,2023-02-28,2023-08-31,apps:30196/17,GENERAL CLINIC LYSIMACHOS GRIGOR. SARAFIANOS S.A. AND OTHERS v. GREECE,30196/17,001-227830,4,HEDEC,Struck out of the list,6|6-1|37|37-1,2023,negative,published_in_window_not_added_to_guide,apps:30196/17,false,false,clean,easy
e12c697e461c,Article 14,2023-09-23,2024-03-30,2023-02-28,2023-08-31,apps:38066/16,GÎTLAN v. ROMANIA,38066/16,001-227832,4,HEDEC,Inadmissible,3|35,2023,negative,published_in_window_not_added_to_guide,apps:38066/16,false,false,clean,easy
e12c697e461c,Article 14,2023-09-23,2024-03-30,2023-02-28,2023-08-31,apps:49720/16,GROSU AND OTHERS v. ROMANIA,49720/16|59247/16|61086/16|10541/17|11636/17|15323/17|15327/17|20862/17,001-227813,4,HEDEC,Inadmissible,3|35,2023,negative,published_in_window_not_added_to_guide,apps:49720/16,false,false,clean,easy
e12c697e461c,Article 14,2023-09-23,2024-03-30,2023-02-28,2023-08-31,apps:10867/18,HETEȘ-PEȘTEAN v. ROMANIA,10867/18,001-227833,4,HEDEC,Struck out of the list,3|39,2023,negative,published_in_window_not_added_to_guide,apps:10867/18,false,false,clean,easy
e12c697e461c,Article 14,2023-09-23,2024-03-30,2023-02-28,2023-08-31,apps:36983/22,JAKŠIĆ v. CROATIA,36983/22,001-227826,4,HEDEC,Struck out of the list,6|6-1|37|37-1,2023,negative,published_in_window_not_added_to_guide,apps:36983/22,false,false,clean,easy
e12c697e461c,Article 14,2023-09-23,2024-03-30,2023-02-28,2023-08-31,apps:76865/17,KĻAVIŅŠ v. LATVIA,76865/17,001-227821,4,HEDEC,Struck out of the list,6|6-1|37|37-1,2023,negative,published_in_window_not_added_to_guide,apps:76865/17,false,false,clean,easy
e12c697e461c,Article 14,2023-09-23,2024-03-30,2023-02-28,2023-08-31,apps:27901/07,LAZELLARI AND OTHERS v. ALBANIA,27901/07|47108/08|1490/10|5753/15,001-227831,4,HEDEC,Struck out of the list,6|13|P1-1|37|37-1,2023,negative,published_in_window_not_added_to_guide,apps:27901/07,false,false,clean,easy
e12c697e461c,Article 14,2023-09-23,2024-03-30,2023-02-28,2023-08-31,apps:21391/18,LOJODICE v. ITALY,21391/18,001-227762,4,HEDEC,Struck out of the list,6|6-1|39,2023,negative,published_in_window_not_added_to_guide,apps:21391/18,false,false,clean,easy
e19a063de5b3,Immigration,2023-09-23,2024-03-31,2023-02-28,2023-08-31,apps:32891/22,A.N. v. SWEDEN,32891/22,001-227779,4,HEDEC,Struck out of the list,3|37|37-1,2023,negative,published_in_window_not_added_to_guide,apps:32891/22,false,false,clean,easy
e19a063de5b3,Immigration,2023-09-23,2024-03-31,2023-02-28,2023-08-31,apps:44328/18,ALVES FERREIRA AND OTHERS v. PORTUGAL,44328/18|25234/21,001-227818,4,HEDEC,Struck out of the list,6|6-1|13|39,2023,negative,published_in_window_not_added_to_guide,apps:44328/18,false,false,clean,easy
e19a063de5b3,Immigration,2023-09-23,2024-03-31,2023-02-28,2023-08-31,apps:50568/11,ART GRUP-TRANS S.R.L. v. THE REPUBLIC OF MOLDOVA,50568/11,001-227869,4,HEDEC,Struck out of the list,6|6-1|37|37-1|P1-1,2023,negative,published_in_window_not_added_to_guide,apps:50568/11,false,false,clean,easy
e19a063de5b3,Immigration,2023-09-23,2024-03-31,2023-02-28,2023-08-31,apps:40990/18,ASHUROV AND OTHERS v. AZERBAIJAN,40990/18|58593/18|39249/19|7329/20|22149/20|4219/21|18328/22|32529/22,001-227862,4,HEDEC,Struck out of the list,6|5|37|37-1,2023,negative,published_in_window_not_added_to_guide,apps:40990/18,false,false,clean,easy
e19a063de5b3,Immigration,2023-09-23,2024-03-31,2023-02-28,2023-08-31,apps:19071/18,BABAYEV AND OTHERS v. AZERBAIJAN,19071/18|23274/18|55883/18|55897/18|7801/19|15748/19|20048/19|27365/19|27430/19|27632/19|28181/19|33330/19|35515/19|35553/19|36085/19|36285/19|36317/19|44224/20|4174/21|4488/21|27579/21,001-227858,4,HEDEC,Struck out of the list,6|37|37-1,2023,negative,published_in_window_not_added_to_guide,apps:19071/18,false,false,clean,easy
e19a063de5b3,Immigration,2023-09-23,2024-03-31,2023-02-28,2023-08-31,apps:57180/16,BALOGH AND OTHERS v. ROMANIA,57180/16|79130/16|2427/17,001-227814,4,HEDEC,Struck out of the list,3|37|37-1,2023,negative,published_in_window_not_added_to_guide,apps:57180/16,false,false,clean,easy
e19a063de5b3,Immigration,2023-09-23,2024-03-31,2023-02-28,2023-08-31,apps:23972/22,BRUNO AND OTHERS v. ITALY,23972/22,001-227772,4,HEDEC,Struck out of the list,P1-1|6|37|37-1,2023,negative,published_in_window_not_added_to_guide,apps:23972/22,false,false,clean,easy
e19a063de5b3,Immigration,2023-09-23,2024-03-31,2023-02-28,2023-08-31,apps:28227/18,BUSUIOC AND GROSU v. ROMANIA,28227/18|30685/18,001-227817,4,HEDEC,Inadmissible,3|35,2023,negative,published_in_window_not_added_to_guide,apps:28227/18,false,false,clean,easy
e19a063de5b3,Immigration,2023-09-23,2024-03-31,2023-02-28,2023-08-31,apps:37706/17,BAGIROVA AND OTHERS v. AZERBAIJAN,37706/17|47835/17|59194/17|73757/17|75028/17|753/18,001-226389,3,HEJUD,Remainder inadmissible (Art. 35) Admissibility criteria;(Art. 35-3-a) Ratione materiae;Violation of Article 1 of Protocol No. 1 - Protection of property (Article 1 para. 1 of Protocol No. 1 - Deprivation of property;Peaceful enjoyment of possessions);Just satisfaction reserved (Article 41 - Non-pecuniary damage;Pecuniary damage;Just satisfaction),35|35-3-a|P1-1|P1-1-1|41,2023,negative,published_in_window_not_added_to_guide,apps:37706/17,false,false,clean,easy
e19a063de5b3,Immigration,2023-09-23,2024-03-31,2023-02-28,2023-08-31,apps:2371/11,BORISOV v. UKRAINE,2371/11,001-226058,4,HEJUD,Pecuniary damage - award (Article 41 - Pecuniary damage;Just satisfaction),41,2023,negative,published_in_window_not_added_to_guide,apps:2371/11,false,false,clean,easy
e19a063de5b3,Immigration,2023-09-23,2024-03-31,2023-02-28,2023-08-31,apps:47196/21,C v. ITALY,47196/21,001-226488,3,HEJUD,Violation of Article 8 - Right to respect for private and family life (Article 8 - Positive obligations;Article 8-1 - Respect for private life);No violation of Article 8 - Right to respect for private and family life (Article 8-1 - Respect for family life;Respect for private life);Pecuniary damage - claim dismissed (Article 41 - Pecuniary damage;Just satisfaction);Non-pecuniary damage - award (Article 41 - Non-pecuniary damage;Just satisfaction),8|8-1|41,2023,negative,published_in_window_not_added_to_guide,apps:47196/21,false,false,clean,easy
e19a063de5b3,Immigration,2023-09-23,2024-03-31,2023-02-28,2023-08-31,apps:51424/08,GULIYEVA v. AZERBAIJAN,51424/08,001-226459,4,HEJUD,Pecuniary and non-pecuniary damage - award (Article 41 - Non-pecuniary damage;Pecuniary damage;Just satisfaction),41,2023,negative,published_in_window_not_added_to_guide,apps:51424/08,false,false,clean,easy
e19a063de5b3,Immigration,2023-09-23,2024-03-31,2023-02-28,2023-08-31,apps:56669/18,OKSUZOGLU v. UKRAINE,56669/18,001-226060,4,HEJUD,Violation of Article 8 - Right to respect for private and family life (Article 8-1 - Respect for family life),8|8-1,2023,negative,published_in_window_not_added_to_guide,apps:56669/18,false,false,clean,easy
e19a063de5b3,Immigration,2023-09-23,2024-03-31,2023-02-28,2023-08-31,apps:71304/16,SHALA v. ITALY,71304/16,001-226388,4,HEJUD,Violation of Article 6 - Right to a fair trial (Article 6 - Criminal proceedings;Article 6-1 - Fair hearing),6|6-1,2023,negative,published_in_window_not_added_to_guide,apps:71304/16,false,false,clean,easy
e19a063de5b3,Immigration,2023-09-23,2024-03-31,2023-02-28,2023-08-31,apps:57752/21,X v. SLOVAKIA,57752/21,001-226061,4,HEJUD,Violation of Article 8 - Right to respect for private and family life (Article 8-1 - Respect for family life),8|8-1,2023,negative,published_in_window_not_added_to_guide,apps:57752/21,false,false,clean,easy
e19a063de5b3,Immigration,2023-09-23,2024-03-31,2023-02-28,2023-08-31,apps:36257/21,CHICOŞ v. ROMANIA,36257/21,001-227836,4,HEDEC,Struck out of the list,8|37|37-1,2023,negative,published_in_window_not_added_to_guide,apps:36257/21,false,false,clean,easy
e19a063de5b3,Immigration,2023-09-23,2024-03-31,2023-02-28,2023-08-31,apps:49670/16,COZAC AND CRISTEA v. ROMANIA,49670/16|19611/19,001-227812,4,HEDEC,Struck out of the list,3|39,2023,negative,published_in_window_not_added_to_guide,apps:49670/16,false,false,clean,easy
e19a063de5b3,Immigration,2023-09-23,2024-03-31,2023-02-28,2023-08-31,apps:41253/19,DELİBAŞ AND İLHAN v. TÜRKİYE,41253/19|51638/19,001-227828,4,HEDEC,Struck out of the list,6|6-1|39,2023,negative,published_in_window_not_added_to_guide,apps:41253/19,false,false,clean,easy
e19a063de5b3,Immigration,2023-09-23,2024-03-31,2023-02-28,2023-08-31,apps:38609/15,DINU AND COROI v. ROMANIA,38609/15|71101/17,001-227810,4,HEDEC,Inadmissible,3|35,2023,negative,published_in_window_not_added_to_guide,apps:38609/15,false,false,clean,easy
e19a063de5b3,Immigration,2023-09-23,2024-03-31,2023-02-28,2023-08-31,apps:50622/21,FATORIĆ BERTOVIĆ v. CROATIA,50622/21,001-227824,4,HEDEC,Struck out of the list,6|6-1|37|37-1,2023,negative,published_in_window_not_added_to_guide,apps:50622/21,false,false,clean,easy
e19a063de5b3,Immigration,2023-09-23,2024-03-31,2023-02-28,2023-08-31,apps:19812/18,FERREIRA ESTEVAM v. PORTUGAL,19812/18,001-227834,4,HEDEC,Struck out of the list,5|5-4|39,2023,negative,published_in_window_not_added_to_guide,apps:19812/18,false,false,clean,easy
e19a063de5b3,Immigration,2023-09-23,2024-03-31,2023-02-28,2023-08-31,apps:30196/17,GENERAL CLINIC LYSIMACHOS GRIGOR. SARAFIANOS S.A. AND OTHERS v. GREECE,30196/17,001-227830,4,HEDEC,Struck out of the list,6|6-1|37|37-1,2023,negative,published_in_window_not_added_to_guide,apps:30196/17,false,false,clean,easy
e19a063de5b3,Immigration,2023-09-23,2024-03-31,2023-02-28,2023-08-31,apps:38066/16,GÎTLAN v. ROMANIA,38066/16,001-227832,4,HEDEC,Inadmissible,3|35,2023,negative,published_in_window_not_added_to_guide,apps:38066/16,false,false,clean,easy
e19a063de5b3,Immigration,2023-09-23,2024-03-31,2023-02-28,2023-08-31,apps:49720/16,GROSU AND OTHERS v. ROMANIA,49720/16|59247/16|61086/16|10541/17|11636/17|15323/17|15327/17|20862/17,001-227813,4,HEDEC,Inadmissible,3|35,2023,negative,published_in_window_not_added_to_guide,apps:49720/16,false,false,clean,easy
e19a063de5b3,Immigration,2023-09-23,2024-03-31,2023-02-28,2023-08-31,apps:10867/18,HETEȘ-PEȘTEAN v. ROMANIA,10867/18,001-227833,4,HEDEC,Struck out of the list,3|39,2023,negative,published_in_window_not_added_to_guide,apps:10867/18,false,false,clean,easy
e19a063de5b3,Immigration,2023-09-23,2024-03-31,2023-02-28,2023-08-31,apps:36983/22,JAKŠIĆ v. CROATIA,36983/22,001-227826,4,HEDEC,Struck out of the list,6|6-1|37|37-1,2023,negative,published_in_window_not_added_to_guide,apps:36983/22,false,false,clean,easy
e19a063de5b3,Immigration,2023-09-23,2024-03-31,2023-02-28,2023-08-31,apps:76865/17,KĻAVIŅŠ v. LATVIA,76865/17,001-227821,4,HEDEC,Struck out of the list,6|6-1|37|37-1,2023,negative,published_in_window_not_added_to_guide,apps:76865/17,false,false,clean,easy
e19a063de5b3,Immigration,2023-09-23,2024-03-31,2023-02-28,2023-08-31,apps:27901/07,LAZELLARI AND OTHERS v. ALBANIA,27901/07|47108/08|1490/10|5753/15,001-227831,4,HEDEC,Struck out of the list,6|13|P1-1|37|37-1,2023,negative,published_in_window_not_added_to_guide,apps:27901/07,false,false,clean,easy
e19a063de5b3,Immigration,2023-09-23,2024-03-31,2023-02-28,2023-08-31,apps:21391/18,LOJODICE v. ITALY,21391/18,001-227762,4,HEDEC,Struck out of the list,6|6-1|39,2023,negative,published_in_window_not_added_to_guide,apps:21391/18,false,false,clean,easy
e19a063de5b3,Immigration,2023-09-23,2024-03-31,2023-02-28,2023-08-31,apps:64330/16,MANAFU AND OTHERS v. ROMANIA,64330/16|79679/16|7344/17,001-227816,4,HEDEC,Inadmissible,3|35,2023,negative,published_in_window_not_added_to_guide,apps:64330/16,false,false,clean,easy
e751e8063f8b,Environment,2023-09-23,2024-04-09,2023-02-28,2023-08-31,apps:32891/22,A.N. v. SWEDEN,32891/22,001-227779,4,HEDEC,Struck out of the list,3|37|37-1,2023,negative,published_in_window_not_added_to_guide,apps:32891/22,false,false,clean,easy
e751e8063f8b,Environment,2023-09-23,2024-04-09,2023-02-28,2023-08-31,apps:44328/18,ALVES FERREIRA AND OTHERS v. PORTUGAL,44328/18|25234/21,001-227818,4,HEDEC,Struck out of the list,6|6-1|13|39,2023,negative,published_in_window_not_added_to_guide,apps:44328/18,false,false,clean,easy
e751e8063f8b,Environment,2023-09-23,2024-04-09,2023-02-28,2023-08-31,apps:50568/11,ART GRUP-TRANS S.R.L. v. THE REPUBLIC OF MOLDOVA,50568/11,001-227869,4,HEDEC,Struck out of the list,6|6-1|37|37-1|P1-1,2023,negative,published_in_window_not_added_to_guide,apps:50568/11,false,false,clean,easy
e751e8063f8b,Environment,2023-09-23,2024-04-09,2023-02-28,2023-08-31,apps:40990/18,ASHUROV AND OTHERS v. AZERBAIJAN,40990/18|58593/18|39249/19|7329/20|22149/20|4219/21|18328/22|32529/22,001-227862,4,HEDEC,Struck out of the list,6|5|37|37-1,2023,negative,published_in_window_not_added_to_guide,apps:40990/18,false,false,clean,easy
e751e8063f8b,Environment,2023-09-23,2024-04-09,2023-02-28,2023-08-31,apps:19071/18,BABAYEV AND OTHERS v. AZERBAIJAN,19071/18|23274/18|55883/18|55897/18|7801/19|15748/19|20048/19|27365/19|27430/19|27632/19|28181/19|33330/19|35515/19|35553/19|36085/19|36285/19|36317/19|44224/20|4174/21|4488/21|27579/21,001-227858,4,HEDEC,Struck out of the list,6|37|37-1,2023,negative,published_in_window_not_added_to_guide,apps:19071/18,false,false,clean,easy
e751e8063f8b,Environment,2023-09-23,2024-04-09,2023-02-28,2023-08-31,apps:57180/16,BALOGH AND OTHERS v. ROMANIA,57180/16|79130/16|2427/17,001-227814,4,HEDEC,Struck out of the list,3|37|37-1,2023,negative,published_in_window_not_added_to_guide,apps:57180/16,false,false,clean,easy
e751e8063f8b,Environment,2023-09-23,2024-04-09,2023-02-28,2023-08-31,apps:23972/22,BRUNO AND OTHERS v. ITALY,23972/22,001-227772,4,HEDEC,Struck out of the list,P1-1|6|37|37-1,2023,negative,published_in_window_not_added_to_guide,apps:23972/22,false,false,clean,easy
e751e8063f8b,Environment,2023-09-23,2024-04-09,2023-02-28,2023-08-31,apps:28227/18,BUSUIOC AND GROSU v. ROMANIA,28227/18|30685/18,001-227817,4,HEDEC,Inadmissible,3|35,2023,negative,published_in_window_not_added_to_guide,apps:28227/18,false,false,clean,easy
e751e8063f8b,Environment,2023-09-23,2024-04-09,2023-02-28,2023-08-31,apps:37706/17,BAGIROVA AND OTHERS v. AZERBAIJAN,37706/17|47835/17|59194/17|73757/17|75028/17|753/18,001-226389,3,HEJUD,Remainder inadmissible (Art. 35) Admissibility criteria;(Art. 35-3-a) Ratione materiae;Violation of Article 1 of Protocol No. 1 - Protection of property (Article 1 para. 1 of Protocol No. 1 - Deprivation of property;Peaceful enjoyment of possessions);Just satisfaction reserved (Article 41 - Non-pecuniary damage;Pecuniary damage;Just satisfaction),35|35-3-a|P1-1|P1-1-1|41,2023,negative,published_in_window_not_added_to_guide,apps:37706/17,false,false,clean,easy
e751e8063f8b,Environment,2023-09-23,2024-04-09,2023-02-28,2023-08-31,apps:2371/11,BORISOV v. UKRAINE,2371/11,001-226058,4,HEJUD,Pecuniary damage - award (Article 41 - Pecuniary damage;Just satisfaction),41,2023,negative,published_in_window_not_added_to_guide,apps:2371/11,false,false,clean,easy
e751e8063f8b,Environment,2023-09-23,2024-04-09,2023-02-28,2023-08-31,apps:47196/21,C v. ITALY,47196/21,001-226488,3,HEJUD,Violation of Article 8 - Right to respect for private and family life (Article 8 - Positive obligations;Article 8-1 - Respect for private life);No violation of Article 8 - Right to respect for private and family life (Article 8-1 - Respect for family life;Respect for private life);Pecuniary damage - claim dismissed (Article 41 - Pecuniary damage;Just satisfaction);Non-pecuniary damage - award (Article 41 - Non-pecuniary damage;Just satisfaction),8|8-1|41,2023,negative,published_in_window_not_added_to_guide,apps:47196/21,false,false,clean,easy
e751e8063f8b,Environment,2023-09-23,2024-04-09,2023-02-28,2023-08-31,apps:51424/08,GULIYEVA v. AZERBAIJAN,51424/08,001-226459,4,HEJUD,Pecuniary and non-pecuniary damage - award (Article 41 - Non-pecuniary damage;Pecuniary damage;Just satisfaction),41,2023,negative,published_in_window_not_added_to_guide,apps:51424/08,false,false,clean,easy
e751e8063f8b,Environment,2023-09-23,2024-04-09,2023-02-28,2023-08-31,apps:70583/17,M.A. v. ITALY,70583/17,001-226390,3,HEJUD,Remainder inadmissible (Art. 35) Admissibility criteria;(Art. 35-3-a) Manifestly ill-founded;Violation of Article 3 - Prohibition of torture (Article 3 - Inhuman treatment) (Substantive aspect);Non-pecuniary damage - award (Article 41 - Non-pecuniary damage;Just satisfaction),35|35-3-a|3|41,2023,negative,published_in_window_not_added_to_guide,apps:70583/17,false,false,clean,easy
e751e8063f8b,Environment,2023-09-23,2024-04-09,2023-02-28,2023-08-31,apps:56669/18,OKSUZOGLU v. UKRAINE,56669/18,001-226060,4,HEJUD,Violation of Article 8 - Right to respect for private and family life (Article 8-1 - Respect for family life),8|8-1,2023,negative,published_in_window_not_added_to_guide,apps:56669/18,false,false,clean,easy
e751e8063f8b,Environment,2023-09-23,2024-04-09,2023-02-28,2023-08-31,apps:71304/16,SHALA v. ITALY,71304/16,001-226388,4,HEJUD,Violation of Article 6 - Right to a fair trial (Article 6 - Criminal proceedings;Article 6-1 - Fair hearing),6|6-1,2023,negative,published_in_window_not_added_to_guide,apps:71304/16,false,false,clean,easy
e751e8063f8b,Environment,2023-09-23,2024-04-09,2023-02-28,2023-08-31,apps:57752/21,X v. SLOVAKIA,57752/21,001-226061,4,HEJUD,Violation of Article 8 - Right to respect for private and family life (Article 8-1 - Respect for family life),8|8-1,2023,negative,published_in_window_not_added_to_guide,apps:57752/21,false,false,clean,easy
e751e8063f8b,Environment,2023-09-23,2024-04-09,2023-02-28,2023-08-31,apps:36257/21,CHICOŞ v. ROMANIA,36257/21,001-227836,4,HEDEC,Struck out of the list,8|37|37-1,2023,negative,published_in_window_not_added_to_guide,apps:36257/21,false,false,clean,easy
e751e8063f8b,Environment,2023-09-23,2024-04-09,2023-02-28,2023-08-31,apps:49670/16,COZAC AND CRISTEA v. ROMANIA,49670/16|19611/19,001-227812,4,HEDEC,Struck out of the list,3|39,2023,negative,published_in_window_not_added_to_guide,apps:49670/16,false,false,clean,easy
e751e8063f8b,Environment,2023-09-23,2024-04-09,2023-02-28,2023-08-31,apps:41253/19,DELİBAŞ AND İLHAN v. TÜRKİYE,41253/19|51638/19,001-227828,4,HEDEC,Struck out of the list,6|6-1|39,2023,negative,published_in_window_not_added_to_guide,apps:41253/19,false,false,clean,easy
e751e8063f8b,Environment,2023-09-23,2024-04-09,2023-02-28,2023-08-31,apps:38609/15,DINU AND COROI v. ROMANIA,38609/15|71101/17,001-227810,4,HEDEC,Inadmissible,3|35,2023,negative,published_in_window_not_added_to_guide,apps:38609/15,false,false,clean,easy
e751e8063f8b,Environment,2023-09-23,2024-04-09,2023-02-28,2023-08-31,apps:50622/21,FATORIĆ BERTOVIĆ v. CROATIA,50622/21,001-227824,4,HEDEC,Struck out of the list,6|6-1|37|37-1,2023,negative,published_in_window_not_added_to_guide,apps:50622/21,false,false,clean,easy
e751e8063f8b,Environment,2023-09-23,2024-04-09,2023-02-28,2023-08-31,apps:19812/18,FERREIRA ESTEVAM v. PORTUGAL,19812/18,001-227834,4,HEDEC,Struck out of the list,5|5-4|39,2023,negative,published_in_window_not_added_to_guide,apps:19812/18,false,false,clean,easy
e751e8063f8b,Environment,2023-09-23,2024-04-09,2023-02-28,2023-08-31,apps:30196/17,GENERAL CLINIC LYSIMACHOS GRIGOR. SARAFIANOS S.A. AND OTHERS v. GREECE,30196/17,001-227830,4,HEDEC,Struck out of the list,6|6-1|37|37-1,2023,negative,published_in_window_not_added_to_guide,apps:30196/17,false,false,clean,easy
e751e8063f8b,Environment,2023-09-23,2024-04-09,2023-02-28,2023-08-31,apps:38066/16,GÎTLAN v. ROMANIA,38066/16,001-227832,4,HEDEC,Inadmissible,3|35,2023,negative,published_in_window_not_added_to_guide,apps:38066/16,false,false,clean,easy
e751e8063f8b,Environment,2023-09-23,2024-04-09,2023-02-28,2023-08-31,apps:49720/16,GROSU AND OTHERS v. ROMANIA,49720/16|59247/16|61086/16|10541/17|11636/17|15323/17|15327/17|20862/17,001-227813,4,HEDEC,Inadmissible,3|35,2023,negative,published_in_window_not_added_to_guide,apps:49720/16,false,false,clean,easy
e751e8063f8b,Environment,2023-09-23,2024-04-09,2023-02-28,2023-08-31,apps:10867/18,HETEȘ-PEȘTEAN v. ROMANIA,10867/18,001-227833,4,HEDEC,Struck out of the list,3|39,2023,negative,published_in_window_not_added_to_guide,apps:10867/18,false,false,clean,easy
e751e8063f8b,Environment,2023-09-23,2024-04-09,2023-02-28,2023-08-31,apps:36983/22,JAKŠIĆ v. CROATIA,36983/22,001-227826,4,HEDEC,Struck out of the list,6|6-1|37|37-1,2023,negative,published_in_window_not_added_to_guide,apps:36983/22,false,false,clean,easy
e751e8063f8b,Environment,2023-09-23,2024-04-09,2023-02-28,2023-08-31,apps:76865/17,KĻAVIŅŠ v. LATVIA,76865/17,001-227821,4,HEDEC,Struck out of the list,6|6-1|37|37-1,2023,negative,published_in_window_not_added_to_guide,apps:76865/17,false,false,clean,easy
e751e8063f8b,Environment,2023-09-23,2024-04-09,2023-02-28,2023-08-31,apps:27901/07,LAZELLARI AND OTHERS v. ALBANIA,27901/07|47108/08|1490/10|5753/15,001-227831,4,HEDEC,Struck out of the list,6|13|P1-1|37|37-1,2023,negative,published_in_window_not_added_to_guide,apps:27901/07,false,false,clean,easy
e751e8063f8b,Environment,2023-09-23,2024-04-09,2023-02-28,2023-08-31,apps:21391/18,LOJODICE v. ITALY,21391/18,001-227762,4,HEDEC,Struck out of the list,6|6-1|39,2023,negative,published_in_window_not_added_to_guide,apps:21391/18,false,false,clean,easy
ed0ed05ac958,Article 46,2023-09-11,2024-02-16,2023-02-28,2023-08-31,apps:32891/22,A.N. v. SWEDEN,32891/22,001-227779,4,HEDEC,Struck out of the list,3|37|37-1,2023,negative,published_in_window_not_added_to_guide,apps:32891/22,false,false,clean,easy
ed0ed05ac958,Article 46,2023-09-11,2024-02-16,2023-02-28,2023-08-31,apps:44328/18,ALVES FERREIRA AND OTHERS v. PORTUGAL,44328/18|25234/21,001-227818,4,HEDEC,Struck out of the list,6|6-1|13|39,2023,negative,published_in_window_not_added_to_guide,apps:44328/18,false,false,clean,easy
ed0ed05ac958,Article 46,2023-09-11,2024-02-16,2023-02-28,2023-08-31,apps:50568/11,ART GRUP-TRANS S.R.L. v. THE REPUBLIC OF MOLDOVA,50568/11,001-227869,4,HEDEC,Struck out of the list,6|6-1|37|37-1|P1-1,2023,negative,published_in_window_not_added_to_guide,apps:50568/11,false,false,clean,easy
ed0ed05ac958,Article 46,2023-09-11,2024-02-16,2023-02-28,2023-08-31,apps:40990/18,ASHUROV AND OTHERS v. AZERBAIJAN,40990/18|58593/18|39249/19|7329/20|22149/20|4219/21|18328/22|32529/22,001-227862,4,HEDEC,Struck out of the list,6|5|37|37-1,2023,negative,published_in_window_not_added_to_guide,apps:40990/18,false,false,clean,easy
ed0ed05ac958,Article 46,2023-09-11,2024-02-16,2023-02-28,2023-08-31,apps:19071/18,BABAYEV AND OTHERS v. AZERBAIJAN,19071/18|23274/18|55883/18|55897/18|7801/19|15748/19|20048/19|27365/19|27430/19|27632/19|28181/19|33330/19|35515/19|35553/19|36085/19|36285/19|36317/19|44224/20|4174/21|4488/21|27579/21,001-227858,4,HEDEC,Struck out of the list,6|37|37-1,2023,negative,published_in_window_not_added_to_guide,apps:19071/18,false,false,clean,easy
ed0ed05ac958,Article 46,2023-09-11,2024-02-16,2023-02-28,2023-08-31,apps:57180/16,BALOGH AND OTHERS v. ROMANIA,57180/16|79130/16|2427/17,001-227814,4,HEDEC,Struck out of the list,3|37|37-1,2023,negative,published_in_window_not_added_to_guide,apps:57180/16,false,false,clean,easy
ed0ed05ac958,Article 46,2023-09-11,2024-02-16,2023-02-28,2023-08-31,apps:23972/22,BRUNO AND OTHERS v. ITALY,23972/22,001-227772,4,HEDEC,Struck out of the list,P1-1|6|37|37-1,2023,negative,published_in_window_not_added_to_guide,apps:23972/22,false,false,clean,easy
ed0ed05ac958,Article 46,2023-09-11,2024-02-16,2023-02-28,2023-08-31,apps:28227/18,BUSUIOC AND GROSU v. ROMANIA,28227/18|30685/18,001-227817,4,HEDEC,Inadmissible,3|35,2023,negative,published_in_window_not_added_to_guide,apps:28227/18,false,false,clean,easy
ed0ed05ac958,Article 46,2023-09-11,2024-02-16,2023-02-28,2023-08-31,apps:37706/17,BAGIROVA AND OTHERS v. AZERBAIJAN,37706/17|47835/17|59194/17|73757/17|75028/17|753/18,001-226389,3,HEJUD,Remainder inadmissible (Art. 35) Admissibility criteria;(Art. 35-3-a) Ratione materiae;Violation of Article 1 of Protocol No. 1 - Protection of property (Article 1 para. 1 of Protocol No. 1 - Deprivation of property;Peaceful enjoyment of possessions);Just satisfaction reserved (Article 41 - Non-pecuniary damage;Pecuniary damage;Just satisfaction),35|35-3-a|P1-1|P1-1-1|41,2023,negative,published_in_window_not_added_to_guide,apps:37706/17,false,false,clean,easy
ed0ed05ac958,Article 46,2023-09-11,2024-02-16,2023-02-28,2023-08-31,apps:2371/11,BORISOV v. UKRAINE,2371/11,001-226058,4,HEJUD,Pecuniary damage - award (Article 41 - Pecuniary damage;Just satisfaction),41,2023,negative,published_in_window_not_added_to_guide,apps:2371/11,false,false,clean,easy
ed0ed05ac958,Article 46,2023-09-11,2024-02-16,2023-02-28,2023-08-31,apps:47196/21,C v. ITALY,47196/21,001-226488,3,HEJUD,Violation of Article 8 - Right to respect for private and family life (Article 8 - Positive obligations;Article 8-1 - Respect for private life);No violation of Article 8 - Right to respect for private and family life (Article 8-1 - Respect for family life;Respect for private life);Pecuniary damage - claim dismissed (Article 41 - Pecuniary damage;Just satisfaction);Non-pecuniary damage - award (Article 41 - Non-pecuniary damage;Just satisfaction),8|8-1|41,2023,negative,published_in_window_not_added_to_guide,apps:47196/21,false,false,clean,easy
ed0ed05ac958,Article 46,2023-09-11,2024-02-16,2023-02-28,2023-08-31,apps:51424/08,GULIYEVA v. AZERBAIJAN,51424/08,001-226459,4,HEJUD,Pecuniary and non-pecuniary damage - award (Article 41 - Non-pecuniary damage;Pecuniary damage;Just satisfaction),41,2023,negative,published_in_window_not_added_to_guide,apps:51424/08,false,false,clean,easy
ed0ed05ac958,Article 46,2023-09-11,2024-02-16,2023-02-28,2023-08-31,apps:70583/17,M.A. v. ITALY,70583/17,001-226390,3,HEJUD,Remainder inadmissible (Art. 35) Admissibility criteria;(Art. 35-3-a) Manifestly ill-founded;Violation of Article 3 - Prohibition of torture (Article 3 - Inhuman treatment) (Substantive aspect);Non-pecuniary damage - award (Article 41 - Non-pecuniary damage;Just satisfaction),35|35-3-a|3|41,2023,negative,published_in_window_not_added_to_guide,apps:70583/17,false,false,clean,easy
ed0ed05ac958,Article 46,2023-09-11,2024-02-16,2023-02-28,2023-08-31,apps:56669/18,OKSUZOGLU v. UKRAINE,56669/18,001-226060,4,HEJUD,Violation of Article 8 - Right to respect for private and family life (Article 8-1 - Respect for family life),8|8-1,2023,negative,published_in_window_not_added_to_guide,apps:56669/18,false,false,clean,easy
ed0ed05ac958,Article 46,2023-09-11,2024-02-16,2023-02-28,2023-08-31,apps:71304/16,SHALA v. ITALY,71304/16,001-226388,4,HEJUD,Violation of Article 6 - Right to a fair trial (Article 6 - Criminal proceedings;Article 6-1 - Fair hearing),6|6-1,2023,negative,published_in_window_not_added_to_guide,apps:71304/16,false,false,clean,easy
ed0ed05ac958,Article 46,2023-09-11,2024-02-16,2023-02-28,2023-08-31,apps:57752/21,X v. SLOVAKIA,57752/21,001-226061,4,HEJUD,Violation of Article 8 - Right to respect for private and family life (Article 8-1 - Respect for family life),8|8-1,2023,negative,published_in_window_not_added_to_guide,apps:57752/21,false,false,clean,easy
ed0ed05ac958,Article 46,2023-09-11,2024-02-16,2023-02-28,2023-08-31,apps:36257/21,CHICOŞ v. ROMANIA,36257/21,001-227836,4,HEDEC,Struck out of the list,8|37|37-1,2023,negative,published_in_window_not_added_to_guide,apps:36257/21,false,false,clean,easy
ed0ed05ac958,Article 46,2023-09-11,2024-02-16,2023-02-28,2023-08-31,apps:49670/16,COZAC AND CRISTEA v. ROMANIA,49670/16|19611/19,001-227812,4,HEDEC,Struck out of the list,3|39,2023,negative,published_in_window_not_added_to_guide,apps:49670/16,false,false,clean,easy
ed0ed05ac958,Article 46,2023-09-11,2024-02-16,2023-02-28,2023-08-31,apps:41253/19,DELİBAŞ AND İLHAN v. TÜRKİYE,41253/19|51638/19,001-227828,4,HEDEC,Struck out of the list,6|6-1|39,2023,negative,published_in_window_not_added_to_guide,apps:41253/19,false,false,clean,easy
ed0ed05ac958,Article 46,2023-09-11,2024-02-16,2023-02-28,2023-08-31,apps:38609/15,DINU AND COROI v. ROMANIA,38609/15|71101/17,001-227810,4,HEDEC,Inadmissible,3|35,2023,negative,published_in_window_not_added_to_guide,apps:38609/15,false,false,clean,easy
ed0ed05ac958,Article 46,2023-09-11,2024-02-16,2023-02-28,2023-08-31,apps:50622/21,FATORIĆ BERTOVIĆ v. CROATIA,50622/21,001-227824,4,HEDEC,Struck out of the list,6|6-1|37|37-1,2023,negative,published_in_window_not_added_to_guide,apps:50622/21,false,false,clean,easy
ed0ed05ac958,Article 46,2023-09-11,2024-02-16,2023-02-28,2023-08-31,apps:19812/18,FERREIRA ESTEVAM v. PORTUGAL,19812/18,001-227834,4,HEDEC,Struck out of the list,5|5-4|39,2023,negative,published_in_window_not_added_to_guide,apps:19812/18,false,false,clean,easy
ed0ed05ac958,Article 46,2023-09-11,2024-02-16,2023-02-28,2023-08-31,apps:30196/17,GENERAL CLINIC LYSIMACHOS GRIGOR. SARAFIANOS S.A. AND OTHERS v. GREECE,30196/17,001-227830,4,HEDEC,Struck out of the list,6|6-1|37|37-1,2023,negative,published_in_window_not_added_to_guide,apps:30196/17,false,false,clean,easy
ed0ed05ac958,Article 46,2023-09-11,2024-02-16,2023-02-28,2023-08-31,apps:38066/16,GÎTLAN v. ROMANIA,38066/16,001-227832,4,HEDEC,Inadmissible,3|35,2023,negative,published_in_window_not_added_to_guide,apps:38066/16,false,false,clean,easy
ed0ed05ac958,Article 46,2023-09-11,2024-02-16,2023-02-28,2023-08-31,apps:49720/16,GROSU AND OTHERS v. ROMANIA,49720/16|59247/16|61086/16|10541/17|11636/17|15323/17|15327/17|20862/17,001-227813,4,HEDEC,Inadmissible,3|35,2023,negative,published_in_window_not_added_to_guide,apps:49720/16,false,false,clean,easy
ed0ed05ac958,Article 46,2023-09-11,2024-02-16,2023-02-28,2023-08-31,apps:10867/18,HETEȘ-PEȘTEAN v. ROMANIA,10867/18,001-227833,4,HEDEC,Struck out of the list,3|39,2023,negative,published_in_window_not_added_to_guide,apps:10867/18,false,false,clean,easy
ed0ed05ac958,Article 46,2023-09-11,2024-02-16,2023-02-28,2023-08-31,apps:36983/22,JAKŠIĆ v. CROATIA,36983/22,001-227826,4,HEDEC,Struck out of the list,6|6-1|37|37-1,2023,negative,published_in_window_not_added_to_guide,apps:36983/22,false,false,clean,easy
ed0ed05ac958,Article 46,2023-09-11,2024-02-16,2023-02-28,2023-08-31,apps:76865/17,KĻAVIŅŠ v. LATVIA,76865/17,001-227821,4,HEDEC,Struck out of the list,6|6-1|37|37-1,2023,negative,published_in_window_not_added_to_guide,apps:76865/17,false,false,clean,easy
ed0ed05ac958,Article 46,2023-09-11,2024-02-16,2023-02-28,2023-08-31,apps:27901/07,LAZELLARI AND OTHERS v. ALBANIA,27901/07|47108/08|1490/10|5753/15,001-227831,4,HEDEC,Struck out of the list,6|13|P1-1|37|37-1,2023,negative,published_in_window_not_added_to_guide,apps:27901/07,false,false,clean,easy
ed0ed05ac958,Article 46,2023-09-11,2024-02-16,2023-02-28,2023-08-31,apps:21391/18,LOJODICE v. ITALY,21391/18,001-227762,4,HEDEC,Struck out of the list,6|6-1|39,2023,negative,published_in_window_not_added_to_guide,apps:21391/18,false,false,clean,easy
f1175c0d1e5c,Article 1 Protocol 7,2023-09-23,2023-12-06,2023-02-28,2023-08-31,apps:32891/22,A.N. v. SWEDEN,32891/22,001-227779,4,HEDEC,Struck out of the list,3|37|37-1,2023,negative,published_in_window_not_added_to_guide,apps:32891/22,false,false,clean,easy
f1175c0d1e5c,Article 1 Protocol 7,2023-09-23,2023-12-06,2023-02-28,2023-08-31,apps:44328/18,ALVES FERREIRA AND OTHERS v. PORTUGAL,44328/18|25234/21,001-227818,4,HEDEC,Struck out of the list,6|6-1|13|39,2023,negative,published_in_window_not_added_to_guide,apps:44328/18,false,false,clean,easy
f1175c0d1e5c,Article 1 Protocol 7,2023-09-23,2023-12-06,2023-02-28,2023-08-31,apps:50568/11,ART GRUP-TRANS S.R.L. v. THE REPUBLIC OF MOLDOVA,50568/11,001-227869,4,HEDEC,Struck out of the list,6|6-1|37|37-1|P1-1,2023,negative,published_in_window_not_added_to_guide,apps:50568/11,false,false,clean,easy
f1175c0d1e5c,Article 1 Protocol 7,2023-09-23,2023-12-06,2023-02-28,2023-08-31,apps:40990/18,ASHUROV AND OTHERS v. AZERBAIJAN,40990/18|58593/18|39249/19|7329/20|22149/20|4219/21|18328/22|32529/22,001-227862,4,HEDEC,Struck out of the list,6|5|37|37-1,2023,negative,published_in_window_not_added_to_guide,apps:40990/18,false,false,clean,easy
f1175c0d1e5c,Article 1 Protocol 7,2023-09-23,2023-12-06,2023-02-28,2023-08-31,apps:19071/18,BABAYEV AND OTHERS v. AZERBAIJAN,19071/18|23274/18|55883/18|55897/18|7801/19|15748/19|20048/19|27365/19|27430/19|27632/19|28181/19|33330/19|35515/19|35553/19|36085/19|36285/19|36317/19|44224/20|4174/21|4488/21|27579/21,001-227858,4,HEDEC,Struck out of the list,6|37|37-1,2023,negative,published_in_window_not_added_to_guide,apps:19071/18,false,false,clean,easy
f1175c0d1e5c,Article 1 Protocol 7,2023-09-23,2023-12-06,2023-02-28,2023-08-31,apps:57180/16,BALOGH AND OTHERS v. ROMANIA,57180/16|79130/16|2427/17,001-227814,4,HEDEC,Struck out of the list,3|37|37-1,2023,negative,published_in_window_not_added_to_guide,apps:57180/16,false,false,clean,easy
f1175c0d1e5c,Article 1 Protocol 7,2023-09-23,2023-12-06,2023-02-28,2023-08-31,apps:23972/22,BRUNO AND OTHERS v. ITALY,23972/22,001-227772,4,HEDEC,Struck out of the list,P1-1|6|37|37-1,2023,negative,published_in_window_not_added_to_guide,apps:23972/22,false,false,clean,easy
f1175c0d1e5c,Article 1 Protocol 7,2023-09-23,2023-12-06,2023-02-28,2023-08-31,apps:28227/18,BUSUIOC AND GROSU v. ROMANIA,28227/18|30685/18,001-227817,4,HEDEC,Inadmissible,3|35,2023,negative,published_in_window_not_added_to_guide,apps:28227/18,false,false,clean,easy
f1175c0d1e5c,Article 1 Protocol 7,2023-09-23,2023-12-06,2023-02-28,2023-08-31,apps:37706/17,BAGIROVA AND OTHERS v. AZERBAIJAN,37706/17|47835/17|59194/17|73757/17|75028/17|753/18,001-226389,3,HEJUD,Remainder inadmissible (Art. 35) Admissibility criteria;(Art. 35-3-a) Ratione materiae;Violation of Article 1 of Protocol No. 1 - Protection of property (Article 1 para. 1 of Protocol No. 1 - Deprivation of property;Peaceful enjoyment of possessions);Just satisfaction reserved (Article 41 - Non-pecuniary damage;Pecuniary damage;Just satisfaction),35|35-3-a|P1-1|P1-1-1|41,2023,negative,published_in_window_not_added_to_guide,apps:37706/17,false,false,clean,easy
f1175c0d1e5c,Article 1 Protocol 7,2023-09-23,2023-12-06,2023-02-28,2023-08-31,apps:2371/11,BORISOV v. UKRAINE,2371/11,001-226058,4,HEJUD,Pecuniary damage - award (Article 41 - Pecuniary damage;Just satisfaction),41,2023,negative,published_in_window_not_added_to_guide,apps:2371/11,false,false,clean,easy
f1175c0d1e5c,Article 1 Protocol 7,2023-09-23,2023-12-06,2023-02-28,2023-08-31,apps:47196/21,C v. ITALY,47196/21,001-226488,3,HEJUD,Violation of Article 8 - Right to respect for private and family life (Article 8 - Positive obligations;Article 8-1 - Respect for private life);No violation of Article 8 - Right to respect for private and family life (Article 8-1 - Respect for family life;Respect for private life);Pecuniary damage - claim dismissed (Article 41 - Pecuniary damage;Just satisfaction);Non-pecuniary damage - award (Article 41 - Non-pecuniary damage;Just satisfaction),8|8-1|41,2023,negative,published_in_window_not_added_to_guide,apps:47196/21,false,false,clean,easy
f1175c0d1e5c,Article 1 Protocol 7,2023-09-23,2023-12-06,2023-02-28,2023-08-31,apps:51424/08,GULIYEVA v. AZERBAIJAN,51424/08,001-226459,4,HEJUD,Pecuniary and non-pecuniary damage - award (Article 41 - Non-pecuniary damage;Pecuniary damage;Just satisfaction),41,2023,negative,published_in_window_not_added_to_guide,apps:51424/08,false,false,clean,easy
f1175c0d1e5c,Article 1 Protocol 7,2023-09-23,2023-12-06,2023-02-28,2023-08-31,apps:70583/17,M.A. v. ITALY,70583/17,001-226390,3,HEJUD,Remainder inadmissible (Art. 35) Admissibility criteria;(Art. 35-3-a) Manifestly ill-founded;Violation of Article 3 - Prohibition of torture (Article 3 - Inhuman treatment) (Substantive aspect);Non-pecuniary damage - award (Article 41 - Non-pecuniary damage;Just satisfaction),35|35-3-a|3|41,2023,negative,published_in_window_not_added_to_guide,apps:70583/17,false,false,clean,easy
f1175c0d1e5c,Article 1 Protocol 7,2023-09-23,2023-12-06,2023-02-28,2023-08-31,apps:56669/18,OKSUZOGLU v. UKRAINE,56669/18,001-226060,4,HEJUD,Violation of Article 8 - Right to respect for private and family life (Article 8-1 - Respect for family life),8|8-1,2023,negative,published_in_window_not_added_to_guide,apps:56669/18,false,false,clean,easy
f1175c0d1e5c,Article 1 Protocol 7,2023-09-23,2023-12-06,2023-02-28,2023-08-31,apps:71304/16,SHALA v. ITALY,71304/16,001-226388,4,HEJUD,Violation of Article 6 - Right to a fair trial (Article 6 - Criminal proceedings;Article 6-1 - Fair hearing),6|6-1,2023,negative,published_in_window_not_added_to_guide,apps:71304/16,false,false,clean,easy
f1175c0d1e5c,Article 1 Protocol 7,2023-09-23,2023-12-06,2023-02-28,2023-08-31,apps:57752/21,X v. SLOVAKIA,57752/21,001-226061,4,HEJUD,Violation of Article 8 - Right to respect for private and family life (Article 8-1 - Respect for family life),8|8-1,2023,negative,published_in_window_not_added_to_guide,apps:57752/21,false,false,clean,easy
f1175c0d1e5c,Article 1 Protocol 7,2023-09-23,2023-12-06,2023-02-28,2023-08-31,apps:36257/21,CHICOŞ v. ROMANIA,36257/21,001-227836,4,HEDEC,Struck out of the list,8|37|37-1,2023,negative,published_in_window_not_added_to_guide,apps:36257/21,false,false,clean,easy
f1175c0d1e5c,Article 1 Protocol 7,2023-09-23,2023-12-06,2023-02-28,2023-08-31,apps:49670/16,COZAC AND CRISTEA v. ROMANIA,49670/16|19611/19,001-227812,4,HEDEC,Struck out of the list,3|39,2023,negative,published_in_window_not_added_to_guide,apps:49670/16,false,false,clean,easy
f1175c0d1e5c,Article 1 Protocol 7,2023-09-23,2023-12-06,2023-02-28,2023-08-31,apps:41253/19,DELİBAŞ AND İLHAN v. TÜRKİYE,41253/19|51638/19,001-227828,4,HEDEC,Struck out of the list,6|6-1|39,2023,negative,published_in_window_not_added_to_guide,apps:41253/19,false,false,clean,easy
f1175c0d1e5c,Article 1 Protocol 7,2023-09-23,2023-12-06,2023-02-28,2023-08-31,apps:38609/15,DINU AND COROI v. ROMANIA,38609/15|71101/17,001-227810,4,HEDEC,Inadmissible,3|35,2023,negative,published_in_window_not_added_to_guide,apps:38609/15,false,false,clean,easy
f1175c0d1e5c,Article 1 Protocol 7,2023-09-23,2023-12-06,2023-02-28,2023-08-31,apps:50622/21,FATORIĆ BERTOVIĆ v. CROATIA,50622/21,001-227824,4,HEDEC,Struck out of the list,6|6-1|37|37-1,2023,negative,published_in_window_not_added_to_guide,apps:50622/21,false,false,clean,easy
f1175c0d1e5c,Article 1 Protocol 7,2023-09-23,2023-12-06,2023-02-28,2023-08-31,apps:19812/18,FERREIRA ESTEVAM v. PORTUGAL,19812/18,001-227834,4,HEDEC,Struck out of the list,5|5-4|39,2023,negative,published_in_window_not_added_to_guide,apps:19812/18,false,false,clean,easy
f1175c0d1e5c,Article 1 Protocol 7,2023-09-23,2023-12-06,2023-02-28,2023-08-31,apps:30196/17,GENERAL CLINIC LYSIMACHOS GRIGOR. SARAFIANOS S.A. AND OTHERS v. GREECE,30196/17,001-227830,4,HEDEC,Struck out of the list,6|6-1|37|37-1,2023,negative,published_in_window_not_added_to_guide,apps:30196/17,false,false,clean,easy
f1175c0d1e5c,Article 1 Protocol 7,2023-09-23,2023-12-06,2023-02-28,2023-08-31,apps:38066/16,GÎTLAN v. ROMANIA,38066/16,001-227832,4,HEDEC,Inadmissible,3|35,2023,negative,published_in_window_not_added_to_guide,apps:38066/16,false,false,clean,easy
f1175c0d1e5c,Article 1 Protocol 7,2023-09-23,2023-12-06,2023-02-28,2023-08-31,apps:49720/16,GROSU AND OTHERS v. ROMANIA,49720/16|59247/16|61086/16|10541/17|11636/17|15323/17|15327/17|20862/17,001-227813,4,HEDEC,Inadmissible,3|35,2023,negative,published_in_window_not_added_to_guide,apps:49720/16,false,false,clean,easy
f1175c0d1e5c,Article 1 Protocol 7,2023-09-23,2023-12-06,2023-02-28,2023-08-31,apps:10867/18,HETEȘ-PEȘTEAN v. ROMANIA,10867/18,001-227833,4,HEDEC,Struck out of the list,3|39,2023,negative,published_in_window_not_added_to_guide,apps:10867/18,false,false,clean,easy
f1175c0d1e5c,Article 1 Protocol 7,2023-09-23,2023-12-06,2023-02-28,2023-08-31,apps:36983/22,JAKŠIĆ v. CROATIA,36983/22,001-227826,4,HEDEC,Struck out of the list,6|6-1|37|37-1,2023,negative,published_in_window_not_added_to_guide,apps:36983/22,false,false,clean,easy
f1175c0d1e5c,Article 1 Protocol 7,2023-09-23,2023-12-06,2023-02-28,2023-08-31,apps:76865/17,KĻAVIŅŠ v. LATVIA,76865/17,001-227821,4,HEDEC,Struck out of the list,6|6-1|37|37-1,2023,negative,published_in_window_not_added_to_guide,apps:76865/17,false,false,clean,easy
f1175c0d1e5c,Article 1 Protocol 7,2023-09-23,2023-12-06,2023-02-28,2023-08-31,apps:27901/07,LAZELLARI AND OTHERS v. ALBANIA,27901/07|47108/08|1490/10|5753/15,001-227831,4,HEDEC,Struck out of the list,6|13|P1-1|37|37-1,2023,negative,published_in_window_not_added_to_guide,apps:27901/07,false,false,clean,easy
f1175c0d1e5c,Article 1 Protocol 7,2023-09-23,2023-12-06,2023-02-28,2023-08-31,apps:21391/18,LOJODICE v. ITALY,21391/18,001-227762,4,HEDEC,Struck out of the list,6|6-1|39,2023,negative,published_in_window_not_added_to_guide,apps:21391/18,false,false,clean,easy
0bd62693ae9f,Article 3 Protocol 1,2023-09-23,2024-08-07,2023-02-28,2024-02-29,apps:45205/22,ATAMANOVA AND OTHERS v. RUSSIA,45205/22|54946/22|54948/22|55947/22|56895/22|56896/22|57263/22|57336/22|57720/22|57727/22|849/23|1062/23|1522/23|1830/23|1837/23|2030/23|2076/23|2362/23|3659/23|3822/23|3832/23|4681/23|4915/23|4981/23|6735/23,001-231115,4,HEJUD,Violation of Article 11 - Freedom of assembly and association (Article 11-1 - Freedom of peaceful assembly);Violation of Article 5 - Right to liberty and security (Article 5-1 - Lawful arrest or detention);Violation of Article 6 - Right to a fair trial (Article 6 - Criminal proceedings;Article 6-1 - Impartial tribunal),11|11-1|5|5-1|6|6-1,2024,negative,published_in_window_not_added_to_guide,apps:45205/22,false,false,clean,easy
0bd62693ae9f,Article 3 Protocol 1,2023-09-23,2024-08-07,2023-02-28,2024-02-29,apps:7827/23,BARKÓCZI AND OTHERS v. HUNGARY,7827/23|11448/23|14147/23|15915/23|19252/23|22512/23|24646/23|25257/23,001-231116,4,HEJUD,Violation of Article 6 - Right to a fair trial (Article 6 - Civil proceedings;Article 6-1 - Reasonable time);Violation of Article 13+6-1 - Right to an effective remedy (Article 13 - Effective remedy) (Article 6 - Right to a fair trial;Civil proceedings;Article 6-1 - Reasonable time),6|6-1|13|13+6-1,2024,negative,published_in_window_not_added_to_guide,apps:7827/23,false,false,clean,easy
0bd62693ae9f,Article 3 Protocol 1,2023-09-23,2024-08-07,2023-02-28,2024-02-29,apps:13072/23,BONUM TEAM KFT AND CSURAI v. HUNGARY,13072/23|13122/23,001-231118,4,HEJUD,Violation of Article 6 - Right to a fair trial (Article 6 - Civil proceedings;Article 6-1 - Reasonable time),6|6-1,2024,negative,published_in_window_not_added_to_guide,apps:13072/23,false,false,clean,easy
0bd62693ae9f,Article 3 Protocol 1,2023-09-23,2024-08-07,2023-02-28,2024-02-29,apps:20256/20,DOLENC v. SLOVENIA,20256/20,001-231100,3,HEJUD,Pecuniary damage - award (Article 41 - Pecuniary damage;Just satisfaction),41,2024,negative,published_in_window_not_added_to_guide,apps:20256/20,false,false,clean,easy
0bd62693ae9f,Article 3 Protocol 1,2023-09-23,2024-08-07,2023-02-28,2024-02-29,apps:45987/21,ELIBASHVILI v. GEORGIA,45987/21,001-231109,4,HEJUD,Violation of Article 2 - Right to life (Article 2-1 - Effective investigation) (Procedural aspect),2|2-1,2024,negative,published_in_window_not_added_to_guide,apps:45987/21,false,false,clean,easy
0bd62693ae9f,Article 3 Protocol 1,2023-09-23,2024-08-07,2023-02-28,2024-02-29,apps:9166/14,"GRATION TREYD, TOV v. UKRAINE",9166/14,001-231089,4,HEJUD,Violation of Article 1 of Protocol No. 1 - Protection of property (Article 1 para. 1 of Protocol No. 1 - Peaceful enjoyment of possessions),P1-1|P1-1-1,2024,negative,published_in_window_not_added_to_guide,apps:9166/14,false,false,clean,easy
0bd62693ae9f,Article 3 Protocol 1,2023-09-23,2024-08-07,2023-02-28,2024-02-29,apps:25870/21,GRYAZEV AND OTHERS v. RUSSIA,25870/21|25879/21|25925/21|25926/21|25927/21|25931/21|26045/21|26704/21|26787/21|27834/21|28173/21|28180/21|35656/21|35657/21|35660/21|35664/21|35938/21|35944/21|35947/21|36271/21|37784/21|37790/21|37792/21|37794/21|42351/21|44149/21|44372/21|47450/21|49590/21,001-231106,4,HEJUD,Violation of Article 11 - Freedom of assembly and association (Article 11-1 - Freedom of peaceful assembly);Violation of Article 5 - Right to liberty and security (Article 5-1 - Lawful arrest or detention);Violation of Article 6 - Right to a fair trial (Article 6 - Criminal proceedings;Article 6-1 - Impartial tribunal);Violation of Article 4 of Protocol No. 7 - Right not to be tried or punished twice - {general} (Article 4 of Protocol No. 7 - Right not to be tried or punished twice),11|11-1|5|5-1|6|6-1|P7-4,2024,negative,published_in_window_not_added_to_guide,apps:25870/21,false,false,clean,easy
0bd62693ae9f,Article 3 Protocol 1,2023-09-23,2024-08-07,2023-02-28,2024-02-29,apps:54470/21,IVANOV AND OTHERS v. RUSSIA,54470/21|56564/21|59469/21|59525/21|59535/21|59538/21|977/22|3020/22|8022/22|12279/22|13705/22|34656/22|36475/22|36545/22|51268/22,001-231112,4,HEJUD,Violation of Article 11 - Freedom of assembly and association (Article 11-1 - Freedom of peaceful assembly);Violation of Article 5 - Right to liberty and security (Article 5-1 - Lawful arrest or detention);Violation of Article 6 - Right to a fair trial (Article 6 - Criminal proceedings;Article 6-1 - Impartial tribunal),11|11-1|5|5-1|6|6-1,2024,negative,published_in_window_not_added_to_guide,apps:54470/21,false,false,clean,easy
0bd62693ae9f,Article 3 Protocol 1,2023-09-23,2024-08-07,2023-02-28,2024-02-29,apps:16974/14,KACZMAREK v. POLAND,16974/14,001-231432,3,HEJUD,Violation of Article 8 - Right to respect for private and family life (Article 8-1 - Respect for correspondence;Respect for private life);Violation of Article 8 - Right to respect for private and family life (Article 8-1 - Respect for private life);Non-pecuniary damage - award (Article 41 - Non-pecuniary damage;Just satisfaction),8|8-1|8-2|41,2024,negative,published_in_window_not_added_to_guide,apps:16974/14,false,false,clean,easy
0bd62693ae9f,Article 3 Protocol 1,2023-09-23,2024-08-07,2023-02-28,2024-02-29,apps:35012/19,LUKASHCHUK AND OTHERS v. RUSSIA,35012/19|52734/19|47285/20|50738/20|52777/20|9041/21|13046/21|15402/21|20331/21|20425/21|26035/21|26067/21|26784/21|38254/21|44148/21,001-231099,4,HEJUD,Violation of Article 5 - Right to liberty and security (Article 5-3 - Length of pre-trial detention);Violation of Article 5 - Right to liberty and security (Article 5-4 - Procedural guarantees of review);Violation of Article 5 - Right to liberty and security (Article 5-4 - Speediness of review);Violation of Article 8 - Right to respect for private and family life (Article 8-1 - Respect for family life);Violation of Article 13+8-1 - Right to an effective remedy (Article 13 - Effective remedy) (Article 8 - Right to respect for private and family life;Article 8-1 - Respect for family life);Violation of Article 14+8-1 - Prohibition of discrimination (Article 14 - Discrimination) (Article 8 - Right to respect for private and family life;Article 8-1 - Respect for family life);Violation of Article 3 - Prohibition of torture (Article 3 - Degrading treatment) (Substantive aspect);Violation of Article 3 - Prohibition of torture (Article 3 - Degrading treatment) (Substantive aspect);Violation of Article 13+3 - Right to an effective remedy (Article 13 - Effective remedy) (Article 3 - Prohibition of torture;Degrading treatment);Violation of Article 3 - Prohibition of torture (Article 3 - Degrading treatment),5|5-3|5-4|8|8-1|13|13+8-1|14|14+8-1|3|13+3,2024,negative,published_in_window_not_added_to_guide,apps:35012/19,false,false,clean,easy
0bd62693ae9f,Article 3 Protocol 1,2023-09-23,2024-08-07,2023-02-28,2024-02-29,apps:10940/17,M.H. AND S.B. v. HUNGARY,10940/17|15977/17,001-231093,3,HEJUD,Violation of Article 5 - Right to liberty and security (Article 5-1 - Lawful arrest or detention);Non-pecuniary damage - award (Article 41 - Non-pecuniary damage;Just satisfaction),5|5-1|41|5-1-f|5-1-b,2024,negative,published_in_window_not_added_to_guide,apps:10940/17|15977/17,false,false,clean,easy
0bd62693ae9f,Article 3 Protocol 1,2023-09-23,2024-08-07,2023-02-28,2024-02-29,apps:47048/21,MAKSIMOVA AND OTHERS v. RUSSIA,47048/21|48482/21|48590/21|48912/21|49892/21|51356/21|51788/21|51793/21|51935/21|52385/21|52480/21|52482/21|53233/21|53500/21|53788/21|53942/21|54069/21|54169/21|54261/21|54267/21|55306/21,001-231110,4,HEJUD,Violation of Article 11 - Freedom of assembly and association (Article 11-1 - Freedom of peaceful assembly);Violation of Article 5 - Right to liberty and security (Article 5-1 - Lawful arrest or detention);Violation of Article 6 - Right to a fair trial (Article 6 - Criminal proceedings;Article 6-1 - Impartial tribunal),11|11-1|5|5-1|6|6-1,2024,negative,published_in_window_not_added_to_guide,apps:47048/21,false,false,clean,easy
0bd62693ae9f,Article 3 Protocol 1,2023-09-23,2024-08-07,2023-02-28,2024-02-29,apps:31516/22,MARQUES ÂNGELO v. PORTUGAL,31516/22,001-231114,4,HEJUD,Violation of Article 3 - Prohibition of torture (Article 3 - Degrading treatment) (Substantive aspect);Violation of Article 13+3 - Right to an effective remedy (Article 13 - Effective remedy) (Article 3 - Prohibition of torture;Degrading treatment),3|13|13+3,2024,negative,published_in_window_not_added_to_guide,apps:31516/22,false,false,clean,easy
0bd62693ae9f,Article 3 Protocol 1,2023-09-23,2024-08-07,2023-02-28,2024-02-29,apps:46570/18,NURUSHEV AND OTHERS v. RUSSIA,46570/18|36922/21|40459/21|40494/21|40939/21|41407/21|42744/21|43251/21|43835/21|44181/21|45002/21|46947/21|48161/21|50257/21|50278/21|50293/21|51896/21|51994/21|51995/21|52824/21|53232/21|53293/21|53485/21|53491/21|61701/21,001-231097,4,HEJUD,Violation of Article 11 - Freedom of assembly and association (Article 11-1 - Freedom of peaceful assembly);Violation of Article 5 - Right to liberty and security (Article 5-1 - Lawful arrest or detention);Violation of Article 6 - Right to a fair trial (Article 6 - Criminal proceedings;Article 6-1 - Impartial tribunal);Violation of Article 10 - Freedom of expression - {general} (Article 10-1 - Freedom of expression);Violation of Article 2 of Protocol No. 7 - Right of appeal in criminal matters (Article 2 of Protocol No. 7 - Review of conviction),11|11-1|5|5-1|6|6-1|10|10-1|P7-2,2024,negative,published_in_window_not_added_to_guide,apps:46570/18,false,false,clean,easy
0bd62693ae9f,Article 3 Protocol 1,2023-09-23,2024-08-07,2023-02-28,2024-02-29,apps:26096/16,PĂILĂ AND OTHERS v. ROMANIA,26096/16|26903/16|27242/16|46144/16|51607/16|66489/16|66507/16|67070/16|71424/16|18113/17,001-231092,4,HEJUD,Struck out of the list (Article 37-1 - Striking out applications),37|37-1,2024,negative,published_in_window_not_added_to_guide,apps:26096/16,false,false,clean,easy
0bd62693ae9f,Article 3 Protocol 1,2023-09-23,2024-08-07,2023-02-28,2024-02-29,apps:53209/17,RADOSHEVICH AND OTHERS v. RUSSIA,53209/17|58512/18|13179/21|17191/21|19460/21|20633/21|22029/21|22043/21|25553/21|25614/21|30157/21|32318/21|32586/21|33069/21|35106/21|42144/21|50229/21|51508/21|56837/21|57991/21|61186/21|61737/21|3997/22,001-231096,4,HEJUD,Violation of Article 5 - Right to liberty and security (Article 5-3 - Length of pre-trial detention);Violation of Article 5 - Right to liberty and security (Article 5-4 - Speediness of review);Violation of Article 5 - Right to liberty and security (Article 5-5 - Compensation);Violation of Article 3 - Prohibition of torture (Article 3 - Degrading treatment) (Substantive aspect);Violation of Article 3 - Prohibition of torture (Article 3 - Degrading treatment) (Substantive aspect),5|5-3|5-4|5-5|3,2024,negative,published_in_window_not_added_to_guide,apps:53209/17,false,false,clean,easy
0bd62693ae9f,Article 3 Protocol 1,2023-09-23,2024-08-07,2023-02-28,2024-02-29,apps:9429/23,SARIMOVA AND OTHERS v. RUSSIA,9429/23|17782/23|27128/23|27149/23|27193/23|27418/23|27425/23|27454/23|27471/23|27746/23|27818/23|28052/23|28623/23|28633/23|28820/23|29724/23|30208/23,001-231117,4,HEJUD,Violation of Article 11 - Freedom of assembly and association (Article 11-1 - Freedom of peaceful assembly);Violation of Article 5 - Right to liberty and security (Article 5-1 - Lawful arrest or detention),11|11-1|5|5-1,2024,negative,published_in_window_not_added_to_guide,apps:9429/23,false,false,clean,easy
0bd62693ae9f,Article 3 Protocol 1,2023-09-23,2024-08-07,2023-02-28,2024-02-29,apps:41877/21,SIMON v. UKRAINE,41877/21,001-231107,4,HEJUD,Violation of Article 3 - Prohibition of torture (Article 3 - Degrading treatment) (Substantive aspect);Violation of Article 13+3 - Right to an effective remedy (Article 13 - Effective remedy) (Article 3 - Prohibition of torture;Degrading treatment),3|13|13+3,2024,negative,published_in_window_not_added_to_guide,apps:41877/21,false,false,clean,easy
0bd62693ae9f,Article 3 Protocol 1,2023-09-23,2024-08-07,2023-02-28,2024-02-29,apps:57580/21,SOLOVYEV AND OTHERS v. RUSSIA,57580/21|57641/21|57718/21|58643/21|58669/21|58976/21|59679/21|8032/22|12051/22|12085/22|12300/22|14486/22|19953/22|33271/22|34013/22|36218/22|36242/22|39693/22|44416/22,001-231113,4,HEJUD,Violation of Article 11 - Freedom of assembly and association (Article 11-1 - Freedom of peaceful assembly);Violation of Article 5 - Right to liberty and security (Article 5-1 - Lawful arrest or detention);Violation of Article 6 - Right to a fair trial (Article 6 - Criminal proceedings;Article 6-1 - Impartial tribunal);Violation of Article 2 of Protocol No. 7 - Right of appeal in criminal matters (Article 2 of Protocol No. 7 - Review of conviction),11|11-1|5|5-1|6|6-1|P7-2,2024,negative,published_in_window_not_added_to_guide,apps:57580/21,false,false,clean,easy
0bd62693ae9f,Article 3 Protocol 1,2023-09-23,2024-08-07,2023-02-28,2024-02-29,apps:31018/09,VICKTORIA SH.P.K. v. ALBANIA,31018/09,001-231087,4,HEJUD,Violation of Article 6 - Right to a fair trial (Article 6 - Civil proceedings;Article 6-1 - Reasonable time),6|6-1,2024,negative,published_in_window_not_added_to_guide,apps:31018/09,false,false,clean,easy
0bd62693ae9f,Article 3 Protocol 1,2023-09-23,2024-08-07,2023-02-28,2024-02-29,apps:62444/10,VLAHOVIĆ v. MONTENEGRO,62444/10,001-231088,4,HEJUD,Violation of Article 6 - Right to a fair trial (Article 6 - Enforcement proceedings;Article 6-1 - Access to court);Violation of Article 1 of Protocol No. 1 - Protection of property (Article 1 para. 1 of Protocol No. 1 - Peaceful enjoyment of possessions),6|6-1|P1-1|P1-1-1,2024,negative,published_in_window_not_added_to_guide,apps:62444/10,false,false,clean,easy
0bd62693ae9f,Article 3 Protocol 1,2023-09-23,2024-08-07,2023-02-28,2024-02-29,apps:48029/21,YERMOLAYEVA AND OTHERS v. RUSSIA,48029/21|56658/21|56852/21|56853/21|56856/21|56864/21|56879/21|56900/21|57040/21|57043/21|24857/22|24899/22|24916/22|24999/22|25015/22|25023/22|25179/22,001-231111,4,HEJUD,Violation of Article 11 - Freedom of assembly and association (Article 11-1 - Freedom of peaceful assembly);Violation of Article 5 - Right to liberty and security (Article 5-1 - Lawful arrest or detention);Violation of Article 6 - Right to a fair trial (Article 6 - Criminal proceedings;Article 6-1 - Impartial tribunal);Violation of Article 2 of Protocol No. 7 - Right of appeal in criminal matters (Article 2 of Protocol No. 7 - Review of conviction);Violation of Article 4 of Protocol No. 7 - Right not to be tried or punished twice - {general} (Article 4 of Protocol No. 7 - Right not to be tried or punished twice),11|11-1|5|5-1|6|6-1|P7-2|P7-4,2024,negative,published_in_window_not_added_to_guide,apps:48029/21,false,false,clean,easy
0bd62693ae9f,Article 3 Protocol 1,2023-09-23,2024-08-07,2023-02-28,2024-02-29,apps:18371/17,ZHOLONKO AND OTHERS v. UKRAINE,18371/17|1533/18|16154/18|19938/18,001-231094,4,HEJUD,Violation of Article 6 - Right to a fair trial (Article 6 - Civil proceedings;Article 6-1 - Reasonable time);Violation of Article 13+6-1 - Right to an effective remedy (Article 13 - Effective remedy) (Article 6 - Right to a fair trial;Civil proceedings;Article 6-1 - Reasonable time),6|6-1|13|13+6-1,2024,negative,published_in_window_not_added_to_guide,apps:18371/17,false,false,clean,easy
0bd62693ae9f,Article 3 Protocol 1,2023-09-23,2024-08-07,2023-02-28,2024-02-29,apps:47784/18,ZINCHENKO AND OTHERS v. RUSSIA,47784/18|10432/21|13424/21|21468/21|23408/21|26290/21|39209/21|43268/21|45077/21|45349/21|46352/21|46493/21|47071/21|47148/21|49242/21|49500/21|49632/21|56424/21|56623/21|57204/21|57907/21|45469/22,001-231098,4,HEJUD,Violation of Article 11 - Freedom of assembly and association (Article 11-1 - Freedom of peaceful assembly);Violation of Article 5 - Right to liberty and security (Article 5-1 - Lawful arrest or detention);Violation of Article 6 - Right to a fair trial (Article 6 - Criminal proceedings;Article 6-1 - Impartial tribunal);Violation of Article 8 - Right to respect for private and family life (Article 8-1 - Respect for private life);Violation of Article 10 - Freedom of expression - {general} (Article 10-1 - Freedom of expression);Violation of Article 10 - Freedom of expression - {general} (Article 10-1 - Freedom of expression);Violation of Article 10 - Freedom of expression - {general} (Article 10-1 - Freedom of expression);Violation of Article 10 - Freedom of expression - {general} (Article 10-1 - Freedom of expression);Violation of Article 10 - Freedom of expression - {general} (Article 10-1 - Freedom of expression);Violation of Article 2 of Protocol No. 7 - Right of appeal in criminal matters (Article 2 of Protocol No. 7 - Review of conviction);Violation of Article 4 of Protocol No. 7 - Right not to be tried or punished twice - {general} (Article 4 of Protocol No. 7 - Right not to be tried or punished twice),11|11-1|5|5-1|6|6-1|8|8-1|10|10-1|P7-2|P7-4,2024,negative,published_in_window_not_added_to_guide,apps:47784/18,false,false,clean,easy
0bd62693ae9f,Article 3 Protocol 1,2023-09-23,2024-08-07,2023-02-28,2024-02-29,apps:19657/18,M.J. v. AZERBAIJAN,19657/18,001-231880,4,HEDEC,Inadmissible,3|5|5-1-f|13|35,2024,negative,published_in_window_not_added_to_guide,apps:19657/18,false,false,clean,easy
0bd62693ae9f,Article 3 Protocol 1,2023-09-23,2024-08-07,2023-02-28,2024-02-29,apps:56716/16,TALIBOVA v. AZERBAIJAN,56716/16,001-231868,4,HEDEC,Inadmissible,8|8-1|8-2|13|35,2024,negative,published_in_window_not_added_to_guide,apps:56716/16,false,false,clean,easy
0bd62693ae9f,Article 3 Protocol 1,2023-09-23,2024-08-07,2023-02-28,2024-02-29,apps:62157/13,BECALI AND CIOFLINĂ v. ROMANIA,62157/13,001-231358,4,HEJUD,Violation of Article 6 - Right to a fair trial (Article 6 - Criminal proceedings;Article 6-1 - Reasonable time),6|6-1,2024,negative,published_in_window_not_added_to_guide,apps:62157/13,false,false,clean,easy
0bd62693ae9f,Article 3 Protocol 1,2023-09-23,2024-08-07,2023-02-28,2024-02-29,apps:16915/21,DANILEŢ v. ROMANIA,16915/21,001-231394,3,HEJUD,Remainder inadmissible (Art. 35) Admissibility criteria;(Art. 35-3-a) Ratione materiae;Violation of Article 10 - Freedom of expression - {general} (Article 10-1 - Freedom of expression),35|35-3-a|10|10-1|10-2,2024,negative,published_in_window_not_added_to_guide,apps:16915/21,false,false,clean,easy
0bd62693ae9f,Article 3 Protocol 1,2023-09-23,2024-08-07,2023-02-28,2024-02-29,apps:48340/20,DEDE v. TÜRKİYE,48340/20,001-231332,3,HEJUD,Violation of Article 10 - Freedom of expression - {general} (Article 10 - Positive obligations;Article 10-1 - Freedom of expression);Pecuniary damage - claim dismissed (Article 41 - Pecuniary damage;Just satisfaction);Non-pecuniary damage - award (Article 41 - Non-pecuniary damage;Just satisfaction),10|10-1|10-2|41,2024,negative,published_in_window_not_added_to_guide,apps:48340/20,false,false,clean,easy
0bd62693ae9f,Article 3 Protocol 1,2023-09-23,2024-08-07,2023-02-28,2024-02-29,apps:53162/21,DIACONEASA v. ROMANIA,53162/21,001-231085,3,HEJUD,Violation of Article 8 - Right to respect for private and family life (Article 8-1 - Respect for private life);Pecuniary damage - claim dismissed (Article 41 - Pecuniary damage;Just satisfaction);Non-pecuniary damage - award (Article 41 - Non-pecuniary damage;Just satisfaction),8|8-1|8-2|41,2024,negative,published_in_window_not_added_to_guide,apps:53162/21,false,false,clean,easy
1900da194ee4,Article 10,2023-09-12,2024-09-30,2023-02-28,2024-02-29,apps:45205/22,ATAMANOVA AND OTHERS v. RUSSIA,45205/22|54946/22|54948/22|55947/22|56895/22|56896/22|57263/22|57336/22|57720/22|57727/22|849/23|1062/23|1522/23|1830/23|1837/23|2030/23|2076/23|2362/23|3659/23|3822/23|3832/23|4681/23|4915/23|4981/23|6735/23,001-231115,4,HEJUD,Violation of Article 11 - Freedom of assembly and association (Article 11-1 - Freedom of peaceful assembly);Violation of Article 5 - Right to liberty and security (Article 5-1 - Lawful arrest or detention);Violation of Article 6 - Right to a fair trial (Article 6 - Criminal proceedings;Article 6-1 - Impartial tribunal),11|11-1|5|5-1|6|6-1,2024,negative,published_in_window_not_added_to_guide,apps:45205/22,false,false,clean,easy
1900da194ee4,Article 10,2023-09-12,2024-09-30,2023-02-28,2024-02-29,apps:7827/23,BARKÓCZI AND OTHERS v. HUNGARY,7827/23|11448/23|14147/23|15915/23|19252/23|22512/23|24646/23|25257/23,001-231116,4,HEJUD,Violation of Article 6 - Right to a fair trial (Article 6 - Civil proceedings;Article 6-1 - Reasonable time);Violation of Article 13+6-1 - Right to an effective remedy (Article 13 - Effective remedy) (Article 6 - Right to a fair trial;Civil proceedings;Article 6-1 - Reasonable time),6|6-1|13|13+6-1,2024,negative,published_in_window_not_added_to_guide,apps:7827/23,false,false,clean,easy
1900da194ee4,Article 10,2023-09-12,2024-09-30,2023-02-28,2024-02-29,apps:13072/23,BONUM TEAM KFT AND CSURAI v. HUNGARY,13072/23|13122/23,001-231118,4,HEJUD,Violation of Article 6 - Right to a fair trial (Article 6 - Civil proceedings;Article 6-1 - Reasonable time),6|6-1,2024,negative,published_in_window_not_added_to_guide,apps:13072/23,false,false,clean,easy
1900da194ee4,Article 10,2023-09-12,2024-09-30,2023-02-28,2024-02-29,apps:20256/20,DOLENC v. SLOVENIA,20256/20,001-231100,3,HEJUD,Pecuniary damage - award (Article 41 - Pecuniary damage;Just satisfaction),41,2024,negative,published_in_window_not_added_to_guide,apps:20256/20,false,false,clean,easy
1900da194ee4,Article 10,2023-09-12,2024-09-30,2023-02-28,2024-02-29,apps:45987/21,ELIBASHVILI v. GEORGIA,45987/21,001-231109,4,HEJUD,Violation of Article 2 - Right to life (Article 2-1 - Effective investigation) (Procedural aspect),2|2-1,2024,negative,published_in_window_not_added_to_guide,apps:45987/21,false,false,clean,easy
1900da194ee4,Article 10,2023-09-12,2024-09-30,2023-02-28,2024-02-29,apps:9166/14,"GRATION TREYD, TOV v. UKRAINE",9166/14,001-231089,4,HEJUD,Violation of Article 1 of Protocol No. 1 - Protection of property (Article 1 para. 1 of Protocol No. 1 - Peaceful enjoyment of possessions),P1-1|P1-1-1,2024,negative,published_in_window_not_added_to_guide,apps:9166/14,false,false,clean,easy
1900da194ee4,Article 10,2023-09-12,2024-09-30,2023-02-28,2024-02-29,apps:25870/21,GRYAZEV AND OTHERS v. RUSSIA,25870/21|25879/21|25925/21|25926/21|25927/21|25931/21|26045/21|26704/21|26787/21|27834/21|28173/21|28180/21|35656/21|35657/21|35660/21|35664/21|35938/21|35944/21|35947/21|36271/21|37784/21|37790/21|37792/21|37794/21|42351/21|44149/21|44372/21|47450/21|49590/21,001-231106,4,HEJUD,Violation of Article 11 - Freedom of assembly and association (Article 11-1 - Freedom of peaceful assembly);Violation of Article 5 - Right to liberty and security (Article 5-1 - Lawful arrest or detention);Violation of Article 6 - Right to a fair trial (Article 6 - Criminal proceedings;Article 6-1 - Impartial tribunal);Violation of Article 4 of Protocol No. 7 - Right not to be tried or punished twice - {general} (Article 4 of Protocol No. 7 - Right not to be tried or punished twice),11|11-1|5|5-1|6|6-1|P7-4,2024,negative,published_in_window_not_added_to_guide,apps:25870/21,false,false,clean,easy
1900da194ee4,Article 10,2023-09-12,2024-09-30,2023-02-28,2024-02-29,apps:54470/21,IVANOV AND OTHERS v. RUSSIA,54470/21|56564/21|59469/21|59525/21|59535/21|59538/21|977/22|3020/22|8022/22|12279/22|13705/22|34656/22|36475/22|36545/22|51268/22,001-231112,4,HEJUD,Violation of Article 11 - Freedom of assembly and association (Article 11-1 - Freedom of peaceful assembly);Violation of Article 5 - Right to liberty and security (Article 5-1 - Lawful arrest or detention);Violation of Article 6 - Right to a fair trial (Article 6 - Criminal proceedings;Article 6-1 - Impartial tribunal),11|11-1|5|5-1|6|6-1,2024,negative,published_in_window_not_added_to_guide,apps:54470/21,false,false,clean,easy
1900da194ee4,Article 10,2023-09-12,2024-09-30,2023-02-28,2024-02-29,apps:16974/14,KACZMAREK v. POLAND,16974/14,001-231432,3,HEJUD,Violation of Article 8 - Right to respect for private and family life (Article 8-1 - Respect for correspondence;Respect for private life);Violation of Article 8 - Right to respect for private and family life (Article 8-1 - Respect for private life);Non-pecuniary damage - award (Article 41 - Non-pecuniary damage;Just satisfaction),8|8-1|8-2|41,2024,negative,published_in_window_not_added_to_guide,apps:16974/14,false,false,clean,easy
1900da194ee4,Article 10,2023-09-12,2024-09-30,2023-02-28,2024-02-29,apps:35012/19,LUKASHCHUK AND OTHERS v. RUSSIA,35012/19|52734/19|47285/20|50738/20|52777/20|9041/21|13046/21|15402/21|20331/21|20425/21|26035/21|26067/21|26784/21|38254/21|44148/21,001-231099,4,HEJUD,Violation of Article 5 - Right to liberty and security (Article 5-3 - Length of pre-trial detention);Violation of Article 5 - Right to liberty and security (Article 5-4 - Procedural guarantees of review);Violation of Article 5 - Right to liberty and security (Article 5-4 - Speediness of review);Violation of Article 8 - Right to respect for private and family life (Article 8-1 - Respect for family life);Violation of Article 13+8-1 - Right to an effective remedy (Article 13 - Effective remedy) (Article 8 - Right to respect for private and family life;Article 8-1 - Respect for family life);Violation of Article 14+8-1 - Prohibition of discrimination (Article 14 - Discrimination) (Article 8 - Right to respect for private and family life;Article 8-1 - Respect for family life);Violation of Article 3 - Prohibition of torture (Article 3 - Degrading treatment) (Substantive aspect);Violation of Article 3 - Prohibition of torture (Article 3 - Degrading treatment) (Substantive aspect);Violation of Article 13+3 - Right to an effective remedy (Article 13 - Effective remedy) (Article 3 - Prohibition of torture;Degrading treatment);Violation of Article 3 - Prohibition of torture (Article 3 - Degrading treatment),5|5-3|5-4|8|8-1|13|13+8-1|14|14+8-1|3|13+3,2024,negative,published_in_window_not_added_to_guide,apps:35012/19,false,false,clean,easy
1900da194ee4,Article 10,2023-09-12,2024-09-30,2023-02-28,2024-02-29,apps:10940/17,M.H. AND S.B. v. HUNGARY,10940/17|15977/17,001-231093,3,HEJUD,Violation of Article 5 - Right to liberty and security (Article 5-1 - Lawful arrest or detention);Non-pecuniary damage - award (Article 41 - Non-pecuniary damage;Just satisfaction),5|5-1|41|5-1-f|5-1-b,2024,negative,published_in_window_not_added_to_guide,apps:10940/17|15977/17,false,false,clean,easy
1900da194ee4,Article 10,2023-09-12,2024-09-30,2023-02-28,2024-02-29,apps:47048/21,MAKSIMOVA AND OTHERS v. RUSSIA,47048/21|48482/21|48590/21|48912/21|49892/21|51356/21|51788/21|51793/21|51935/21|52385/21|52480/21|52482/21|53233/21|53500/21|53788/21|53942/21|54069/21|54169/21|54261/21|54267/21|55306/21,001-231110,4,HEJUD,Violation of Article 11 - Freedom of assembly and association (Article 11-1 - Freedom of peaceful assembly);Violation of Article 5 - Right to liberty and security (Article 5-1 - Lawful arrest or detention);Violation of Article 6 - Right to a fair trial (Article 6 - Criminal proceedings;Article 6-1 - Impartial tribunal),11|11-1|5|5-1|6|6-1,2024,negative,published_in_window_not_added_to_guide,apps:47048/21,false,false,clean,easy
1900da194ee4,Article 10,2023-09-12,2024-09-30,2023-02-28,2024-02-29,apps:31516/22,MARQUES ÂNGELO v. PORTUGAL,31516/22,001-231114,4,HEJUD,Violation of Article 3 - Prohibition of torture (Article 3 - Degrading treatment) (Substantive aspect);Violation of Article 13+3 - Right to an effective remedy (Article 13 - Effective remedy) (Article 3 - Prohibition of torture;Degrading treatment),3|13|13+3,2024,negative,published_in_window_not_added_to_guide,apps:31516/22,false,false,clean,easy
1900da194ee4,Article 10,2023-09-12,2024-09-30,2023-02-28,2024-02-29,apps:46570/18,NURUSHEV AND OTHERS v. RUSSIA,46570/18|36922/21|40459/21|40494/21|40939/21|41407/21|42744/21|43251/21|43835/21|44181/21|45002/21|46947/21|48161/21|50257/21|50278/21|50293/21|51896/21|51994/21|51995/21|52824/21|53232/21|53293/21|53485/21|53491/21|61701/21,001-231097,4,HEJUD,Violation of Article 11 - Freedom of assembly and association (Article 11-1 - Freedom of peaceful assembly);Violation of Article 5 - Right to liberty and security (Article 5-1 - Lawful arrest or detention);Violation of Article 6 - Right to a fair trial (Article 6 - Criminal proceedings;Article 6-1 - Impartial tribunal);Violation of Article 10 - Freedom of expression - {general} (Article 10-1 - Freedom of expression);Violation of Article 2 of Protocol No. 7 - Right of appeal in criminal matters (Article 2 of Protocol No. 7 - Review of conviction),11|11-1|5|5-1|6|6-1|10|10-1|P7-2,2024,negative,published_in_window_not_added_to_guide,apps:46570/18,false,false,clean,easy
1900da194ee4,Article 10,2023-09-12,2024-09-30,2023-02-28,2024-02-29,apps:26096/16,PĂILĂ AND OTHERS v. ROMANIA,26096/16|26903/16|27242/16|46144/16|51607/16|66489/16|66507/16|67070/16|71424/16|18113/17,001-231092,4,HEJUD,Struck out of the list (Article 37-1 - Striking out applications),37|37-1,2024,negative,published_in_window_not_added_to_guide,apps:26096/16,false,false,clean,easy
1900da194ee4,Article 10,2023-09-12,2024-09-30,2023-02-28,2024-02-29,apps:53209/17,RADOSHEVICH AND OTHERS v. RUSSIA,53209/17|58512/18|13179/21|17191/21|19460/21|20633/21|22029/21|22043/21|25553/21|25614/21|30157/21|32318/21|32586/21|33069/21|35106/21|42144/21|50229/21|51508/21|56837/21|57991/21|61186/21|61737/21|3997/22,001-231096,4,HEJUD,Violation of Article 5 - Right to liberty and security (Article 5-3 - Length of pre-trial detention);Violation of Article 5 - Right to liberty and security (Article 5-4 - Speediness of review);Violation of Article 5 - Right to liberty and security (Article 5-5 - Compensation);Violation of Article 3 - Prohibition of torture (Article 3 - Degrading treatment) (Substantive aspect);Violation of Article 3 - Prohibition of torture (Article 3 - Degrading treatment) (Substantive aspect),5|5-3|5-4|5-5|3,2024,negative,published_in_window_not_added_to_guide,apps:53209/17,false,false,clean,easy
1900da194ee4,Article 10,2023-09-12,2024-09-30,2023-02-28,2024-02-29,apps:9429/23,SARIMOVA AND OTHERS v. RUSSIA,9429/23|17782/23|27128/23|27149/23|27193/23|27418/23|27425/23|27454/23|27471/23|27746/23|27818/23|28052/23|28623/23|28633/23|28820/23|29724/23|30208/23,001-231117,4,HEJUD,Violation of Article 11 - Freedom of assembly and association (Article 11-1 - Freedom of peaceful assembly);Violation of Article 5 - Right to liberty and security (Article 5-1 - Lawful arrest or detention),11|11-1|5|5-1,2024,negative,published_in_window_not_added_to_guide,apps:9429/23,false,false,clean,easy
1900da194ee4,Article 10,2023-09-12,2024-09-30,2023-02-28,2024-02-29,apps:41877/21,SIMON v. UKRAINE,41877/21,001-231107,4,HEJUD,Violation of Article 3 - Prohibition of torture (Article 3 - Degrading treatment) (Substantive aspect);Violation of Article 13+3 - Right to an effective remedy (Article 13 - Effective remedy) (Article 3 - Prohibition of torture;Degrading treatment),3|13|13+3,2024,negative,published_in_window_not_added_to_guide,apps:41877/21,false,false,clean,easy
1900da194ee4,Article 10,2023-09-12,2024-09-30,2023-02-28,2024-02-29,apps:57580/21,SOLOVYEV AND OTHERS v. RUSSIA,57580/21|57641/21|57718/21|58643/21|58669/21|58976/21|59679/21|8032/22|12051/22|12085/22|12300/22|14486/22|19953/22|33271/22|34013/22|36218/22|36242/22|39693/22|44416/22,001-231113,4,HEJUD,Violation of Article 11 - Freedom of assembly and association (Article 11-1 - Freedom of peaceful assembly);Violation of Article 5 - Right to liberty and security (Article 5-1 - Lawful arrest or detention);Violation of Article 6 - Right to a fair trial (Article 6 - Criminal proceedings;Article 6-1 - Impartial tribunal);Violation of Article 2 of Protocol No. 7 - Right of appeal in criminal matters (Article 2 of Protocol No. 7 - Review of conviction),11|11-1|5|5-1|6|6-1|P7-2,2024,negative,published_in_window_not_added_to_guide,apps:57580/21,false,false,clean,easy
1900da194ee4,Article 10,2023-09-12,2024-09-30,2023-02-28,2024-02-29,apps:31018/09,VICKTORIA SH.P.K. v. ALBANIA,31018/09,001-231087,4,HEJUD,Violation of Article 6 - Right to a fair trial (Article 6 - Civil proceedings;Article 6-1 - Reasonable time),6|6-1,2024,negative,published_in_window_not_added_to_guide,apps:31018/09,false,false,clean,easy
1900da194ee4,Article 10,2023-09-12,2024-09-30,2023-02-28,2024-02-29,apps:62444/10,VLAHOVIĆ v. MONTENEGRO,62444/10,001-231088,4,HEJUD,Violation of Article 6 - Right to a fair trial (Article 6 - Enforcement proceedings;Article 6-1 - Access to court);Violation of Article 1 of Protocol No. 1 - Protection of property (Article 1 para. 1 of Protocol No. 1 - Peaceful enjoyment of possessions),6|6-1|P1-1|P1-1-1,2024,negative,published_in_window_not_added_to_guide,apps:62444/10,false,false,clean,easy
1900da194ee4,Article 10,2023-09-12,2024-09-30,2023-02-28,2024-02-29,apps:48029/21,YERMOLAYEVA AND OTHERS v. RUSSIA,48029/21|56658/21|56852/21|56853/21|56856/21|56864/21|56879/21|56900/21|57040/21|57043/21|24857/22|24899/22|24916/22|24999/22|25015/22|25023/22|25179/22,001-231111,4,HEJUD,Violation of Article 11 - Freedom of assembly and association (Article 11-1 - Freedom of peaceful assembly);Violation of Article 5 - Right to liberty and security (Article 5-1 - Lawful arrest or detention);Violation of Article 6 - Right to a fair trial (Article 6 - Criminal proceedings;Article 6-1 - Impartial tribunal);Violation of Article 2 of Protocol No. 7 - Right of appeal in criminal matters (Article 2 of Protocol No. 7 - Review of conviction);Violation of Article 4 of Protocol No. 7 - Right not to be tried or punished twice - {general} (Article 4 of Protocol No. 7 - Right not to be tried or punished twice),11|11-1|5|5-1|6|6-1|P7-2|P7-4,2024,negative,published_in_window_not_added_to_guide,apps:48029/21,false,false,clean,easy
1900da194ee4,Article 10,2023-09-12,2024-09-30,2023-02-28,2024-02-29,apps:18371/17,ZHOLONKO AND OTHERS v. UKRAINE,18371/17|1533/18|16154/18|19938/18,001-231094,4,HEJUD,Violation of Article 6 - Right to a fair trial (Article 6 - Civil proceedings;Article 6-1 - Reasonable time);Violation of Article 13+6-1 - Right to an effective remedy (Article 13 - Effective remedy) (Article 6 - Right to a fair trial;Civil proceedings;Article 6-1 - Reasonable time),6|6-1|13|13+6-1,2024,negative,published_in_window_not_added_to_guide,apps:18371/17,false,false,clean,easy
1900da194ee4,Article 10,2023-09-12,2024-09-30,2023-02-28,2024-02-29,apps:47784/18,ZINCHENKO AND OTHERS v. RUSSIA,47784/18|10432/21|13424/21|21468/21|23408/21|26290/21|39209/21|43268/21|45077/21|45349/21|46352/21|46493/21|47071/21|47148/21|49242/21|49500/21|49632/21|56424/21|56623/21|57204/21|57907/21|45469/22,001-231098,4,HEJUD,Violation of Article 11 - Freedom of assembly and association (Article 11-1 - Freedom of peaceful assembly);Violation of Article 5 - Right to liberty and security (Article 5-1 - Lawful arrest or detention);Violation of Article 6 - Right to a fair trial (Article 6 - Criminal proceedings;Article 6-1 - Impartial tribunal);Violation of Article 8 - Right to respect for private and family life (Article 8-1 - Respect for private life);Violation of Article 10 - Freedom of expression - {general} (Article 10-1 - Freedom of expression);Violation of Article 10 - Freedom of expression - {general} (Article 10-1 - Freedom of expression);Violation of Article 10 - Freedom of expression - {general} (Article 10-1 - Freedom of expression);Violation of Article 10 - Freedom of expression - {general} (Article 10-1 - Freedom of expression);Violation of Article 10 - Freedom of expression - {general} (Article 10-1 - Freedom of expression);Violation of Article 2 of Protocol No. 7 - Right of appeal in criminal matters (Article 2 of Protocol No. 7 - Review of conviction);Violation of Article 4 of Protocol No. 7 - Right not to be tried or punished twice - {general} (Article 4 of Protocol No. 7 - Right not to be tried or punished twice),11|11-1|5|5-1|6|6-1|8|8-1|10|10-1|P7-2|P7-4,2024,negative,published_in_window_not_added_to_guide,apps:47784/18,false,false,clean,easy
1900da194ee4,Article 10,2023-09-12,2024-09-30,2023-02-28,2024-02-29,apps:19657/18,M.J. v. AZERBAIJAN,19657/18,001-231880,4,HEDEC,Inadmissible,3|5|5-1-f|13|35,2024,negative,published_in_window_not_added_to_guide,apps:19657/18,false,false,clean,easy
1900da194ee4,Article 10,2023-09-12,2024-09-30,2023-02-28,2024-02-29,apps:56716/16,TALIBOVA v. AZERBAIJAN,56716/16,001-231868,4,HEDEC,Inadmissible,8|8-1|8-2|13|35,2024,negative,published_in_window_not_added_to_guide,apps:56716/16,false,false,clean,easy
1900da194ee4,Article 10,2023-09-12,2024-09-30,2023-02-28,2024-02-29,apps:62157/13,BECALI AND CIOFLINĂ v. ROMANIA,62157/13,001-231358,4,HEJUD,Violation of Article 6 - Right to a fair trial (Article 6 - Criminal proceedings;Article 6-1 - Reasonable time),6|6-1,2024,negative,published_in_window_not_added_to_guide,apps:62157/13,false,false,clean,easy
1900da194ee4,Article 10,2023-09-12,2024-09-30,2023-02-28,2024-02-29,apps:16915/21,DANILEŢ v. ROMANIA,16915/21,001-231394,3,HEJUD,Remainder inadmissible (Art. 35) Admissibility criteria;(Art. 35-3-a) Ratione materiae;Violation of Article 10 - Freedom of expression - {general} (Article 10-1 - Freedom of expression),35|35-3-a|10|10-1|10-2,2024,negative,published_in_window_not_added_to_guide,apps:16915/21,false,false,clean,easy
1900da194ee4,Article 10,2023-09-12,2024-09-30,2023-02-28,2024-02-29,apps:53162/21,DIACONEASA v. ROMANIA,53162/21,001-231085,3,HEJUD,Violation of Article 8 - Right to respect for private and family life (Article 8-1 - Respect for private life);Pecuniary damage - claim dismissed (Article 41 - Pecuniary damage;Just satisfaction);Non-pecuniary damage - award (Article 41 - Non-pecuniary damage;Just satisfaction),8|8-1|8-2|41,2024,negative,published_in_window_not_added_to_guide,apps:53162/21,false,false,clean,easy
1900da194ee4,Article 10,2023-09-12,2024-09-30,2023-02-28,2024-02-29,apps:36609/16,I.L. v. SWITZERLAND (No. 2),36609/16,001-231359,4,HEJUD,Violation of Article 3 - Prohibition of torture (Article 3 - Degrading treatment;Inhuman treatment) (Substantive aspect);Violation of Article 5 - Right to liberty and security (Article 5-1 - Deprivation of liberty;Lawful arrest or detention;Article 5-1-e - Persons of unsound mind);Violation of Article 5 - Right to liberty and security (Article 5-4 - Speediness of review),3|5|5-1|5-1-e|5-4,2024,negative,published_in_window_not_added_to_guide,apps:36609/16,false,false,clean,easy
22935893a6e6,Article 5,2023-09-23,2024-04-09,2023-02-28,2024-02-29,apps:45205/22,ATAMANOVA AND OTHERS v. RUSSIA,45205/22|54946/22|54948/22|55947/22|56895/22|56896/22|57263/22|57336/22|57720/22|57727/22|849/23|1062/23|1522/23|1830/23|1837/23|2030/23|2076/23|2362/23|3659/23|3822/23|3832/23|4681/23|4915/23|4981/23|6735/23,001-231115,4,HEJUD,Violation of Article 11 - Freedom of assembly and association (Article 11-1 - Freedom of peaceful assembly);Violation of Article 5 - Right to liberty and security (Article 5-1 - Lawful arrest or detention);Violation of Article 6 - Right to a fair trial (Article 6 - Criminal proceedings;Article 6-1 - Impartial tribunal),11|11-1|5|5-1|6|6-1,2024,negative,published_in_window_not_added_to_guide,apps:45205/22,false,false,clean,easy
22935893a6e6,Article 5,2023-09-23,2024-04-09,2023-02-28,2024-02-29,apps:7827/23,BARKÓCZI AND OTHERS v. HUNGARY,7827/23|11448/23|14147/23|15915/23|19252/23|22512/23|24646/23|25257/23,001-231116,4,HEJUD,Violation of Article 6 - Right to a fair trial (Article 6 - Civil proceedings;Article 6-1 - Reasonable time);Violation of Article 13+6-1 - Right to an effective remedy (Article 13 - Effective remedy) (Article 6 - Right to a fair trial;Civil proceedings;Article 6-1 - Reasonable time),6|6-1|13|13+6-1,2024,negative,published_in_window_not_added_to_guide,apps:7827/23,false,false,clean,easy
22935893a6e6,Article 5,2023-09-23,2024-04-09,2023-02-28,2024-02-29,apps:13072/23,BONUM TEAM KFT AND CSURAI v. HUNGARY,13072/23|13122/23,001-231118,4,HEJUD,Violation of Article 6 - Right to a fair trial (Article 6 - Civil proceedings;Article 6-1 - Reasonable time),6|6-1,2024,negative,published_in_window_not_added_to_guide,apps:13072/23,false,false,clean,easy
22935893a6e6,Article 5,2023-09-23,2024-04-09,2023-02-28,2024-02-29,apps:20256/20,DOLENC v. SLOVENIA,20256/20,001-231100,3,HEJUD,Pecuniary damage - award (Article 41 - Pecuniary damage;Just satisfaction),41,2024,negative,published_in_window_not_added_to_guide,apps:20256/20,false,false,clean,easy
22935893a6e6,Article 5,2023-09-23,2024-04-09,2023-02-28,2024-02-29,apps:45987/21,ELIBASHVILI v. GEORGIA,45987/21,001-231109,4,HEJUD,Violation of Article 2 - Right to life (Article 2-1 - Effective investigation) (Procedural aspect),2|2-1,2024,negative,published_in_window_not_added_to_guide,apps:45987/21,false,false,clean,easy
22935893a6e6,Article 5,2023-09-23,2024-04-09,2023-02-28,2024-02-29,apps:9166/14,"GRATION TREYD, TOV v. UKRAINE",9166/14,001-231089,4,HEJUD,Violation of Article 1 of Protocol No. 1 - Protection of property (Article 1 para. 1 of Protocol No. 1 - Peaceful enjoyment of possessions),P1-1|P1-1-1,2024,negative,published_in_window_not_added_to_guide,apps:9166/14,false,false,clean,easy
22935893a6e6,Article 5,2023-09-23,2024-04-09,2023-02-28,2024-02-29,apps:25870/21,GRYAZEV AND OTHERS v. RUSSIA,25870/21|25879/21|25925/21|25926/21|25927/21|25931/21|26045/21|26704/21|26787/21|27834/21|28173/21|28180/21|35656/21|35657/21|35660/21|35664/21|35938/21|35944/21|35947/21|36271/21|37784/21|37790/21|37792/21|37794/21|42351/21|44149/21|44372/21|47450/21|49590/21,001-231106,4,HEJUD,Violation of Article 11 - Freedom of assembly and association (Article 11-1 - Freedom of peaceful assembly);Violation of Article 5 - Right to liberty and security (Article 5-1 - Lawful arrest or detention);Violation of Article 6 - Right to a fair trial (Article 6 - Criminal proceedings;Article 6-1 - Impartial tribunal);Violation of Article 4 of Protocol No. 7 - Right not to be tried or punished twice - {general} (Article 4 of Protocol No. 7 - Right not to be tried or punished twice),11|11-1|5|5-1|6|6-1|P7-4,2024,negative,published_in_window_not_added_to_guide,apps:25870/21,false,false,clean,easy
22935893a6e6,Article 5,2023-09-23,2024-04-09,2023-02-28,2024-02-29,apps:54470/21,IVANOV AND OTHERS v. RUSSIA,54470/21|56564/21|59469/21|59525/21|59535/21|59538/21|977/22|3020/22|8022/22|12279/22|13705/22|34656/22|36475/22|36545/22|51268/22,001-231112,4,HEJUD,Violation of Article 11 - Freedom of assembly and association (Article 11-1 - Freedom of peaceful assembly);Violation of Article 5 - Right to liberty and security (Article 5-1 - Lawful arrest or detention);Violation of Article 6 - Right to a fair trial (Article 6 - Criminal proceedings;Article 6-1 - Impartial tribunal),11|11-1|5|5-1|6|6-1,2024,negative,published_in_window_not_added_to_guide,apps:54470/21,false,false,clean,easy
22935893a6e6,Article 5,2023-09-23,2024-04-09,2023-02-28,2024-02-29,apps:16974/14,KACZMAREK v. POLAND,16974/14,001-231432,3,HEJUD,Violation of Article 8 - Right to respect for private and family life (Article 8-1 - Respect for correspondence;Respect for private life);Violation of Article 8 - Right to respect for private and family life (Article 8-1 - Respect for private life);Non-pecuniary damage - award (Article 41 - Non-pecuniary damage;Just satisfaction),8|8-1|8-2|41,2024,negative,published_in_window_not_added_to_guide,apps:16974/14,false,false,clean,easy
22935893a6e6,Article 5,2023-09-23,2024-04-09,2023-02-28,2024-02-29,apps:35012/19,LUKASHCHUK AND OTHERS v. RUSSIA,35012/19|52734/19|47285/20|50738/20|52777/20|9041/21|13046/21|15402/21|20331/21|20425/21|26035/21|26067/21|26784/21|38254/21|44148/21,001-231099,4,HEJUD,Violation of Article 5 - Right to liberty and security (Article 5-3 - Length of pre-trial detention);Violation of Article 5 - Right to liberty and security (Article 5-4 - Procedural guarantees of review);Violation of Article 5 - Right to liberty and security (Article 5-4 - Speediness of review);Violation of Article 8 - Right to respect for private and family life (Article 8-1 - Respect for family life);Violation of Article 13+8-1 - Right to an effective remedy (Article 13 - Effective remedy) (Article 8 - Right to respect for private and family life;Article 8-1 - Respect for family life);Violation of Article 14+8-1 - Prohibition of discrimination (Article 14 - Discrimination) (Article 8 - Right to respect for private and family life;Article 8-1 - Respect for family life);Violation of Article 3 - Prohibition of torture (Article 3 - Degrading treatment) (Substantive aspect);Violation of Article 3 - Prohibition of torture (Article 3 - Degrading treatment) (Substantive aspect);Violation of Article 13+3 - Right to an effective remedy (Article 13 - Effective remedy) (Article 3 - Prohibition of torture;Degrading treatment);Violation of Article 3 - Prohibition of torture (Article 3 - Degrading treatment),5|5-3|5-4|8|8-1|13|13+8-1|14|14+8-1|3|13+3,2024,negative,published_in_window_not_added_to_guide,apps:35012/19,false,false,clean,easy
22935893a6e6,Article 5,2023-09-23,2024-04-09,2023-02-28,2024-02-29,apps:10940/17,M.H. AND S.B. v. HUNGARY,10940/17|15977/17,001-231093,3,HEJUD,Violation of Article 5 - Right to liberty and security (Article 5-1 - Lawful arrest or detention);Non-pecuniary damage - award (Article 41 - Non-pecuniary damage;Just satisfaction),5|5-1|41|5-1-f|5-1-b,2024,negative,published_in_window_not_added_to_guide,apps:10940/17|15977/17,false,false,clean,easy
22935893a6e6,Article 5,2023-09-23,2024-04-09,2023-02-28,2024-02-29,apps:47048/21,MAKSIMOVA AND OTHERS v. RUSSIA,47048/21|48482/21|48590/21|48912/21|49892/21|51356/21|51788/21|51793/21|51935/21|52385/21|52480/21|52482/21|53233/21|53500/21|53788/21|53942/21|54069/21|54169/21|54261/21|54267/21|55306/21,001-231110,4,HEJUD,Violation of Article 11 - Freedom of assembly and association (Article 11-1 - Freedom of peaceful assembly);Violation of Article 5 - Right to liberty and security (Article 5-1 - Lawful arrest or detention);Violation of Article 6 - Right to a fair trial (Article 6 - Criminal proceedings;Article 6-1 - Impartial tribunal),11|11-1|5|5-1|6|6-1,2024,negative,published_in_window_not_added_to_guide,apps:47048/21,false,false,clean,easy
22935893a6e6,Article 5,2023-09-23,2024-04-09,2023-02-28,2024-02-29,apps:31516/22,MARQUES ÂNGELO v. PORTUGAL,31516/22,001-231114,4,HEJUD,Violation of Article 3 - Prohibition of torture (Article 3 - Degrading treatment) (Substantive aspect);Violation of Article 13+3 - Right to an effective remedy (Article 13 - Effective remedy) (Article 3 - Prohibition of torture;Degrading treatment),3|13|13+3,2024,negative,published_in_window_not_added_to_guide,apps:31516/22,false,false,clean,easy
22935893a6e6,Article 5,2023-09-23,2024-04-09,2023-02-28,2024-02-29,apps:46570/18,NURUSHEV AND OTHERS v. RUSSIA,46570/18|36922/21|40459/21|40494/21|40939/21|41407/21|42744/21|43251/21|43835/21|44181/21|45002/21|46947/21|48161/21|50257/21|50278/21|50293/21|51896/21|51994/21|51995/21|52824/21|53232/21|53293/21|53485/21|53491/21|61701/21,001-231097,4,HEJUD,Violation of Article 11 - Freedom of assembly and association (Article 11-1 - Freedom of peaceful assembly);Violation of Article 5 - Right to liberty and security (Article 5-1 - Lawful arrest or detention);Violation of Article 6 - Right to a fair trial (Article 6 - Criminal proceedings;Article 6-1 - Impartial tribunal);Violation of Article 10 - Freedom of expression - {general} (Article 10-1 - Freedom of expression);Violation of Article 2 of Protocol No. 7 - Right of appeal in criminal matters (Article 2 of Protocol No. 7 - Review of conviction),11|11-1|5|5-1|6|6-1|10|10-1|P7-2,2024,negative,published_in_window_not_added_to_guide,apps:46570/18,false,false,clean,easy
22935893a6e6,Article 5,2023-09-23,2024-04-09,2023-02-28,2024-02-29,apps:26096/16,PĂILĂ AND OTHERS v. ROMANIA,26096/16|26903/16|27242/16|46144/16|51607/16|66489/16|66507/16|67070/16|71424/16|18113/17,001-231092,4,HEJUD,Struck out of the list (Article 37-1 - Striking out applications),37|37-1,2024,negative,published_in_window_not_added_to_guide,apps:26096/16,false,false,clean,easy
22935893a6e6,Article 5,2023-09-23,2024-04-09,2023-02-28,2024-02-29,apps:53209/17,RADOSHEVICH AND OTHERS v. RUSSIA,53209/17|58512/18|13179/21|17191/21|19460/21|20633/21|22029/21|22043/21|25553/21|25614/21|30157/21|32318/21|32586/21|33069/21|35106/21|42144/21|50229/21|51508/21|56837/21|57991/21|61186/21|61737/21|3997/22,001-231096,4,HEJUD,Violation of Article 5 - Right to liberty and security (Article 5-3 - Length of pre-trial detention);Violation of Article 5 - Right to liberty and security (Article 5-4 - Speediness of review);Violation of Article 5 - Right to liberty and security (Article 5-5 - Compensation);Violation of Article 3 - Prohibition of torture (Article 3 - Degrading treatment) (Substantive aspect);Violation of Article 3 - Prohibition of torture (Article 3 - Degrading treatment) (Substantive aspect),5|5-3|5-4|5-5|3,2024,negative,published_in_window_not_added_to_guide,apps:53209/17,false,false,clean,easy
22935893a6e6,Article 5,2023-09-23,2024-04-09,2023-02-28,2024-02-29,apps:9429/23,SARIMOVA AND OTHERS v. RUSSIA,9429/23|17782/23|27128/23|27149/23|27193/23|27418/23|27425/23|27454/23|27471/23|27746/23|27818/23|28052/23|28623/23|28633/23|28820/23|29724/23|30208/23,001-231117,4,HEJUD,Violation of Article 11 - Freedom of assembly and association (Article 11-1 - Freedom of peaceful assembly);Violation of Article 5 - Right to liberty and security (Article 5-1 - Lawful arrest or detention),11|11-1|5|5-1,2024,negative,published_in_window_not_added_to_guide,apps:9429/23,false,false,clean,easy
22935893a6e6,Article 5,2023-09-23,2024-04-09,2023-02-28,2024-02-29,apps:41877/21,SIMON v. UKRAINE,41877/21,001-231107,4,HEJUD,Violation of Article 3 - Prohibition of torture (Article 3 - Degrading treatment) (Substantive aspect);Violation of Article 13+3 - Right to an effective remedy (Article 13 - Effective remedy) (Article 3 - Prohibition of torture;Degrading treatment),3|13|13+3,2024,negative,published_in_window_not_added_to_guide,apps:41877/21,false,false,clean,easy
22935893a6e6,Article 5,2023-09-23,2024-04-09,2023-02-28,2024-02-29,apps:57580/21,SOLOVYEV AND OTHERS v. RUSSIA,57580/21|57641/21|57718/21|58643/21|58669/21|58976/21|59679/21|8032/22|12051/22|12085/22|12300/22|14486/22|19953/22|33271/22|34013/22|36218/22|36242/22|39693/22|44416/22,001-231113,4,HEJUD,Violation of Article 11 - Freedom of assembly and association (Article 11-1 - Freedom of peaceful assembly);Violation of Article 5 - Right to liberty and security (Article 5-1 - Lawful arrest or detention);Violation of Article 6 - Right to a fair trial (Article 6 - Criminal proceedings;Article 6-1 - Impartial tribunal);Violation of Article 2 of Protocol No. 7 - Right of appeal in criminal matters (Article 2 of Protocol No. 7 - Review of conviction),11|11-1|5|5-1|6|6-1|P7-2,2024,negative,published_in_window_not_added_to_guide,apps:57580/21,false,false,clean,easy
22935893a6e6,Article 5,2023-09-23,2024-04-09,2023-02-28,2024-02-29,apps:31018/09,VICKTORIA SH.P.K. v. ALBANIA,31018/09,001-231087,4,HEJUD,Violation of Article 6 - Right to a fair trial (Article 6 - Civil proceedings;Article 6-1 - Reasonable time),6|6-1,2024,negative,published_in_window_not_added_to_guide,apps:31018/09,false,false,clean,easy
22935893a6e6,Article 5,2023-09-23,2024-04-09,2023-02-28,2024-02-29,apps:62444/10,VLAHOVIĆ v. MONTENEGRO,62444/10,001-231088,4,HEJUD,Violation of Article 6 - Right to a fair trial (Article 6 - Enforcement proceedings;Article 6-1 - Access to court);Violation of Article 1 of Protocol No. 1 - Protection of property (Article 1 para. 1 of Protocol No. 1 - Peaceful enjoyment of possessions),6|6-1|P1-1|P1-1-1,2024,negative,published_in_window_not_added_to_guide,apps:62444/10,false,false,clean,easy
22935893a6e6,Article 5,2023-09-23,2024-04-09,2023-02-28,2024-02-29,apps:48029/21,YERMOLAYEVA AND OTHERS v. RUSSIA,48029/21|56658/21|56852/21|56853/21|56856/21|56864/21|56879/21|56900/21|57040/21|57043/21|24857/22|24899/22|24916/22|24999/22|25015/22|25023/22|25179/22,001-231111,4,HEJUD,Violation of Article 11 - Freedom of assembly and association (Article 11-1 - Freedom of peaceful assembly);Violation of Article 5 - Right to liberty and security (Article 5-1 - Lawful arrest or detention);Violation of Article 6 - Right to a fair trial (Article 6 - Criminal proceedings;Article 6-1 - Impartial tribunal);Violation of Article 2 of Protocol No. 7 - Right of appeal in criminal matters (Article 2 of Protocol No. 7 - Review of conviction);Violation of Article 4 of Protocol No. 7 - Right not to be tried or punished twice - {general} (Article 4 of Protocol No. 7 - Right not to be tried or punished twice),11|11-1|5|5-1|6|6-1|P7-2|P7-4,2024,negative,published_in_window_not_added_to_guide,apps:48029/21,false,false,clean,easy
22935893a6e6,Article 5,2023-09-23,2024-04-09,2023-02-28,2024-02-29,apps:18371/17,ZHOLONKO AND OTHERS v. UKRAINE,18371/17|1533/18|16154/18|19938/18,001-231094,4,HEJUD,Violation of Article 6 - Right to a fair trial (Article 6 - Civil proceedings;Article 6-1 - Reasonable time);Violation of Article 13+6-1 - Right to an effective remedy (Article 13 - Effective remedy) (Article 6 - Right to a fair trial;Civil proceedings;Article 6-1 - Reasonable time),6|6-1|13|13+6-1,2024,negative,published_in_window_not_added_to_guide,apps:18371/17,false,false,clean,easy
22935893a6e6,Article 5,2023-09-23,2024-04-09,2023-02-28,2024-02-29,apps:47784/18,ZINCHENKO AND OTHERS v. RUSSIA,47784/18|10432/21|13424/21|21468/21|23408/21|26290/21|39209/21|43268/21|45077/21|45349/21|46352/21|46493/21|47071/21|47148/21|49242/21|49500/21|49632/21|56424/21|56623/21|57204/21|57907/21|45469/22,001-231098,4,HEJUD,Violation of Article 11 - Freedom of assembly and association (Article 11-1 - Freedom of peaceful assembly);Violation of Article 5 - Right to liberty and security (Article 5-1 - Lawful arrest or detention);Violation of Article 6 - Right to a fair trial (Article 6 - Criminal proceedings;Article 6-1 - Impartial tribunal);Violation of Article 8 - Right to respect for private and family life (Article 8-1 - Respect for private life);Violation of Article 10 - Freedom of expression - {general} (Article 10-1 - Freedom of expression);Violation of Article 10 - Freedom of expression - {general} (Article 10-1 - Freedom of expression);Violation of Article 10 - Freedom of expression - {general} (Article 10-1 - Freedom of expression);Violation of Article 10 - Freedom of expression - {general} (Article 10-1 - Freedom of expression);Violation of Article 10 - Freedom of expression - {general} (Article 10-1 - Freedom of expression);Violation of Article 2 of Protocol No. 7 - Right of appeal in criminal matters (Article 2 of Protocol No. 7 - Review of conviction);Violation of Article 4 of Protocol No. 7 - Right not to be tried or punished twice - {general} (Article 4 of Protocol No. 7 - Right not to be tried or punished twice),11|11-1|5|5-1|6|6-1|8|8-1|10|10-1|P7-2|P7-4,2024,negative,published_in_window_not_added_to_guide,apps:47784/18,false,false,clean,easy
22935893a6e6,Article 5,2023-09-23,2024-04-09,2023-02-28,2024-02-29,apps:19657/18,M.J. v. AZERBAIJAN,19657/18,001-231880,4,HEDEC,Inadmissible,3|5|5-1-f|13|35,2024,negative,published_in_window_not_added_to_guide,apps:19657/18,false,false,clean,easy
22935893a6e6,Article 5,2023-09-23,2024-04-09,2023-02-28,2024-02-29,apps:56716/16,TALIBOVA v. AZERBAIJAN,56716/16,001-231868,4,HEDEC,Inadmissible,8|8-1|8-2|13|35,2024,negative,published_in_window_not_added_to_guide,apps:56716/16,false,false,clean,easy
22935893a6e6,Article 5,2023-09-23,2024-04-09,2023-02-28,2024-02-29,apps:62157/13,BECALI AND CIOFLINĂ v. ROMANIA,62157/13,001-231358,4,HEJUD,Violation of Article 6 - Right to a fair trial (Article 6 - Criminal proceedings;Article 6-1 - Reasonable time),6|6-1,2024,negative,published_in_window_not_added_to_guide,apps:62157/13,false,false,clean,easy
22935893a6e6,Article 5,2023-09-23,2024-04-09,2023-02-28,2024-02-29,apps:16915/21,DANILEŢ v. ROMANIA,16915/21,001-231394,3,HEJUD,Remainder inadmissible (Art. 35) Admissibility criteria;(Art. 35-3-a) Ratione materiae;Violation of Article 10 - Freedom of expression - {general} (Article 10-1 - Freedom of expression),35|35-3-a|10|10-1|10-2,2024,negative,published_in_window_not_added_to_guide,apps:16915/21,false,false,clean,easy
22935893a6e6,Article 5,2023-09-23,2024-04-09,2023-02-28,2024-02-29,apps:48340/20,DEDE v. TÜRKİYE,48340/20,001-231332,3,HEJUD,Violation of Article 10 - Freedom of expression - {general} (Article 10 - Positive obligations;Article 10-1 - Freedom of expression);Pecuniary damage - claim dismissed (Article 41 - Pecuniary damage;Just satisfaction);Non-pecuniary damage - award (Article 41 - Non-pecuniary damage;Just satisfaction),10|10-1|10-2|41,2024,negative,published_in_window_not_added_to_guide,apps:48340/20,false,false,clean,easy
22935893a6e6,Article 5,2023-09-23,2024-04-09,2023-02-28,2024-02-29,apps:53162/21,DIACONEASA v. ROMANIA,53162/21,001-231085,3,HEJUD,Violation of Article 8 - Right to respect for private and family life (Article 8-1 - Respect for private life);Pecuniary damage - claim dismissed (Article 41 - Pecuniary damage;Just satisfaction);Non-pecuniary damage - award (Article 41 - Non-pecuniary damage;Just satisfaction),8|8-1|8-2|41,2024,negative,published_in_window_not_added_to_guide,apps:53162/21,false,false,clean,easy
4026b1621d4a,Article 6 Criminal,2023-09-11,2024-04-09,2023-02-28,2024-02-29,apps:45205/22,ATAMANOVA AND OTHERS v. RUSSIA,45205/22|54946/22|54948/22|55947/22|56895/22|56896/22|57263/22|57336/22|57720/22|57727/22|849/23|1062/23|1522/23|1830/23|1837/23|2030/23|2076/23|2362/23|3659/23|3822/23|3832/23|4681/23|4915/23|4981/23|6735/23,001-231115,4,HEJUD,Violation of Article 11 - Freedom of assembly and association (Article 11-1 - Freedom of peaceful assembly);Violation of Article 5 - Right to liberty and security (Article 5-1 - Lawful arrest or detention);Violation of Article 6 - Right to a fair trial (Article 6 - Criminal proceedings;Article 6-1 - Impartial tribunal),11|11-1|5|5-1|6|6-1,2024,negative,published_in_window_not_added_to_guide,apps:45205/22,false,false,clean,easy
4026b1621d4a,Article 6 Criminal,2023-09-11,2024-04-09,2023-02-28,2024-02-29,apps:7827/23,BARKÓCZI AND OTHERS v. HUNGARY,7827/23|11448/23|14147/23|15915/23|19252/23|22512/23|24646/23|25257/23,001-231116,4,HEJUD,Violation of Article 6 - Right to a fair trial (Article 6 - Civil proceedings;Article 6-1 - Reasonable time);Violation of Article 13+6-1 - Right to an effective remedy (Article 13 - Effective remedy) (Article 6 - Right to a fair trial;Civil proceedings;Article 6-1 - Reasonable time),6|6-1|13|13+6-1,2024,negative,published_in_window_not_added_to_guide,apps:7827/23,false,false,clean,easy
4026b1621d4a,Article 6 Criminal,2023-09-11,2024-04-09,2023-02-28,2024-02-29,apps:13072/23,BONUM TEAM KFT AND CSURAI v. HUNGARY,13072/23|13122/23,001-231118,4,HEJUD,Violation of Article 6 - Right to a fair trial (Article 6 - Civil proceedings;Article 6-1 - Reasonable time),6|6-1,2024,negative,published_in_window_not_added_to_guide,apps:13072/23,false,false,clean,easy
4026b1621d4a,Article 6 Criminal,2023-09-11,2024-04-09,2023-02-28,2024-02-29,apps:20256/20,DOLENC v. SLOVENIA,20256/20,001-231100,3,HEJUD,Pecuniary damage - award (Article 41 - Pecuniary damage;Just satisfaction),41,2024,negative,published_in_window_not_added_to_guide,apps:20256/20,false,false,clean,easy
4026b1621d4a,Article 6 Criminal,2023-09-11,2024-04-09,2023-02-28,2024-02-29,apps:45987/21,ELIBASHVILI v. GEORGIA,45987/21,001-231109,4,HEJUD,Violation of Article 2 - Right to life (Article 2-1 - Effective investigation) (Procedural aspect),2|2-1,2024,negative,published_in_window_not_added_to_guide,apps:45987/21,false,false,clean,easy
4026b1621d4a,Article 6 Criminal,2023-09-11,2024-04-09,2023-02-28,2024-02-29,apps:9166/14,"GRATION TREYD, TOV v. UKRAINE",9166/14,001-231089,4,HEJUD,Violation of Article 1 of Protocol No. 1 - Protection of property (Article 1 para. 1 of Protocol No. 1 - Peaceful enjoyment of possessions),P1-1|P1-1-1,2024,negative,published_in_window_not_added_to_guide,apps:9166/14,false,false,clean,easy
4026b1621d4a,Article 6 Criminal,2023-09-11,2024-04-09,2023-02-28,2024-02-29,apps:25870/21,GRYAZEV AND OTHERS v. RUSSIA,25870/21|25879/21|25925/21|25926/21|25927/21|25931/21|26045/21|26704/21|26787/21|27834/21|28173/21|28180/21|35656/21|35657/21|35660/21|35664/21|35938/21|35944/21|35947/21|36271/21|37784/21|37790/21|37792/21|37794/21|42351/21|44149/21|44372/21|47450/21|49590/21,001-231106,4,HEJUD,Violation of Article 11 - Freedom of assembly and association (Article 11-1 - Freedom of peaceful assembly);Violation of Article 5 - Right to liberty and security (Article 5-1 - Lawful arrest or detention);Violation of Article 6 - Right to a fair trial (Article 6 - Criminal proceedings;Article 6-1 - Impartial tribunal);Violation of Article 4 of Protocol No. 7 - Right not to be tried or punished twice - {general} (Article 4 of Protocol No. 7 - Right not to be tried or punished twice),11|11-1|5|5-1|6|6-1|P7-4,2024,negative,published_in_window_not_added_to_guide,apps:25870/21,false,false,clean,easy
4026b1621d4a,Article 6 Criminal,2023-09-11,2024-04-09,2023-02-28,2024-02-29,apps:54470/21,IVANOV AND OTHERS v. RUSSIA,54470/21|56564/21|59469/21|59525/21|59535/21|59538/21|977/22|3020/22|8022/22|12279/22|13705/22|34656/22|36475/22|36545/22|51268/22,001-231112,4,HEJUD,Violation of Article 11 - Freedom of assembly and association (Article 11-1 - Freedom of peaceful assembly);Violation of Article 5 - Right to liberty and security (Article 5-1 - Lawful arrest or detention);Violation of Article 6 - Right to a fair trial (Article 6 - Criminal proceedings;Article 6-1 - Impartial tribunal),11|11-1|5|5-1|6|6-1,2024,negative,published_in_window_not_added_to_guide,apps:54470/21,false,false,clean,easy
4026b1621d4a,Article 6 Criminal,2023-09-11,2024-04-09,2023-02-28,2024-02-29,apps:16974/14,KACZMAREK v. POLAND,16974/14,001-231432,3,HEJUD,Violation of Article 8 - Right to respect for private and family life (Article 8-1 - Respect for correspondence;Respect for private life);Violation of Article 8 - Right to respect for private and family life (Article 8-1 - Respect for private life);Non-pecuniary damage - award (Article 41 - Non-pecuniary damage;Just satisfaction),8|8-1|8-2|41,2024,negative,published_in_window_not_added_to_guide,apps:16974/14,false,false,clean,easy
4026b1621d4a,Article 6 Criminal,2023-09-11,2024-04-09,2023-02-28,2024-02-29,apps:35012/19,LUKASHCHUK AND OTHERS v. RUSSIA,35012/19|52734/19|47285/20|50738/20|52777/20|9041/21|13046/21|15402/21|20331/21|20425/21|26035/21|26067/21|26784/21|38254/21|44148/21,001-231099,4,HEJUD,Violation of Article 5 - Right to liberty and security (Article 5-3 - Length of pre-trial detention);Violation of Article 5 - Right to liberty and security (Article 5-4 - Procedural guarantees of review);Violation of Article 5 - Right to liberty and security (Article 5-4 - Speediness of review);Violation of Article 8 - Right to respect for private and family life (Article 8-1 - Respect for family life);Violation of Article 13+8-1 - Right to an effective remedy (Article 13 - Effective remedy) (Article 8 - Right to respect for private and family life;Article 8-1 - Respect for family life);Violation of Article 14+8-1 - Prohibition of discrimination (Article 14 - Discrimination) (Article 8 - Right to respect for private and family life;Article 8-1 - Respect for family life);Violation of Article 3 - Prohibition of torture (Article 3 - Degrading treatment) (Substantive aspect);Violation of Article 3 - Prohibition of torture (Article 3 - Degrading treatment) (Substantive aspect);Violation of Article 13+3 - Right to an effective remedy (Article 13 - Effective remedy) (Article 3 - Prohibition of torture;Degrading treatment);Violation of Article 3 - Prohibition of torture (Article 3 - Degrading treatment),5|5-3|5-4|8|8-1|13|13+8-1|14|14+8-1|3|13+3,2024,negative,published_in_window_not_added_to_guide,apps:35012/19,false,false,clean,easy
4026b1621d4a,Article 6 Criminal,2023-09-11,2024-04-09,2023-02-28,2024-02-29,apps:10940/17,M.H. AND S.B. v. HUNGARY,10940/17|15977/17,001-231093,3,HEJUD,Violation of Article 5 - Right to liberty and security (Article 5-1 - Lawful arrest or detention);Non-pecuniary damage - award (Article 41 - Non-pecuniary damage;Just satisfaction),5|5-1|41|5-1-f|5-1-b,2024,negative,published_in_window_not_added_to_guide,apps:10940/17|15977/17,false,false,clean,easy
4026b1621d4a,Article 6 Criminal,2023-09-11,2024-04-09,2023-02-28,2024-02-29,apps:47048/21,MAKSIMOVA AND OTHERS v. RUSSIA,47048/21|48482/21|48590/21|48912/21|49892/21|51356/21|51788/21|51793/21|51935/21|52385/21|52480/21|52482/21|53233/21|53500/21|53788/21|53942/21|54069/21|54169/21|54261/21|54267/21|55306/21,001-231110,4,HEJUD,Violation of Article 11 - Freedom of assembly and association (Article 11-1 - Freedom of peaceful assembly);Violation of Article 5 - Right to liberty and security (Article 5-1 - Lawful arrest or detention);Violation of Article 6 - Right to a fair trial (Article 6 - Criminal proceedings;Article 6-1 - Impartial tribunal),11|11-1|5|5-1|6|6-1,2024,negative,published_in_window_not_added_to_guide,apps:47048/21,false,false,clean,easy
4026b1621d4a,Article 6 Criminal,2023-09-11,2024-04-09,2023-02-28,2024-02-29,apps:31516/22,MARQUES ÂNGELO v. PORTUGAL,31516/22,001-231114,4,HEJUD,Violation of Article 3 - Prohibition of torture (Article 3 - Degrading treatment) (Substantive aspect);Violation of Article 13+3 - Right to an effective remedy (Article 13 - Effective remedy) (Article 3 - Prohibition of torture;Degrading treatment),3|13|13+3,2024,negative,published_in_window_not_added_to_guide,apps:31516/22,false,false,clean,easy
4026b1621d4a,Article 6 Criminal,2023-09-11,2024-04-09,2023-02-28,2024-02-29,apps:46570/18,NURUSHEV AND OTHERS v. RUSSIA,46570/18|36922/21|40459/21|40494/21|40939/21|41407/21|42744/21|43251/21|43835/21|44181/21|45002/21|46947/21|48161/21|50257/21|50278/21|50293/21|51896/21|51994/21|51995/21|52824/21|53232/21|53293/21|53485/21|53491/21|61701/21,001-231097,4,HEJUD,Violation of Article 11 - Freedom of assembly and association (Article 11-1 - Freedom of peaceful assembly);Violation of Article 5 - Right to liberty and security (Article 5-1 - Lawful arrest or detention);Violation of Article 6 - Right to a fair trial (Article 6 - Criminal proceedings;Article 6-1 - Impartial tribunal);Violation of Article 10 - Freedom of expression - {general} (Article 10-1 - Freedom of expression);Violation of Article 2 of Protocol No. 7 - Right of appeal in criminal matters (Article 2 of Protocol No. 7 - Review of conviction),11|11-1|5|5-1|6|6-1|10|10-1|P7-2,2024,negative,published_in_window_not_added_to_guide,apps:46570/18,false,false,clean,easy
4026b1621d4a,Article 6 Criminal,2023-09-11,2024-04-09,2023-02-28,2024-02-29,apps:26096/16,PĂILĂ AND OTHERS v. ROMANIA,26096/16|26903/16|27242/16|46144/16|51607/16|66489/16|66507/16|67070/16|71424/16|18113/17,001-231092,4,HEJUD,Struck out of the list (Article 37-1 - Striking out applications),37|37-1,2024,negative,published_in_window_not_added_to_guide,apps:26096/16,false,false,clean,easy
4026b1621d4a,Article 6 Criminal,2023-09-11,2024-04-09,2023-02-28,2024-02-29,apps:53209/17,RADOSHEVICH AND OTHERS v. RUSSIA,53209/17|58512/18|13179/21|17191/21|19460/21|20633/21|22029/21|22043/21|25553/21|25614/21|30157/21|32318/21|32586/21|33069/21|35106/21|42144/21|50229/21|51508/21|56837/21|57991/21|61186/21|61737/21|3997/22,001-231096,4,HEJUD,Violation of Article 5 - Right to liberty and security (Article 5-3 - Length of pre-trial detention);Violation of Article 5 - Right to liberty and security (Article 5-4 - Speediness of review);Violation of Article 5 - Right to liberty and security (Article 5-5 - Compensation);Violation of Article 3 - Prohibition of torture (Article 3 - Degrading treatment) (Substantive aspect);Violation of Article 3 - Prohibition of torture (Article 3 - Degrading treatment) (Substantive aspect),5|5-3|5-4|5-5|3,2024,negative,published_in_window_not_added_to_guide,apps:53209/17,false,false,clean,easy
4026b1621d4a,Article 6 Criminal,2023-09-11,2024-04-09,2023-02-28,2024-02-29,apps:9429/23,SARIMOVA AND OTHERS v. RUSSIA,9429/23|17782/23|27128/23|27149/23|27193/23|27418/23|27425/23|27454/23|27471/23|27746/23|27818/23|28052/23|28623/23|28633/23|28820/23|29724/23|30208/23,001-231117,4,HEJUD,Violation of Article 11 - Freedom of assembly and association (Article 11-1 - Freedom of peaceful assembly);Violation of Article 5 - Right to liberty and security (Article 5-1 - Lawful arrest or detention),11|11-1|5|5-1,2024,negative,published_in_window_not_added_to_guide,apps:9429/23,false,false,clean,easy
4026b1621d4a,Article 6 Criminal,2023-09-11,2024-04-09,2023-02-28,2024-02-29,apps:41877/21,SIMON v. UKRAINE,41877/21,001-231107,4,HEJUD,Violation of Article 3 - Prohibition of torture (Article 3 - Degrading treatment) (Substantive aspect);Violation of Article 13+3 - Right to an effective remedy (Article 13 - Effective remedy) (Article 3 - Prohibition of torture;Degrading treatment),3|13|13+3,2024,negative,published_in_window_not_added_to_guide,apps:41877/21,false,false,clean,easy
4026b1621d4a,Article 6 Criminal,2023-09-11,2024-04-09,2023-02-28,2024-02-29,apps:57580/21,SOLOVYEV AND OTHERS v. RUSSIA,57580/21|57641/21|57718/21|58643/21|58669/21|58976/21|59679/21|8032/22|12051/22|12085/22|12300/22|14486/22|19953/22|33271/22|34013/22|36218/22|36242/22|39693/22|44416/22,001-231113,4,HEJUD,Violation of Article 11 - Freedom of assembly and association (Article 11-1 - Freedom of peaceful assembly);Violation of Article 5 - Right to liberty and security (Article 5-1 - Lawful arrest or detention);Violation of Article 6 - Right to a fair trial (Article 6 - Criminal proceedings;Article 6-1 - Impartial tribunal);Violation of Article 2 of Protocol No. 7 - Right of appeal in criminal matters (Article 2 of Protocol No. 7 - Review of conviction),11|11-1|5|5-1|6|6-1|P7-2,2024,negative,published_in_window_not_added_to_guide,apps:57580/21,false,false,clean,easy
4026b1621d4a,Article 6 Criminal,2023-09-11,2024-04-09,2023-02-28,2024-02-29,apps:31018/09,VICKTORIA SH.P.K. v. ALBANIA,31018/09,001-231087,4,HEJUD,Violation of Article 6 - Right to a fair trial (Article 6 - Civil proceedings;Article 6-1 - Reasonable time),6|6-1,2024,negative,published_in_window_not_added_to_guide,apps:31018/09,false,false,clean,easy
4026b1621d4a,Article 6 Criminal,2023-09-11,2024-04-09,2023-02-28,2024-02-29,apps:62444/10,VLAHOVIĆ v. MONTENEGRO,62444/10,001-231088,4,HEJUD,Violation of Article 6 - Right to a fair trial (Article 6 - Enforcement proceedings;Article 6-1 - Access to court);Violation of Article 1 of Protocol No. 1 - Protection of property (Article 1 para. 1 of Protocol No. 1 - Peaceful enjoyment of possessions),6|6-1|P1-1|P1-1-1,2024,negative,published_in_window_not_added_to_guide,apps:62444/10,false,false,clean,easy
4026b1621d4a,Article 6 Criminal,2023-09-11,2024-04-09,2023-02-28,2024-02-29,apps:48029/21,YERMOLAYEVA AND OTHERS v. RUSSIA,48029/21|56658/21|56852/21|56853/21|56856/21|56864/21|56879/21|56900/21|57040/21|57043/21|24857/22|24899/22|24916/22|24999/22|25015/22|25023/22|25179/22,001-231111,4,HEJUD,Violation of Article 11 - Freedom of assembly and association (Article 11-1 - Freedom of peaceful assembly);Violation of Article 5 - Right to liberty and security (Article 5-1 - Lawful arrest or detention);Violation of Article 6 - Right to a fair trial (Article 6 - Criminal proceedings;Article 6-1 - Impartial tribunal);Violation of Article 2 of Protocol No. 7 - Right of appeal in criminal matters (Article 2 of Protocol No. 7 - Review of conviction);Violation of Article 4 of Protocol No. 7 - Right not to be tried or punished twice - {general} (Article 4 of Protocol No. 7 - Right not to be tried or punished twice),11|11-1|5|5-1|6|6-1|P7-2|P7-4,2024,negative,published_in_window_not_added_to_guide,apps:48029/21,false,false,clean,easy
4026b1621d4a,Article 6 Criminal,2023-09-11,2024-04-09,2023-02-28,2024-02-29,apps:18371/17,ZHOLONKO AND OTHERS v. UKRAINE,18371/17|1533/18|16154/18|19938/18,001-231094,4,HEJUD,Violation of Article 6 - Right to a fair trial (Article 6 - Civil proceedings;Article 6-1 - Reasonable time);Violation of Article 13+6-1 - Right to an effective remedy (Article 13 - Effective remedy) (Article 6 - Right to a fair trial;Civil proceedings;Article 6-1 - Reasonable time),6|6-1|13|13+6-1,2024,negative,published_in_window_not_added_to_guide,apps:18371/17,false,false,clean,easy
4026b1621d4a,Article 6 Criminal,2023-09-11,2024-04-09,2023-02-28,2024-02-29,apps:47784/18,ZINCHENKO AND OTHERS v. RUSSIA,47784/18|10432/21|13424/21|21468/21|23408/21|26290/21|39209/21|43268/21|45077/21|45349/21|46352/21|46493/21|47071/21|47148/21|49242/21|49500/21|49632/21|56424/21|56623/21|57204/21|57907/21|45469/22,001-231098,4,HEJUD,Violation of Article 11 - Freedom of assembly and association (Article 11-1 - Freedom of peaceful assembly);Violation of Article 5 - Right to liberty and security (Article 5-1 - Lawful arrest or detention);Violation of Article 6 - Right to a fair trial (Article 6 - Criminal proceedings;Article 6-1 - Impartial tribunal);Violation of Article 8 - Right to respect for private and family life (Article 8-1 - Respect for private life);Violation of Article 10 - Freedom of expression - {general} (Article 10-1 - Freedom of expression);Violation of Article 10 - Freedom of expression - {general} (Article 10-1 - Freedom of expression);Violation of Article 10 - Freedom of expression - {general} (Article 10-1 - Freedom of expression);Violation of Article 10 - Freedom of expression - {general} (Article 10-1 - Freedom of expression);Violation of Article 10 - Freedom of expression - {general} (Article 10-1 - Freedom of expression);Violation of Article 2 of Protocol No. 7 - Right of appeal in criminal matters (Article 2 of Protocol No. 7 - Review of conviction);Violation of Article 4 of Protocol No. 7 - Right not to be tried or punished twice - {general} (Article 4 of Protocol No. 7 - Right not to be tried or punished twice),11|11-1|5|5-1|6|6-1|8|8-1|10|10-1|P7-2|P7-4,2024,negative,published_in_window_not_added_to_guide,apps:47784/18,false,false,clean,easy
4026b1621d4a,Article 6 Criminal,2023-09-11,2024-04-09,2023-02-28,2024-02-29,apps:19657/18,M.J. v. AZERBAIJAN,19657/18,001-231880,4,HEDEC,Inadmissible,3|5|5-1-f|13|35,2024,negative,published_in_window_not_added_to_guide,apps:19657/18,false,false,clean,easy
4026b1621d4a,Article 6 Criminal,2023-09-11,2024-04-09,2023-02-28,2024-02-29,apps:56716/16,TALIBOVA v. AZERBAIJAN,56716/16,001-231868,4,HEDEC,Inadmissible,8|8-1|8-2|13|35,2024,negative,published_in_window_not_added_to_guide,apps:56716/16,false,false,clean,easy
4026b1621d4a,Article 6 Criminal,2023-09-11,2024-04-09,2023-02-28,2024-02-29,apps:62157/13,BECALI AND CIOFLINĂ v. ROMANIA,62157/13,001-231358,4,HEJUD,Violation of Article 6 - Right to a fair trial (Article 6 - Criminal proceedings;Article 6-1 - Reasonable time),6|6-1,2024,negative,published_in_window_not_added_to_guide,apps:62157/13,false,false,clean,easy
4026b1621d4a,Article 6 Criminal,2023-09-11,2024-04-09,2023-02-28,2024-02-29,apps:16915/21,DANILEŢ v. ROMANIA,16915/21,001-231394,3,HEJUD,Remainder inadmissible (Art. 35) Admissibility criteria;(Art. 35-3-a) Ratione materiae;Violation of Article 10 - Freedom of expression - {general} (Article 10-1 - Freedom of expression),35|35-3-a|10|10-1|10-2,2024,negative,published_in_window_not_added_to_guide,apps:16915/21,false,false,clean,easy
4026b1621d4a,Article 6 Criminal,2023-09-11,2024-04-09,2023-02-28,2024-02-29,apps:48340/20,DEDE v. TÜRKİYE,48340/20,001-231332,3,HEJUD,Violation of Article 10 - Freedom of expression - {general} (Article 10 - Positive obligations;Article 10-1 - Freedom of expression);Pecuniary damage - claim dismissed (Article 41 - Pecuniary damage;Just satisfaction);Non-pecuniary damage - award (Article 41 - Non-pecuniary damage;Just satisfaction),10|10-1|10-2|41,2024,negative,published_in_window_not_added_to_guide,apps:48340/20,false,false,clean,easy
4026b1621d4a,Article 6 Criminal,2023-09-11,2024-04-09,2023-02-28,2024-02-29,apps:53162/21,DIACONEASA v. ROMANIA,53162/21,001-231085,3,HEJUD,Violation of Article 8 - Right to respect for private and family life (Article 8-1 - Respect for private life);Pecuniary damage - claim dismissed (Article 41 - Pecuniary damage;Just satisfaction);Non-pecuniary damage - award (Article 41 - Non-pecuniary damage;Just satisfaction),8|8-1|8-2|41,2024,negative,published_in_window_not_added_to_guide,apps:53162/21,false,false,clean,easy
6d86f7b0f9c7,Article 4 Protocol 7,2023-09-23,2024-03-29,2023-02-28,2024-02-29,apps:45205/22,ATAMANOVA AND OTHERS v. RUSSIA,45205/22|54946/22|54948/22|55947/22|56895/22|56896/22|57263/22|57336/22|57720/22|57727/22|849/23|1062/23|1522/23|1830/23|1837/23|2030/23|2076/23|2362/23|3659/23|3822/23|3832/23|4681/23|4915/23|4981/23|6735/23,001-231115,4,HEJUD,Violation of Article 11 - Freedom of assembly and association (Article 11-1 - Freedom of peaceful assembly);Violation of Article 5 - Right to liberty and security (Article 5-1 - Lawful arrest or detention);Violation of Article 6 - Right to a fair trial (Article 6 - Criminal proceedings;Article 6-1 - Impartial tribunal),11|11-1|5|5-1|6|6-1,2024,negative,published_in_window_not_added_to_guide,apps:45205/22,false,false,clean,easy
6d86f7b0f9c7,Article 4 Protocol 7,2023-09-23,2024-03-29,2023-02-28,2024-02-29,apps:7827/23,BARKÓCZI AND OTHERS v. HUNGARY,7827/23|11448/23|14147/23|15915/23|19252/23|22512/23|24646/23|25257/23,001-231116,4,HEJUD,Violation of Article 6 - Right to a fair trial (Article 6 - Civil proceedings;Article 6-1 - Reasonable time);Violation of Article 13+6-1 - Right to an effective remedy (Article 13 - Effective remedy) (Article 6 - Right to a fair trial;Civil proceedings;Article 6-1 - Reasonable time),6|6-1|13|13+6-1,2024,negative,published_in_window_not_added_to_guide,apps:7827/23,false,false,clean,easy
6d86f7b0f9c7,Article 4 Protocol 7,2023-09-23,2024-03-29,2023-02-28,2024-02-29,apps:13072/23,BONUM TEAM KFT AND CSURAI v. HUNGARY,13072/23|13122/23,001-231118,4,HEJUD,Violation of Article 6 - Right to a fair trial (Article 6 - Civil proceedings;Article 6-1 - Reasonable time),6|6-1,2024,negative,published_in_window_not_added_to_guide,apps:13072/23,false,false,clean,easy
6d86f7b0f9c7,Article 4 Protocol 7,2023-09-23,2024-03-29,2023-02-28,2024-02-29,apps:20256/20,DOLENC v. SLOVENIA,20256/20,001-231100,3,HEJUD,Pecuniary damage - award (Article 41 - Pecuniary damage;Just satisfaction),41,2024,negative,published_in_window_not_added_to_guide,apps:20256/20,false,false,clean,easy
6d86f7b0f9c7,Article 4 Protocol 7,2023-09-23,2024-03-29,2023-02-28,2024-02-29,apps:45987/21,ELIBASHVILI v. GEORGIA,45987/21,001-231109,4,HEJUD,Violation of Article 2 - Right to life (Article 2-1 - Effective investigation) (Procedural aspect),2|2-1,2024,negative,published_in_window_not_added_to_guide,apps:45987/21,false,false,clean,easy
6d86f7b0f9c7,Article 4 Protocol 7,2023-09-23,2024-03-29,2023-02-28,2024-02-29,apps:9166/14,"GRATION TREYD, TOV v. UKRAINE",9166/14,001-231089,4,HEJUD,Violation of Article 1 of Protocol No. 1 - Protection of property (Article 1 para. 1 of Protocol No. 1 - Peaceful enjoyment of possessions),P1-1|P1-1-1,2024,negative,published_in_window_not_added_to_guide,apps:9166/14,false,false,clean,easy
6d86f7b0f9c7,Article 4 Protocol 7,2023-09-23,2024-03-29,2023-02-28,2024-02-29,apps:25870/21,GRYAZEV AND OTHERS v. RUSSIA,25870/21|25879/21|25925/21|25926/21|25927/21|25931/21|26045/21|26704/21|26787/21|27834/21|28173/21|28180/21|35656/21|35657/21|35660/21|35664/21|35938/21|35944/21|35947/21|36271/21|37784/21|37790/21|37792/21|37794/21|42351/21|44149/21|44372/21|47450/21|49590/21,001-231106,4,HEJUD,Violation of Article 11 - Freedom of assembly and association (Article 11-1 - Freedom of peaceful assembly);Violation of Article 5 - Right to liberty and security (Article 5-1 - Lawful arrest or detention);Violation of Article 6 - Right to a fair trial (Article 6 - Criminal proceedings;Article 6-1 - Impartial tribunal);Violation of Article 4 of Protocol No. 7 - Right not to be tried or punished twice - {general} (Article 4 of Protocol No. 7 - Right not to be tried or punished twice),11|11-1|5|5-1|6|6-1|P7-4,2024,negative,published_in_window_not_added_to_guide,apps:25870/21,false,false,clean,easy
6d86f7b0f9c7,Article 4 Protocol 7,2023-09-23,2024-03-29,2023-02-28,2024-02-29,apps:54470/21,IVANOV AND OTHERS v. RUSSIA,54470/21|56564/21|59469/21|59525/21|59535/21|59538/21|977/22|3020/22|8022/22|12279/22|13705/22|34656/22|36475/22|36545/22|51268/22,001-231112,4,HEJUD,Violation of Article 11 - Freedom of assembly and association (Article 11-1 - Freedom of peaceful assembly);Violation of Article 5 - Right to liberty and security (Article 5-1 - Lawful arrest or detention);Violation of Article 6 - Right to a fair trial (Article 6 - Criminal proceedings;Article 6-1 - Impartial tribunal),11|11-1|5|5-1|6|6-1,2024,negative,published_in_window_not_added_to_guide,apps:54470/21,false,false,clean,easy
6d86f7b0f9c7,Article 4 Protocol 7,2023-09-23,2024-03-29,2023-02-28,2024-02-29,apps:16974/14,KACZMAREK v. POLAND,16974/14,001-231432,3,HEJUD,Violation of Article 8 - Right to respect for private and family life (Article 8-1 - Respect for correspondence;Respect for private life);Violation of Article 8 - Right to respect for private and family life (Article 8-1 - Respect for private life);Non-pecuniary damage - award (Article 41 - Non-pecuniary damage;Just satisfaction),8|8-1|8-2|41,2024,negative,published_in_window_not_added_to_guide,apps:16974/14,false,false,clean,easy
6d86f7b0f9c7,Article 4 Protocol 7,2023-09-23,2024-03-29,2023-02-28,2024-02-29,apps:35012/19,LUKASHCHUK AND OTHERS v. RUSSIA,35012/19|52734/19|47285/20|50738/20|52777/20|9041/21|13046/21|15402/21|20331/21|20425/21|26035/21|26067/21|26784/21|38254/21|44148/21,001-231099,4,HEJUD,Violation of Article 5 - Right to liberty and security (Article 5-3 - Length of pre-trial detention);Violation of Article 5 - Right to liberty and security (Article 5-4 - Procedural guarantees of review);Violation of Article 5 - Right to liberty and security (Article 5-4 - Speediness of review);Violation of Article 8 - Right to respect for private and family life (Article 8-1 - Respect for family life);Violation of Article 13+8-1 - Right to an effective remedy (Article 13 - Effective remedy) (Article 8 - Right to respect for private and family life;Article 8-1 - Respect for family life);Violation of Article 14+8-1 - Prohibition of discrimination (Article 14 - Discrimination) (Article 8 - Right to respect for private and family life;Article 8-1 - Respect for family life);Violation of Article 3 - Prohibition of torture (Article 3 - Degrading treatment) (Substantive aspect);Violation of Article 3 - Prohibition of torture (Article 3 - Degrading treatment) (Substantive aspect);Violation of Article 13+3 - Right to an effective remedy (Article 13 - Effective remedy) (Article 3 - Prohibition of torture;Degrading treatment);Violation of Article 3 - Prohibition of torture (Article 3 - Degrading treatment),5|5-3|5-4|8|8-1|13|13+8-1|14|14+8-1|3|13+3,2024,negative,published_in_window_not_added_to_guide,apps:35012/19,false,false,clean,easy
6d86f7b0f9c7,Article 4 Protocol 7,2023-09-23,2024-03-29,2023-02-28,2024-02-29,apps:10940/17,M.H. AND S.B. v. HUNGARY,10940/17|15977/17,001-231093,3,HEJUD,Violation of Article 5 - Right to liberty and security (Article 5-1 - Lawful arrest or detention);Non-pecuniary damage - award (Article 41 - Non-pecuniary damage;Just satisfaction),5|5-1|41|5-1-f|5-1-b,2024,negative,published_in_window_not_added_to_guide,apps:10940/17|15977/17,false,false,clean,easy
6d86f7b0f9c7,Article 4 Protocol 7,2023-09-23,2024-03-29,2023-02-28,2024-02-29,apps:47048/21,MAKSIMOVA AND OTHERS v. RUSSIA,47048/21|48482/21|48590/21|48912/21|49892/21|51356/21|51788/21|51793/21|51935/21|52385/21|52480/21|52482/21|53233/21|53500/21|53788/21|53942/21|54069/21|54169/21|54261/21|54267/21|55306/21,001-231110,4,HEJUD,Violation of Article 11 - Freedom of assembly and association (Article 11-1 - Freedom of peaceful assembly);Violation of Article 5 - Right to liberty and security (Article 5-1 - Lawful arrest or detention);Violation of Article 6 - Right to a fair trial (Article 6 - Criminal proceedings;Article 6-1 - Impartial tribunal),11|11-1|5|5-1|6|6-1,2024,negative,published_in_window_not_added_to_guide,apps:47048/21,false,false,clean,easy
6d86f7b0f9c7,Article 4 Protocol 7,2023-09-23,2024-03-29,2023-02-28,2024-02-29,apps:31516/22,MARQUES ÂNGELO v. PORTUGAL,31516/22,001-231114,4,HEJUD,Violation of Article 3 - Prohibition of torture (Article 3 - Degrading treatment) (Substantive aspect);Violation of Article 13+3 - Right to an effective remedy (Article 13 - Effective remedy) (Article 3 - Prohibition of torture;Degrading treatment),3|13|13+3,2024,negative,published_in_window_not_added_to_guide,apps:31516/22,false,false,clean,easy
6d86f7b0f9c7,Article 4 Protocol 7,2023-09-23,2024-03-29,2023-02-28,2024-02-29,apps:46570/18,NURUSHEV AND OTHERS v. RUSSIA,46570/18|36922/21|40459/21|40494/21|40939/21|41407/21|42744/21|43251/21|43835/21|44181/21|45002/21|46947/21|48161/21|50257/21|50278/21|50293/21|51896/21|51994/21|51995/21|52824/21|53232/21|53293/21|53485/21|53491/21|61701/21,001-231097,4,HEJUD,Violation of Article 11 - Freedom of assembly and association (Article 11-1 - Freedom of peaceful assembly);Violation of Article 5 - Right to liberty and security (Article 5-1 - Lawful arrest or detention);Violation of Article 6 - Right to a fair trial (Article 6 - Criminal proceedings;Article 6-1 - Impartial tribunal);Violation of Article 10 - Freedom of expression - {general} (Article 10-1 - Freedom of expression);Violation of Article 2 of Protocol No. 7 - Right of appeal in criminal matters (Article 2 of Protocol No. 7 - Review of conviction),11|11-1|5|5-1|6|6-1|10|10-1|P7-2,2024,negative,published_in_window_not_added_to_guide,apps:46570/18,false,false,clean,easy
6d86f7b0f9c7,Article 4 Protocol 7,2023-09-23,2024-03-29,2023-02-28,2024-02-29,apps:26096/16,PĂILĂ AND OTHERS v. ROMANIA,26096/16|26903/16|27242/16|46144/16|51607/16|66489/16|66507/16|67070/16|71424/16|18113/17,001-231092,4,HEJUD,Struck out of the list (Article 37-1 - Striking out applications),37|37-1,2024,negative,published_in_window_not_added_to_guide,apps:26096/16,false,false,clean,easy
6d86f7b0f9c7,Article 4 Protocol 7,2023-09-23,2024-03-29,2023-02-28,2024-02-29,apps:53209/17,RADOSHEVICH AND OTHERS v. RUSSIA,53209/17|58512/18|13179/21|17191/21|19460/21|20633/21|22029/21|22043/21|25553/21|25614/21|30157/21|32318/21|32586/21|33069/21|35106/21|42144/21|50229/21|51508/21|56837/21|57991/21|61186/21|61737/21|3997/22,001-231096,4,HEJUD,Violation of Article 5 - Right to liberty and security (Article 5-3 - Length of pre-trial detention);Violation of Article 5 - Right to liberty and security (Article 5-4 - Speediness of review);Violation of Article 5 - Right to liberty and security (Article 5-5 - Compensation);Violation of Article 3 - Prohibition of torture (Article 3 - Degrading treatment) (Substantive aspect);Violation of Article 3 - Prohibition of torture (Article 3 - Degrading treatment) (Substantive aspect),5|5-3|5-4|5-5|3,2024,negative,published_in_window_not_added_to_guide,apps:53209/17,false,false,clean,easy
6d86f7b0f9c7,Article 4 Protocol 7,2023-09-23,2024-03-29,2023-02-28,2024-02-29,apps:9429/23,SARIMOVA AND OTHERS v. RUSSIA,9429/23|17782/23|27128/23|27149/23|27193/23|27418/23|27425/23|27454/23|27471/23|27746/23|27818/23|28052/23|28623/23|28633/23|28820/23|29724/23|30208/23,001-231117,4,HEJUD,Violation of Article 11 - Freedom of assembly and association (Article 11-1 - Freedom of peaceful assembly);Violation of Article 5 - Right to liberty and security (Article 5-1 - Lawful arrest or detention),11|11-1|5|5-1,2024,negative,published_in_window_not_added_to_guide,apps:9429/23,false,false,clean,easy
6d86f7b0f9c7,Article 4 Protocol 7,2023-09-23,2024-03-29,2023-02-28,2024-02-29,apps:41877/21,SIMON v. UKRAINE,41877/21,001-231107,4,HEJUD,Violation of Article 3 - Prohibition of torture (Article 3 - Degrading treatment) (Substantive aspect);Violation of Article 13+3 - Right to an effective remedy (Article 13 - Effective remedy) (Article 3 - Prohibition of torture;Degrading treatment),3|13|13+3,2024,negative,published_in_window_not_added_to_guide,apps:41877/21,false,false,clean,easy
6d86f7b0f9c7,Article 4 Protocol 7,2023-09-23,2024-03-29,2023-02-28,2024-02-29,apps:57580/21,SOLOVYEV AND OTHERS v. RUSSIA,57580/21|57641/21|57718/21|58643/21|58669/21|58976/21|59679/21|8032/22|12051/22|12085/22|12300/22|14486/22|19953/22|33271/22|34013/22|36218/22|36242/22|39693/22|44416/22,001-231113,4,HEJUD,Violation of Article 11 - Freedom of assembly and association (Article 11-1 - Freedom of peaceful assembly);Violation of Article 5 - Right to liberty and security (Article 5-1 - Lawful arrest or detention);Violation of Article 6 - Right to a fair trial (Article 6 - Criminal proceedings;Article 6-1 - Impartial tribunal);Violation of Article 2 of Protocol No. 7 - Right of appeal in criminal matters (Article 2 of Protocol No. 7 - Review of conviction),11|11-1|5|5-1|6|6-1|P7-2,2024,negative,published_in_window_not_added_to_guide,apps:57580/21,false,false,clean,easy
6d86f7b0f9c7,Article 4 Protocol 7,2023-09-23,2024-03-29,2023-02-28,2024-02-29,apps:31018/09,VICKTORIA SH.P.K. v. ALBANIA,31018/09,001-231087,4,HEJUD,Violation of Article 6 - Right to a fair trial (Article 6 - Civil proceedings;Article 6-1 - Reasonable time),6|6-1,2024,negative,published_in_window_not_added_to_guide,apps:31018/09,false,false,clean,easy
6d86f7b0f9c7,Article 4 Protocol 7,2023-09-23,2024-03-29,2023-02-28,2024-02-29,apps:62444/10,VLAHOVIĆ v. MONTENEGRO,62444/10,001-231088,4,HEJUD,Violation of Article 6 - Right to a fair trial (Article 6 - Enforcement proceedings;Article 6-1 - Access to court);Violation of Article 1 of Protocol No. 1 - Protection of property (Article 1 para. 1 of Protocol No. 1 - Peaceful enjoyment of possessions),6|6-1|P1-1|P1-1-1,2024,negative,published_in_window_not_added_to_guide,apps:62444/10,false,false,clean,easy
6d86f7b0f9c7,Article 4 Protocol 7,2023-09-23,2024-03-29,2023-02-28,2024-02-29,apps:48029/21,YERMOLAYEVA AND OTHERS v. RUSSIA,48029/21|56658/21|56852/21|56853/21|56856/21|56864/21|56879/21|56900/21|57040/21|57043/21|24857/22|24899/22|24916/22|24999/22|25015/22|25023/22|25179/22,001-231111,4,HEJUD,Violation of Article 11 - Freedom of assembly and association (Article 11-1 - Freedom of peaceful assembly);Violation of Article 5 - Right to liberty and security (Article 5-1 - Lawful arrest or detention);Violation of Article 6 - Right to a fair trial (Article 6 - Criminal proceedings;Article 6-1 - Impartial tribunal);Violation of Article 2 of Protocol No. 7 - Right of appeal in criminal matters (Article 2 of Protocol No. 7 - Review of conviction);Violation of Article 4 of Protocol No. 7 - Right not to be tried or punished twice - {general} (Article 4 of Protocol No. 7 - Right not to be tried or punished twice),11|11-1|5|5-1|6|6-1|P7-2|P7-4,2024,negative,published_in_window_not_added_to_guide,apps:48029/21,false,false,clean,easy
6d86f7b0f9c7,Article 4 Protocol 7,2023-09-23,2024-03-29,2023-02-28,2024-02-29,apps:18371/17,ZHOLONKO AND OTHERS v. UKRAINE,18371/17|1533/18|16154/18|19938/18,001-231094,4,HEJUD,Violation of Article 6 - Right to a fair trial (Article 6 - Civil proceedings;Article 6-1 - Reasonable time);Violation of Article 13+6-1 - Right to an effective remedy (Article 13 - Effective remedy) (Article 6 - Right to a fair trial;Civil proceedings;Article 6-1 - Reasonable time),6|6-1|13|13+6-1,2024,negative,published_in_window_not_added_to_guide,apps:18371/17,false,false,clean,easy
6d86f7b0f9c7,Article 4 Protocol 7,2023-09-23,2024-03-29,2023-02-28,2024-02-29,apps:47784/18,ZINCHENKO AND OTHERS v. RUSSIA,47784/18|10432/21|13424/21|21468/21|23408/21|26290/21|39209/21|43268/21|45077/21|45349/21|46352/21|46493/21|47071/21|47148/21|49242/21|49500/21|49632/21|56424/21|56623/21|57204/21|57907/21|45469/22,001-231098,4,HEJUD,Violation of Article 11 - Freedom of assembly and association (Article 11-1 - Freedom of peaceful assembly);Violation of Article 5 - Right to liberty and security (Article 5-1 - Lawful arrest or detention);Violation of Article 6 - Right to a fair trial (Article 6 - Criminal proceedings;Article 6-1 - Impartial tribunal);Violation of Article 8 - Right to respect for private and family life (Article 8-1 - Respect for private life);Violation of Article 10 - Freedom of expression - {general} (Article 10-1 - Freedom of expression);Violation of Article 10 - Freedom of expression - {general} (Article 10-1 - Freedom of expression);Violation of Article 10 - Freedom of expression - {general} (Article 10-1 - Freedom of expression);Violation of Article 10 - Freedom of expression - {general} (Article 10-1 - Freedom of expression);Violation of Article 10 - Freedom of expression - {general} (Article 10-1 - Freedom of expression);Violation of Article 2 of Protocol No. 7 - Right of appeal in criminal matters (Article 2 of Protocol No. 7 - Review of conviction);Violation of Article 4 of Protocol No. 7 - Right not to be tried or punished twice - {general} (Article 4 of Protocol No. 7 - Right not to be tried or punished twice),11|11-1|5|5-1|6|6-1|8|8-1|10|10-1|P7-2|P7-4,2024,negative,published_in_window_not_added_to_guide,apps:47784/18,false,false,clean,easy
6d86f7b0f9c7,Article 4 Protocol 7,2023-09-23,2024-03-29,2023-02-28,2024-02-29,apps:19657/18,M.J. v. AZERBAIJAN,19657/18,001-231880,4,HEDEC,Inadmissible,3|5|5-1-f|13|35,2024,negative,published_in_window_not_added_to_guide,apps:19657/18,false,false,clean,easy
6d86f7b0f9c7,Article 4 Protocol 7,2023-09-23,2024-03-29,2023-02-28,2024-02-29,apps:56716/16,TALIBOVA v. AZERBAIJAN,56716/16,001-231868,4,HEDEC,Inadmissible,8|8-1|8-2|13|35,2024,negative,published_in_window_not_added_to_guide,apps:56716/16,false,false,clean,easy
6d86f7b0f9c7,Article 4 Protocol 7,2023-09-23,2024-03-29,2023-02-28,2024-02-29,apps:62157/13,BECALI AND CIOFLINĂ v. ROMANIA,62157/13,001-231358,4,HEJUD,Violation of Article 6 - Right to a fair trial (Article 6 - Criminal proceedings;Article 6-1 - Reasonable time),6|6-1,2024,negative,published_in_window_not_added_to_guide,apps:62157/13,false,false,clean,easy
6d86f7b0f9c7,Article 4 Protocol 7,2023-09-23,2024-03-29,2023-02-28,2024-02-29,apps:16915/21,DANILEŢ v. ROMANIA,16915/21,001-231394,3,HEJUD,Remainder inadmissible (Art. 35) Admissibility criteria;(Art. 35-3-a) Ratione materiae;Violation of Article 10 - Freedom of expression - {general} (Article 10-1 - Freedom of expression),35|35-3-a|10|10-1|10-2,2024,negative,published_in_window_not_added_to_guide,apps:16915/21,false,false,clean,easy
6d86f7b0f9c7,Article 4 Protocol 7,2023-09-23,2024-03-29,2023-02-28,2024-02-29,apps:48340/20,DEDE v. TÜRKİYE,48340/20,001-231332,3,HEJUD,Violation of Article 10 - Freedom of expression - {general} (Article 10 - Positive obligations;Article 10-1 - Freedom of expression);Pecuniary damage - claim dismissed (Article 41 - Pecuniary damage;Just satisfaction);Non-pecuniary damage - award (Article 41 - Non-pecuniary damage;Just satisfaction),10|10-1|10-2|41,2024,negative,published_in_window_not_added_to_guide,apps:48340/20,false,false,clean,easy
6d86f7b0f9c7,Article 4 Protocol 7,2023-09-23,2024-03-29,2023-02-28,2024-02-29,apps:53162/21,DIACONEASA v. ROMANIA,53162/21,001-231085,3,HEJUD,Violation of Article 8 - Right to respect for private and family life (Article 8-1 - Respect for private life);Pecuniary damage - claim dismissed (Article 41 - Pecuniary damage;Just satisfaction);Non-pecuniary damage - award (Article 41 - Non-pecuniary damage;Just satisfaction),8|8-1|8-2|41,2024,negative,published_in_window_not_added_to_guide,apps:53162/21,false,false,clean,easy
726c25db1ffb,Article 17,2023-09-23,2024-04-09,2023-02-28,2024-02-29,apps:45205/22,ATAMANOVA AND OTHERS v. RUSSIA,45205/22|54946/22|54948/22|55947/22|56895/22|56896/22|57263/22|57336/22|57720/22|57727/22|849/23|1062/23|1522/23|1830/23|1837/23|2030/23|2076/23|2362/23|3659/23|3822/23|3832/23|4681/23|4915/23|4981/23|6735/23,001-231115,4,HEJUD,Violation of Article 11 - Freedom of assembly and association (Article 11-1 - Freedom of peaceful assembly);Violation of Article 5 - Right to liberty and security (Article 5-1 - Lawful arrest or detention);Violation of Article 6 - Right to a fair trial (Article 6 - Criminal proceedings;Article 6-1 - Impartial tribunal),11|11-1|5|5-1|6|6-1,2024,negative,published_in_window_not_added_to_guide,apps:45205/22,false,false,clean,easy
726c25db1ffb,Article 17,2023-09-23,2024-04-09,2023-02-28,2024-02-29,apps:7827/23,BARKÓCZI AND OTHERS v. HUNGARY,7827/23|11448/23|14147/23|15915/23|19252/23|22512/23|24646/23|25257/23,001-231116,4,HEJUD,Violation of Article 6 - Right to a fair trial (Article 6 - Civil proceedings;Article 6-1 - Reasonable time);Violation of Article 13+6-1 - Right to an effective remedy (Article 13 - Effective remedy) (Article 6 - Right to a fair trial;Civil proceedings;Article 6-1 - Reasonable time),6|6-1|13|13+6-1,2024,negative,published_in_window_not_added_to_guide,apps:7827/23,false,false,clean,easy
726c25db1ffb,Article 17,2023-09-23,2024-04-09,2023-02-28,2024-02-29,apps:13072/23,BONUM TEAM KFT AND CSURAI v. HUNGARY,13072/23|13122/23,001-231118,4,HEJUD,Violation of Article 6 - Right to a fair trial (Article 6 - Civil proceedings;Article 6-1 - Reasonable time),6|6-1,2024,negative,published_in_window_not_added_to_guide,apps:13072/23,false,false,clean,easy
726c25db1ffb,Article 17,2023-09-23,2024-04-09,2023-02-28,2024-02-29,apps:20256/20,DOLENC v. SLOVENIA,20256/20,001-231100,3,HEJUD,Pecuniary damage - award (Article 41 - Pecuniary damage;Just satisfaction),41,2024,negative,published_in_window_not_added_to_guide,apps:20256/20,false,false,clean,easy
726c25db1ffb,Article 17,2023-09-23,2024-04-09,2023-02-28,2024-02-29,apps:45987/21,ELIBASHVILI v. GEORGIA,45987/21,001-231109,4,HEJUD,Violation of Article 2 - Right to life (Article 2-1 - Effective investigation) (Procedural aspect),2|2-1,2024,negative,published_in_window_not_added_to_guide,apps:45987/21,false,false,clean,easy
726c25db1ffb,Article 17,2023-09-23,2024-04-09,2023-02-28,2024-02-29,apps:9166/14,"GRATION TREYD, TOV v. UKRAINE",9166/14,001-231089,4,HEJUD,Violation of Article 1 of Protocol No. 1 - Protection of property (Article 1 para. 1 of Protocol No. 1 - Peaceful enjoyment of possessions),P1-1|P1-1-1,2024,negative,published_in_window_not_added_to_guide,apps:9166/14,false,false,clean,easy
726c25db1ffb,Article 17,2023-09-23,2024-04-09,2023-02-28,2024-02-29,apps:25870/21,GRYAZEV AND OTHERS v. RUSSIA,25870/21|25879/21|25925/21|25926/21|25927/21|25931/21|26045/21|26704/21|26787/21|27834/21|28173/21|28180/21|35656/21|35657/21|35660/21|35664/21|35938/21|35944/21|35947/21|36271/21|37784/21|37790/21|37792/21|37794/21|42351/21|44149/21|44372/21|47450/21|49590/21,001-231106,4,HEJUD,Violation of Article 11 - Freedom of assembly and association (Article 11-1 - Freedom of peaceful assembly);Violation of Article 5 - Right to liberty and security (Article 5-1 - Lawful arrest or detention);Violation of Article 6 - Right to a fair trial (Article 6 - Criminal proceedings;Article 6-1 - Impartial tribunal);Violation of Article 4 of Protocol No. 7 - Right not to be tried or punished twice - {general} (Article 4 of Protocol No. 7 - Right not to be tried or punished twice),11|11-1|5|5-1|6|6-1|P7-4,2024,negative,published_in_window_not_added_to_guide,apps:25870/21,false,false,clean,easy
726c25db1ffb,Article 17,2023-09-23,2024-04-09,2023-02-28,2024-02-29,apps:54470/21,IVANOV AND OTHERS v. RUSSIA,54470/21|56564/21|59469/21|59525/21|59535/21|59538/21|977/22|3020/22|8022/22|12279/22|13705/22|34656/22|36475/22|36545/22|51268/22,001-231112,4,HEJUD,Violation of Article 11 - Freedom of assembly and association (Article 11-1 - Freedom of peaceful assembly);Violation of Article 5 - Right to liberty and security (Article 5-1 - Lawful arrest or detention);Violation of Article 6 - Right to a fair trial (Article 6 - Criminal proceedings;Article 6-1 - Impartial tribunal),11|11-1|5|5-1|6|6-1,2024,negative,published_in_window_not_added_to_guide,apps:54470/21,false,false,clean,easy
726c25db1ffb,Article 17,2023-09-23,2024-04-09,2023-02-28,2024-02-29,apps:16974/14,KACZMAREK v. POLAND,16974/14,001-231432,3,HEJUD,Violation of Article 8 - Right to respect for private and family life (Article 8-1 - Respect for correspondence;Respect for private life);Violation of Article 8 - Right to respect for private and family life (Article 8-1 - Respect for private life);Non-pecuniary damage - award (Article 41 - Non-pecuniary damage;Just satisfaction),8|8-1|8-2|41,2024,negative,published_in_window_not_added_to_guide,apps:16974/14,false,false,clean,easy
726c25db1ffb,Article 17,2023-09-23,2024-04-09,2023-02-28,2024-02-29,apps:35012/19,LUKASHCHUK AND OTHERS v. RUSSIA,35012/19|52734/19|47285/20|50738/20|52777/20|9041/21|13046/21|15402/21|20331/21|20425/21|26035/21|26067/21|26784/21|38254/21|44148/21,001-231099,4,HEJUD,Violation of Article 5 - Right to liberty and security (Article 5-3 - Length of pre-trial detention);Violation of Article 5 - Right to liberty and security (Article 5-4 - Procedural guarantees of review);Violation of Article 5 - Right to liberty and security (Article 5-4 - Speediness of review);Violation of Article 8 - Right to respect for private and family life (Article 8-1 - Respect for family life);Violation of Article 13+8-1 - Right to an effective remedy (Article 13 - Effective remedy) (Article 8 - Right to respect for private and family life;Article 8-1 - Respect for family life);Violation of Article 14+8-1 - Prohibition of discrimination (Article 14 - Discrimination) (Article 8 - Right to respect for private and family life;Article 8-1 - Respect for family life);Violation of Article 3 - Prohibition of torture (Article 3 - Degrading treatment) (Substantive aspect);Violation of Article 3 - Prohibition of torture (Article 3 - Degrading treatment) (Substantive aspect);Violation of Article 13+3 - Right to an effective remedy (Article 13 - Effective remedy) (Article 3 - Prohibition of torture;Degrading treatment);Violation of Article 3 - Prohibition of torture (Article 3 - Degrading treatment),5|5-3|5-4|8|8-1|13|13+8-1|14|14+8-1|3|13+3,2024,negative,published_in_window_not_added_to_guide,apps:35012/19,false,false,clean,easy
726c25db1ffb,Article 17,2023-09-23,2024-04-09,2023-02-28,2024-02-29,apps:10940/17,M.H. AND S.B. v. HUNGARY,10940/17|15977/17,001-231093,3,HEJUD,Violation of Article 5 - Right to liberty and security (Article 5-1 - Lawful arrest or detention);Non-pecuniary damage - award (Article 41 - Non-pecuniary damage;Just satisfaction),5|5-1|41|5-1-f|5-1-b,2024,negative,published_in_window_not_added_to_guide,apps:10940/17|15977/17,false,false,clean,easy
726c25db1ffb,Article 17,2023-09-23,2024-04-09,2023-02-28,2024-02-29,apps:47048/21,MAKSIMOVA AND OTHERS v. RUSSIA,47048/21|48482/21|48590/21|48912/21|49892/21|51356/21|51788/21|51793/21|51935/21|52385/21|52480/21|52482/21|53233/21|53500/21|53788/21|53942/21|54069/21|54169/21|54261/21|54267/21|55306/21,001-231110,4,HEJUD,Violation of Article 11 - Freedom of assembly and association (Article 11-1 - Freedom of peaceful assembly);Violation of Article 5 - Right to liberty and security (Article 5-1 - Lawful arrest or detention);Violation of Article 6 - Right to a fair trial (Article 6 - Criminal proceedings;Article 6-1 - Impartial tribunal),11|11-1|5|5-1|6|6-1,2024,negative,published_in_window_not_added_to_guide,apps:47048/21,false,false,clean,easy
726c25db1ffb,Article 17,2023-09-23,2024-04-09,2023-02-28,2024-02-29,apps:31516/22,MARQUES ÂNGELO v. PORTUGAL,31516/22,001-231114,4,HEJUD,Violation of Article 3 - Prohibition of torture (Article 3 - Degrading treatment) (Substantive aspect);Violation of Article 13+3 - Right to an effective remedy (Article 13 - Effective remedy) (Article 3 - Prohibition of torture;Degrading treatment),3|13|13+3,2024,negative,published_in_window_not_added_to_guide,apps:31516/22,false,false,clean,easy
726c25db1ffb,Article 17,2023-09-23,2024-04-09,2023-02-28,2024-02-29,apps:46570/18,NURUSHEV AND OTHERS v. RUSSIA,46570/18|36922/21|40459/21|40494/21|40939/21|41407/21|42744/21|43251/21|43835/21|44181/21|45002/21|46947/21|48161/21|50257/21|50278/21|50293/21|51896/21|51994/21|51995/21|52824/21|53232/21|53293/21|53485/21|53491/21|61701/21,001-231097,4,HEJUD,Violation of Article 11 - Freedom of assembly and association (Article 11-1 - Freedom of peaceful assembly);Violation of Article 5 - Right to liberty and security (Article 5-1 - Lawful arrest or detention);Violation of Article 6 - Right to a fair trial (Article 6 - Criminal proceedings;Article 6-1 - Impartial tribunal);Violation of Article 10 - Freedom of expression - {general} (Article 10-1 - Freedom of expression);Violation of Article 2 of Protocol No. 7 - Right of appeal in criminal matters (Article 2 of Protocol No. 7 - Review of conviction),11|11-1|5|5-1|6|6-1|10|10-1|P7-2,2024,negative,published_in_window_not_added_to_guide,apps:46570/18,false,false,clean,easy
726c25db1ffb,Article 17,2023-09-23,2024-04-09,2023-02-28,2024-02-29,apps:26096/16,PĂILĂ AND OTHERS v. ROMANIA,26096/16|26903/16|27242/16|46144/16|51607/16|66489/16|66507/16|67070/16|71424/16|18113/17,001-231092,4,HEJUD,Struck out of the list (Article 37-1 - Striking out applications),37|37-1,2024,negative,published_in_window_not_added_to_guide,apps:26096/16,false,false,clean,easy
726c25db1ffb,Article 17,2023-09-23,2024-04-09,2023-02-28,2024-02-29,apps:53209/17,RADOSHEVICH AND OTHERS v. RUSSIA,53209/17|58512/18|13179/21|17191/21|19460/21|20633/21|22029/21|22043/21|25553/21|25614/21|30157/21|32318/21|32586/21|33069/21|35106/21|42144/21|50229/21|51508/21|56837/21|57991/21|61186/21|61737/21|3997/22,001-231096,4,HEJUD,Violation of Article 5 - Right to liberty and security (Article 5-3 - Length of pre-trial detention);Violation of Article 5 - Right to liberty and security (Article 5-4 - Speediness of review);Violation of Article 5 - Right to liberty and security (Article 5-5 - Compensation);Violation of Article 3 - Prohibition of torture (Article 3 - Degrading treatment) (Substantive aspect);Violation of Article 3 - Prohibition of torture (Article 3 - Degrading treatment) (Substantive aspect),5|5-3|5-4|5-5|3,2024,negative,published_in_window_not_added_to_guide,apps:53209/17,false,false,clean,easy
726c25db1ffb,Article 17,2023-09-23,2024-04-09,2023-02-28,2024-02-29,apps:9429/23,SARIMOVA AND OTHERS v. RUSSIA,9429/23|17782/23|27128/23|27149/23|27193/23|27418/23|27425/23|27454/23|27471/23|27746/23|27818/23|28052/23|28623/23|28633/23|28820/23|29724/23|30208/23,001-231117,4,HEJUD,Violation of Article 11 - Freedom of assembly and association (Article 11-1 - Freedom of peaceful assembly);Violation of Article 5 - Right to liberty and security (Article 5-1 - Lawful arrest or detention),11|11-1|5|5-1,2024,negative,published_in_window_not_added_to_guide,apps:9429/23,false,false,clean,easy
726c25db1ffb,Article 17,2023-09-23,2024-04-09,2023-02-28,2024-02-29,apps:41877/21,SIMON v. UKRAINE,41877/21,001-231107,4,HEJUD,Violation of Article 3 - Prohibition of torture (Article 3 - Degrading treatment) (Substantive aspect);Violation of Article 13+3 - Right to an effective remedy (Article 13 - Effective remedy) (Article 3 - Prohibition of torture;Degrading treatment),3|13|13+3,2024,negative,published_in_window_not_added_to_guide,apps:41877/21,false,false,clean,easy
726c25db1ffb,Article 17,2023-09-23,2024-04-09,2023-02-28,2024-02-29,apps:57580/21,SOLOVYEV AND OTHERS v. RUSSIA,57580/21|57641/21|57718/21|58643/21|58669/21|58976/21|59679/21|8032/22|12051/22|12085/22|12300/22|14486/22|19953/22|33271/22|34013/22|36218/22|36242/22|39693/22|44416/22,001-231113,4,HEJUD,Violation of Article 11 - Freedom of assembly and association (Article 11-1 - Freedom of peaceful assembly);Violation of Article 5 - Right to liberty and security (Article 5-1 - Lawful arrest or detention);Violation of Article 6 - Right to a fair trial (Article 6 - Criminal proceedings;Article 6-1 - Impartial tribunal);Violation of Article 2 of Protocol No. 7 - Right of appeal in criminal matters (Article 2 of Protocol No. 7 - Review of conviction),11|11-1|5|5-1|6|6-1|P7-2,2024,negative,published_in_window_not_added_to_guide,apps:57580/21,false,false,clean,easy
726c25db1ffb,Article 17,2023-09-23,2024-04-09,2023-02-28,2024-02-29,apps:31018/09,VICKTORIA SH.P.K. v. ALBANIA,31018/09,001-231087,4,HEJUD,Violation of Article 6 - Right to a fair trial (Article 6 - Civil proceedings;Article 6-1 - Reasonable time),6|6-1,2024,negative,published_in_window_not_added_to_guide,apps:31018/09,false,false,clean,easy
726c25db1ffb,Article 17,2023-09-23,2024-04-09,2023-02-28,2024-02-29,apps:62444/10,VLAHOVIĆ v. MONTENEGRO,62444/10,001-231088,4,HEJUD,Violation of Article 6 - Right to a fair trial (Article 6 - Enforcement proceedings;Article 6-1 - Access to court);Violation of Article 1 of Protocol No. 1 - Protection of property (Article 1 para. 1 of Protocol No. 1 - Peaceful enjoyment of possessions),6|6-1|P1-1|P1-1-1,2024,negative,published_in_window_not_added_to_guide,apps:62444/10,false,false,clean,easy
726c25db1ffb,Article 17,2023-09-23,2024-04-09,2023-02-28,2024-02-29,apps:48029/21,YERMOLAYEVA AND OTHERS v. RUSSIA,48029/21|56658/21|56852/21|56853/21|56856/21|56864/21|56879/21|56900/21|57040/21|57043/21|24857/22|24899/22|24916/22|24999/22|25015/22|25023/22|25179/22,001-231111,4,HEJUD,Violation of Article 11 - Freedom of assembly and association (Article 11-1 - Freedom of peaceful assembly);Violation of Article 5 - Right to liberty and security (Article 5-1 - Lawful arrest or detention);Violation of Article 6 - Right to a fair trial (Article 6 - Criminal proceedings;Article 6-1 - Impartial tribunal);Violation of Article 2 of Protocol No. 7 - Right of appeal in criminal matters (Article 2 of Protocol No. 7 - Review of conviction);Violation of Article 4 of Protocol No. 7 - Right not to be tried or punished twice - {general} (Article 4 of Protocol No. 7 - Right not to be tried or punished twice),11|11-1|5|5-1|6|6-1|P7-2|P7-4,2024,negative,published_in_window_not_added_to_guide,apps:48029/21,false,false,clean,easy
726c25db1ffb,Article 17,2023-09-23,2024-04-09,2023-02-28,2024-02-29,apps:18371/17,ZHOLONKO AND OTHERS v. UKRAINE,18371/17|1533/18|16154/18|19938/18,001-231094,4,HEJUD,Violation of Article 6 - Right to a fair trial (Article 6 - Civil proceedings;Article 6-1 - Reasonable time);Violation of Article 13+6-1 - Right to an effective remedy (Article 13 - Effective remedy) (Article 6 - Right to a fair trial;Civil proceedings;Article 6-1 - Reasonable time),6|6-1|13|13+6-1,2024,negative,published_in_window_not_added_to_guide,apps:18371/17,false,false,clean,easy
726c25db1ffb,Article 17,2023-09-23,2024-04-09,2023-02-28,2024-02-29,apps:47784/18,ZINCHENKO AND OTHERS v. RUSSIA,47784/18|10432/21|13424/21|21468/21|23408/21|26290/21|39209/21|43268/21|45077/21|45349/21|46352/21|46493/21|47071/21|47148/21|49242/21|49500/21|49632/21|56424/21|56623/21|57204/21|57907/21|45469/22,001-231098,4,HEJUD,Violation of Article 11 - Freedom of assembly and association (Article 11-1 - Freedom of peaceful assembly);Violation of Article 5 - Right to liberty and security (Article 5-1 - Lawful arrest or detention);Violation of Article 6 - Right to a fair trial (Article 6 - Criminal proceedings;Article 6-1 - Impartial tribunal);Violation of Article 8 - Right to respect for private and family life (Article 8-1 - Respect for private life);Violation of Article 10 - Freedom of expression - {general} (Article 10-1 - Freedom of expression);Violation of Article 10 - Freedom of expression - {general} (Article 10-1 - Freedom of expression);Violation of Article 10 - Freedom of expression - {general} (Article 10-1 - Freedom of expression);Violation of Article 10 - Freedom of expression - {general} (Article 10-1 - Freedom of expression);Violation of Article 10 - Freedom of expression - {general} (Article 10-1 - Freedom of expression);Violation of Article 2 of Protocol No. 7 - Right of appeal in criminal matters (Article 2 of Protocol No. 7 - Review of conviction);Violation of Article 4 of Protocol No. 7 - Right not to be tried or punished twice - {general} (Article 4 of Protocol No. 7 - Right not to be tried or punished twice),11|11-1|5|5-1|6|6-1|8|8-1|10|10-1|P7-2|P7-4,2024,negative,published_in_window_not_added_to_guide,apps:47784/18,false,false,clean,easy
726c25db1ffb,Article 17,2023-09-23,2024-04-09,2023-02-28,2024-02-29,apps:19657/18,M.J. v. AZERBAIJAN,19657/18,001-231880,4,HEDEC,Inadmissible,3|5|5-1-f|13|35,2024,negative,published_in_window_not_added_to_guide,apps:19657/18,false,false,clean,easy
726c25db1ffb,Article 17,2023-09-23,2024-04-09,2023-02-28,2024-02-29,apps:56716/16,TALIBOVA v. AZERBAIJAN,56716/16,001-231868,4,HEDEC,Inadmissible,8|8-1|8-2|13|35,2024,negative,published_in_window_not_added_to_guide,apps:56716/16,false,false,clean,easy
726c25db1ffb,Article 17,2023-09-23,2024-04-09,2023-02-28,2024-02-29,apps:62157/13,BECALI AND CIOFLINĂ v. ROMANIA,62157/13,001-231358,4,HEJUD,Violation of Article 6 - Right to a fair trial (Article 6 - Criminal proceedings;Article 6-1 - Reasonable time),6|6-1,2024,negative,published_in_window_not_added_to_guide,apps:62157/13,false,false,clean,easy
726c25db1ffb,Article 17,2023-09-23,2024-04-09,2023-02-28,2024-02-29,apps:16915/21,DANILEŢ v. ROMANIA,16915/21,001-231394,3,HEJUD,Remainder inadmissible (Art. 35) Admissibility criteria;(Art. 35-3-a) Ratione materiae;Violation of Article 10 - Freedom of expression - {general} (Article 10-1 - Freedom of expression),35|35-3-a|10|10-1|10-2,2024,negative,published_in_window_not_added_to_guide,apps:16915/21,false,false,clean,easy
726c25db1ffb,Article 17,2023-09-23,2024-04-09,2023-02-28,2024-02-29,apps:48340/20,DEDE v. TÜRKİYE,48340/20,001-231332,3,HEJUD,Violation of Article 10 - Freedom of expression - {general} (Article 10 - Positive obligations;Article 10-1 - Freedom of expression);Pecuniary damage - claim dismissed (Article 41 - Pecuniary damage;Just satisfaction);Non-pecuniary damage - award (Article 41 - Non-pecuniary damage;Just satisfaction),10|10-1|10-2|41,2024,negative,published_in_window_not_added_to_guide,apps:48340/20,false,false,clean,easy
726c25db1ffb,Article 17,2023-09-23,2024-04-09,2023-02-28,2024-02-29,apps:53162/21,DIACONEASA v. ROMANIA,53162/21,001-231085,3,HEJUD,Violation of Article 8 - Right to respect for private and family life (Article 8-1 - Respect for private life);Pecuniary damage - claim dismissed (Article 41 - Pecuniary damage;Just satisfaction);Non-pecuniary damage - award (Article 41 - Non-pecuniary damage;Just satisfaction),8|8-1|8-2|41,2024,negative,published_in_window_not_added_to_guide,apps:53162/21,false,false,clean,easy
762f0abff297,Article 4,2023-09-23,2024-09-30,2023-02-28,2024-08-31,apps:40776/16,GANUSHCHAK v. UKRAINE,40776/16,001-235471,4,HEJUD,Violation of Article 1 of Protocol No. 1 - Protection of property (Article 1 para. 1 of Protocol No. 1 - Peaceful enjoyment of possessions),P1-1|P1-1-1,2024,negative,published_in_window_not_added_to_guide,apps:40776/16,false,false,clean,easy
762f0abff297,Article 4,2023-09-23,2024-09-30,2023-02-28,2024-08-31,apps:59464/21,KHACHAPURIDZE AND KHACHIDZE v. GEORGIA,59464/21|13079/22,001-235474,3,HEJUD,Remainder inadmissible (Art. 35) Admissibility criteria;(Art. 35-3-a) Manifestly ill-founded;Violation of Article 6+6-3 - Right to a fair trial (Article 6 - Criminal proceedings;Article 6-1 - Fair hearing) (Article 6 - Right to a fair trial;Article 6-3 - Rights of defence;Article 6-3-c - Defence in person;Article 6-3-d - Examination of witnesses;Obtain attendance of witnesses);Non-pecuniary damage - award (Article 41 - Non-pecuniary damage;Just satisfaction),35|35-3-a|6|6+6-3|6-3|6-3-c|6-3-d|6-1|41,2024,negative,published_in_window_not_added_to_guide,apps:59464/21|13079/22,false,false,clean,easy
762f0abff297,Article 4,2023-09-23,2024-09-30,2023-02-28,2024-08-31,apps:12767/21,LEFEBVRE v. FRANCE,12767/21,001-235724,4,HEJUD,No violation of Article 10 - Freedom of expression - {general} (Article 10-1 - Freedom of expression),10|10-1,2024,negative,published_in_window_not_added_to_guide,apps:12767/21,false,false,clean,easy
762f0abff297,Article 4,2023-09-23,2024-09-30,2023-02-28,2024-08-31,apps:24622/22,PASQUINELLI AND OTHERS v. SAN MARINO,24622/22,001-235475,1,HEJUD,Remainder inadmissible (Art. 35) Admissibility criteria;(Art. 35-3-a) Manifestly ill-founded;(Art. 35-3-a) Ratione materiae;(Art. 35-3-a) Ratione personae;No violation of Article 8 - Right to respect for private and family life (Article 8-1 - Respect for private life),35|35-3-a|8|8-1|8-2,2024,negative,published_in_window_not_added_to_guide,apps:24622/22,false,false,clean,easy
762f0abff297,Article 4,2023-09-23,2024-09-30,2023-02-28,2024-08-31,apps:44681/21,TSULUKIDZE AND RUSULASHVILI v. GEORGIA,44681/21|17256/22,001-235473,3,HEJUD,Violation of Article 6 - Right to a fair trial (Article 6 - Civil proceedings;Article 6-1 - Impartial tribunal);Pecuniary damage - claim dismissed (Article 41 - Pecuniary damage;Just satisfaction);Non-pecuniary damage - award (Article 41 - Non-pecuniary damage;Just satisfaction),6|6-1|41,2024,negative,published_in_window_not_added_to_guide,apps:44681/21|17256/22,false,false,clean,easy
762f0abff297,Article 4,2023-09-23,2024-09-30,2023-02-28,2024-08-31,apps:33394/12,THE MEDIA RIGHTS INSTITUTE v. AZERBAIJAN,33394/12,001-236074,4,HEDEC,Inadmissible,6|6-1|10|35,2024,negative,published_in_window_not_added_to_guide,apps:33394/12,false,false,clean,easy
762f0abff297,Article 4,2023-09-23,2024-09-30,2023-02-28,2024-08-31,apps:28540/20,AHMED v. THE UNITED KINGDOM,28540/20,001-236079,4,HEDEC,Inadmissible,8|14|14+8|35,2024,negative,published_in_window_not_added_to_guide,apps:28540/20,false,false,clean,easy
762f0abff297,Article 4,2023-09-23,2024-09-30,2023-02-28,2024-08-31,apps:50058/12,B.D. v. BELGIUM,50058/12,001-235698,4,HEJUD,Violation of Article 5 - Right to liberty and security (Article 5-4 - Review of lawfulness of detention);Violation of Article 5 - Right to liberty and security (Article 5-1 - Lawful arrest or detention),5|5-4|5-1,2024,negative,published_in_window_not_added_to_guide,apps:50058/12,false,false,clean,easy
762f0abff297,Article 4,2023-09-23,2024-09-30,2023-02-28,2024-08-31,apps:20007/22,BIELAU v. AUSTRIA,20007/22,001-235470,3,HEJUD,No violation of Article 10 - Freedom of expression - {general},10|10-2|2|8,2024,negative,published_in_window_not_added_to_guide,apps:20007/22,false,false,clean,easy
762f0abff297,Article 4,2023-09-23,2024-09-30,2023-02-28,2024-08-31,apps:15028/16,HRACHYA HARUTYUNYAN v. ARMENIA,15028/16,001-235467,3,HEJUD,Violation of Article 10 - Freedom of expression - {general} (Article 10-1 - Freedom of expression);Pecuniary damage - reserved (Article 41 - Pecuniary damage;Just satisfaction);Non-pecuniary damage - award (Article 41 - Non-pecuniary damage;Just satisfaction),10|10-1|10-2|41,2024,negative,published_in_window_not_added_to_guide,apps:15028/16,false,false,clean,easy
762f0abff297,Article 4,2023-09-23,2024-09-30,2023-02-28,2024-08-31,apps:32887/19,İ.G. v. TÜRKİYE,32887/19,001-235468,3,HEJUD,Preliminary objection joined to merits and dismissed (Art. 34) Individual applications;(Art. 34) Victim;Violation of Article 3 - Prohibition of torture (Article 3 - Effective investigation;Positive obligations) (Procedural aspect),34|3,2024,negative,published_in_window_not_added_to_guide,apps:32887/19,false,false,clean,easy
762f0abff297,Article 4,2023-09-23,2024-09-30,2023-02-28,2024-08-31,apps:28791/10,NAMIK YÜKSEL v. TÜRKİYE,28791/10,001-235465,3,HEJUD,No violation of Article 8 - Right to respect for private and family life (Article 8-1 - Respect for family life),8|8-1|8-2,2024,negative,published_in_window_not_added_to_guide,apps:28791/10,false,false,clean,easy
762f0abff297,Article 4,2023-09-23,2024-09-30,2023-02-28,2024-08-31,apps:989/18,W.R. v. THE NETHERLANDS,989/18,001-235346,4,HEJUD,No violation of Article 6 - Right to a fair trial (Article 6-1 - Fair hearing;Article 6-3-c - Defence through legal assistance),6|6-1|6-3-c,2024,negative,published_in_window_not_added_to_guide,apps:989/18,false,false,clean,easy
762f0abff297,Article 4,2023-09-23,2024-09-30,2023-02-28,2024-08-31,apps:17389/20,YASAK v. TÜRKİYE,17389/20,001-235709,3,HEJUD,Remainder inadmissible (Art. 35) Admissibility criteria;(Art. 35-1) Exhaustion of domestic remedies;No violation of Article 3 - Prohibition of torture (Article 3 - Degrading treatment;Inhuman treatment) (Substantive aspect);No violation of Article 7 - No punishment without law (Article 7-1 - Nulla poena sine lege;Nullum crimen sine lege),35|35-1|3|7|7-1,2024,negative,published_in_window_not_added_to_guide,apps:17389/20,false,false,clean,easy
762f0abff297,Article 4,2023-09-23,2024-09-30,2023-02-28,2024-08-31,apps:35780/18,LONGO v. ITALY,35780/18,001-235959,4,HEDEC,Inadmissible,6|6-1|7|7-1|P1-1|35,2024,negative,published_in_window_not_added_to_guide,apps:35780/18,false,false,clean,easy
762f0abff297,Article 4,2023-09-23,2024-09-30,2023-02-28,2024-08-31,apps:22463/17,S.B. AND OTHERS v. SERBIA,22463/17,001-236075,4,HEDEC,Inadmissible,3|5|5-1|5-2|35,2024,negative,published_in_window_not_added_to_guide,apps:22463/17,false,false,clean,easy
762f0abff297,Article 4,2023-09-23,2024-09-30,2023-02-28,2024-08-31,apps:2327/20,COUSO PERMUY v. SPAIN,2327/20,001-235144,3,HEJUD,No violation of Article 6 - Right to a fair trial (Article 6 - Civil proceedings;Article 6-1 - Access to court),6|6-1|1,2024,negative,published_in_window_not_added_to_guide,apps:2327/20,false,false,clean,easy
762f0abff297,Article 4,2023-09-23,2024-09-30,2023-02-28,2024-08-31,apps:34210/19,D.H. AND OTHERS v. SWEDEN,34210/19,001-235142,3,HEJUD,Remainder inadmissible (Art. 35) Admissibility criteria;(Art. 35-3-a) Manifestly ill-founded;(Art. 35-3-a) Ratione materiae;No violation of Article 8 - Right to respect for private and family life (Article 8 - Positive obligations;Article 8-1 - Respect for family life),35|35-3-a|8|8-1,2024,negative,published_in_window_not_added_to_guide,apps:34210/19,false,false,clean,easy
762f0abff297,Article 4,2023-09-23,2024-09-30,2023-02-28,2024-08-31,apps:63664/19,M.A. AND OTHERS v. FRANCE,63664/19|64450/19|24387/20|24391/20|24393/20,001-235426,1,HEJUD,No violation of Article 8 - Right to respect for private and family life (Article 8-1 - Respect for private life),8|8-1|8-2,2024,negative,published_in_window_not_added_to_guide,apps:63664/19,false,false,clean,easy
762f0abff297,Article 4,2023-09-23,2024-09-30,2023-02-28,2024-08-31,apps:49755/18,OKUBAMICHAEL DEBRU v. SWEDEN,49755/18,001-235141,3,HEJUD,Remainder inadmissible (Art. 35) Admissibility criteria;(Art. 35-3-a) Manifestly ill-founded;No violation of Article 8 - Right to respect for private and family life (Article 8 - Positive obligations;Article 8-1 - Respect for family life),35|35-3-a|8|8-1,2024,negative,published_in_window_not_added_to_guide,apps:49755/18,false,false,clean,easy
762f0abff297,Article 4,2023-09-23,2024-09-30,2023-02-28,2024-08-31,apps:42221/18,ŽDANOKA v. LATVIA (No. 2),42221/18,001-235140,3,HEJUD,No violation of Article 3 of Protocol No. 1 - Right to free elections - {general} (Article 3 of Protocol No. 1 - Stand for election),P1-3,2024,negative,published_in_window_not_added_to_guide,apps:42221/18,false,false,clean,easy
762f0abff297,Article 4,2023-09-23,2024-09-30,2023-02-28,2024-08-31,apps:50374/21,BELOMESTNOV AND OTHERS v. RUSSIA,50374/21|32325/22|43965/22|44447/22|45200/22|45494/22|46001/22|47937/22|48301/22|48357/22|48359/22|48360/22|48600/22|49050/22|49973/22|50877/22|50899/22|50992/22|51408/22|51516/22|52115/22|52377/22|53829/22|54951/22|55875/22|57351/22|57553/22|57587/22|57728/22|7559/23|7565/23|8026/23,001-235028,4,HEJUD,Violation of Article 11 - Freedom of assembly and association (Article 11-1 - Freedom of peaceful assembly);Violation of Article 8 - Right to respect for private and family life (Article 8-1 - Respect for home);Violation of Article 5 - Right to liberty and security (Article 5-1 - Lawful arrest or detention);Violation of Article 6 - Right to a fair trial (Article 6 - Administrative proceedings;Article 6-1 - Impartial tribunal);Violation of Article 10 - Freedom of expression - {general} (Article 10-1 - Freedom of expression),11|11-1|8|8-1|5|5-1|6|6-1|10|10-1,2024,negative,published_in_window_not_added_to_guide,apps:50374/21,false,false,clean,easy
762f0abff297,Article 4,2023-09-23,2024-09-30,2023-02-28,2024-08-31,apps:28467/18,BUGLOV AND OTHERS v. UKRAINE,28467/18|19199/23|28939/23|32742/23|32936/23|38251/23|41227/23,001-235045,4,HEJUD,Violation of Article 6 - Right to a fair trial (Article 6 - Civil proceedings;Article 6-1 - Reasonable time);Violation of Article 13+6-1 - Right to an effective remedy (Article 13 - Effective remedy) (Article 6 - Right to a fair trial;Civil proceedings;Article 6-1 - Reasonable time),6|6-1|13|13+6-1,2024,negative,published_in_window_not_added_to_guide,apps:28467/18,false,false,clean,easy
762f0abff297,Article 4,2023-09-23,2024-09-30,2023-02-28,2024-08-31,apps:23734/21,DATSKO AND STEPANOV v. RUSSIA,23734/21|26987/21,001-235021,4,HEJUD,Violation of Article 6 - Right to a fair trial (Article 6 - Civil proceedings;Article 6-1 - Fair hearing),6|6-1,2024,negative,published_in_window_not_added_to_guide,apps:23734/21,false,false,clean,easy
762f0abff297,Article 4,2023-09-23,2024-09-30,2023-02-28,2024-08-31,apps:205/22,DERGACH AND FILIPPOV v. UKRAINE,205/22|27823/23,001-235046,4,HEJUD,Violation of Article 5 - Right to liberty and security (Article 5-3 - Length of pre-trial detention);Violation of Article 6 - Right to a fair trial (Article 6 - Criminal proceedings;Article 6-1 - Reasonable time);Violation of Article 13+6-1 - Right to an effective remedy (Article 13 - Effective remedy) (Article 6 - Right to a fair trial;Criminal proceedings;Article 6-1 - Reasonable time),5|5-3|6|6-1|13|13+6-1,2024,negative,published_in_window_not_added_to_guide,apps:205/22,false,false,clean,easy
762f0abff297,Article 4,2023-09-23,2024-09-30,2023-02-28,2024-08-31,apps:4325/22,DERIGLAZOV AND OTHERS v. UKRAINE,4325/22|33044/22|30740/23|33309/23|33445/23|37667/23|38261/23,001-235047,4,HEJUD,Violation of Article 6 - Right to a fair trial (Article 6 - Civil proceedings;Article 6-1 - Reasonable time);Violation of Article 13+6-1 - Right to an effective remedy (Article 13 - Effective remedy) (Article 6 - Right to a fair trial;Civil proceedings;Article 6-1 - Reasonable time),6|6-1|13|13+6-1,2024,negative,published_in_window_not_added_to_guide,apps:4325/22,false,false,clean,easy
762f0abff297,Article 4,2023-09-23,2024-09-30,2023-02-28,2024-08-31,apps:50942/20,DJERI AND OTHERS v. LATVIA,50942/20|2022/21,001-235015,3,HEJUD,Remainder inadmissible (Article 35-1 - Exhaustion of domestic remedies;Article 35-3-a - Ratione materiae);No violation of Article 14+P1-2 - Prohibition of discrimination (Article 14 - Discrimination) (Article 2 of Protocol No. 1 - Right to education - {general}),35|35-1|35-3-a|14|14+P1-2|P1-2,2024,negative,published_in_window_not_added_to_guide,apps:50942/20|2022/21,false,false,clean,easy
762f0abff297,Article 4,2023-09-23,2024-09-30,2023-02-28,2024-08-31,apps:40861/22,HANOVS v. LATVIA,40861/22,001-235016,3,HEJUD,Preliminary objection dismissed (Art. 35) Admissibility criteria;(Art. 35-1) Exhaustion of domestic remedies;Violation of Article 14+3 - Prohibition of discrimination (Article 14 - Discrimination) (Article 3 - Prohibition of torture;Effective investigation;Positive obligations);Violation of Article 14+8 - Prohibition of discrimination (Article 14 - Discrimination) (Article 8 - Right to respect for private and family life;Positive obligations;Article 8-1 - Respect for private life);Non-pecuniary damage - award (Article 41 - Non-pecuniary damage;Just satisfaction),14|14+3|3|14+8|8|8-1|41|35|35-1,2024,negative,published_in_window_not_added_to_guide,apps:40861/22,false,false,clean,easy
762f0abff297,Article 4,2023-09-23,2024-09-30,2023-02-28,2024-08-31,apps:6823/19,KONDRATYUK AND OTHERS v. RUSSIA,6823/19|8343/19|16932/19|15145/21,001-235029,4,HEJUD,Violation of Article 6+6-3-d - Right to a fair trial (Article 6 - Criminal proceedings;Article 6-1 - Fair hearing) (Article 6 - Right to a fair trial;Article 6-3-d - Examination of witnesses),6|6+6-3-d|6-3-d|6-1,2024,negative,published_in_window_not_added_to_guide,apps:6823/19,false,false,clean,easy
762f0abff297,Article 4,2023-09-23,2024-09-30,2023-02-28,2024-08-31,apps:50764/18,KRAYNEV AND OTHERS v. RUSSIA,50764/18|6236/19|58135/19|2153/23|10307/23|34914/23|36701/23,001-235019,4,HEJUD,Violation of Article 3 - Prohibition of torture (Article 3 - Degrading treatment) (Substantive aspect),3,2024,negative,published_in_window_not_added_to_guide,apps:50764/18,false,false,clean,easy
0a61f8f7ceb0,Rights of LGBTI persons,2024-04-05,2024-06-13,2023-08-31,2024-02-29,apps:45205/22,ATAMANOVA AND OTHERS v. RUSSIA,45205/22|54946/22|54948/22|55947/22|56895/22|56896/22|57263/22|57336/22|57720/22|57727/22|849/23|1062/23|1522/23|1830/23|1837/23|2030/23|2076/23|2362/23|3659/23|3822/23|3832/23|4681/23|4915/23|4981/23|6735/23,001-231115,4,HEJUD,Violation of Article 11 - Freedom of assembly and association (Article 11-1 - Freedom of peaceful assembly);Violation of Article 5 - Right to liberty and security (Article 5-1 - Lawful arrest or detention);Violation of Article 6 - Right to a fair trial (Article 6 - Criminal proceedings;Article 6-1 - Impartial tribunal),11|11-1|5|5-1|6|6-1,2024,negative,published_in_window_not_added_to_guide,apps:45205/22,false,false,clean,easy
0a61f8f7ceb0,Rights of LGBTI persons,2024-04-05,2024-06-13,2023-08-31,2024-02-29,apps:7827/23,BARKÓCZI AND OTHERS v. HUNGARY,7827/23|11448/23|14147/23|15915/23|19252/23|22512/23|24646/23|25257/23,001-231116,4,HEJUD,Violation of Article 6 - Right to a fair trial (Article 6 - Civil proceedings;Article 6-1 - Reasonable time);Violation of Article 13+6-1 - Right to an effective remedy (Article 13 - Effective remedy) (Article 6 - Right to a fair trial;Civil proceedings;Article 6-1 - Reasonable time),6|6-1|13|13+6-1,2024,negative,published_in_window_not_added_to_guide,apps:7827/23,false,false,clean,easy
0a61f8f7ceb0,Rights of LGBTI persons,2024-04-05,2024-06-13,2023-08-31,2024-02-29,apps:13072/23,BONUM TEAM KFT AND CSURAI v. HUNGARY,13072/23|13122/23,001-231118,4,HEJUD,Violation of Article 6 - Right to a fair trial (Article 6 - Civil proceedings;Article 6-1 - Reasonable time),6|6-1,2024,negative,published_in_window_not_added_to_guide,apps:13072/23,false,false,clean,easy
0a61f8f7ceb0,Rights of LGBTI persons,2024-04-05,2024-06-13,2023-08-31,2024-02-29,apps:20256/20,DOLENC v. SLOVENIA,20256/20,001-231100,3,HEJUD,Pecuniary damage - award (Article 41 - Pecuniary damage;Just satisfaction),41,2024,negative,published_in_window_not_added_to_guide,apps:20256/20,false,false,clean,easy
0a61f8f7ceb0,Rights of LGBTI persons,2024-04-05,2024-06-13,2023-08-31,2024-02-29,apps:45987/21,ELIBASHVILI v. GEORGIA,45987/21,001-231109,4,HEJUD,Violation of Article 2 - Right to life (Article 2-1 - Effective investigation) (Procedural aspect),2|2-1,2024,negative,published_in_window_not_added_to_guide,apps:45987/21,false,false,clean,easy
0a61f8f7ceb0,Rights of LGBTI persons,2024-04-05,2024-06-13,2023-08-31,2024-02-29,apps:9166/14,"GRATION TREYD, TOV v. UKRAINE",9166/14,001-231089,4,HEJUD,Violation of Article 1 of Protocol No. 1 - Protection of property (Article 1 para. 1 of Protocol No. 1 - Peaceful enjoyment of possessions),P1-1|P1-1-1,2024,negative,published_in_window_not_added_to_guide,apps:9166/14,false,false,clean,easy
0a61f8f7ceb0,Rights of LGBTI persons,2024-04-05,2024-06-13,2023-08-31,2024-02-29,apps:25870/21,GRYAZEV AND OTHERS v. RUSSIA,25870/21|25879/21|25925/21|25926/21|25927/21|25931/21|26045/21|26704/21|26787/21|27834/21|28173/21|28180/21|35656/21|35657/21|35660/21|35664/21|35938/21|35944/21|35947/21|36271/21|37784/21|37790/21|37792/21|37794/21|42351/21|44149/21|44372/21|47450/21|49590/21,001-231106,4,HEJUD,Violation of Article 11 - Freedom of assembly and association (Article 11-1 - Freedom of peaceful assembly);Violation of Article 5 - Right to liberty and security (Article 5-1 - Lawful arrest or detention);Violation of Article 6 - Right to a fair trial (Article 6 - Criminal proceedings;Article 6-1 - Impartial tribunal);Violation of Article 4 of Protocol No. 7 - Right not to be tried or punished twice - {general} (Article 4 of Protocol No. 7 - Right not to be tried or punished twice),11|11-1|5|5-1|6|6-1|P7-4,2024,negative,published_in_window_not_added_to_guide,apps:25870/21,false,false,clean,easy
0a61f8f7ceb0,Rights of LGBTI persons,2024-04-05,2024-06-13,2023-08-31,2024-02-29,apps:54470/21,IVANOV AND OTHERS v. RUSSIA,54470/21|56564/21|59469/21|59525/21|59535/21|59538/21|977/22|3020/22|8022/22|12279/22|13705/22|34656/22|36475/22|36545/22|51268/22,001-231112,4,HEJUD,Violation of Article 11 - Freedom of assembly and association (Article 11-1 - Freedom of peaceful assembly);Violation of Article 5 - Right to liberty and security (Article 5-1 - Lawful arrest or detention);Violation of Article 6 - Right to a fair trial (Article 6 - Criminal proceedings;Article 6-1 - Impartial tribunal),11|11-1|5|5-1|6|6-1,2024,negative,published_in_window_not_added_to_guide,apps:54470/21,false,false,clean,easy
0a61f8f7ceb0,Rights of LGBTI persons,2024-04-05,2024-06-13,2023-08-31,2024-02-29,apps:16974/14,KACZMAREK v. POLAND,16974/14,001-231432,3,HEJUD,Violation of Article 8 - Right to respect for private and family life (Article 8-1 - Respect for correspondence;Respect for private life);Violation of Article 8 - Right to respect for private and family life (Article 8-1 - Respect for private life);Non-pecuniary damage - award (Article 41 - Non-pecuniary damage;Just satisfaction),8|8-1|8-2|41,2024,negative,published_in_window_not_added_to_guide,apps:16974/14,false,false,clean,easy
0a61f8f7ceb0,Rights of LGBTI persons,2024-04-05,2024-06-13,2023-08-31,2024-02-29,apps:35012/19,LUKASHCHUK AND OTHERS v. RUSSIA,35012/19|52734/19|47285/20|50738/20|52777/20|9041/21|13046/21|15402/21|20331/21|20425/21|26035/21|26067/21|26784/21|38254/21|44148/21,001-231099,4,HEJUD,Violation of Article 5 - Right to liberty and security (Article 5-3 - Length of pre-trial detention);Violation of Article 5 - Right to liberty and security (Article 5-4 - Procedural guarantees of review);Violation of Article 5 - Right to liberty and security (Article 5-4 - Speediness of review);Violation of Article 8 - Right to respect for private and family life (Article 8-1 - Respect for family life);Violation of Article 13+8-1 - Right to an effective remedy (Article 13 - Effective remedy) (Article 8 - Right to respect for private and family life;Article 8-1 - Respect for family life);Violation of Article 14+8-1 - Prohibition of discrimination (Article 14 - Discrimination) (Article 8 - Right to respect for private and family life;Article 8-1 - Respect for family life);Violation of Article 3 - Prohibition of torture (Article 3 - Degrading treatment) (Substantive aspect);Violation of Article 3 - Prohibition of torture (Article 3 - Degrading treatment) (Substantive aspect);Violation of Article 13+3 - Right to an effective remedy (Article 13 - Effective remedy) (Article 3 - Prohibition of torture;Degrading treatment);Violation of Article 3 - Prohibition of torture (Article 3 - Degrading treatment),5|5-3|5-4|8|8-1|13|13+8-1|14|14+8-1|3|13+3,2024,negative,published_in_window_not_added_to_guide,apps:35012/19,false,false,clean,easy
0a61f8f7ceb0,Rights of LGBTI persons,2024-04-05,2024-06-13,2023-08-31,2024-02-29,apps:10940/17,M.H. AND S.B. v. HUNGARY,10940/17|15977/17,001-231093,3,HEJUD,Violation of Article 5 - Right to liberty and security (Article 5-1 - Lawful arrest or detention);Non-pecuniary damage - award (Article 41 - Non-pecuniary damage;Just satisfaction),5|5-1|41|5-1-f|5-1-b,2024,negative,published_in_window_not_added_to_guide,apps:10940/17|15977/17,false,false,clean,easy
0a61f8f7ceb0,Rights of LGBTI persons,2024-04-05,2024-06-13,2023-08-31,2024-02-29,apps:47048/21,MAKSIMOVA AND OTHERS v. RUSSIA,47048/21|48482/21|48590/21|48912/21|49892/21|51356/21|51788/21|51793/21|51935/21|52385/21|52480/21|52482/21|53233/21|53500/21|53788/21|53942/21|54069/21|54169/21|54261/21|54267/21|55306/21,001-231110,4,HEJUD,Violation of Article 11 - Freedom of assembly and association (Article 11-1 - Freedom of peaceful assembly);Violation of Article 5 - Right to liberty and security (Article 5-1 - Lawful arrest or detention);Violation of Article 6 - Right to a fair trial (Article 6 - Criminal proceedings;Article 6-1 - Impartial tribunal),11|11-1|5|5-1|6|6-1,2024,negative,published_in_window_not_added_to_guide,apps:47048/21,false,false,clean,easy
0a61f8f7ceb0,Rights of LGBTI persons,2024-04-05,2024-06-13,2023-08-31,2024-02-29,apps:31516/22,MARQUES ÂNGELO v. PORTUGAL,31516/22,001-231114,4,HEJUD,Violation of Article 3 - Prohibition of torture (Article 3 - Degrading treatment) (Substantive aspect);Violation of Article 13+3 - Right to an effective remedy (Article 13 - Effective remedy) (Article 3 - Prohibition of torture;Degrading treatment),3|13|13+3,2024,negative,published_in_window_not_added_to_guide,apps:31516/22,false,false,clean,easy
0a61f8f7ceb0,Rights of LGBTI persons,2024-04-05,2024-06-13,2023-08-31,2024-02-29,apps:46570/18,NURUSHEV AND OTHERS v. RUSSIA,46570/18|36922/21|40459/21|40494/21|40939/21|41407/21|42744/21|43251/21|43835/21|44181/21|45002/21|46947/21|48161/21|50257/21|50278/21|50293/21|51896/21|51994/21|51995/21|52824/21|53232/21|53293/21|53485/21|53491/21|61701/21,001-231097,4,HEJUD,Violation of Article 11 - Freedom of assembly and association (Article 11-1 - Freedom of peaceful assembly);Violation of Article 5 - Right to liberty and security (Article 5-1 - Lawful arrest or detention);Violation of Article 6 - Right to a fair trial (Article 6 - Criminal proceedings;Article 6-1 - Impartial tribunal);Violation of Article 10 - Freedom of expression - {general} (Article 10-1 - Freedom of expression);Violation of Article 2 of Protocol No. 7 - Right of appeal in criminal matters (Article 2 of Protocol No. 7 - Review of conviction),11|11-1|5|5-1|6|6-1|10|10-1|P7-2,2024,negative,published_in_window_not_added_to_guide,apps:46570/18,false,false,clean,easy
0a61f8f7ceb0,Rights of LGBTI persons,2024-04-05,2024-06-13,2023-08-31,2024-02-29,apps:26096/16,PĂILĂ AND OTHERS v. ROMANIA,26096/16|26903/16|27242/16|46144/16|51607/16|66489/16|66507/16|67070/16|71424/16|18113/17,001-231092,4,HEJUD,Struck out of the list (Article 37-1 - Striking out applications),37|37-1,2024,negative,published_in_window_not_added_to_guide,apps:26096/16,false,false,clean,easy
0a61f8f7ceb0,Rights of LGBTI persons,2024-04-05,2024-06-13,2023-08-31,2024-02-29,apps:53209/17,RADOSHEVICH AND OTHERS v. RUSSIA,53209/17|58512/18|13179/21|17191/21|19460/21|20633/21|22029/21|22043/21|25553/21|25614/21|30157/21|32318/21|32586/21|33069/21|35106/21|42144/21|50229/21|51508/21|56837/21|57991/21|61186/21|61737/21|3997/22,001-231096,4,HEJUD,Violation of Article 5 - Right to liberty and security (Article 5-3 - Length of pre-trial detention);Violation of Article 5 - Right to liberty and security (Article 5-4 - Speediness of review);Violation of Article 5 - Right to liberty and security (Article 5-5 - Compensation);Violation of Article 3 - Prohibition of torture (Article 3 - Degrading treatment) (Substantive aspect);Violation of Article 3 - Prohibition of torture (Article 3 - Degrading treatment) (Substantive aspect),5|5-3|5-4|5-5|3,2024,negative,published_in_window_not_added_to_guide,apps:53209/17,false,false,clean,easy
0a61f8f7ceb0,Rights of LGBTI persons,2024-04-05,2024-06-13,2023-08-31,2024-02-29,apps:9429/23,SARIMOVA AND OTHERS v. RUSSIA,9429/23|17782/23|27128/23|27149/23|27193/23|27418/23|27425/23|27454/23|27471/23|27746/23|27818/23|28052/23|28623/23|28633/23|28820/23|29724/23|30208/23,001-231117,4,HEJUD,Violation of Article 11 - Freedom of assembly and association (Article 11-1 - Freedom of peaceful assembly);Violation of Article 5 - Right to liberty and security (Article 5-1 - Lawful arrest or detention),11|11-1|5|5-1,2024,negative,published_in_window_not_added_to_guide,apps:9429/23,false,false,clean,easy
0a61f8f7ceb0,Rights of LGBTI persons,2024-04-05,2024-06-13,2023-08-31,2024-02-29,apps:41877/21,SIMON v. UKRAINE,41877/21,001-231107,4,HEJUD,Violation of Article 3 - Prohibition of torture (Article 3 - Degrading treatment) (Substantive aspect);Violation of Article 13+3 - Right to an effective remedy (Article 13 - Effective remedy) (Article 3 - Prohibition of torture;Degrading treatment),3|13|13+3,2024,negative,published_in_window_not_added_to_guide,apps:41877/21,false,false,clean,easy
0a61f8f7ceb0,Rights of LGBTI persons,2024-04-05,2024-06-13,2023-08-31,2024-02-29,apps:57580/21,SOLOVYEV AND OTHERS v. RUSSIA,57580/21|57641/21|57718/21|58643/21|58669/21|58976/21|59679/21|8032/22|12051/22|12085/22|12300/22|14486/22|19953/22|33271/22|34013/22|36218/22|36242/22|39693/22|44416/22,001-231113,4,HEJUD,Violation of Article 11 - Freedom of assembly and association (Article 11-1 - Freedom of peaceful assembly);Violation of Article 5 - Right to liberty and security (Article 5-1 - Lawful arrest or detention);Violation of Article 6 - Right to a fair trial (Article 6 - Criminal proceedings;Article 6-1 - Impartial tribunal);Violation of Article 2 of Protocol No. 7 - Right of appeal in criminal matters (Article 2 of Protocol No. 7 - Review of conviction),11|11-1|5|5-1|6|6-1|P7-2,2024,negative,published_in_window_not_added_to_guide,apps:57580/21,false,false,clean,easy
0a61f8f7ceb0,Rights of LGBTI persons,2024-04-05,2024-06-13,2023-08-31,2024-02-29,apps:31018/09,VICKTORIA SH.P.K. v. ALBANIA,31018/09,001-231087,4,HEJUD,Violation of Article 6 - Right to a fair trial (Article 6 - Civil proceedings;Article 6-1 - Reasonable time),6|6-1,2024,negative,published_in_window_not_added_to_guide,apps:31018/09,false,false,clean,easy
0a61f8f7ceb0,Rights of LGBTI persons,2024-04-05,2024-06-13,2023-08-31,2024-02-29,apps:62444/10,VLAHOVIĆ v. MONTENEGRO,62444/10,001-231088,4,HEJUD,Violation of Article 6 - Right to a fair trial (Article 6 - Enforcement proceedings;Article 6-1 - Access to court);Violation of Article 1 of Protocol No. 1 - Protection of property (Article 1 para. 1 of Protocol No. 1 - Peaceful enjoyment of possessions),6|6-1|P1-1|P1-1-1,2024,negative,published_in_window_not_added_to_guide,apps:62444/10,false,false,clean,easy
0a61f8f7ceb0,Rights of LGBTI persons,2024-04-05,2024-06-13,2023-08-31,2024-02-29,apps:48029/21,YERMOLAYEVA AND OTHERS v. RUSSIA,48029/21|56658/21|56852/21|56853/21|56856/21|56864/21|56879/21|56900/21|57040/21|57043/21|24857/22|24899/22|24916/22|24999/22|25015/22|25023/22|25179/22,001-231111,4,HEJUD,Violation of Article 11 - Freedom of assembly and association (Article 11-1 - Freedom of peaceful assembly);Violation of Article 5 - Right to liberty and security (Article 5-1 - Lawful arrest or detention);Violation of Article 6 - Right to a fair trial (Article 6 - Criminal proceedings;Article 6-1 - Impartial tribunal);Violation of Article 2 of Protocol No. 7 - Right of appeal in criminal matters (Article 2 of Protocol No. 7 - Review of conviction);Violation of Article 4 of Protocol No. 7 - Right not to be tried or punished twice - {general} (Article 4 of Protocol No. 7 - Right not to be tried or punished twice),11|11-1|5|5-1|6|6-1|P7-2|P7-4,2024,negative,published_in_window_not_added_to_guide,apps:48029/21,false,false,clean,easy
0a61f8f7ceb0,Rights of LGBTI persons,2024-04-05,2024-06-13,2023-08-31,2024-02-29,apps:18371/17,ZHOLONKO AND OTHERS v. UKRAINE,18371/17|1533/18|16154/18|19938/18,001-231094,4,HEJUD,Violation of Article 6 - Right to a fair trial (Article 6 - Civil proceedings;Article 6-1 - Reasonable time);Violation of Article 13+6-1 - Right to an effective remedy (Article 13 - Effective remedy) (Article 6 - Right to a fair trial;Civil proceedings;Article 6-1 - Reasonable time),6|6-1|13|13+6-1,2024,negative,published_in_window_not_added_to_guide,apps:18371/17,false,false,clean,easy
0a61f8f7ceb0,Rights of LGBTI persons,2024-04-05,2024-06-13,2023-08-31,2024-02-29,apps:47784/18,ZINCHENKO AND OTHERS v. RUSSIA,47784/18|10432/21|13424/21|21468/21|23408/21|26290/21|39209/21|43268/21|45077/21|45349/21|46352/21|46493/21|47071/21|47148/21|49242/21|49500/21|49632/21|56424/21|56623/21|57204/21|57907/21|45469/22,001-231098,4,HEJUD,Violation of Article 11 - Freedom of assembly and association (Article 11-1 - Freedom of peaceful assembly);Violation of Article 5 - Right to liberty and security (Article 5-1 - Lawful arrest or detention);Violation of Article 6 - Right to a fair trial (Article 6 - Criminal proceedings;Article 6-1 - Impartial tribunal);Violation of Article 8 - Right to respect for private and family life (Article 8-1 - Respect for private life);Violation of Article 10 - Freedom of expression - {general} (Article 10-1 - Freedom of expression);Violation of Article 10 - Freedom of expression - {general} (Article 10-1 - Freedom of expression);Violation of Article 10 - Freedom of expression - {general} (Article 10-1 - Freedom of expression);Violation of Article 10 - Freedom of expression - {general} (Article 10-1 - Freedom of expression);Violation of Article 10 - Freedom of expression - {general} (Article 10-1 - Freedom of expression);Violation of Article 2 of Protocol No. 7 - Right of appeal in criminal matters (Article 2 of Protocol No. 7 - Review of conviction);Violation of Article 4 of Protocol No. 7 - Right not to be tried or punished twice - {general} (Article 4 of Protocol No. 7 - Right not to be tried or punished twice),11|11-1|5|5-1|6|6-1|8|8-1|10|10-1|P7-2|P7-4,2024,negative,published_in_window_not_added_to_guide,apps:47784/18,false,false,clean,easy
0a61f8f7ceb0,Rights of LGBTI persons,2024-04-05,2024-06-13,2023-08-31,2024-02-29,apps:19657/18,M.J. v. AZERBAIJAN,19657/18,001-231880,4,HEDEC,Inadmissible,3|5|5-1-f|13|35,2024,negative,published_in_window_not_added_to_guide,apps:19657/18,false,false,clean,easy
0a61f8f7ceb0,Rights of LGBTI persons,2024-04-05,2024-06-13,2023-08-31,2024-02-29,apps:56716/16,TALIBOVA v. AZERBAIJAN,56716/16,001-231868,4,HEDEC,Inadmissible,8|8-1|8-2|13|35,2024,negative,published_in_window_not_added_to_guide,apps:56716/16,false,false,clean,easy
0a61f8f7ceb0,Rights of LGBTI persons,2024-04-05,2024-06-13,2023-08-31,2024-02-29,apps:62157/13,BECALI AND CIOFLINĂ v. ROMANIA,62157/13,001-231358,4,HEJUD,Violation of Article 6 - Right to a fair trial (Article 6 - Criminal proceedings;Article 6-1 - Reasonable time),6|6-1,2024,negative,published_in_window_not_added_to_guide,apps:62157/13,false,false,clean,easy
0a61f8f7ceb0,Rights of LGBTI persons,2024-04-05,2024-06-13,2023-08-31,2024-02-29,apps:16915/21,DANILEŢ v. ROMANIA,16915/21,001-231394,3,HEJUD,Remainder inadmissible (Art. 35) Admissibility criteria;(Art. 35-3-a) Ratione materiae;Violation of Article 10 - Freedom of expression - {general} (Article 10-1 - Freedom of expression),35|35-3-a|10|10-1|10-2,2024,negative,published_in_window_not_added_to_guide,apps:16915/21,false,false,clean,easy
0a61f8f7ceb0,Rights of LGBTI persons,2024-04-05,2024-06-13,2023-08-31,2024-02-29,apps:48340/20,DEDE v. TÜRKİYE,48340/20,001-231332,3,HEJUD,Violation of Article 10 - Freedom of expression - {general} (Article 10 - Positive obligations;Article 10-1 - Freedom of expression);Pecuniary damage - claim dismissed (Article 41 - Pecuniary damage;Just satisfaction);Non-pecuniary damage - award (Article 41 - Non-pecuniary damage;Just satisfaction),10|10-1|10-2|41,2024,negative,published_in_window_not_added_to_guide,apps:48340/20,false,false,clean,easy
0a61f8f7ceb0,Rights of LGBTI persons,2024-04-05,2024-06-13,2023-08-31,2024-02-29,apps:53162/21,DIACONEASA v. ROMANIA,53162/21,001-231085,3,HEJUD,Violation of Article 8 - Right to respect for private and family life (Article 8-1 - Respect for private life);Pecuniary damage - claim dismissed (Article 41 - Pecuniary damage;Just satisfaction);Non-pecuniary damage - award (Article 41 - Non-pecuniary damage;Just satisfaction),8|8-1|8-2|41,2024,negative,published_in_window_not_added_to_guide,apps:53162/21,false,false,clean,easy
0faa41c7c031,Article 18,2024-02-17,2024-04-09,2023-08-31,2024-02-29,apps:45205/22,ATAMANOVA AND OTHERS v. RUSSIA,45205/22|54946/22|54948/22|55947/22|56895/22|56896/22|57263/22|57336/22|57720/22|57727/22|849/23|1062/23|1522/23|1830/23|1837/23|2030/23|2076/23|2362/23|3659/23|3822/23|3832/23|4681/23|4915/23|4981/23|6735/23,001-231115,4,HEJUD,Violation of Article 11 - Freedom of assembly and association (Article 11-1 - Freedom of peaceful assembly);Violation of Article 5 - Right to liberty and security (Article 5-1 - Lawful arrest or detention);Violation of Article 6 - Right to a fair trial (Article 6 - Criminal proceedings;Article 6-1 - Impartial tribunal),11|11-1|5|5-1|6|6-1,2024,negative,published_in_window_not_added_to_guide,apps:45205/22,false,false,clean,easy
0faa41c7c031,Article 18,2024-02-17,2024-04-09,2023-08-31,2024-02-29,apps:7827/23,BARKÓCZI AND OTHERS v. HUNGARY,7827/23|11448/23|14147/23|15915/23|19252/23|22512/23|24646/23|25257/23,001-231116,4,HEJUD,Violation of Article 6 - Right to a fair trial (Article 6 - Civil proceedings;Article 6-1 - Reasonable time);Violation of Article 13+6-1 - Right to an effective remedy (Article 13 - Effective remedy) (Article 6 - Right to a fair trial;Civil proceedings;Article 6-1 - Reasonable time),6|6-1|13|13+6-1,2024,negative,published_in_window_not_added_to_guide,apps:7827/23,false,false,clean,easy
0faa41c7c031,Article 18,2024-02-17,2024-04-09,2023-08-31,2024-02-29,apps:13072/23,BONUM TEAM KFT AND CSURAI v. HUNGARY,13072/23|13122/23,001-231118,4,HEJUD,Violation of Article 6 - Right to a fair trial (Article 6 - Civil proceedings;Article 6-1 - Reasonable time),6|6-1,2024,negative,published_in_window_not_added_to_guide,apps:13072/23,false,false,clean,easy
0faa41c7c031,Article 18,2024-02-17,2024-04-09,2023-08-31,2024-02-29,apps:20256/20,DOLENC v. SLOVENIA,20256/20,001-231100,3,HEJUD,Pecuniary damage - award (Article 41 - Pecuniary damage;Just satisfaction),41,2024,negative,published_in_window_not_added_to_guide,apps:20256/20,false,false,clean,easy
0faa41c7c031,Article 18,2024-02-17,2024-04-09,2023-08-31,2024-02-29,apps:45987/21,ELIBASHVILI v. GEORGIA,45987/21,001-231109,4,HEJUD,Violation of Article 2 - Right to life (Article 2-1 - Effective investigation) (Procedural aspect),2|2-1,2024,negative,published_in_window_not_added_to_guide,apps:45987/21,false,false,clean,easy
0faa41c7c031,Article 18,2024-02-17,2024-04-09,2023-08-31,2024-02-29,apps:9166/14,"GRATION TREYD, TOV v. UKRAINE",9166/14,001-231089,4,HEJUD,Violation of Article 1 of Protocol No. 1 - Protection of property (Article 1 para. 1 of Protocol No. 1 - Peaceful enjoyment of possessions),P1-1|P1-1-1,2024,negative,published_in_window_not_added_to_guide,apps:9166/14,false,false,clean,easy
0faa41c7c031,Article 18,2024-02-17,2024-04-09,2023-08-31,2024-02-29,apps:25870/21,GRYAZEV AND OTHERS v. RUSSIA,25870/21|25879/21|25925/21|25926/21|25927/21|25931/21|26045/21|26704/21|26787/21|27834/21|28173/21|28180/21|35656/21|35657/21|35660/21|35664/21|35938/21|35944/21|35947/21|36271/21|37784/21|37790/21|37792/21|37794/21|42351/21|44149/21|44372/21|47450/21|49590/21,001-231106,4,HEJUD,Violation of Article 11 - Freedom of assembly and association (Article 11-1 - Freedom of peaceful assembly);Violation of Article 5 - Right to liberty and security (Article 5-1 - Lawful arrest or detention);Violation of Article 6 - Right to a fair trial (Article 6 - Criminal proceedings;Article 6-1 - Impartial tribunal);Violation of Article 4 of Protocol No. 7 - Right not to be tried or punished twice - {general} (Article 4 of Protocol No. 7 - Right not to be tried or punished twice),11|11-1|5|5-1|6|6-1|P7-4,2024,negative,published_in_window_not_added_to_guide,apps:25870/21,false,false,clean,easy
0faa41c7c031,Article 18,2024-02-17,2024-04-09,2023-08-31,2024-02-29,apps:54470/21,IVANOV AND OTHERS v. RUSSIA,54470/21|56564/21|59469/21|59525/21|59535/21|59538/21|977/22|3020/22|8022/22|12279/22|13705/22|34656/22|36475/22|36545/22|51268/22,001-231112,4,HEJUD,Violation of Article 11 - Freedom of assembly and association (Article 11-1 - Freedom of peaceful assembly);Violation of Article 5 - Right to liberty and security (Article 5-1 - Lawful arrest or detention);Violation of Article 6 - Right to a fair trial (Article 6 - Criminal proceedings;Article 6-1 - Impartial tribunal),11|11-1|5|5-1|6|6-1,2024,negative,published_in_window_not_added_to_guide,apps:54470/21,false,false,clean,easy
0faa41c7c031,Article 18,2024-02-17,2024-04-09,2023-08-31,2024-02-29,apps:16974/14,KACZMAREK v. POLAND,16974/14,001-231432,3,HEJUD,Violation of Article 8 - Right to respect for private and family life (Article 8-1 - Respect for correspondence;Respect for private life);Violation of Article 8 - Right to respect for private and family life (Article 8-1 - Respect for private life);Non-pecuniary damage - award (Article 41 - Non-pecuniary damage;Just satisfaction),8|8-1|8-2|41,2024,negative,published_in_window_not_added_to_guide,apps:16974/14,false,false,clean,easy
0faa41c7c031,Article 18,2024-02-17,2024-04-09,2023-08-31,2024-02-29,apps:35012/19,LUKASHCHUK AND OTHERS v. RUSSIA,35012/19|52734/19|47285/20|50738/20|52777/20|9041/21|13046/21|15402/21|20331/21|20425/21|26035/21|26067/21|26784/21|38254/21|44148/21,001-231099,4,HEJUD,Violation of Article 5 - Right to liberty and security (Article 5-3 - Length of pre-trial detention);Violation of Article 5 - Right to liberty and security (Article 5-4 - Procedural guarantees of review);Violation of Article 5 - Right to liberty and security (Article 5-4 - Speediness of review);Violation of Article 8 - Right to respect for private and family life (Article 8-1 - Respect for family life);Violation of Article 13+8-1 - Right to an effective remedy (Article 13 - Effective remedy) (Article 8 - Right to respect for private and family life;Article 8-1 - Respect for family life);Violation of Article 14+8-1 - Prohibition of discrimination (Article 14 - Discrimination) (Article 8 - Right to respect for private and family life;Article 8-1 - Respect for family life);Violation of Article 3 - Prohibition of torture (Article 3 - Degrading treatment) (Substantive aspect);Violation of Article 3 - Prohibition of torture (Article 3 - Degrading treatment) (Substantive aspect);Violation of Article 13+3 - Right to an effective remedy (Article 13 - Effective remedy) (Article 3 - Prohibition of torture;Degrading treatment);Violation of Article 3 - Prohibition of torture (Article 3 - Degrading treatment),5|5-3|5-4|8|8-1|13|13+8-1|14|14+8-1|3|13+3,2024,negative,published_in_window_not_added_to_guide,apps:35012/19,false,false,clean,easy
0faa41c7c031,Article 18,2024-02-17,2024-04-09,2023-08-31,2024-02-29,apps:10940/17,M.H. AND S.B. v. HUNGARY,10940/17|15977/17,001-231093,3,HEJUD,Violation of Article 5 - Right to liberty and security (Article 5-1 - Lawful arrest or detention);Non-pecuniary damage - award (Article 41 - Non-pecuniary damage;Just satisfaction),5|5-1|41|5-1-f|5-1-b,2024,negative,published_in_window_not_added_to_guide,apps:10940/17|15977/17,false,false,clean,easy
0faa41c7c031,Article 18,2024-02-17,2024-04-09,2023-08-31,2024-02-29,apps:47048/21,MAKSIMOVA AND OTHERS v. RUSSIA,47048/21|48482/21|48590/21|48912/21|49892/21|51356/21|51788/21|51793/21|51935/21|52385/21|52480/21|52482/21|53233/21|53500/21|53788/21|53942/21|54069/21|54169/21|54261/21|54267/21|55306/21,001-231110,4,HEJUD,Violation of Article 11 - Freedom of assembly and association (Article 11-1 - Freedom of peaceful assembly);Violation of Article 5 - Right to liberty and security (Article 5-1 - Lawful arrest or detention);Violation of Article 6 - Right to a fair trial (Article 6 - Criminal proceedings;Article 6-1 - Impartial tribunal),11|11-1|5|5-1|6|6-1,2024,negative,published_in_window_not_added_to_guide,apps:47048/21,false,false,clean,easy
0faa41c7c031,Article 18,2024-02-17,2024-04-09,2023-08-31,2024-02-29,apps:31516/22,MARQUES ÂNGELO v. PORTUGAL,31516/22,001-231114,4,HEJUD,Violation of Article 3 - Prohibition of torture (Article 3 - Degrading treatment) (Substantive aspect);Violation of Article 13+3 - Right to an effective remedy (Article 13 - Effective remedy) (Article 3 - Prohibition of torture;Degrading treatment),3|13|13+3,2024,negative,published_in_window_not_added_to_guide,apps:31516/22,false,false,clean,easy
0faa41c7c031,Article 18,2024-02-17,2024-04-09,2023-08-31,2024-02-29,apps:46570/18,NURUSHEV AND OTHERS v. RUSSIA,46570/18|36922/21|40459/21|40494/21|40939/21|41407/21|42744/21|43251/21|43835/21|44181/21|45002/21|46947/21|48161/21|50257/21|50278/21|50293/21|51896/21|51994/21|51995/21|52824/21|53232/21|53293/21|53485/21|53491/21|61701/21,001-231097,4,HEJUD,Violation of Article 11 - Freedom of assembly and association (Article 11-1 - Freedom of peaceful assembly);Violation of Article 5 - Right to liberty and security (Article 5-1 - Lawful arrest or detention);Violation of Article 6 - Right to a fair trial (Article 6 - Criminal proceedings;Article 6-1 - Impartial tribunal);Violation of Article 10 - Freedom of expression - {general} (Article 10-1 - Freedom of expression);Violation of Article 2 of Protocol No. 7 - Right of appeal in criminal matters (Article 2 of Protocol No. 7 - Review of conviction),11|11-1|5|5-1|6|6-1|10|10-1|P7-2,2024,negative,published_in_window_not_added_to_guide,apps:46570/18,false,false,clean,easy
0faa41c7c031,Article 18,2024-02-17,2024-04-09,2023-08-31,2024-02-29,apps:26096/16,PĂILĂ AND OTHERS v. ROMANIA,26096/16|26903/16|27242/16|46144/16|51607/16|66489/16|66507/16|67070/16|71424/16|18113/17,001-231092,4,HEJUD,Struck out of the list (Article 37-1 - Striking out applications),37|37-1,2024,negative,published_in_window_not_added_to_guide,apps:26096/16,false,false,clean,easy
0faa41c7c031,Article 18,2024-02-17,2024-04-09,2023-08-31,2024-02-29,apps:53209/17,RADOSHEVICH AND OTHERS v. RUSSIA,53209/17|58512/18|13179/21|17191/21|19460/21|20633/21|22029/21|22043/21|25553/21|25614/21|30157/21|32318/21|32586/21|33069/21|35106/21|42144/21|50229/21|51508/21|56837/21|57991/21|61186/21|61737/21|3997/22,001-231096,4,HEJUD,Violation of Article 5 - Right to liberty and security (Article 5-3 - Length of pre-trial detention);Violation of Article 5 - Right to liberty and security (Article 5-4 - Speediness of review);Violation of Article 5 - Right to liberty and security (Article 5-5 - Compensation);Violation of Article 3 - Prohibition of torture (Article 3 - Degrading treatment) (Substantive aspect);Violation of Article 3 - Prohibition of torture (Article 3 - Degrading treatment) (Substantive aspect),5|5-3|5-4|5-5|3,2024,negative,published_in_window_not_added_to_guide,apps:53209/17,false,false,clean,easy
0faa41c7c031,Article 18,2024-02-17,2024-04-09,2023-08-31,2024-02-29,apps:9429/23,SARIMOVA AND OTHERS v. RUSSIA,9429/23|17782/23|27128/23|27149/23|27193/23|27418/23|27425/23|27454/23|27471/23|27746/23|27818/23|28052/23|28623/23|28633/23|28820/23|29724/23|30208/23,001-231117,4,HEJUD,Violation of Article 11 - Freedom of assembly and association (Article 11-1 - Freedom of peaceful assembly);Violation of Article 5 - Right to liberty and security (Article 5-1 - Lawful arrest or detention),11|11-1|5|5-1,2024,negative,published_in_window_not_added_to_guide,apps:9429/23,false,false,clean,easy
0faa41c7c031,Article 18,2024-02-17,2024-04-09,2023-08-31,2024-02-29,apps:41877/21,SIMON v. UKRAINE,41877/21,001-231107,4,HEJUD,Violation of Article 3 - Prohibition of torture (Article 3 - Degrading treatment) (Substantive aspect);Violation of Article 13+3 - Right to an effective remedy (Article 13 - Effective remedy) (Article 3 - Prohibition of torture;Degrading treatment),3|13|13+3,2024,negative,published_in_window_not_added_to_guide,apps:41877/21,false,false,clean,easy
0faa41c7c031,Article 18,2024-02-17,2024-04-09,2023-08-31,2024-02-29,apps:57580/21,SOLOVYEV AND OTHERS v. RUSSIA,57580/21|57641/21|57718/21|58643/21|58669/21|58976/21|59679/21|8032/22|12051/22|12085/22|12300/22|14486/22|19953/22|33271/22|34013/22|36218/22|36242/22|39693/22|44416/22,001-231113,4,HEJUD,Violation of Article 11 - Freedom of assembly and association (Article 11-1 - Freedom of peaceful assembly);Violation of Article 5 - Right to liberty and security (Article 5-1 - Lawful arrest or detention);Violation of Article 6 - Right to a fair trial (Article 6 - Criminal proceedings;Article 6-1 - Impartial tribunal);Violation of Article 2 of Protocol No. 7 - Right of appeal in criminal matters (Article 2 of Protocol No. 7 - Review of conviction),11|11-1|5|5-1|6|6-1|P7-2,2024,negative,published_in_window_not_added_to_guide,apps:57580/21,false,false,clean,easy
0faa41c7c031,Article 18,2024-02-17,2024-04-09,2023-08-31,2024-02-29,apps:31018/09,VICKTORIA SH.P.K. v. ALBANIA,31018/09,001-231087,4,HEJUD,Violation of Article 6 - Right to a fair trial (Article 6 - Civil proceedings;Article 6-1 - Reasonable time),6|6-1,2024,negative,published_in_window_not_added_to_guide,apps:31018/09,false,false,clean,easy
0faa41c7c031,Article 18,2024-02-17,2024-04-09,2023-08-31,2024-02-29,apps:62444/10,VLAHOVIĆ v. MONTENEGRO,62444/10,001-231088,4,HEJUD,Violation of Article 6 - Right to a fair trial (Article 6 - Enforcement proceedings;Article 6-1 - Access to court);Violation of Article 1 of Protocol No. 1 - Protection of property (Article 1 para. 1 of Protocol No. 1 - Peaceful enjoyment of possessions),6|6-1|P1-1|P1-1-1,2024,negative,published_in_window_not_added_to_guide,apps:62444/10,false,false,clean,easy
0faa41c7c031,Article 18,2024-02-17,2024-04-09,2023-08-31,2024-02-29,apps:48029/21,YERMOLAYEVA AND OTHERS v. RUSSIA,48029/21|56658/21|56852/21|56853/21|56856/21|56864/21|56879/21|56900/21|57040/21|57043/21|24857/22|24899/22|24916/22|24999/22|25015/22|25023/22|25179/22,001-231111,4,HEJUD,Violation of Article 11 - Freedom of assembly and association (Article 11-1 - Freedom of peaceful assembly);Violation of Article 5 - Right to liberty and security (Article 5-1 - Lawful arrest or detention);Violation of Article 6 - Right to a fair trial (Article 6 - Criminal proceedings;Article 6-1 - Impartial tribunal);Violation of Article 2 of Protocol No. 7 - Right of appeal in criminal matters (Article 2 of Protocol No. 7 - Review of conviction);Violation of Article 4 of Protocol No. 7 - Right not to be tried or punished twice - {general} (Article 4 of Protocol No. 7 - Right not to be tried or punished twice),11|11-1|5|5-1|6|6-1|P7-2|P7-4,2024,negative,published_in_window_not_added_to_guide,apps:48029/21,false,false,clean,easy
0faa41c7c031,Article 18,2024-02-17,2024-04-09,2023-08-31,2024-02-29,apps:18371/17,ZHOLONKO AND OTHERS v. UKRAINE,18371/17|1533/18|16154/18|19938/18,001-231094,4,HEJUD,Violation of Article 6 - Right to a fair trial (Article 6 - Civil proceedings;Article 6-1 - Reasonable time);Violation of Article 13+6-1 - Right to an effective remedy (Article 13 - Effective remedy) (Article 6 - Right to a fair trial;Civil proceedings;Article 6-1 - Reasonable time),6|6-1|13|13+6-1,2024,negative,published_in_window_not_added_to_guide,apps:18371/17,false,false,clean,easy
0faa41c7c031,Article 18,2024-02-17,2024-04-09,2023-08-31,2024-02-29,apps:47784/18,ZINCHENKO AND OTHERS v. RUSSIA,47784/18|10432/21|13424/21|21468/21|23408/21|26290/21|39209/21|43268/21|45077/21|45349/21|46352/21|46493/21|47071/21|47148/21|49242/21|49500/21|49632/21|56424/21|56623/21|57204/21|57907/21|45469/22,001-231098,4,HEJUD,Violation of Article 11 - Freedom of assembly and association (Article 11-1 - Freedom of peaceful assembly);Violation of Article 5 - Right to liberty and security (Article 5-1 - Lawful arrest or detention);Violation of Article 6 - Right to a fair trial (Article 6 - Criminal proceedings;Article 6-1 - Impartial tribunal);Violation of Article 8 - Right to respect for private and family life (Article 8-1 - Respect for private life);Violation of Article 10 - Freedom of expression - {general} (Article 10-1 - Freedom of expression);Violation of Article 10 - Freedom of expression - {general} (Article 10-1 - Freedom of expression);Violation of Article 10 - Freedom of expression - {general} (Article 10-1 - Freedom of expression);Violation of Article 10 - Freedom of expression - {general} (Article 10-1 - Freedom of expression);Violation of Article 10 - Freedom of expression - {general} (Article 10-1 - Freedom of expression);Violation of Article 2 of Protocol No. 7 - Right of appeal in criminal matters (Article 2 of Protocol No. 7 - Review of conviction);Violation of Article 4 of Protocol No. 7 - Right not to be tried or punished twice - {general} (Article 4 of Protocol No. 7 - Right not to be tried or punished twice),11|11-1|5|5-1|6|6-1|8|8-1|10|10-1|P7-2|P7-4,2024,negative,published_in_window_not_added_to_guide,apps:47784/18,false,false,clean,easy
0faa41c7c031,Article 18,2024-02-17,2024-04-09,2023-08-31,2024-02-29,apps:19657/18,M.J. v. AZERBAIJAN,19657/18,001-231880,4,HEDEC,Inadmissible,3|5|5-1-f|13|35,2024,negative,published_in_window_not_added_to_guide,apps:19657/18,false,false,clean,easy
0faa41c7c031,Article 18,2024-02-17,2024-04-09,2023-08-31,2024-02-29,apps:56716/16,TALIBOVA v. AZERBAIJAN,56716/16,001-231868,4,HEDEC,Inadmissible,8|8-1|8-2|13|35,2024,negative,published_in_window_not_added_to_guide,apps:56716/16,false,false,clean,easy
0faa41c7c031,Article 18,2024-02-17,2024-04-09,2023-08-31,2024-02-29,apps:62157/13,BECALI AND CIOFLINĂ v. ROMANIA,62157/13,001-231358,4,HEJUD,Violation of Article 6 - Right to a fair trial (Article 6 - Criminal proceedings;Article 6-1 - Reasonable time),6|6-1,2024,negative,published_in_window_not_added_to_guide,apps:62157/13,false,false,clean,easy
0faa41c7c031,Article 18,2024-02-17,2024-04-09,2023-08-31,2024-02-29,apps:16915/21,DANILEŢ v. ROMANIA,16915/21,001-231394,3,HEJUD,Remainder inadmissible (Art. 35) Admissibility criteria;(Art. 35-3-a) Ratione materiae;Violation of Article 10 - Freedom of expression - {general} (Article 10-1 - Freedom of expression),35|35-3-a|10|10-1|10-2,2024,negative,published_in_window_not_added_to_guide,apps:16915/21,false,false,clean,easy
0faa41c7c031,Article 18,2024-02-17,2024-04-09,2023-08-31,2024-02-29,apps:48340/20,DEDE v. TÜRKİYE,48340/20,001-231332,3,HEJUD,Violation of Article 10 - Freedom of expression - {general} (Article 10 - Positive obligations;Article 10-1 - Freedom of expression);Pecuniary damage - claim dismissed (Article 41 - Pecuniary damage;Just satisfaction);Non-pecuniary damage - award (Article 41 - Non-pecuniary damage;Just satisfaction),10|10-1|10-2|41,2024,negative,published_in_window_not_added_to_guide,apps:48340/20,false,false,clean,easy
0faa41c7c031,Article 18,2024-02-17,2024-04-09,2023-08-31,2024-02-29,apps:53162/21,DIACONEASA v. ROMANIA,53162/21,001-231085,3,HEJUD,Violation of Article 8 - Right to respect for private and family life (Article 8-1 - Respect for private life);Pecuniary damage - claim dismissed (Article 41 - Pecuniary damage;Just satisfaction);Non-pecuniary damage - award (Article 41 - Non-pecuniary damage;Just satisfaction),8|8-1|8-2|41,2024,negative,published_in_window_not_added_to_guide,apps:53162/21,false,false,clean,easy
1b1f8de345be,Article 1 Protocol 1,2024-02-17,2024-08-28,2023-08-31,2024-02-29,apps:45205/22,ATAMANOVA AND OTHERS v. RUSSIA,45205/22|54946/22|54948/22|55947/22|56895/22|56896/22|57263/22|57336/22|57720/22|57727/22|849/23|1062/23|1522/23|1830/23|1837/23|2030/23|2076/23|2362/23|3659/23|3822/23|3832/23|4681/23|4915/23|4981/23|6735/23,001-231115,4,HEJUD,Violation of Article 11 - Freedom of assembly and association (Article 11-1 - Freedom of peaceful assembly);Violation of Article 5 - Right to liberty and security (Article 5-1 - Lawful arrest or detention);Violation of Article 6 - Right to a fair trial (Article 6 - Criminal proceedings;Article 6-1 - Impartial tribunal),11|11-1|5|5-1|6|6-1,2024,negative,published_in_window_not_added_to_guide,apps:45205/22,false,false,clean,easy
1b1f8de345be,Article 1 Protocol 1,2024-02-17,2024-08-28,2023-08-31,2024-02-29,apps:7827/23,BARKÓCZI AND OTHERS v. HUNGARY,7827/23|11448/23|14147/23|15915/23|19252/23|22512/23|24646/23|25257/23,001-231116,4,HEJUD,Violation of Article 6 - Right to a fair trial (Article 6 - Civil proceedings;Article 6-1 - Reasonable time);Violation of Article 13+6-1 - Right to an effective remedy (Article 13 - Effective remedy) (Article 6 - Right to a fair trial;Civil proceedings;Article 6-1 - Reasonable time),6|6-1|13|13+6-1,2024,negative,published_in_window_not_added_to_guide,apps:7827/23,false,false,clean,easy
1b1f8de345be,Article 1 Protocol 1,2024-02-17,2024-08-28,2023-08-31,2024-02-29,apps:13072/23,BONUM TEAM KFT AND CSURAI v. HUNGARY,13072/23|13122/23,001-231118,4,HEJUD,Violation of Article 6 - Right to a fair trial (Article 6 - Civil proceedings;Article 6-1 - Reasonable time),6|6-1,2024,negative,published_in_window_not_added_to_guide,apps:13072/23,false,false,clean,easy
1b1f8de345be,Article 1 Protocol 1,2024-02-17,2024-08-28,2023-08-31,2024-02-29,apps:20256/20,DOLENC v. SLOVENIA,20256/20,001-231100,3,HEJUD,Pecuniary damage - award (Article 41 - Pecuniary damage;Just satisfaction),41,2024,negative,published_in_window_not_added_to_guide,apps:20256/20,false,false,clean,easy
1b1f8de345be,Article 1 Protocol 1,2024-02-17,2024-08-28,2023-08-31,2024-02-29,apps:45987/21,ELIBASHVILI v. GEORGIA,45987/21,001-231109,4,HEJUD,Violation of Article 2 - Right to life (Article 2-1 - Effective investigation) (Procedural aspect),2|2-1,2024,negative,published_in_window_not_added_to_guide,apps:45987/21,false,false,clean,easy
1b1f8de345be,Article 1 Protocol 1,2024-02-17,2024-08-28,2023-08-31,2024-02-29,apps:9166/14,"GRATION TREYD, TOV v. UKRAINE",9166/14,001-231089,4,HEJUD,Violation of Article 1 of Protocol No. 1 - Protection of property (Article 1 para. 1 of Protocol No. 1 - Peaceful enjoyment of possessions),P1-1|P1-1-1,2024,negative,published_in_window_not_added_to_guide,apps:9166/14,false,false,clean,easy
1b1f8de345be,Article 1 Protocol 1,2024-02-17,2024-08-28,2023-08-31,2024-02-29,apps:25870/21,GRYAZEV AND OTHERS v. RUSSIA,25870/21|25879/21|25925/21|25926/21|25927/21|25931/21|26045/21|26704/21|26787/21|27834/21|28173/21|28180/21|35656/21|35657/21|35660/21|35664/21|35938/21|35944/21|35947/21|36271/21|37784/21|37790/21|37792/21|37794/21|42351/21|44149/21|44372/21|47450/21|49590/21,001-231106,4,HEJUD,Violation of Article 11 - Freedom of assembly and association (Article 11-1 - Freedom of peaceful assembly);Violation of Article 5 - Right to liberty and security (Article 5-1 - Lawful arrest or detention);Violation of Article 6 - Right to a fair trial (Article 6 - Criminal proceedings;Article 6-1 - Impartial tribunal);Violation of Article 4 of Protocol No. 7 - Right not to be tried or punished twice - {general} (Article 4 of Protocol No. 7 - Right not to be tried or punished twice),11|11-1|5|5-1|6|6-1|P7-4,2024,negative,published_in_window_not_added_to_guide,apps:25870/21,false,false,clean,easy
1b1f8de345be,Article 1 Protocol 1,2024-02-17,2024-08-28,2023-08-31,2024-02-29,apps:54470/21,IVANOV AND OTHERS v. RUSSIA,54470/21|56564/21|59469/21|59525/21|59535/21|59538/21|977/22|3020/22|8022/22|12279/22|13705/22|34656/22|36475/22|36545/22|51268/22,001-231112,4,HEJUD,Violation of Article 11 - Freedom of assembly and association (Article 11-1 - Freedom of peaceful assembly);Violation of Article 5 - Right to liberty and security (Article 5-1 - Lawful arrest or detention);Violation of Article 6 - Right to a fair trial (Article 6 - Criminal proceedings;Article 6-1 - Impartial tribunal),11|11-1|5|5-1|6|6-1,2024,negative,published_in_window_not_added_to_guide,apps:54470/21,false,false,clean,easy
1b1f8de345be,Article 1 Protocol 1,2024-02-17,2024-08-28,2023-08-31,2024-02-29,apps:16974/14,KACZMAREK v. POLAND,16974/14,001-231432,3,HEJUD,Violation of Article 8 - Right to respect for private and family life (Article 8-1 - Respect for correspondence;Respect for private life);Violation of Article 8 - Right to respect for private and family life (Article 8-1 - Respect for private life);Non-pecuniary damage - award (Article 41 - Non-pecuniary damage;Just satisfaction),8|8-1|8-2|41,2024,negative,published_in_window_not_added_to_guide,apps:16974/14,false,false,clean,easy
1b1f8de345be,Article 1 Protocol 1,2024-02-17,2024-08-28,2023-08-31,2024-02-29,apps:35012/19,LUKASHCHUK AND OTHERS v. RUSSIA,35012/19|52734/19|47285/20|50738/20|52777/20|9041/21|13046/21|15402/21|20331/21|20425/21|26035/21|26067/21|26784/21|38254/21|44148/21,001-231099,4,HEJUD,Violation of Article 5 - Right to liberty and security (Article 5-3 - Length of pre-trial detention);Violation of Article 5 - Right to liberty and security (Article 5-4 - Procedural guarantees of review);Violation of Article 5 - Right to liberty and security (Article 5-4 - Speediness of review);Violation of Article 8 - Right to respect for private and family life (Article 8-1 - Respect for family life);Violation of Article 13+8-1 - Right to an effective remedy (Article 13 - Effective remedy) (Article 8 - Right to respect for private and family life;Article 8-1 - Respect for family life);Violation of Article 14+8-1 - Prohibition of discrimination (Article 14 - Discrimination) (Article 8 - Right to respect for private and family life;Article 8-1 - Respect for family life);Violation of Article 3 - Prohibition of torture (Article 3 - Degrading treatment) (Substantive aspect);Violation of Article 3 - Prohibition of torture (Article 3 - Degrading treatment) (Substantive aspect);Violation of Article 13+3 - Right to an effective remedy (Article 13 - Effective remedy) (Article 3 - Prohibition of torture;Degrading treatment);Violation of Article 3 - Prohibition of torture (Article 3 - Degrading treatment),5|5-3|5-4|8|8-1|13|13+8-1|14|14+8-1|3|13+3,2024,negative,published_in_window_not_added_to_guide,apps:35012/19,false,false,clean,easy
1b1f8de345be,Article 1 Protocol 1,2024-02-17,2024-08-28,2023-08-31,2024-02-29,apps:10940/17,M.H. AND S.B. v. HUNGARY,10940/17|15977/17,001-231093,3,HEJUD,Violation of Article 5 - Right to liberty and security (Article 5-1 - Lawful arrest or detention);Non-pecuniary damage - award (Article 41 - Non-pecuniary damage;Just satisfaction),5|5-1|41|5-1-f|5-1-b,2024,negative,published_in_window_not_added_to_guide,apps:10940/17|15977/17,false,false,clean,easy
1b1f8de345be,Article 1 Protocol 1,2024-02-17,2024-08-28,2023-08-31,2024-02-29,apps:47048/21,MAKSIMOVA AND OTHERS v. RUSSIA,47048/21|48482/21|48590/21|48912/21|49892/21|51356/21|51788/21|51793/21|51935/21|52385/21|52480/21|52482/21|53233/21|53500/21|53788/21|53942/21|54069/21|54169/21|54261/21|54267/21|55306/21,001-231110,4,HEJUD,Violation of Article 11 - Freedom of assembly and association (Article 11-1 - Freedom of peaceful assembly);Violation of Article 5 - Right to liberty and security (Article 5-1 - Lawful arrest or detention);Violation of Article 6 - Right to a fair trial (Article 6 - Criminal proceedings;Article 6-1 - Impartial tribunal),11|11-1|5|5-1|6|6-1,2024,negative,published_in_window_not_added_to_guide,apps:47048/21,false,false,clean,easy
1b1f8de345be,Article 1 Protocol 1,2024-02-17,2024-08-28,2023-08-31,2024-02-29,apps:31516/22,MARQUES ÂNGELO v. PORTUGAL,31516/22,001-231114,4,HEJUD,Violation of Article 3 - Prohibition of torture (Article 3 - Degrading treatment) (Substantive aspect);Violation of Article 13+3 - Right to an effective remedy (Article 13 - Effective remedy) (Article 3 - Prohibition of torture;Degrading treatment),3|13|13+3,2024,negative,published_in_window_not_added_to_guide,apps:31516/22,false,false,clean,easy
1b1f8de345be,Article 1 Protocol 1,2024-02-17,2024-08-28,2023-08-31,2024-02-29,apps:46570/18,NURUSHEV AND OTHERS v. RUSSIA,46570/18|36922/21|40459/21|40494/21|40939/21|41407/21|42744/21|43251/21|43835/21|44181/21|45002/21|46947/21|48161/21|50257/21|50278/21|50293/21|51896/21|51994/21|51995/21|52824/21|53232/21|53293/21|53485/21|53491/21|61701/21,001-231097,4,HEJUD,Violation of Article 11 - Freedom of assembly and association (Article 11-1 - Freedom of peaceful assembly);Violation of Article 5 - Right to liberty and security (Article 5-1 - Lawful arrest or detention);Violation of Article 6 - Right to a fair trial (Article 6 - Criminal proceedings;Article 6-1 - Impartial tribunal);Violation of Article 10 - Freedom of expression - {general} (Article 10-1 - Freedom of expression);Violation of Article 2 of Protocol No. 7 - Right of appeal in criminal matters (Article 2 of Protocol No. 7 - Review of conviction),11|11-1|5|5-1|6|6-1|10|10-1|P7-2,2024,negative,published_in_window_not_added_to_guide,apps:46570/18,false,false,clean,easy
1b1f8de345be,Article 1 Protocol 1,2024-02-17,2024-08-28,2023-08-31,2024-02-29,apps:26096/16,PĂILĂ AND OTHERS v. ROMANIA,26096/16|26903/16|27242/16|46144/16|51607/16|66489/16|66507/16|67070/16|71424/16|18113/17,001-231092,4,HEJUD,Struck out of the list (Article 37-1 - Striking out applications),37|37-1,2024,negative,published_in_window_not_added_to_guide,apps:26096/16,false,false,clean,easy
1b1f8de345be,Article 1 Protocol 1,2024-02-17,2024-08-28,2023-08-31,2024-02-29,apps:53209/17,RADOSHEVICH AND OTHERS v. RUSSIA,53209/17|58512/18|13179/21|17191/21|19460/21|20633/21|22029/21|22043/21|25553/21|25614/21|30157/21|32318/21|32586/21|33069/21|35106/21|42144/21|50229/21|51508/21|56837/21|57991/21|61186/21|61737/21|3997/22,001-231096,4,HEJUD,Violation of Article 5 - Right to liberty and security (Article 5-3 - Length of pre-trial detention);Violation of Article 5 - Right to liberty and security (Article 5-4 - Speediness of review);Violation of Article 5 - Right to liberty and security (Article 5-5 - Compensation);Violation of Article 3 - Prohibition of torture (Article 3 - Degrading treatment) (Substantive aspect);Violation of Article 3 - Prohibition of torture (Article 3 - Degrading treatment) (Substantive aspect),5|5-3|5-4|5-5|3,2024,negative,published_in_window_not_added_to_guide,apps:53209/17,false,false,clean,easy
1b1f8de345be,Article 1 Protocol 1,2024-02-17,2024-08-28,2023-08-31,2024-02-29,apps:9429/23,SARIMOVA AND OTHERS v. RUSSIA,9429/23|17782/23|27128/23|27149/23|27193/23|27418/23|27425/23|27454/23|27471/23|27746/23|27818/23|28052/23|28623/23|28633/23|28820/23|29724/23|30208/23,001-231117,4,HEJUD,Violation of Article 11 - Freedom of assembly and association (Article 11-1 - Freedom of peaceful assembly);Violation of Article 5 - Right to liberty and security (Article 5-1 - Lawful arrest or detention),11|11-1|5|5-1,2024,negative,published_in_window_not_added_to_guide,apps:9429/23,false,false,clean,easy
1b1f8de345be,Article 1 Protocol 1,2024-02-17,2024-08-28,2023-08-31,2024-02-29,apps:41877/21,SIMON v. UKRAINE,41877/21,001-231107,4,HEJUD,Violation of Article 3 - Prohibition of torture (Article 3 - Degrading treatment) (Substantive aspect);Violation of Article 13+3 - Right to an effective remedy (Article 13 - Effective remedy) (Article 3 - Prohibition of torture;Degrading treatment),3|13|13+3,2024,negative,published_in_window_not_added_to_guide,apps:41877/21,false,false,clean,easy
1b1f8de345be,Article 1 Protocol 1,2024-02-17,2024-08-28,2023-08-31,2024-02-29,apps:57580/21,SOLOVYEV AND OTHERS v. RUSSIA,57580/21|57641/21|57718/21|58643/21|58669/21|58976/21|59679/21|8032/22|12051/22|12085/22|12300/22|14486/22|19953/22|33271/22|34013/22|36218/22|36242/22|39693/22|44416/22,001-231113,4,HEJUD,Violation of Article 11 - Freedom of assembly and association (Article 11-1 - Freedom of peaceful assembly);Violation of Article 5 - Right to liberty and security (Article 5-1 - Lawful arrest or detention);Violation of Article 6 - Right to a fair trial (Article 6 - Criminal proceedings;Article 6-1 - Impartial tribunal);Violation of Article 2 of Protocol No. 7 - Right of appeal in criminal matters (Article 2 of Protocol No. 7 - Review of conviction),11|11-1|5|5-1|6|6-1|P7-2,2024,negative,published_in_window_not_added_to_guide,apps:57580/21,false,false,clean,easy
1b1f8de345be,Article 1 Protocol 1,2024-02-17,2024-08-28,2023-08-31,2024-02-29,apps:31018/09,VICKTORIA SH.P.K. v. ALBANIA,31018/09,001-231087,4,HEJUD,Violation of Article 6 - Right to a fair trial (Article 6 - Civil proceedings;Article 6-1 - Reasonable time),6|6-1,2024,negative,published_in_window_not_added_to_guide,apps:31018/09,false,false,clean,easy
1b1f8de345be,Article 1 Protocol 1,2024-02-17,2024-08-28,2023-08-31,2024-02-29,apps:62444/10,VLAHOVIĆ v. MONTENEGRO,62444/10,001-231088,4,HEJUD,Violation of Article 6 - Right to a fair trial (Article 6 - Enforcement proceedings;Article 6-1 - Access to court);Violation of Article 1 of Protocol No. 1 - Protection of property (Article 1 para. 1 of Protocol No. 1 - Peaceful enjoyment of possessions),6|6-1|P1-1|P1-1-1,2024,negative,published_in_window_not_added_to_guide,apps:62444/10,false,false,clean,easy
1b1f8de345be,Article 1 Protocol 1,2024-02-17,2024-08-28,2023-08-31,2024-02-29,apps:48029/21,YERMOLAYEVA AND OTHERS v. RUSSIA,48029/21|56658/21|56852/21|56853/21|56856/21|56864/21|56879/21|56900/21|57040/21|57043/21|24857/22|24899/22|24916/22|24999/22|25015/22|25023/22|25179/22,001-231111,4,HEJUD,Violation of Article 11 - Freedom of assembly and association (Article 11-1 - Freedom of peaceful assembly);Violation of Article 5 - Right to liberty and security (Article 5-1 - Lawful arrest or detention);Violation of Article 6 - Right to a fair trial (Article 6 - Criminal proceedings;Article 6-1 - Impartial tribunal);Violation of Article 2 of Protocol No. 7 - Right of appeal in criminal matters (Article 2 of Protocol No. 7 - Review of conviction);Violation of Article 4 of Protocol No. 7 - Right not to be tried or punished twice - {general} (Article 4 of Protocol No. 7 - Right not to be tried or punished twice),11|11-1|5|5-1|6|6-1|P7-2|P7-4,2024,negative,published_in_window_not_added_to_guide,apps:48029/21,false,false,clean,easy
1b1f8de345be,Article 1 Protocol 1,2024-02-17,2024-08-28,2023-08-31,2024-02-29,apps:18371/17,ZHOLONKO AND OTHERS v. UKRAINE,18371/17|1533/18|16154/18|19938/18,001-231094,4,HEJUD,Violation of Article 6 - Right to a fair trial (Article 6 - Civil proceedings;Article 6-1 - Reasonable time);Violation of Article 13+6-1 - Right to an effective remedy (Article 13 - Effective remedy) (Article 6 - Right to a fair trial;Civil proceedings;Article 6-1 - Reasonable time),6|6-1|13|13+6-1,2024,negative,published_in_window_not_added_to_guide,apps:18371/17,false,false,clean,easy
1b1f8de345be,Article 1 Protocol 1,2024-02-17,2024-08-28,2023-08-31,2024-02-29,apps:47784/18,ZINCHENKO AND OTHERS v. RUSSIA,47784/18|10432/21|13424/21|21468/21|23408/21|26290/21|39209/21|43268/21|45077/21|45349/21|46352/21|46493/21|47071/21|47148/21|49242/21|49500/21|49632/21|56424/21|56623/21|57204/21|57907/21|45469/22,001-231098,4,HEJUD,Violation of Article 11 - Freedom of assembly and association (Article 11-1 - Freedom of peaceful assembly);Violation of Article 5 - Right to liberty and security (Article 5-1 - Lawful arrest or detention);Violation of Article 6 - Right to a fair trial (Article 6 - Criminal proceedings;Article 6-1 - Impartial tribunal);Violation of Article 8 - Right to respect for private and family life (Article 8-1 - Respect for private life);Violation of Article 10 - Freedom of expression - {general} (Article 10-1 - Freedom of expression);Violation of Article 10 - Freedom of expression - {general} (Article 10-1 - Freedom of expression);Violation of Article 10 - Freedom of expression - {general} (Article 10-1 - Freedom of expression);Violation of Article 10 - Freedom of expression - {general} (Article 10-1 - Freedom of expression);Violation of Article 10 - Freedom of expression - {general} (Article 10-1 - Freedom of expression);Violation of Article 2 of Protocol No. 7 - Right of appeal in criminal matters (Article 2 of Protocol No. 7 - Review of conviction);Violation of Article 4 of Protocol No. 7 - Right not to be tried or punished twice - {general} (Article 4 of Protocol No. 7 - Right not to be tried or punished twice),11|11-1|5|5-1|6|6-1|8|8-1|10|10-1|P7-2|P7-4,2024,negative,published_in_window_not_added_to_guide,apps:47784/18,false,false,clean,easy
1b1f8de345be,Article 1 Protocol 1,2024-02-17,2024-08-28,2023-08-31,2024-02-29,apps:19657/18,M.J. v. AZERBAIJAN,19657/18,001-231880,4,HEDEC,Inadmissible,3|5|5-1-f|13|35,2024,negative,published_in_window_not_added_to_guide,apps:19657/18,false,false,clean,easy
1b1f8de345be,Article 1 Protocol 1,2024-02-17,2024-08-28,2023-08-31,2024-02-29,apps:56716/16,TALIBOVA v. AZERBAIJAN,56716/16,001-231868,4,HEDEC,Inadmissible,8|8-1|8-2|13|35,2024,negative,published_in_window_not_added_to_guide,apps:56716/16,false,false,clean,easy
1b1f8de345be,Article 1 Protocol 1,2024-02-17,2024-08-28,2023-08-31,2024-02-29,apps:62157/13,BECALI AND CIOFLINĂ v. ROMANIA,62157/13,001-231358,4,HEJUD,Violation of Article 6 - Right to a fair trial (Article 6 - Criminal proceedings;Article 6-1 - Reasonable time),6|6-1,2024,negative,published_in_window_not_added_to_guide,apps:62157/13,false,false,clean,easy
1b1f8de345be,Article 1 Protocol 1,2024-02-17,2024-08-28,2023-08-31,2024-02-29,apps:16915/21,DANILEŢ v. ROMANIA,16915/21,001-231394,3,HEJUD,Remainder inadmissible (Art. 35) Admissibility criteria;(Art. 35-3-a) Ratione materiae;Violation of Article 10 - Freedom of expression - {general} (Article 10-1 - Freedom of expression),35|35-3-a|10|10-1|10-2,2024,negative,published_in_window_not_added_to_guide,apps:16915/21,false,false,clean,easy
1b1f8de345be,Article 1 Protocol 1,2024-02-17,2024-08-28,2023-08-31,2024-02-29,apps:48340/20,DEDE v. TÜRKİYE,48340/20,001-231332,3,HEJUD,Violation of Article 10 - Freedom of expression - {general} (Article 10 - Positive obligations;Article 10-1 - Freedom of expression);Pecuniary damage - claim dismissed (Article 41 - Pecuniary damage;Just satisfaction);Non-pecuniary damage - award (Article 41 - Non-pecuniary damage;Just satisfaction),10|10-1|10-2|41,2024,negative,published_in_window_not_added_to_guide,apps:48340/20,false,false,clean,easy
1b1f8de345be,Article 1 Protocol 1,2024-02-17,2024-08-28,2023-08-31,2024-02-29,apps:53162/21,DIACONEASA v. ROMANIA,53162/21,001-231085,3,HEJUD,Violation of Article 8 - Right to respect for private and family life (Article 8-1 - Respect for private life);Pecuniary damage - claim dismissed (Article 41 - Pecuniary damage;Just satisfaction);Non-pecuniary damage - award (Article 41 - Non-pecuniary damage;Just satisfaction),8|8-1|8-2|41,2024,negative,published_in_window_not_added_to_guide,apps:53162/21,false,false,clean,easy
2fbc08fc30bd,Article 9,2024-03-29,2024-09-13,2023-08-31,2024-02-29,apps:45205/22,ATAMANOVA AND OTHERS v. RUSSIA,45205/22|54946/22|54948/22|55947/22|56895/22|56896/22|57263/22|57336/22|57720/22|57727/22|849/23|1062/23|1522/23|1830/23|1837/23|2030/23|2076/23|2362/23|3659/23|3822/23|3832/23|4681/23|4915/23|4981/23|6735/23,001-231115,4,HEJUD,Violation of Article 11 - Freedom of assembly and association (Article 11-1 - Freedom of peaceful assembly);Violation of Article 5 - Right to liberty and security (Article 5-1 - Lawful arrest or detention);Violation of Article 6 - Right to a fair trial (Article 6 - Criminal proceedings;Article 6-1 - Impartial tribunal),11|11-1|5|5-1|6|6-1,2024,negative,published_in_window_not_added_to_guide,apps:45205/22,false,false,clean,easy
2fbc08fc30bd,Article 9,2024-03-29,2024-09-13,2023-08-31,2024-02-29,apps:7827/23,BARKÓCZI AND OTHERS v. HUNGARY,7827/23|11448/23|14147/23|15915/23|19252/23|22512/23|24646/23|25257/23,001-231116,4,HEJUD,Violation of Article 6 - Right to a fair trial (Article 6 - Civil proceedings;Article 6-1 - Reasonable time);Violation of Article 13+6-1 - Right to an effective remedy (Article 13 - Effective remedy) (Article 6 - Right to a fair trial;Civil proceedings;Article 6-1 - Reasonable time),6|6-1|13|13+6-1,2024,negative,published_in_window_not_added_to_guide,apps:7827/23,false,false,clean,easy
2fbc08fc30bd,Article 9,2024-03-29,2024-09-13,2023-08-31,2024-02-29,apps:13072/23,BONUM TEAM KFT AND CSURAI v. HUNGARY,13072/23|13122/23,001-231118,4,HEJUD,Violation of Article 6 - Right to a fair trial (Article 6 - Civil proceedings;Article 6-1 - Reasonable time),6|6-1,2024,negative,published_in_window_not_added_to_guide,apps:13072/23,false,false,clean,easy
2fbc08fc30bd,Article 9,2024-03-29,2024-09-13,2023-08-31,2024-02-29,apps:20256/20,DOLENC v. SLOVENIA,20256/20,001-231100,3,HEJUD,Pecuniary damage - award (Article 41 - Pecuniary damage;Just satisfaction),41,2024,negative,published_in_window_not_added_to_guide,apps:20256/20,false,false,clean,easy
2fbc08fc30bd,Article 9,2024-03-29,2024-09-13,2023-08-31,2024-02-29,apps:45987/21,ELIBASHVILI v. GEORGIA,45987/21,001-231109,4,HEJUD,Violation of Article 2 - Right to life (Article 2-1 - Effective investigation) (Procedural aspect),2|2-1,2024,negative,published_in_window_not_added_to_guide,apps:45987/21,false,false,clean,easy
2fbc08fc30bd,Article 9,2024-03-29,2024-09-13,2023-08-31,2024-02-29,apps:9166/14,"GRATION TREYD, TOV v. UKRAINE",9166/14,001-231089,4,HEJUD,Violation of Article 1 of Protocol No. 1 - Protection of property (Article 1 para. 1 of Protocol No. 1 - Peaceful enjoyment of possessions),P1-1|P1-1-1,2024,negative,published_in_window_not_added_to_guide,apps:9166/14,false,false,clean,easy
2fbc08fc30bd,Article 9,2024-03-29,2024-09-13,2023-08-31,2024-02-29,apps:25870/21,GRYAZEV AND OTHERS v. RUSSIA,25870/21|25879/21|25925/21|25926/21|25927/21|25931/21|26045/21|26704/21|26787/21|27834/21|28173/21|28180/21|35656/21|35657/21|35660/21|35664/21|35938/21|35944/21|35947/21|36271/21|37784/21|37790/21|37792/21|37794/21|42351/21|44149/21|44372/21|47450/21|49590/21,001-231106,4,HEJUD,Violation of Article 11 - Freedom of assembly and association (Article 11-1 - Freedom of peaceful assembly);Violation of Article 5 - Right to liberty and security (Article 5-1 - Lawful arrest or detention);Violation of Article 6 - Right to a fair trial (Article 6 - Criminal proceedings;Article 6-1 - Impartial tribunal);Violation of Article 4 of Protocol No. 7 - Right not to be tried or punished twice - {general} (Article 4 of Protocol No. 7 - Right not to be tried or punished twice),11|11-1|5|5-1|6|6-1|P7-4,2024,negative,published_in_window_not_added_to_guide,apps:25870/21,false,false,clean,easy
2fbc08fc30bd,Article 9,2024-03-29,2024-09-13,2023-08-31,2024-02-29,apps:54470/21,IVANOV AND OTHERS v. RUSSIA,54470/21|56564/21|59469/21|59525/21|59535/21|59538/21|977/22|3020/22|8022/22|12279/22|13705/22|34656/22|36475/22|36545/22|51268/22,001-231112,4,HEJUD,Violation of Article 11 - Freedom of assembly and association (Article 11-1 - Freedom of peaceful assembly);Violation of Article 5 - Right to liberty and security (Article 5-1 - Lawful arrest or detention);Violation of Article 6 - Right to a fair trial (Article 6 - Criminal proceedings;Article 6-1 - Impartial tribunal),11|11-1|5|5-1|6|6-1,2024,negative,published_in_window_not_added_to_guide,apps:54470/21,false,false,clean,easy
2fbc08fc30bd,Article 9,2024-03-29,2024-09-13,2023-08-31,2024-02-29,apps:16974/14,KACZMAREK v. POLAND,16974/14,001-231432,3,HEJUD,Violation of Article 8 - Right to respect for private and family life (Article 8-1 - Respect for correspondence;Respect for private life);Violation of Article 8 - Right to respect for private and family life (Article 8-1 - Respect for private life);Non-pecuniary damage - award (Article 41 - Non-pecuniary damage;Just satisfaction),8|8-1|8-2|41,2024,negative,published_in_window_not_added_to_guide,apps:16974/14,false,false,clean,easy
2fbc08fc30bd,Article 9,2024-03-29,2024-09-13,2023-08-31,2024-02-29,apps:35012/19,LUKASHCHUK AND OTHERS v. RUSSIA,35012/19|52734/19|47285/20|50738/20|52777/20|9041/21|13046/21|15402/21|20331/21|20425/21|26035/21|26067/21|26784/21|38254/21|44148/21,001-231099,4,HEJUD,Violation of Article 5 - Right to liberty and security (Article 5-3 - Length of pre-trial detention);Violation of Article 5 - Right to liberty and security (Article 5-4 - Procedural guarantees of review);Violation of Article 5 - Right to liberty and security (Article 5-4 - Speediness of review);Violation of Article 8 - Right to respect for private and family life (Article 8-1 - Respect for family life);Violation of Article 13+8-1 - Right to an effective remedy (Article 13 - Effective remedy) (Article 8 - Right to respect for private and family life;Article 8-1 - Respect for family life);Violation of Article 14+8-1 - Prohibition of discrimination (Article 14 - Discrimination) (Article 8 - Right to respect for private and family life;Article 8-1 - Respect for family life);Violation of Article 3 - Prohibition of torture (Article 3 - Degrading treatment) (Substantive aspect);Violation of Article 3 - Prohibition of torture (Article 3 - Degrading treatment) (Substantive aspect);Violation of Article 13+3 - Right to an effective remedy (Article 13 - Effective remedy) (Article 3 - Prohibition of torture;Degrading treatment);Violation of Article 3 - Prohibition of torture (Article 3 - Degrading treatment),5|5-3|5-4|8|8-1|13|13+8-1|14|14+8-1|3|13+3,2024,negative,published_in_window_not_added_to_guide,apps:35012/19,false,false,clean,easy
2fbc08fc30bd,Article 9,2024-03-29,2024-09-13,2023-08-31,2024-02-29,apps:10940/17,M.H. AND S.B. v. HUNGARY,10940/17|15977/17,001-231093,3,HEJUD,Violation of Article 5 - Right to liberty and security (Article 5-1 - Lawful arrest or detention);Non-pecuniary damage - award (Article 41 - Non-pecuniary damage;Just satisfaction),5|5-1|41|5-1-f|5-1-b,2024,negative,published_in_window_not_added_to_guide,apps:10940/17|15977/17,false,false,clean,easy
2fbc08fc30bd,Article 9,2024-03-29,2024-09-13,2023-08-31,2024-02-29,apps:47048/21,MAKSIMOVA AND OTHERS v. RUSSIA,47048/21|48482/21|48590/21|48912/21|49892/21|51356/21|51788/21|51793/21|51935/21|52385/21|52480/21|52482/21|53233/21|53500/21|53788/21|53942/21|54069/21|54169/21|54261/21|54267/21|55306/21,001-231110,4,HEJUD,Violation of Article 11 - Freedom of assembly and association (Article 11-1 - Freedom of peaceful assembly);Violation of Article 5 - Right to liberty and security (Article 5-1 - Lawful arrest or detention);Violation of Article 6 - Right to a fair trial (Article 6 - Criminal proceedings;Article 6-1 - Impartial tribunal),11|11-1|5|5-1|6|6-1,2024,negative,published_in_window_not_added_to_guide,apps:47048/21,false,false,clean,easy
2fbc08fc30bd,Article 9,2024-03-29,2024-09-13,2023-08-31,2024-02-29,apps:31516/22,MARQUES ÂNGELO v. PORTUGAL,31516/22,001-231114,4,HEJUD,Violation of Article 3 - Prohibition of torture (Article 3 - Degrading treatment) (Substantive aspect);Violation of Article 13+3 - Right to an effective remedy (Article 13 - Effective remedy) (Article 3 - Prohibition of torture;Degrading treatment),3|13|13+3,2024,negative,published_in_window_not_added_to_guide,apps:31516/22,false,false,clean,easy
2fbc08fc30bd,Article 9,2024-03-29,2024-09-13,2023-08-31,2024-02-29,apps:46570/18,NURUSHEV AND OTHERS v. RUSSIA,46570/18|36922/21|40459/21|40494/21|40939/21|41407/21|42744/21|43251/21|43835/21|44181/21|45002/21|46947/21|48161/21|50257/21|50278/21|50293/21|51896/21|51994/21|51995/21|52824/21|53232/21|53293/21|53485/21|53491/21|61701/21,001-231097,4,HEJUD,Violation of Article 11 - Freedom of assembly and association (Article 11-1 - Freedom of peaceful assembly);Violation of Article 5 - Right to liberty and security (Article 5-1 - Lawful arrest or detention);Violation of Article 6 - Right to a fair trial (Article 6 - Criminal proceedings;Article 6-1 - Impartial tribunal);Violation of Article 10 - Freedom of expression - {general} (Article 10-1 - Freedom of expression);Violation of Article 2 of Protocol No. 7 - Right of appeal in criminal matters (Article 2 of Protocol No. 7 - Review of conviction),11|11-1|5|5-1|6|6-1|10|10-1|P7-2,2024,negative,published_in_window_not_added_to_guide,apps:46570/18,false,false,clean,easy
2fbc08fc30bd,Article 9,2024-03-29,2024-09-13,2023-08-31,2024-02-29,apps:26096/16,PĂILĂ AND OTHERS v. ROMANIA,26096/16|26903/16|27242/16|46144/16|51607/16|66489/16|66507/16|67070/16|71424/16|18113/17,001-231092,4,HEJUD,Struck out of the list (Article 37-1 - Striking out applications),37|37-1,2024,negative,published_in_window_not_added_to_guide,apps:26096/16,false,false,clean,easy
2fbc08fc30bd,Article 9,2024-03-29,2024-09-13,2023-08-31,2024-02-29,apps:53209/17,RADOSHEVICH AND OTHERS v. RUSSIA,53209/17|58512/18|13179/21|17191/21|19460/21|20633/21|22029/21|22043/21|25553/21|25614/21|30157/21|32318/21|32586/21|33069/21|35106/21|42144/21|50229/21|51508/21|56837/21|57991/21|61186/21|61737/21|3997/22,001-231096,4,HEJUD,Violation of Article 5 - Right to liberty and security (Article 5-3 - Length of pre-trial detention);Violation of Article 5 - Right to liberty and security (Article 5-4 - Speediness of review);Violation of Article 5 - Right to liberty and security (Article 5-5 - Compensation);Violation of Article 3 - Prohibition of torture (Article 3 - Degrading treatment) (Substantive aspect);Violation of Article 3 - Prohibition of torture (Article 3 - Degrading treatment) (Substantive aspect),5|5-3|5-4|5-5|3,2024,negative,published_in_window_not_added_to_guide,apps:53209/17,false,false,clean,easy
2fbc08fc30bd,Article 9,2024-03-29,2024-09-13,2023-08-31,2024-02-29,apps:9429/23,SARIMOVA AND OTHERS v. RUSSIA,9429/23|17782/23|27128/23|27149/23|27193/23|27418/23|27425/23|27454/23|27471/23|27746/23|27818/23|28052/23|28623/23|28633/23|28820/23|29724/23|30208/23,001-231117,4,HEJUD,Violation of Article 11 - Freedom of assembly and association (Article 11-1 - Freedom of peaceful assembly);Violation of Article 5 - Right to liberty and security (Article 5-1 - Lawful arrest or detention),11|11-1|5|5-1,2024,negative,published_in_window_not_added_to_guide,apps:9429/23,false,false,clean,easy
2fbc08fc30bd,Article 9,2024-03-29,2024-09-13,2023-08-31,2024-02-29,apps:41877/21,SIMON v. UKRAINE,41877/21,001-231107,4,HEJUD,Violation of Article 3 - Prohibition of torture (Article 3 - Degrading treatment) (Substantive aspect);Violation of Article 13+3 - Right to an effective remedy (Article 13 - Effective remedy) (Article 3 - Prohibition of torture;Degrading treatment),3|13|13+3,2024,negative,published_in_window_not_added_to_guide,apps:41877/21,false,false,clean,easy
2fbc08fc30bd,Article 9,2024-03-29,2024-09-13,2023-08-31,2024-02-29,apps:57580/21,SOLOVYEV AND OTHERS v. RUSSIA,57580/21|57641/21|57718/21|58643/21|58669/21|58976/21|59679/21|8032/22|12051/22|12085/22|12300/22|14486/22|19953/22|33271/22|34013/22|36218/22|36242/22|39693/22|44416/22,001-231113,4,HEJUD,Violation of Article 11 - Freedom of assembly and association (Article 11-1 - Freedom of peaceful assembly);Violation of Article 5 - Right to liberty and security (Article 5-1 - Lawful arrest or detention);Violation of Article 6 - Right to a fair trial (Article 6 - Criminal proceedings;Article 6-1 - Impartial tribunal);Violation of Article 2 of Protocol No. 7 - Right of appeal in criminal matters (Article 2 of Protocol No. 7 - Review of conviction),11|11-1|5|5-1|6|6-1|P7-2,2024,negative,published_in_window_not_added_to_guide,apps:57580/21,false,false,clean,easy
2fbc08fc30bd,Article 9,2024-03-29,2024-09-13,2023-08-31,2024-02-29,apps:31018/09,VICKTORIA SH.P.K. v. ALBANIA,31018/09,001-231087,4,HEJUD,Violation of Article 6 - Right to a fair trial (Article 6 - Civil proceedings;Article 6-1 - Reasonable time),6|6-1,2024,negative,published_in_window_not_added_to_guide,apps:31018/09,false,false,clean,easy
2fbc08fc30bd,Article 9,2024-03-29,2024-09-13,2023-08-31,2024-02-29,apps:62444/10,VLAHOVIĆ v. MONTENEGRO,62444/10,001-231088,4,HEJUD,Violation of Article 6 - Right to a fair trial (Article 6 - Enforcement proceedings;Article 6-1 - Access to court);Violation of Article 1 of Protocol No. 1 - Protection of property (Article 1 para. 1 of Protocol No. 1 - Peaceful enjoyment of possessions),6|6-1|P1-1|P1-1-1,2024,negative,published_in_window_not_added_to_guide,apps:62444/10,false,false,clean,easy
2fbc08fc30bd,Article 9,2024-03-29,2024-09-13,2023-08-31,2024-02-29,apps:48029/21,YERMOLAYEVA AND OTHERS v. RUSSIA,48029/21|56658/21|56852/21|56853/21|56856/21|56864/21|56879/21|56900/21|57040/21|57043/21|24857/22|24899/22|24916/22|24999/22|25015/22|25023/22|25179/22,001-231111,4,HEJUD,Violation of Article 11 - Freedom of assembly and association (Article 11-1 - Freedom of peaceful assembly);Violation of Article 5 - Right to liberty and security (Article 5-1 - Lawful arrest or detention);Violation of Article 6 - Right to a fair trial (Article 6 - Criminal proceedings;Article 6-1 - Impartial tribunal);Violation of Article 2 of Protocol No. 7 - Right of appeal in criminal matters (Article 2 of Protocol No. 7 - Review of conviction);Violation of Article 4 of Protocol No. 7 - Right not to be tried or punished twice - {general} (Article 4 of Protocol No. 7 - Right not to be tried or punished twice),11|11-1|5|5-1|6|6-1|P7-2|P7-4,2024,negative,published_in_window_not_added_to_guide,apps:48029/21,false,false,clean,easy
2fbc08fc30bd,Article 9,2024-03-29,2024-09-13,2023-08-31,2024-02-29,apps:18371/17,ZHOLONKO AND OTHERS v. UKRAINE,18371/17|1533/18|16154/18|19938/18,001-231094,4,HEJUD,Violation of Article 6 - Right to a fair trial (Article 6 - Civil proceedings;Article 6-1 - Reasonable time);Violation of Article 13+6-1 - Right to an effective remedy (Article 13 - Effective remedy) (Article 6 - Right to a fair trial;Civil proceedings;Article 6-1 - Reasonable time),6|6-1|13|13+6-1,2024,negative,published_in_window_not_added_to_guide,apps:18371/17,false,false,clean,easy
2fbc08fc30bd,Article 9,2024-03-29,2024-09-13,2023-08-31,2024-02-29,apps:47784/18,ZINCHENKO AND OTHERS v. RUSSIA,47784/18|10432/21|13424/21|21468/21|23408/21|26290/21|39209/21|43268/21|45077/21|45349/21|46352/21|46493/21|47071/21|47148/21|49242/21|49500/21|49632/21|56424/21|56623/21|57204/21|57907/21|45469/22,001-231098,4,HEJUD,Violation of Article 11 - Freedom of assembly and association (Article 11-1 - Freedom of peaceful assembly);Violation of Article 5 - Right to liberty and security (Article 5-1 - Lawful arrest or detention);Violation of Article 6 - Right to a fair trial (Article 6 - Criminal proceedings;Article 6-1 - Impartial tribunal);Violation of Article 8 - Right to respect for private and family life (Article 8-1 - Respect for private life);Violation of Article 10 - Freedom of expression - {general} (Article 10-1 - Freedom of expression);Violation of Article 10 - Freedom of expression - {general} (Article 10-1 - Freedom of expression);Violation of Article 10 - Freedom of expression - {general} (Article 10-1 - Freedom of expression);Violation of Article 10 - Freedom of expression - {general} (Article 10-1 - Freedom of expression);Violation of Article 10 - Freedom of expression - {general} (Article 10-1 - Freedom of expression);Violation of Article 2 of Protocol No. 7 - Right of appeal in criminal matters (Article 2 of Protocol No. 7 - Review of conviction);Violation of Article 4 of Protocol No. 7 - Right not to be tried or punished twice - {general} (Article 4 of Protocol No. 7 - Right not to be tried or punished twice),11|11-1|5|5-1|6|6-1|8|8-1|10|10-1|P7-2|P7-4,2024,negative,published_in_window_not_added_to_guide,apps:47784/18,false,false,clean,easy
2fbc08fc30bd,Article 9,2024-03-29,2024-09-13,2023-08-31,2024-02-29,apps:19657/18,M.J. v. AZERBAIJAN,19657/18,001-231880,4,HEDEC,Inadmissible,3|5|5-1-f|13|35,2024,negative,published_in_window_not_added_to_guide,apps:19657/18,false,false,clean,easy
2fbc08fc30bd,Article 9,2024-03-29,2024-09-13,2023-08-31,2024-02-29,apps:56716/16,TALIBOVA v. AZERBAIJAN,56716/16,001-231868,4,HEDEC,Inadmissible,8|8-1|8-2|13|35,2024,negative,published_in_window_not_added_to_guide,apps:56716/16,false,false,clean,easy
2fbc08fc30bd,Article 9,2024-03-29,2024-09-13,2023-08-31,2024-02-29,apps:62157/13,BECALI AND CIOFLINĂ v. ROMANIA,62157/13,001-231358,4,HEJUD,Violation of Article 6 - Right to a fair trial (Article 6 - Criminal proceedings;Article 6-1 - Reasonable time),6|6-1,2024,negative,published_in_window_not_added_to_guide,apps:62157/13,false,false,clean,easy
2fbc08fc30bd,Article 9,2024-03-29,2024-09-13,2023-08-31,2024-02-29,apps:16915/21,DANILEŢ v. ROMANIA,16915/21,001-231394,3,HEJUD,Remainder inadmissible (Art. 35) Admissibility criteria;(Art. 35-3-a) Ratione materiae;Violation of Article 10 - Freedom of expression - {general} (Article 10-1 - Freedom of expression),35|35-3-a|10|10-1|10-2,2024,negative,published_in_window_not_added_to_guide,apps:16915/21,false,false,clean,easy
2fbc08fc30bd,Article 9,2024-03-29,2024-09-13,2023-08-31,2024-02-29,apps:48340/20,DEDE v. TÜRKİYE,48340/20,001-231332,3,HEJUD,Violation of Article 10 - Freedom of expression - {general} (Article 10 - Positive obligations;Article 10-1 - Freedom of expression);Pecuniary damage - claim dismissed (Article 41 - Pecuniary damage;Just satisfaction);Non-pecuniary damage - award (Article 41 - Non-pecuniary damage;Just satisfaction),10|10-1|10-2|41,2024,negative,published_in_window_not_added_to_guide,apps:48340/20,false,false,clean,easy
2fbc08fc30bd,Article 9,2024-03-29,2024-09-13,2023-08-31,2024-02-29,apps:53162/21,DIACONEASA v. ROMANIA,53162/21,001-231085,3,HEJUD,Violation of Article 8 - Right to respect for private and family life (Article 8-1 - Respect for private life);Pecuniary damage - claim dismissed (Article 41 - Pecuniary damage;Just satisfaction);Non-pecuniary damage - award (Article 41 - Non-pecuniary damage;Just satisfaction),8|8-1|8-2|41,2024,negative,published_in_window_not_added_to_guide,apps:53162/21,false,false,clean,easy
41c295afbaa0,Article 7,2023-09-23,2024-03-29,2023-08-31,2024-02-29,apps:45205/22,ATAMANOVA AND OTHERS v. RUSSIA,45205/22|54946/22|54948/22|55947/22|56895/22|56896/22|57263/22|57336/22|57720/22|57727/22|849/23|1062/23|1522/23|1830/23|1837/23|2030/23|2076/23|2362/23|3659/23|3822/23|3832/23|4681/23|4915/23|4981/23|6735/23,001-231115,4,HEJUD,Violation of Article 11 - Freedom of assembly and association (Article 11-1 - Freedom of peaceful assembly);Violation of Article 5 - Right to liberty and security (Article 5-1 - Lawful arrest or detention);Violation of Article 6 - Right to a fair trial (Article 6 - Criminal proceedings;Article 6-1 - Impartial tribunal),11|11-1|5|5-1|6|6-1,2024,negative,published_in_window_not_added_to_guide,apps:45205/22,false,false,clean,easy
41c295afbaa0,Article 7,2023-09-23,2024-03-29,2023-08-31,2024-02-29,apps:7827/23,BARKÓCZI AND OTHERS v. HUNGARY,7827/23|11448/23|14147/23|15915/23|19252/23|22512/23|24646/23|25257/23,001-231116,4,HEJUD,Violation of Article 6 - Right to a fair trial (Article 6 - Civil proceedings;Article 6-1 - Reasonable time);Violation of Article 13+6-1 - Right to an effective remedy (Article 13 - Effective remedy) (Article 6 - Right to a fair trial;Civil proceedings;Article 6-1 - Reasonable time),6|6-1|13|13+6-1,2024,negative,published_in_window_not_added_to_guide,apps:7827/23,false,false,clean,easy
41c295afbaa0,Article 7,2023-09-23,2024-03-29,2023-08-31,2024-02-29,apps:13072/23,BONUM TEAM KFT AND CSURAI v. HUNGARY,13072/23|13122/23,001-231118,4,HEJUD,Violation of Article 6 - Right to a fair trial (Article 6 - Civil proceedings;Article 6-1 - Reasonable time),6|6-1,2024,negative,published_in_window_not_added_to_guide,apps:13072/23,false,false,clean,easy
41c295afbaa0,Article 7,2023-09-23,2024-03-29,2023-08-31,2024-02-29,apps:20256/20,DOLENC v. SLOVENIA,20256/20,001-231100,3,HEJUD,Pecuniary damage - award (Article 41 - Pecuniary damage;Just satisfaction),41,2024,negative,published_in_window_not_added_to_guide,apps:20256/20,false,false,clean,easy
41c295afbaa0,Article 7,2023-09-23,2024-03-29,2023-08-31,2024-02-29,apps:45987/21,ELIBASHVILI v. GEORGIA,45987/21,001-231109,4,HEJUD,Violation of Article 2 - Right to life (Article 2-1 - Effective investigation) (Procedural aspect),2|2-1,2024,negative,published_in_window_not_added_to_guide,apps:45987/21,false,false,clean,easy
41c295afbaa0,Article 7,2023-09-23,2024-03-29,2023-08-31,2024-02-29,apps:9166/14,"GRATION TREYD, TOV v. UKRAINE",9166/14,001-231089,4,HEJUD,Violation of Article 1 of Protocol No. 1 - Protection of property (Article 1 para. 1 of Protocol No. 1 - Peaceful enjoyment of possessions),P1-1|P1-1-1,2024,negative,published_in_window_not_added_to_guide,apps:9166/14,false,false,clean,easy
41c295afbaa0,Article 7,2023-09-23,2024-03-29,2023-08-31,2024-02-29,apps:25870/21,GRYAZEV AND OTHERS v. RUSSIA,25870/21|25879/21|25925/21|25926/21|25927/21|25931/21|26045/21|26704/21|26787/21|27834/21|28173/21|28180/21|35656/21|35657/21|35660/21|35664/21|35938/21|35944/21|35947/21|36271/21|37784/21|37790/21|37792/21|37794/21|42351/21|44149/21|44372/21|47450/21|49590/21,001-231106,4,HEJUD,Violation of Article 11 - Freedom of assembly and association (Article 11-1 - Freedom of peaceful assembly);Violation of Article 5 - Right to liberty and security (Article 5-1 - Lawful arrest or detention);Violation of Article 6 - Right to a fair trial (Article 6 - Criminal proceedings;Article 6-1 - Impartial tribunal);Violation of Article 4 of Protocol No. 7 - Right not to be tried or punished twice - {general} (Article 4 of Protocol No. 7 - Right not to be tried or punished twice),11|11-1|5|5-1|6|6-1|P7-4,2024,negative,published_in_window_not_added_to_guide,apps:25870/21,false,false,clean,easy
41c295afbaa0,Article 7,2023-09-23,2024-03-29,2023-08-31,2024-02-29,apps:54470/21,IVANOV AND OTHERS v. RUSSIA,54470/21|56564/21|59469/21|59525/21|59535/21|59538/21|977/22|3020/22|8022/22|12279/22|13705/22|34656/22|36475/22|36545/22|51268/22,001-231112,4,HEJUD,Violation of Article 11 - Freedom of assembly and association (Article 11-1 - Freedom of peaceful assembly);Violation of Article 5 - Right to liberty and security (Article 5-1 - Lawful arrest or detention);Violation of Article 6 - Right to a fair trial (Article 6 - Criminal proceedings;Article 6-1 - Impartial tribunal),11|11-1|5|5-1|6|6-1,2024,negative,published_in_window_not_added_to_guide,apps:54470/21,false,false,clean,easy
41c295afbaa0,Article 7,2023-09-23,2024-03-29,2023-08-31,2024-02-29,apps:16974/14,KACZMAREK v. POLAND,16974/14,001-231432,3,HEJUD,Violation of Article 8 - Right to respect for private and family life (Article 8-1 - Respect for correspondence;Respect for private life);Violation of Article 8 - Right to respect for private and family life (Article 8-1 - Respect for private life);Non-pecuniary damage - award (Article 41 - Non-pecuniary damage;Just satisfaction),8|8-1|8-2|41,2024,negative,published_in_window_not_added_to_guide,apps:16974/14,false,false,clean,easy
41c295afbaa0,Article 7,2023-09-23,2024-03-29,2023-08-31,2024-02-29,apps:35012/19,LUKASHCHUK AND OTHERS v. RUSSIA,35012/19|52734/19|47285/20|50738/20|52777/20|9041/21|13046/21|15402/21|20331/21|20425/21|26035/21|26067/21|26784/21|38254/21|44148/21,001-231099,4,HEJUD,Violation of Article 5 - Right to liberty and security (Article 5-3 - Length of pre-trial detention);Violation of Article 5 - Right to liberty and security (Article 5-4 - Procedural guarantees of review);Violation of Article 5 - Right to liberty and security (Article 5-4 - Speediness of review);Violation of Article 8 - Right to respect for private and family life (Article 8-1 - Respect for family life);Violation of Article 13+8-1 - Right to an effective remedy (Article 13 - Effective remedy) (Article 8 - Right to respect for private and family life;Article 8-1 - Respect for family life);Violation of Article 14+8-1 - Prohibition of discrimination (Article 14 - Discrimination) (Article 8 - Right to respect for private and family life;Article 8-1 - Respect for family life);Violation of Article 3 - Prohibition of torture (Article 3 - Degrading treatment) (Substantive aspect);Violation of Article 3 - Prohibition of torture (Article 3 - Degrading treatment) (Substantive aspect);Violation of Article 13+3 - Right to an effective remedy (Article 13 - Effective remedy) (Article 3 - Prohibition of torture;Degrading treatment);Violation of Article 3 - Prohibition of torture (Article 3 - Degrading treatment),5|5-3|5-4|8|8-1|13|13+8-1|14|14+8-1|3|13+3,2024,negative,published_in_window_not_added_to_guide,apps:35012/19,false,false,clean,easy
41c295afbaa0,Article 7,2023-09-23,2024-03-29,2023-08-31,2024-02-29,apps:10940/17,M.H. AND S.B. v. HUNGARY,10940/17|15977/17,001-231093,3,HEJUD,Violation of Article 5 - Right to liberty and security (Article 5-1 - Lawful arrest or detention);Non-pecuniary damage - award (Article 41 - Non-pecuniary damage;Just satisfaction),5|5-1|41|5-1-f|5-1-b,2024,negative,published_in_window_not_added_to_guide,apps:10940/17|15977/17,false,false,clean,easy
41c295afbaa0,Article 7,2023-09-23,2024-03-29,2023-08-31,2024-02-29,apps:47048/21,MAKSIMOVA AND OTHERS v. RUSSIA,47048/21|48482/21|48590/21|48912/21|49892/21|51356/21|51788/21|51793/21|51935/21|52385/21|52480/21|52482/21|53233/21|53500/21|53788/21|53942/21|54069/21|54169/21|54261/21|54267/21|55306/21,001-231110,4,HEJUD,Violation of Article 11 - Freedom of assembly and association (Article 11-1 - Freedom of peaceful assembly);Violation of Article 5 - Right to liberty and security (Article 5-1 - Lawful arrest or detention);Violation of Article 6 - Right to a fair trial (Article 6 - Criminal proceedings;Article 6-1 - Impartial tribunal),11|11-1|5|5-1|6|6-1,2024,negative,published_in_window_not_added_to_guide,apps:47048/21,false,false,clean,easy
41c295afbaa0,Article 7,2023-09-23,2024-03-29,2023-08-31,2024-02-29,apps:31516/22,MARQUES ÂNGELO v. PORTUGAL,31516/22,001-231114,4,HEJUD,Violation of Article 3 - Prohibition of torture (Article 3 - Degrading treatment) (Substantive aspect);Violation of Article 13+3 - Right to an effective remedy (Article 13 - Effective remedy) (Article 3 - Prohibition of torture;Degrading treatment),3|13|13+3,2024,negative,published_in_window_not_added_to_guide,apps:31516/22,false,false,clean,easy
41c295afbaa0,Article 7,2023-09-23,2024-03-29,2023-08-31,2024-02-29,apps:46570/18,NURUSHEV AND OTHERS v. RUSSIA,46570/18|36922/21|40459/21|40494/21|40939/21|41407/21|42744/21|43251/21|43835/21|44181/21|45002/21|46947/21|48161/21|50257/21|50278/21|50293/21|51896/21|51994/21|51995/21|52824/21|53232/21|53293/21|53485/21|53491/21|61701/21,001-231097,4,HEJUD,Violation of Article 11 - Freedom of assembly and association (Article 11-1 - Freedom of peaceful assembly);Violation of Article 5 - Right to liberty and security (Article 5-1 - Lawful arrest or detention);Violation of Article 6 - Right to a fair trial (Article 6 - Criminal proceedings;Article 6-1 - Impartial tribunal);Violation of Article 10 - Freedom of expression - {general} (Article 10-1 - Freedom of expression);Violation of Article 2 of Protocol No. 7 - Right of appeal in criminal matters (Article 2 of Protocol No. 7 - Review of conviction),11|11-1|5|5-1|6|6-1|10|10-1|P7-2,2024,negative,published_in_window_not_added_to_guide,apps:46570/18,false,false,clean,easy
41c295afbaa0,Article 7,2023-09-23,2024-03-29,2023-08-31,2024-02-29,apps:26096/16,PĂILĂ AND OTHERS v. ROMANIA,26096/16|26903/16|27242/16|46144/16|51607/16|66489/16|66507/16|67070/16|71424/16|18113/17,001-231092,4,HEJUD,Struck out of the list (Article 37-1 - Striking out applications),37|37-1,2024,negative,published_in_window_not_added_to_guide,apps:26096/16,false,false,clean,easy
41c295afbaa0,Article 7,2023-09-23,2024-03-29,2023-08-31,2024-02-29,apps:53209/17,RADOSHEVICH AND OTHERS v. RUSSIA,53209/17|58512/18|13179/21|17191/21|19460/21|20633/21|22029/21|22043/21|25553/21|25614/21|30157/21|32318/21|32586/21|33069/21|35106/21|42144/21|50229/21|51508/21|56837/21|57991/21|61186/21|61737/21|3997/22,001-231096,4,HEJUD,Violation of Article 5 - Right to liberty and security (Article 5-3 - Length of pre-trial detention);Violation of Article 5 - Right to liberty and security (Article 5-4 - Speediness of review);Violation of Article 5 - Right to liberty and security (Article 5-5 - Compensation);Violation of Article 3 - Prohibition of torture (Article 3 - Degrading treatment) (Substantive aspect);Violation of Article 3 - Prohibition of torture (Article 3 - Degrading treatment) (Substantive aspect),5|5-3|5-4|5-5|3,2024,negative,published_in_window_not_added_to_guide,apps:53209/17,false,false,clean,easy
41c295afbaa0,Article 7,2023-09-23,2024-03-29,2023-08-31,2024-02-29,apps:9429/23,SARIMOVA AND OTHERS v. RUSSIA,9429/23|17782/23|27128/23|27149/23|27193/23|27418/23|27425/23|27454/23|27471/23|27746/23|27818/23|28052/23|28623/23|28633/23|28820/23|29724/23|30208/23,001-231117,4,HEJUD,Violation of Article 11 - Freedom of assembly and association (Article 11-1 - Freedom of peaceful assembly);Violation of Article 5 - Right to liberty and security (Article 5-1 - Lawful arrest or detention),11|11-1|5|5-1,2024,negative,published_in_window_not_added_to_guide,apps:9429/23,false,false,clean,easy
41c295afbaa0,Article 7,2023-09-23,2024-03-29,2023-08-31,2024-02-29,apps:41877/21,SIMON v. UKRAINE,41877/21,001-231107,4,HEJUD,Violation of Article 3 - Prohibition of torture (Article 3 - Degrading treatment) (Substantive aspect);Violation of Article 13+3 - Right to an effective remedy (Article 13 - Effective remedy) (Article 3 - Prohibition of torture;Degrading treatment),3|13|13+3,2024,negative,published_in_window_not_added_to_guide,apps:41877/21,false,false,clean,easy
41c295afbaa0,Article 7,2023-09-23,2024-03-29,2023-08-31,2024-02-29,apps:57580/21,SOLOVYEV AND OTHERS v. RUSSIA,57580/21|57641/21|57718/21|58643/21|58669/21|58976/21|59679/21|8032/22|12051/22|12085/22|12300/22|14486/22|19953/22|33271/22|34013/22|36218/22|36242/22|39693/22|44416/22,001-231113,4,HEJUD,Violation of Article 11 - Freedom of assembly and association (Article 11-1 - Freedom of peaceful assembly);Violation of Article 5 - Right to liberty and security (Article 5-1 - Lawful arrest or detention);Violation of Article 6 - Right to a fair trial (Article 6 - Criminal proceedings;Article 6-1 - Impartial tribunal);Violation of Article 2 of Protocol No. 7 - Right of appeal in criminal matters (Article 2 of Protocol No. 7 - Review of conviction),11|11-1|5|5-1|6|6-1|P7-2,2024,negative,published_in_window_not_added_to_guide,apps:57580/21,false,false,clean,easy
41c295afbaa0,Article 7,2023-09-23,2024-03-29,2023-08-31,2024-02-29,apps:31018/09,VICKTORIA SH.P.K. v. ALBANIA,31018/09,001-231087,4,HEJUD,Violation of Article 6 - Right to a fair trial (Article 6 - Civil proceedings;Article 6-1 - Reasonable time),6|6-1,2024,negative,published_in_window_not_added_to_guide,apps:31018/09,false,false,clean,easy
41c295afbaa0,Article 7,2023-09-23,2024-03-29,2023-08-31,2024-02-29,apps:62444/10,VLAHOVIĆ v. MONTENEGRO,62444/10,001-231088,4,HEJUD,Violation of Article 6 - Right to a fair trial (Article 6 - Enforcement proceedings;Article 6-1 - Access to court);Violation of Article 1 of Protocol No. 1 - Protection of property (Article 1 para. 1 of Protocol No. 1 - Peaceful enjoyment of possessions),6|6-1|P1-1|P1-1-1,2024,negative,published_in_window_not_added_to_guide,apps:62444/10,false,false,clean,easy
41c295afbaa0,Article 7,2023-09-23,2024-03-29,2023-08-31,2024-02-29,apps:48029/21,YERMOLAYEVA AND OTHERS v. RUSSIA,48029/21|56658/21|56852/21|56853/21|56856/21|56864/21|56879/21|56900/21|57040/21|57043/21|24857/22|24899/22|24916/22|24999/22|25015/22|25023/22|25179/22,001-231111,4,HEJUD,Violation of Article 11 - Freedom of assembly and association (Article 11-1 - Freedom of peaceful assembly);Violation of Article 5 - Right to liberty and security (Article 5-1 - Lawful arrest or detention);Violation of Article 6 - Right to a fair trial (Article 6 - Criminal proceedings;Article 6-1 - Impartial tribunal);Violation of Article 2 of Protocol No. 7 - Right of appeal in criminal matters (Article 2 of Protocol No. 7 - Review of conviction);Violation of Article 4 of Protocol No. 7 - Right not to be tried or punished twice - {general} (Article 4 of Protocol No. 7 - Right not to be tried or punished twice),11|11-1|5|5-1|6|6-1|P7-2|P7-4,2024,negative,published_in_window_not_added_to_guide,apps:48029/21,false,false,clean,easy
41c295afbaa0,Article 7,2023-09-23,2024-03-29,2023-08-31,2024-02-29,apps:18371/17,ZHOLONKO AND OTHERS v. UKRAINE,18371/17|1533/18|16154/18|19938/18,001-231094,4,HEJUD,Violation of Article 6 - Right to a fair trial (Article 6 - Civil proceedings;Article 6-1 - Reasonable time);Violation of Article 13+6-1 - Right to an effective remedy (Article 13 - Effective remedy) (Article 6 - Right to a fair trial;Civil proceedings;Article 6-1 - Reasonable time),6|6-1|13|13+6-1,2024,negative,published_in_window_not_added_to_guide,apps:18371/17,false,false,clean,easy
41c295afbaa0,Article 7,2023-09-23,2024-03-29,2023-08-31,2024-02-29,apps:47784/18,ZINCHENKO AND OTHERS v. RUSSIA,47784/18|10432/21|13424/21|21468/21|23408/21|26290/21|39209/21|43268/21|45077/21|45349/21|46352/21|46493/21|47071/21|47148/21|49242/21|49500/21|49632/21|56424/21|56623/21|57204/21|57907/21|45469/22,001-231098,4,HEJUD,Violation of Article 11 - Freedom of assembly and association (Article 11-1 - Freedom of peaceful assembly);Violation of Article 5 - Right to liberty and security (Article 5-1 - Lawful arrest or detention);Violation of Article 6 - Right to a fair trial (Article 6 - Criminal proceedings;Article 6-1 - Impartial tribunal);Violation of Article 8 - Right to respect for private and family life (Article 8-1 - Respect for private life);Violation of Article 10 - Freedom of expression - {general} (Article 10-1 - Freedom of expression);Violation of Article 10 - Freedom of expression - {general} (Article 10-1 - Freedom of expression);Violation of Article 10 - Freedom of expression - {general} (Article 10-1 - Freedom of expression);Violation of Article 10 - Freedom of expression - {general} (Article 10-1 - Freedom of expression);Violation of Article 10 - Freedom of expression - {general} (Article 10-1 - Freedom of expression);Violation of Article 2 of Protocol No. 7 - Right of appeal in criminal matters (Article 2 of Protocol No. 7 - Review of conviction);Violation of Article 4 of Protocol No. 7 - Right not to be tried or punished twice - {general} (Article 4 of Protocol No. 7 - Right not to be tried or punished twice),11|11-1|5|5-1|6|6-1|8|8-1|10|10-1|P7-2|P7-4,2024,negative,published_in_window_not_added_to_guide,apps:47784/18,false,false,clean,easy
41c295afbaa0,Article 7,2023-09-23,2024-03-29,2023-08-31,2024-02-29,apps:19657/18,M.J. v. AZERBAIJAN,19657/18,001-231880,4,HEDEC,Inadmissible,3|5|5-1-f|13|35,2024,negative,published_in_window_not_added_to_guide,apps:19657/18,false,false,clean,easy
41c295afbaa0,Article 7,2023-09-23,2024-03-29,2023-08-31,2024-02-29,apps:56716/16,TALIBOVA v. AZERBAIJAN,56716/16,001-231868,4,HEDEC,Inadmissible,8|8-1|8-2|13|35,2024,negative,published_in_window_not_added_to_guide,apps:56716/16,false,false,clean,easy
41c295afbaa0,Article 7,2023-09-23,2024-03-29,2023-08-31,2024-02-29,apps:62157/13,BECALI AND CIOFLINĂ v. ROMANIA,62157/13,001-231358,4,HEJUD,Violation of Article 6 - Right to a fair trial (Article 6 - Criminal proceedings;Article 6-1 - Reasonable time),6|6-1,2024,negative,published_in_window_not_added_to_guide,apps:62157/13,false,false,clean,easy
41c295afbaa0,Article 7,2023-09-23,2024-03-29,2023-08-31,2024-02-29,apps:16915/21,DANILEŢ v. ROMANIA,16915/21,001-231394,3,HEJUD,Remainder inadmissible (Art. 35) Admissibility criteria;(Art. 35-3-a) Ratione materiae;Violation of Article 10 - Freedom of expression - {general} (Article 10-1 - Freedom of expression),35|35-3-a|10|10-1|10-2,2024,negative,published_in_window_not_added_to_guide,apps:16915/21,false,false,clean,easy
41c295afbaa0,Article 7,2023-09-23,2024-03-29,2023-08-31,2024-02-29,apps:48340/20,DEDE v. TÜRKİYE,48340/20,001-231332,3,HEJUD,Violation of Article 10 - Freedom of expression - {general} (Article 10 - Positive obligations;Article 10-1 - Freedom of expression);Pecuniary damage - claim dismissed (Article 41 - Pecuniary damage;Just satisfaction);Non-pecuniary damage - award (Article 41 - Non-pecuniary damage;Just satisfaction),10|10-1|10-2|41,2024,negative,published_in_window_not_added_to_guide,apps:48340/20,false,false,clean,easy
41c295afbaa0,Article 7,2023-09-23,2024-03-29,2023-08-31,2024-02-29,apps:53162/21,DIACONEASA v. ROMANIA,53162/21,001-231085,3,HEJUD,Violation of Article 8 - Right to respect for private and family life (Article 8-1 - Respect for private life);Pecuniary damage - claim dismissed (Article 41 - Pecuniary damage;Just satisfaction);Non-pecuniary damage - award (Article 41 - Non-pecuniary damage;Just satisfaction),8|8-1|8-2|41,2024,negative,published_in_window_not_added_to_guide,apps:53162/21,false,false,clean,easy
54e38e09f96e,Article 2 Protocol 1,2023-12-06,2024-03-30,2023-08-31,2024-02-29,apps:45205/22,ATAMANOVA AND OTHERS v. RUSSIA,45205/22|54946/22|54948/22|55947/22|56895/22|56896/22|57263/22|57336/22|57720/22|57727/22|849/23|1062/23|1522/23|1830/23|1837/23|2030/23|2076/23|2362/23|3659/23|3822/23|3832/23|4681/23|4915/23|4981/23|6735/23,001-231115,4,HEJUD,Violation of Article 11 - Freedom of assembly and association (Article 11-1 - Freedom of peaceful assembly);Violation of Article 5 - Right to liberty and security (Article 5-1 - Lawful arrest or detention);Violation of Article 6 - Right to a fair trial (Article 6 - Criminal proceedings;Article 6-1 - Impartial tribunal),11|11-1|5|5-1|6|6-1,2024,negative,published_in_window_not_added_to_guide,apps:45205/22,false,false,clean,easy
54e38e09f96e,Article 2 Protocol 1,2023-12-06,2024-03-30,2023-08-31,2024-02-29,apps:7827/23,BARKÓCZI AND OTHERS v. HUNGARY,7827/23|11448/23|14147/23|15915/23|19252/23|22512/23|24646/23|25257/23,001-231116,4,HEJUD,Violation of Article 6 - Right to a fair trial (Article 6 - Civil proceedings;Article 6-1 - Reasonable time);Violation of Article 13+6-1 - Right to an effective remedy (Article 13 - Effective remedy) (Article 6 - Right to a fair trial;Civil proceedings;Article 6-1 - Reasonable time),6|6-1|13|13+6-1,2024,negative,published_in_window_not_added_to_guide,apps:7827/23,false,false,clean,easy
54e38e09f96e,Article 2 Protocol 1,2023-12-06,2024-03-30,2023-08-31,2024-02-29,apps:13072/23,BONUM TEAM KFT AND CSURAI v. HUNGARY,13072/23|13122/23,001-231118,4,HEJUD,Violation of Article 6 - Right to a fair trial (Article 6 - Civil proceedings;Article 6-1 - Reasonable time),6|6-1,2024,negative,published_in_window_not_added_to_guide,apps:13072/23,false,false,clean,easy
54e38e09f96e,Article 2 Protocol 1,2023-12-06,2024-03-30,2023-08-31,2024-02-29,apps:20256/20,DOLENC v. SLOVENIA,20256/20,001-231100,3,HEJUD,Pecuniary damage - award (Article 41 - Pecuniary damage;Just satisfaction),41,2024,negative,published_in_window_not_added_to_guide,apps:20256/20,false,false,clean,easy
54e38e09f96e,Article 2 Protocol 1,2023-12-06,2024-03-30,2023-08-31,2024-02-29,apps:45987/21,ELIBASHVILI v. GEORGIA,45987/21,001-231109,4,HEJUD,Violation of Article 2 - Right to life (Article 2-1 - Effective investigation) (Procedural aspect),2|2-1,2024,negative,published_in_window_not_added_to_guide,apps:45987/21,false,false,clean,easy
54e38e09f96e,Article 2 Protocol 1,2023-12-06,2024-03-30,2023-08-31,2024-02-29,apps:9166/14,"GRATION TREYD, TOV v. UKRAINE",9166/14,001-231089,4,HEJUD,Violation of Article 1 of Protocol No. 1 - Protection of property (Article 1 para. 1 of Protocol No. 1 - Peaceful enjoyment of possessions),P1-1|P1-1-1,2024,negative,published_in_window_not_added_to_guide,apps:9166/14,false,false,clean,easy
54e38e09f96e,Article 2 Protocol 1,2023-12-06,2024-03-30,2023-08-31,2024-02-29,apps:25870/21,GRYAZEV AND OTHERS v. RUSSIA,25870/21|25879/21|25925/21|25926/21|25927/21|25931/21|26045/21|26704/21|26787/21|27834/21|28173/21|28180/21|35656/21|35657/21|35660/21|35664/21|35938/21|35944/21|35947/21|36271/21|37784/21|37790/21|37792/21|37794/21|42351/21|44149/21|44372/21|47450/21|49590/21,001-231106,4,HEJUD,Violation of Article 11 - Freedom of assembly and association (Article 11-1 - Freedom of peaceful assembly);Violation of Article 5 - Right to liberty and security (Article 5-1 - Lawful arrest or detention);Violation of Article 6 - Right to a fair trial (Article 6 - Criminal proceedings;Article 6-1 - Impartial tribunal);Violation of Article 4 of Protocol No. 7 - Right not to be tried or punished twice - {general} (Article 4 of Protocol No. 7 - Right not to be tried or punished twice),11|11-1|5|5-1|6|6-1|P7-4,2024,negative,published_in_window_not_added_to_guide,apps:25870/21,false,false,clean,easy
54e38e09f96e,Article 2 Protocol 1,2023-12-06,2024-03-30,2023-08-31,2024-02-29,apps:54470/21,IVANOV AND OTHERS v. RUSSIA,54470/21|56564/21|59469/21|59525/21|59535/21|59538/21|977/22|3020/22|8022/22|12279/22|13705/22|34656/22|36475/22|36545/22|51268/22,001-231112,4,HEJUD,Violation of Article 11 - Freedom of assembly and association (Article 11-1 - Freedom of peaceful assembly);Violation of Article 5 - Right to liberty and security (Article 5-1 - Lawful arrest or detention);Violation of Article 6 - Right to a fair trial (Article 6 - Criminal proceedings;Article 6-1 - Impartial tribunal),11|11-1|5|5-1|6|6-1,2024,negative,published_in_window_not_added_to_guide,apps:54470/21,false,false,clean,easy
54e38e09f96e,Article 2 Protocol 1,2023-12-06,2024-03-30,2023-08-31,2024-02-29,apps:16974/14,KACZMAREK v. POLAND,16974/14,001-231432,3,HEJUD,Violation of Article 8 - Right to respect for private and family life (Article 8-1 - Respect for correspondence;Respect for private life);Violation of Article 8 - Right to respect for private and family life (Article 8-1 - Respect for private life);Non-pecuniary damage - award (Article 41 - Non-pecuniary damage;Just satisfaction),8|8-1|8-2|41,2024,negative,published_in_window_not_added_to_guide,apps:16974/14,false,false,clean,easy
54e38e09f96e,Article 2 Protocol 1,2023-12-06,2024-03-30,2023-08-31,2024-02-29,apps:35012/19,LUKASHCHUK AND OTHERS v. RUSSIA,35012/19|52734/19|47285/20|50738/20|52777/20|9041/21|13046/21|15402/21|20331/21|20425/21|26035/21|26067/21|26784/21|38254/21|44148/21,001-231099,4,HEJUD,Violation of Article 5 - Right to liberty and security (Article 5-3 - Length of pre-trial detention);Violation of Article 5 - Right to liberty and security (Article 5-4 - Procedural guarantees of review);Violation of Article 5 - Right to liberty and security (Article 5-4 - Speediness of review);Violation of Article 8 - Right to respect for private and family life (Article 8-1 - Respect for family life);Violation of Article 13+8-1 - Right to an effective remedy (Article 13 - Effective remedy) (Article 8 - Right to respect for private and family life;Article 8-1 - Respect for family life);Violation of Article 14+8-1 - Prohibition of discrimination (Article 14 - Discrimination) (Article 8 - Right to respect for private and family life;Article 8-1 - Respect for family life);Violation of Article 3 - Prohibition of torture (Article 3 - Degrading treatment) (Substantive aspect);Violation of Article 3 - Prohibition of torture (Article 3 - Degrading treatment) (Substantive aspect);Violation of Article 13+3 - Right to an effective remedy (Article 13 - Effective remedy) (Article 3 - Prohibition of torture;Degrading treatment);Violation of Article 3 - Prohibition of torture (Article 3 - Degrading treatment),5|5-3|5-4|8|8-1|13|13+8-1|14|14+8-1|3|13+3,2024,negative,published_in_window_not_added_to_guide,apps:35012/19,false,false,clean,easy
54e38e09f96e,Article 2 Protocol 1,2023-12-06,2024-03-30,2023-08-31,2024-02-29,apps:10940/17,M.H. AND S.B. v. HUNGARY,10940/17|15977/17,001-231093,3,HEJUD,Violation of Article 5 - Right to liberty and security (Article 5-1 - Lawful arrest or detention);Non-pecuniary damage - award (Article 41 - Non-pecuniary damage;Just satisfaction),5|5-1|41|5-1-f|5-1-b,2024,negative,published_in_window_not_added_to_guide,apps:10940/17|15977/17,false,false,clean,easy
54e38e09f96e,Article 2 Protocol 1,2023-12-06,2024-03-30,2023-08-31,2024-02-29,apps:47048/21,MAKSIMOVA AND OTHERS v. RUSSIA,47048/21|48482/21|48590/21|48912/21|49892/21|51356/21|51788/21|51793/21|51935/21|52385/21|52480/21|52482/21|53233/21|53500/21|53788/21|53942/21|54069/21|54169/21|54261/21|54267/21|55306/21,001-231110,4,HEJUD,Violation of Article 11 - Freedom of assembly and association (Article 11-1 - Freedom of peaceful assembly);Violation of Article 5 - Right to liberty and security (Article 5-1 - Lawful arrest or detention);Violation of Article 6 - Right to a fair trial (Article 6 - Criminal proceedings;Article 6-1 - Impartial tribunal),11|11-1|5|5-1|6|6-1,2024,negative,published_in_window_not_added_to_guide,apps:47048/21,false,false,clean,easy
54e38e09f96e,Article 2 Protocol 1,2023-12-06,2024-03-30,2023-08-31,2024-02-29,apps:31516/22,MARQUES ÂNGELO v. PORTUGAL,31516/22,001-231114,4,HEJUD,Violation of Article 3 - Prohibition of torture (Article 3 - Degrading treatment) (Substantive aspect);Violation of Article 13+3 - Right to an effective remedy (Article 13 - Effective remedy) (Article 3 - Prohibition of torture;Degrading treatment),3|13|13+3,2024,negative,published_in_window_not_added_to_guide,apps:31516/22,false,false,clean,easy
54e38e09f96e,Article 2 Protocol 1,2023-12-06,2024-03-30,2023-08-31,2024-02-29,apps:46570/18,NURUSHEV AND OTHERS v. RUSSIA,46570/18|36922/21|40459/21|40494/21|40939/21|41407/21|42744/21|43251/21|43835/21|44181/21|45002/21|46947/21|48161/21|50257/21|50278/21|50293/21|51896/21|51994/21|51995/21|52824/21|53232/21|53293/21|53485/21|53491/21|61701/21,001-231097,4,HEJUD,Violation of Article 11 - Freedom of assembly and association (Article 11-1 - Freedom of peaceful assembly);Violation of Article 5 - Right to liberty and security (Article 5-1 - Lawful arrest or detention);Violation of Article 6 - Right to a fair trial (Article 6 - Criminal proceedings;Article 6-1 - Impartial tribunal);Violation of Article 10 - Freedom of expression - {general} (Article 10-1 - Freedom of expression);Violation of Article 2 of Protocol No. 7 - Right of appeal in criminal matters (Article 2 of Protocol No. 7 - Review of conviction),11|11-1|5|5-1|6|6-1|10|10-1|P7-2,2024,negative,published_in_window_not_added_to_guide,apps:46570/18,false,false,clean,easy
54e38e09f96e,Article 2 Protocol 1,2023-12-06,2024-03-30,2023-08-31,2024-02-29,apps:26096/16,PĂILĂ AND OTHERS v. ROMANIA,26096/16|26903/16|27242/16|46144/16|51607/16|66489/16|66507/16|67070/16|71424/16|18113/17,001-231092,4,HEJUD,Struck out of the list (Article 37-1 - Striking out applications),37|37-1,2024,negative,published_in_window_not_added_to_guide,apps:26096/16,false,false,clean,easy
54e38e09f96e,Article 2 Protocol 1,2023-12-06,2024-03-30,2023-08-31,2024-02-29,apps:53209/17,RADOSHEVICH AND OTHERS v. RUSSIA,53209/17|58512/18|13179/21|17191/21|19460/21|20633/21|22029/21|22043/21|25553/21|25614/21|30157/21|32318/21|32586/21|33069/21|35106/21|42144/21|50229/21|51508/21|56837/21|57991/21|61186/21|61737/21|3997/22,001-231096,4,HEJUD,Violation of Article 5 - Right to liberty and security (Article 5-3 - Length of pre-trial detention);Violation of Article 5 - Right to liberty and security (Article 5-4 - Speediness of review);Violation of Article 5 - Right to liberty and security (Article 5-5 - Compensation);Violation of Article 3 - Prohibition of torture (Article 3 - Degrading treatment) (Substantive aspect);Violation of Article 3 - Prohibition of torture (Article 3 - Degrading treatment) (Substantive aspect),5|5-3|5-4|5-5|3,2024,negative,published_in_window_not_added_to_guide,apps:53209/17,false,false,clean,easy
54e38e09f96e,Article 2 Protocol 1,2023-12-06,2024-03-30,2023-08-31,2024-02-29,apps:9429/23,SARIMOVA AND OTHERS v. RUSSIA,9429/23|17782/23|27128/23|27149/23|27193/23|27418/23|27425/23|27454/23|27471/23|27746/23|27818/23|28052/23|28623/23|28633/23|28820/23|29724/23|30208/23,001-231117,4,HEJUD,Violation of Article 11 - Freedom of assembly and association (Article 11-1 - Freedom of peaceful assembly);Violation of Article 5 - Right to liberty and security (Article 5-1 - Lawful arrest or detention),11|11-1|5|5-1,2024,negative,published_in_window_not_added_to_guide,apps:9429/23,false,false,clean,easy
54e38e09f96e,Article 2 Protocol 1,2023-12-06,2024-03-30,2023-08-31,2024-02-29,apps:41877/21,SIMON v. UKRAINE,41877/21,001-231107,4,HEJUD,Violation of Article 3 - Prohibition of torture (Article 3 - Degrading treatment) (Substantive aspect);Violation of Article 13+3 - Right to an effective remedy (Article 13 - Effective remedy) (Article 3 - Prohibition of torture;Degrading treatment),3|13|13+3,2024,negative,published_in_window_not_added_to_guide,apps:41877/21,false,false,clean,easy
54e38e09f96e,Article 2 Protocol 1,2023-12-06,2024-03-30,2023-08-31,2024-02-29,apps:57580/21,SOLOVYEV AND OTHERS v. RUSSIA,57580/21|57641/21|57718/21|58643/21|58669/21|58976/21|59679/21|8032/22|12051/22|12085/22|12300/22|14486/22|19953/22|33271/22|34013/22|36218/22|36242/22|39693/22|44416/22,001-231113,4,HEJUD,Violation of Article 11 - Freedom of assembly and association (Article 11-1 - Freedom of peaceful assembly);Violation of Article 5 - Right to liberty and security (Article 5-1 - Lawful arrest or detention);Violation of Article 6 - Right to a fair trial (Article 6 - Criminal proceedings;Article 6-1 - Impartial tribunal);Violation of Article 2 of Protocol No. 7 - Right of appeal in criminal matters (Article 2 of Protocol No. 7 - Review of conviction),11|11-1|5|5-1|6|6-1|P7-2,2024,negative,published_in_window_not_added_to_guide,apps:57580/21,false,false,clean,easy
54e38e09f96e,Article 2 Protocol 1,2023-12-06,2024-03-30,2023-08-31,2024-02-29,apps:31018/09,VICKTORIA SH.P.K. v. ALBANIA,31018/09,001-231087,4,HEJUD,Violation of Article 6 - Right to a fair trial (Article 6 - Civil proceedings;Article 6-1 - Reasonable time),6|6-1,2024,negative,published_in_window_not_added_to_guide,apps:31018/09,false,false,clean,easy
54e38e09f96e,Article 2 Protocol 1,2023-12-06,2024-03-30,2023-08-31,2024-02-29,apps:62444/10,VLAHOVIĆ v. MONTENEGRO,62444/10,001-231088,4,HEJUD,Violation of Article 6 - Right to a fair trial (Article 6 - Enforcement proceedings;Article 6-1 - Access to court);Violation of Article 1 of Protocol No. 1 - Protection of property (Article 1 para. 1 of Protocol No. 1 - Peaceful enjoyment of possessions),6|6-1|P1-1|P1-1-1,2024,negative,published_in_window_not_added_to_guide,apps:62444/10,false,false,clean,easy
54e38e09f96e,Article 2 Protocol 1,2023-12-06,2024-03-30,2023-08-31,2024-02-29,apps:48029/21,YERMOLAYEVA AND OTHERS v. RUSSIA,48029/21|56658/21|56852/21|56853/21|56856/21|56864/21|56879/21|56900/21|57040/21|57043/21|24857/22|24899/22|24916/22|24999/22|25015/22|25023/22|25179/22,001-231111,4,HEJUD,Violation of Article 11 - Freedom of assembly and association (Article 11-1 - Freedom of peaceful assembly);Violation of Article 5 - Right to liberty and security (Article 5-1 - Lawful arrest or detention);Violation of Article 6 - Right to a fair trial (Article 6 - Criminal proceedings;Article 6-1 - Impartial tribunal);Violation of Article 2 of Protocol No. 7 - Right of appeal in criminal matters (Article 2 of Protocol No. 7 - Review of conviction);Violation of Article 4 of Protocol No. 7 - Right not to be tried or punished twice - {general} (Article 4 of Protocol No. 7 - Right not to be tried or punished twice),11|11-1|5|5-1|6|6-1|P7-2|P7-4,2024,negative,published_in_window_not_added_to_guide,apps:48029/21,false,false,clean,easy
54e38e09f96e,Article 2 Protocol 1,2023-12-06,2024-03-30,2023-08-31,2024-02-29,apps:18371/17,ZHOLONKO AND OTHERS v. UKRAINE,18371/17|1533/18|16154/18|19938/18,001-231094,4,HEJUD,Violation of Article 6 - Right to a fair trial (Article 6 - Civil proceedings;Article 6-1 - Reasonable time);Violation of Article 13+6-1 - Right to an effective remedy (Article 13 - Effective remedy) (Article 6 - Right to a fair trial;Civil proceedings;Article 6-1 - Reasonable time),6|6-1|13|13+6-1,2024,negative,published_in_window_not_added_to_guide,apps:18371/17,false,false,clean,easy
54e38e09f96e,Article 2 Protocol 1,2023-12-06,2024-03-30,2023-08-31,2024-02-29,apps:47784/18,ZINCHENKO AND OTHERS v. RUSSIA,47784/18|10432/21|13424/21|21468/21|23408/21|26290/21|39209/21|43268/21|45077/21|45349/21|46352/21|46493/21|47071/21|47148/21|49242/21|49500/21|49632/21|56424/21|56623/21|57204/21|57907/21|45469/22,001-231098,4,HEJUD,Violation of Article 11 - Freedom of assembly and association (Article 11-1 - Freedom of peaceful assembly);Violation of Article 5 - Right to liberty and security (Article 5-1 - Lawful arrest or detention);Violation of Article 6 - Right to a fair trial (Article 6 - Criminal proceedings;Article 6-1 - Impartial tribunal);Violation of Article 8 - Right to respect for private and family life (Article 8-1 - Respect for private life);Violation of Article 10 - Freedom of expression - {general} (Article 10-1 - Freedom of expression);Violation of Article 10 - Freedom of expression - {general} (Article 10-1 - Freedom of expression);Violation of Article 10 - Freedom of expression - {general} (Article 10-1 - Freedom of expression);Violation of Article 10 - Freedom of expression - {general} (Article 10-1 - Freedom of expression);Violation of Article 10 - Freedom of expression - {general} (Article 10-1 - Freedom of expression);Violation of Article 2 of Protocol No. 7 - Right of appeal in criminal matters (Article 2 of Protocol No. 7 - Review of conviction);Violation of Article 4 of Protocol No. 7 - Right not to be tried or punished twice - {general} (Article 4 of Protocol No. 7 - Right not to be tried or punished twice),11|11-1|5|5-1|6|6-1|8|8-1|10|10-1|P7-2|P7-4,2024,negative,published_in_window_not_added_to_guide,apps:47784/18,false,false,clean,easy
54e38e09f96e,Article 2 Protocol 1,2023-12-06,2024-03-30,2023-08-31,2024-02-29,apps:19657/18,M.J. v. AZERBAIJAN,19657/18,001-231880,4,HEDEC,Inadmissible,3|5|5-1-f|13|35,2024,negative,published_in_window_not_added_to_guide,apps:19657/18,false,false,clean,easy
54e38e09f96e,Article 2 Protocol 1,2023-12-06,2024-03-30,2023-08-31,2024-02-29,apps:56716/16,TALIBOVA v. AZERBAIJAN,56716/16,001-231868,4,HEDEC,Inadmissible,8|8-1|8-2|13|35,2024,negative,published_in_window_not_added_to_guide,apps:56716/16,false,false,clean,easy
54e38e09f96e,Article 2 Protocol 1,2023-12-06,2024-03-30,2023-08-31,2024-02-29,apps:62157/13,BECALI AND CIOFLINĂ v. ROMANIA,62157/13,001-231358,4,HEJUD,Violation of Article 6 - Right to a fair trial (Article 6 - Criminal proceedings;Article 6-1 - Reasonable time),6|6-1,2024,negative,published_in_window_not_added_to_guide,apps:62157/13,false,false,clean,easy
54e38e09f96e,Article 2 Protocol 1,2023-12-06,2024-03-30,2023-08-31,2024-02-29,apps:16915/21,DANILEŢ v. ROMANIA,16915/21,001-231394,3,HEJUD,Remainder inadmissible (Art. 35) Admissibility criteria;(Art. 35-3-a) Ratione materiae;Violation of Article 10 - Freedom of expression - {general} (Article 10-1 - Freedom of expression),35|35-3-a|10|10-1|10-2,2024,negative,published_in_window_not_added_to_guide,apps:16915/21,false,false,clean,easy
54e38e09f96e,Article 2 Protocol 1,2023-12-06,2024-03-30,2023-08-31,2024-02-29,apps:48340/20,DEDE v. TÜRKİYE,48340/20,001-231332,3,HEJUD,Violation of Article 10 - Freedom of expression - {general} (Article 10 - Positive obligations;Article 10-1 - Freedom of expression);Pecuniary damage - claim dismissed (Article 41 - Pecuniary damage;Just satisfaction);Non-pecuniary damage - award (Article 41 - Non-pecuniary damage;Just satisfaction),10|10-1|10-2|41,2024,negative,published_in_window_not_added_to_guide,apps:48340/20,false,false,clean,easy
54e38e09f96e,Article 2 Protocol 1,2023-12-06,2024-03-30,2023-08-31,2024-02-29,apps:53162/21,DIACONEASA v. ROMANIA,53162/21,001-231085,3,HEJUD,Violation of Article 8 - Right to respect for private and family life (Article 8-1 - Respect for private life);Pecuniary damage - claim dismissed (Article 41 - Pecuniary damage;Just satisfaction);Non-pecuniary damage - award (Article 41 - Non-pecuniary damage;Just satisfaction),8|8-1|8-2|41,2024,negative,published_in_window_not_added_to_guide,apps:53162/21,false,false,clean,easy
7ff3d5fc46dd,Prisoners' rights,2023-09-23,2024-04-05,2023-08-31,2024-02-29,apps:45205/22,ATAMANOVA AND OTHERS v. RUSSIA,45205/22|54946/22|54948/22|55947/22|56895/22|56896/22|57263/22|57336/22|57720/22|57727/22|849/23|1062/23|1522/23|1830/23|1837/23|2030/23|2076/23|2362/23|3659/23|3822/23|3832/23|4681/23|4915/23|4981/23|6735/23,001-231115,4,HEJUD,Violation of Article 11 - Freedom of assembly and association (Article 11-1 - Freedom of peaceful assembly);Violation of Article 5 - Right to liberty and security (Article 5-1 - Lawful arrest or detention);Violation of Article 6 - Right to a fair trial (Article 6 - Criminal proceedings;Article 6-1 - Impartial tribunal),11|11-1|5|5-1|6|6-1,2024,negative,published_in_window_not_added_to_guide,apps:45205/22,false,false,clean,easy
7ff3d5fc46dd,Prisoners' rights,2023-09-23,2024-04-05,2023-08-31,2024-02-29,apps:7827/23,BARKÓCZI AND OTHERS v. HUNGARY,7827/23|11448/23|14147/23|15915/23|19252/23|22512/23|24646/23|25257/23,001-231116,4,HEJUD,Violation of Article 6 - Right to a fair trial (Article 6 - Civil proceedings;Article 6-1 - Reasonable time);Violation of Article 13+6-1 - Right to an effective remedy (Article 13 - Effective remedy) (Article 6 - Right to a fair trial;Civil proceedings;Article 6-1 - Reasonable time),6|6-1|13|13+6-1,2024,negative,published_in_window_not_added_to_guide,apps:7827/23,false,false,clean,easy
7ff3d5fc46dd,Prisoners' rights,2023-09-23,2024-04-05,2023-08-31,2024-02-29,apps:13072/23,BONUM TEAM KFT AND CSURAI v. HUNGARY,13072/23|13122/23,001-231118,4,HEJUD,Violation of Article 6 - Right to a fair trial (Article 6 - Civil proceedings;Article 6-1 - Reasonable time),6|6-1,2024,negative,published_in_window_not_added_to_guide,apps:13072/23,false,false,clean,easy
7ff3d5fc46dd,Prisoners' rights,2023-09-23,2024-04-05,2023-08-31,2024-02-29,apps:20256/20,DOLENC v. SLOVENIA,20256/20,001-231100,3,HEJUD,Pecuniary damage - award (Article 41 - Pecuniary damage;Just satisfaction),41,2024,negative,published_in_window_not_added_to_guide,apps:20256/20,false,false,clean,easy
7ff3d5fc46dd,Prisoners' rights,2023-09-23,2024-04-05,2023-08-31,2024-02-29,apps:45987/21,ELIBASHVILI v. GEORGIA,45987/21,001-231109,4,HEJUD,Violation of Article 2 - Right to life (Article 2-1 - Effective investigation) (Procedural aspect),2|2-1,2024,negative,published_in_window_not_added_to_guide,apps:45987/21,false,false,clean,easy
7ff3d5fc46dd,Prisoners' rights,2023-09-23,2024-04-05,2023-08-31,2024-02-29,apps:9166/14,"GRATION TREYD, TOV v. UKRAINE",9166/14,001-231089,4,HEJUD,Violation of Article 1 of Protocol No. 1 - Protection of property (Article 1 para. 1 of Protocol No. 1 - Peaceful enjoyment of possessions),P1-1|P1-1-1,2024,negative,published_in_window_not_added_to_guide,apps:9166/14,false,false,clean,easy
7ff3d5fc46dd,Prisoners' rights,2023-09-23,2024-04-05,2023-08-31,2024-02-29,apps:25870/21,GRYAZEV AND OTHERS v. RUSSIA,25870/21|25879/21|25925/21|25926/21|25927/21|25931/21|26045/21|26704/21|26787/21|27834/21|28173/21|28180/21|35656/21|35657/21|35660/21|35664/21|35938/21|35944/21|35947/21|36271/21|37784/21|37790/21|37792/21|37794/21|42351/21|44149/21|44372/21|47450/21|49590/21,001-231106,4,HEJUD,Violation of Article 11 - Freedom of assembly and association (Article 11-1 - Freedom of peaceful assembly);Violation of Article 5 - Right to liberty and security (Article 5-1 - Lawful arrest or detention);Violation of Article 6 - Right to a fair trial (Article 6 - Criminal proceedings;Article 6-1 - Impartial tribunal);Violation of Article 4 of Protocol No. 7 - Right not to be tried or punished twice - {general} (Article 4 of Protocol No. 7 - Right not to be tried or punished twice),11|11-1|5|5-1|6|6-1|P7-4,2024,negative,published_in_window_not_added_to_guide,apps:25870/21,false,false,clean,easy
7ff3d5fc46dd,Prisoners' rights,2023-09-23,2024-04-05,2023-08-31,2024-02-29,apps:54470/21,IVANOV AND OTHERS v. RUSSIA,54470/21|56564/21|59469/21|59525/21|59535/21|59538/21|977/22|3020/22|8022/22|12279/22|13705/22|34656/22|36475/22|36545/22|51268/22,001-231112,4,HEJUD,Violation of Article 11 - Freedom of assembly and association (Article 11-1 - Freedom of peaceful assembly);Violation of Article 5 - Right to liberty and security (Article 5-1 - Lawful arrest or detention);Violation of Article 6 - Right to a fair trial (Article 6 - Criminal proceedings;Article 6-1 - Impartial tribunal),11|11-1|5|5-1|6|6-1,2024,negative,published_in_window_not_added_to_guide,apps:54470/21,false,false,clean,easy
7ff3d5fc46dd,Prisoners' rights,2023-09-23,2024-04-05,2023-08-31,2024-02-29,apps:16974/14,KACZMAREK v. POLAND,16974/14,001-231432,3,HEJUD,Violation of Article 8 - Right to respect for private and family life (Article 8-1 - Respect for correspondence;Respect for private life);Violation of Article 8 - Right to respect for private and family life (Article 8-1 - Respect for private life);Non-pecuniary damage - award (Article 41 - Non-pecuniary damage;Just satisfaction),8|8-1|8-2|41,2024,negative,published_in_window_not_added_to_guide,apps:16974/14,false,false,clean,easy
7ff3d5fc46dd,Prisoners' rights,2023-09-23,2024-04-05,2023-08-31,2024-02-29,apps:35012/19,LUKASHCHUK AND OTHERS v. RUSSIA,35012/19|52734/19|47285/20|50738/20|52777/20|9041/21|13046/21|15402/21|20331/21|20425/21|26035/21|26067/21|26784/21|38254/21|44148/21,001-231099,4,HEJUD,Violation of Article 5 - Right to liberty and security (Article 5-3 - Length of pre-trial detention);Violation of Article 5 - Right to liberty and security (Article 5-4 - Procedural guarantees of review);Violation of Article 5 - Right to liberty and security (Article 5-4 - Speediness of review);Violation of Article 8 - Right to respect for private and family life (Article 8-1 - Respect for family life);Violation of Article 13+8-1 - Right to an effective remedy (Article 13 - Effective remedy) (Article 8 - Right to respect for private and family life;Article 8-1 - Respect for family life);Violation of Article 14+8-1 - Prohibition of discrimination (Article 14 - Discrimination) (Article 8 - Right to respect for private and family life;Article 8-1 - Respect for family life);Violation of Article 3 - Prohibition of torture (Article 3 - Degrading treatment) (Substantive aspect);Violation of Article 3 - Prohibition of torture (Article 3 - Degrading treatment) (Substantive aspect);Violation of Article 13+3 - Right to an effective remedy (Article 13 - Effective remedy) (Article 3 - Prohibition of torture;Degrading treatment);Violation of Article 3 - Prohibition of torture (Article 3 - Degrading treatment),5|5-3|5-4|8|8-1|13|13+8-1|14|14+8-1|3|13+3,2024,negative,published_in_window_not_added_to_guide,apps:35012/19,false,false,clean,easy
7ff3d5fc46dd,Prisoners' rights,2023-09-23,2024-04-05,2023-08-31,2024-02-29,apps:10940/17,M.H. AND S.B. v. HUNGARY,10940/17|15977/17,001-231093,3,HEJUD,Violation of Article 5 - Right to liberty and security (Article 5-1 - Lawful arrest or detention);Non-pecuniary damage - award (Article 41 - Non-pecuniary damage;Just satisfaction),5|5-1|41|5-1-f|5-1-b,2024,negative,published_in_window_not_added_to_guide,apps:10940/17|15977/17,false,false,clean,easy
7ff3d5fc46dd,Prisoners' rights,2023-09-23,2024-04-05,2023-08-31,2024-02-29,apps:47048/21,MAKSIMOVA AND OTHERS v. RUSSIA,47048/21|48482/21|48590/21|48912/21|49892/21|51356/21|51788/21|51793/21|51935/21|52385/21|52480/21|52482/21|53233/21|53500/21|53788/21|53942/21|54069/21|54169/21|54261/21|54267/21|55306/21,001-231110,4,HEJUD,Violation of Article 11 - Freedom of assembly and association (Article 11-1 - Freedom of peaceful assembly);Violation of Article 5 - Right to liberty and security (Article 5-1 - Lawful arrest or detention);Violation of Article 6 - Right to a fair trial (Article 6 - Criminal proceedings;Article 6-1 - Impartial tribunal),11|11-1|5|5-1|6|6-1,2024,negative,published_in_window_not_added_to_guide,apps:47048/21,false,false,clean,easy
7ff3d5fc46dd,Prisoners' rights,2023-09-23,2024-04-05,2023-08-31,2024-02-29,apps:31516/22,MARQUES ÂNGELO v. PORTUGAL,31516/22,001-231114,4,HEJUD,Violation of Article 3 - Prohibition of torture (Article 3 - Degrading treatment) (Substantive aspect);Violation of Article 13+3 - Right to an effective remedy (Article 13 - Effective remedy) (Article 3 - Prohibition of torture;Degrading treatment),3|13|13+3,2024,negative,published_in_window_not_added_to_guide,apps:31516/22,false,false,clean,easy
7ff3d5fc46dd,Prisoners' rights,2023-09-23,2024-04-05,2023-08-31,2024-02-29,apps:46570/18,NURUSHEV AND OTHERS v. RUSSIA,46570/18|36922/21|40459/21|40494/21|40939/21|41407/21|42744/21|43251/21|43835/21|44181/21|45002/21|46947/21|48161/21|50257/21|50278/21|50293/21|51896/21|51994/21|51995/21|52824/21|53232/21|53293/21|53485/21|53491/21|61701/21,001-231097,4,HEJUD,Violation of Article 11 - Freedom of assembly and association (Article 11-1 - Freedom of peaceful assembly);Violation of Article 5 - Right to liberty and security (Article 5-1 - Lawful arrest or detention);Violation of Article 6 - Right to a fair trial (Article 6 - Criminal proceedings;Article 6-1 - Impartial tribunal);Violation of Article 10 - Freedom of expression - {general} (Article 10-1 - Freedom of expression);Violation of Article 2 of Protocol No. 7 - Right of appeal in criminal matters (Article 2 of Protocol No. 7 - Review of conviction),11|11-1|5|5-1|6|6-1|10|10-1|P7-2,2024,negative,published_in_window_not_added_to_guide,apps:46570/18,false,false,clean,easy
7ff3d5fc46dd,Prisoners' rights,2023-09-23,2024-04-05,2023-08-31,2024-02-29,apps:26096/16,PĂILĂ AND OTHERS v. ROMANIA,26096/16|26903/16|27242/16|46144/16|51607/16|66489/16|66507/16|67070/16|71424/16|18113/17,001-231092,4,HEJUD,Struck out of the list (Article 37-1 - Striking out applications),37|37-1,2024,negative,published_in_window_not_added_to_guide,apps:26096/16,false,false,clean,easy
7ff3d5fc46dd,Prisoners' rights,2023-09-23,2024-04-05,2023-08-31,2024-02-29,apps:53209/17,RADOSHEVICH AND OTHERS v. RUSSIA,53209/17|58512/18|13179/21|17191/21|19460/21|20633/21|22029/21|22043/21|25553/21|25614/21|30157/21|32318/21|32586/21|33069/21|35106/21|42144/21|50229/21|51508/21|56837/21|57991/21|61186/21|61737/21|3997/22,001-231096,4,HEJUD,Violation of Article 5 - Right to liberty and security (Article 5-3 - Length of pre-trial detention);Violation of Article 5 - Right to liberty and security (Article 5-4 - Speediness of review);Violation of Article 5 - Right to liberty and security (Article 5-5 - Compensation);Violation of Article 3 - Prohibition of torture (Article 3 - Degrading treatment) (Substantive aspect);Violation of Article 3 - Prohibition of torture (Article 3 - Degrading treatment) (Substantive aspect),5|5-3|5-4|5-5|3,2024,negative,published_in_window_not_added_to_guide,apps:53209/17,false,false,clean,easy
7ff3d5fc46dd,Prisoners' rights,2023-09-23,2024-04-05,2023-08-31,2024-02-29,apps:9429/23,SARIMOVA AND OTHERS v. RUSSIA,9429/23|17782/23|27128/23|27149/23|27193/23|27418/23|27425/23|27454/23|27471/23|27746/23|27818/23|28052/23|28623/23|28633/23|28820/23|29724/23|30208/23,001-231117,4,HEJUD,Violation of Article 11 - Freedom of assembly and association (Article 11-1 - Freedom of peaceful assembly);Violation of Article 5 - Right to liberty and security (Article 5-1 - Lawful arrest or detention),11|11-1|5|5-1,2024,negative,published_in_window_not_added_to_guide,apps:9429/23,false,false,clean,easy
7ff3d5fc46dd,Prisoners' rights,2023-09-23,2024-04-05,2023-08-31,2024-02-29,apps:41877/21,SIMON v. UKRAINE,41877/21,001-231107,4,HEJUD,Violation of Article 3 - Prohibition of torture (Article 3 - Degrading treatment) (Substantive aspect);Violation of Article 13+3 - Right to an effective remedy (Article 13 - Effective remedy) (Article 3 - Prohibition of torture;Degrading treatment),3|13|13+3,2024,negative,published_in_window_not_added_to_guide,apps:41877/21,false,false,clean,easy
7ff3d5fc46dd,Prisoners' rights,2023-09-23,2024-04-05,2023-08-31,2024-02-29,apps:57580/21,SOLOVYEV AND OTHERS v. RUSSIA,57580/21|57641/21|57718/21|58643/21|58669/21|58976/21|59679/21|8032/22|12051/22|12085/22|12300/22|14486/22|19953/22|33271/22|34013/22|36218/22|36242/22|39693/22|44416/22,001-231113,4,HEJUD,Violation of Article 11 - Freedom of assembly and association (Article 11-1 - Freedom of peaceful assembly);Violation of Article 5 - Right to liberty and security (Article 5-1 - Lawful arrest or detention);Violation of Article 6 - Right to a fair trial (Article 6 - Criminal proceedings;Article 6-1 - Impartial tribunal);Violation of Article 2 of Protocol No. 7 - Right of appeal in criminal matters (Article 2 of Protocol No. 7 - Review of conviction),11|11-1|5|5-1|6|6-1|P7-2,2024,negative,published_in_window_not_added_to_guide,apps:57580/21,false,false,clean,easy
7ff3d5fc46dd,Prisoners' rights,2023-09-23,2024-04-05,2023-08-31,2024-02-29,apps:31018/09,VICKTORIA SH.P.K. v. ALBANIA,31018/09,001-231087,4,HEJUD,Violation of Article 6 - Right to a fair trial (Article 6 - Civil proceedings;Article 6-1 - Reasonable time),6|6-1,2024,negative,published_in_window_not_added_to_guide,apps:31018/09,false,false,clean,easy
7ff3d5fc46dd,Prisoners' rights,2023-09-23,2024-04-05,2023-08-31,2024-02-29,apps:62444/10,VLAHOVIĆ v. MONTENEGRO,62444/10,001-231088,4,HEJUD,Violation of Article 6 - Right to a fair trial (Article 6 - Enforcement proceedings;Article 6-1 - Access to court);Violation of Article 1 of Protocol No. 1 - Protection of property (Article 1 para. 1 of Protocol No. 1 - Peaceful enjoyment of possessions),6|6-1|P1-1|P1-1-1,2024,negative,published_in_window_not_added_to_guide,apps:62444/10,false,false,clean,easy
7ff3d5fc46dd,Prisoners' rights,2023-09-23,2024-04-05,2023-08-31,2024-02-29,apps:48029/21,YERMOLAYEVA AND OTHERS v. RUSSIA,48029/21|56658/21|56852/21|56853/21|56856/21|56864/21|56879/21|56900/21|57040/21|57043/21|24857/22|24899/22|24916/22|24999/22|25015/22|25023/22|25179/22,001-231111,4,HEJUD,Violation of Article 11 - Freedom of assembly and association (Article 11-1 - Freedom of peaceful assembly);Violation of Article 5 - Right to liberty and security (Article 5-1 - Lawful arrest or detention);Violation of Article 6 - Right to a fair trial (Article 6 - Criminal proceedings;Article 6-1 - Impartial tribunal);Violation of Article 2 of Protocol No. 7 - Right of appeal in criminal matters (Article 2 of Protocol No. 7 - Review of conviction);Violation of Article 4 of Protocol No. 7 - Right not to be tried or punished twice - {general} (Article 4 of Protocol No. 7 - Right not to be tried or punished twice),11|11-1|5|5-1|6|6-1|P7-2|P7-4,2024,negative,published_in_window_not_added_to_guide,apps:48029/21,false,false,clean,easy
7ff3d5fc46dd,Prisoners' rights,2023-09-23,2024-04-05,2023-08-31,2024-02-29,apps:18371/17,ZHOLONKO AND OTHERS v. UKRAINE,18371/17|1533/18|16154/18|19938/18,001-231094,4,HEJUD,Violation of Article 6 - Right to a fair trial (Article 6 - Civil proceedings;Article 6-1 - Reasonable time);Violation of Article 13+6-1 - Right to an effective remedy (Article 13 - Effective remedy) (Article 6 - Right to a fair trial;Civil proceedings;Article 6-1 - Reasonable time),6|6-1|13|13+6-1,2024,negative,published_in_window_not_added_to_guide,apps:18371/17,false,false,clean,easy
7ff3d5fc46dd,Prisoners' rights,2023-09-23,2024-04-05,2023-08-31,2024-02-29,apps:47784/18,ZINCHENKO AND OTHERS v. RUSSIA,47784/18|10432/21|13424/21|21468/21|23408/21|26290/21|39209/21|43268/21|45077/21|45349/21|46352/21|46493/21|47071/21|47148/21|49242/21|49500/21|49632/21|56424/21|56623/21|57204/21|57907/21|45469/22,001-231098,4,HEJUD,Violation of Article 11 - Freedom of assembly and association (Article 11-1 - Freedom of peaceful assembly);Violation of Article 5 - Right to liberty and security (Article 5-1 - Lawful arrest or detention);Violation of Article 6 - Right to a fair trial (Article 6 - Criminal proceedings;Article 6-1 - Impartial tribunal);Violation of Article 8 - Right to respect for private and family life (Article 8-1 - Respect for private life);Violation of Article 10 - Freedom of expression - {general} (Article 10-1 - Freedom of expression);Violation of Article 10 - Freedom of expression - {general} (Article 10-1 - Freedom of expression);Violation of Article 10 - Freedom of expression - {general} (Article 10-1 - Freedom of expression);Violation of Article 10 - Freedom of expression - {general} (Article 10-1 - Freedom of expression);Violation of Article 10 - Freedom of expression - {general} (Article 10-1 - Freedom of expression);Violation of Article 2 of Protocol No. 7 - Right of appeal in criminal matters (Article 2 of Protocol No. 7 - Review of conviction);Violation of Article 4 of Protocol No. 7 - Right not to be tried or punished twice - {general} (Article 4 of Protocol No. 7 - Right not to be tried or punished twice),11|11-1|5|5-1|6|6-1|8|8-1|10|10-1|P7-2|P7-4,2024,negative,published_in_window_not_added_to_guide,apps:47784/18,false,false,clean,easy
7ff3d5fc46dd,Prisoners' rights,2023-09-23,2024-04-05,2023-08-31,2024-02-29,apps:19657/18,M.J. v. AZERBAIJAN,19657/18,001-231880,4,HEDEC,Inadmissible,3|5|5-1-f|13|35,2024,negative,published_in_window_not_added_to_guide,apps:19657/18,false,false,clean,easy
7ff3d5fc46dd,Prisoners' rights,2023-09-23,2024-04-05,2023-08-31,2024-02-29,apps:56716/16,TALIBOVA v. AZERBAIJAN,56716/16,001-231868,4,HEDEC,Inadmissible,8|8-1|8-2|13|35,2024,negative,published_in_window_not_added_to_guide,apps:56716/16,false,false,clean,easy
7ff3d5fc46dd,Prisoners' rights,2023-09-23,2024-04-05,2023-08-31,2024-02-29,apps:62157/13,BECALI AND CIOFLINĂ v. ROMANIA,62157/13,001-231358,4,HEJUD,Violation of Article 6 - Right to a fair trial (Article 6 - Criminal proceedings;Article 6-1 - Reasonable time),6|6-1,2024,negative,published_in_window_not_added_to_guide,apps:62157/13,false,false,clean,easy
7ff3d5fc46dd,Prisoners' rights,2023-09-23,2024-04-05,2023-08-31,2024-02-29,apps:16915/21,DANILEŢ v. ROMANIA,16915/21,001-231394,3,HEJUD,Remainder inadmissible (Art. 35) Admissibility criteria;(Art. 35-3-a) Ratione materiae;Violation of Article 10 - Freedom of expression - {general} (Article 10-1 - Freedom of expression),35|35-3-a|10|10-1|10-2,2024,negative,published_in_window_not_added_to_guide,apps:16915/21,false,false,clean,easy
7ff3d5fc46dd,Prisoners' rights,2023-09-23,2024-04-05,2023-08-31,2024-02-29,apps:48340/20,DEDE v. TÜRKİYE,48340/20,001-231332,3,HEJUD,Violation of Article 10 - Freedom of expression - {general} (Article 10 - Positive obligations;Article 10-1 - Freedom of expression);Pecuniary damage - claim dismissed (Article 41 - Pecuniary damage;Just satisfaction);Non-pecuniary damage - award (Article 41 - Non-pecuniary damage;Just satisfaction),10|10-1|10-2|41,2024,negative,published_in_window_not_added_to_guide,apps:48340/20,false,false,clean,easy
7ff3d5fc46dd,Prisoners' rights,2023-09-23,2024-04-05,2023-08-31,2024-02-29,apps:53162/21,DIACONEASA v. ROMANIA,53162/21,001-231085,3,HEJUD,Violation of Article 8 - Right to respect for private and family life (Article 8-1 - Respect for private life);Pecuniary damage - claim dismissed (Article 41 - Pecuniary damage;Just satisfaction);Non-pecuniary damage - award (Article 41 - Non-pecuniary damage;Just satisfaction),8|8-1|8-2|41,2024,negative,published_in_window_not_added_to_guide,apps:53162/21,false,false,clean,easy
96d370a07ab1,Article 6 Civil,2024-02-18,2024-09-30,2023-08-31,2024-02-29,apps:45205/22,ATAMANOVA AND OTHERS v. RUSSIA,45205/22|54946/22|54948/22|55947/22|56895/22|56896/22|57263/22|57336/22|57720/22|57727/22|849/23|1062/23|1522/23|1830/23|1837/23|2030/23|2076/23|2362/23|3659/23|3822/23|3832/23|4681/23|4915/23|4981/23|6735/23,001-231115,4,HEJUD,Violation of Article 11 - Freedom of assembly and association (Article 11-1 - Freedom of peaceful assembly);Violation of Article 5 - Right to liberty and security (Article 5-1 - Lawful arrest or detention);Violation of Article 6 - Right to a fair trial (Article 6 - Criminal proceedings;Article 6-1 - Impartial tribunal),11|11-1|5|5-1|6|6-1,2024,negative,published_in_window_not_added_to_guide,apps:45205/22,false,false,clean,easy
96d370a07ab1,Article 6 Civil,2024-02-18,2024-09-30,2023-08-31,2024-02-29,apps:7827/23,BARKÓCZI AND OTHERS v. HUNGARY,7827/23|11448/23|14147/23|15915/23|19252/23|22512/23|24646/23|25257/23,001-231116,4,HEJUD,Violation of Article 6 - Right to a fair trial (Article 6 - Civil proceedings;Article 6-1 - Reasonable time);Violation of Article 13+6-1 - Right to an effective remedy (Article 13 - Effective remedy) (Article 6 - Right to a fair trial;Civil proceedings;Article 6-1 - Reasonable time),6|6-1|13|13+6-1,2024,negative,published_in_window_not_added_to_guide,apps:7827/23,false,false,clean,easy
96d370a07ab1,Article 6 Civil,2024-02-18,2024-09-30,2023-08-31,2024-02-29,apps:13072/23,BONUM TEAM KFT AND CSURAI v. HUNGARY,13072/23|13122/23,001-231118,4,HEJUD,Violation of Article 6 - Right to a fair trial (Article 6 - Civil proceedings;Article 6-1 - Reasonable time),6|6-1,2024,negative,published_in_window_not_added_to_guide,apps:13072/23,false,false,clean,easy
96d370a07ab1,Article 6 Civil,2024-02-18,2024-09-30,2023-08-31,2024-02-29,apps:45987/21,ELIBASHVILI v. GEORGIA,45987/21,001-231109,4,HEJUD,Violation of Article 2 - Right to life (Article 2-1 - Effective investigation) (Procedural aspect),2|2-1,2024,negative,published_in_window_not_added_to_guide,apps:45987/21,false,false,clean,easy
96d370a07ab1,Article 6 Civil,2024-02-18,2024-09-30,2023-08-31,2024-02-29,apps:9166/14,"GRATION TREYD, TOV v. UKRAINE",9166/14,001-231089,4,HEJUD,Violation of Article 1 of Protocol No. 1 - Protection of property (Article 1 para. 1 of Protocol No. 1 - Peaceful enjoyment of possessions),P1-1|P1-1-1,2024,negative,published_in_window_not_added_to_guide,apps:9166/14,false,false,clean,easy
96d370a07ab1,Article 6 Civil,2024-02-18,2024-09-30,2023-08-31,2024-02-29,apps:25870/21,GRYAZEV AND OTHERS v. RUSSIA,25870/21|25879/21|25925/21|25926/21|25927/21|25931/21|26045/21|26704/21|26787/21|27834/21|28173/21|28180/21|35656/21|35657/21|35660/21|35664/21|35938/21|35944/21|35947/21|36271/21|37784/21|37790/21|37792/21|37794/21|42351/21|44149/21|44372/21|47450/21|49590/21,001-231106,4,HEJUD,Violation of Article 11 - Freedom of assembly and association (Article 11-1 - Freedom of peaceful assembly);Violation of Article 5 - Right to liberty and security (Article 5-1 - Lawful arrest or detention);Violation of Article 6 - Right to a fair trial (Article 6 - Criminal proceedings;Article 6-1 - Impartial tribunal);Violation of Article 4 of Protocol No. 7 - Right not to be tried or punished twice - {general} (Article 4 of Protocol No. 7 - Right not to be tried or punished twice),11|11-1|5|5-1|6|6-1|P7-4,2024,negative,published_in_window_not_added_to_guide,apps:25870/21,false,false,clean,easy
96d370a07ab1,Article 6 Civil,2024-02-18,2024-09-30,2023-08-31,2024-02-29,apps:54470/21,IVANOV AND OTHERS v. RUSSIA,54470/21|56564/21|59469/21|59525/21|59535/21|59538/21|977/22|3020/22|8022/22|12279/22|13705/22|34656/22|36475/22|36545/22|51268/22,001-231112,4,HEJUD,Violation of Article 11 - Freedom of assembly and association (Article 11-1 - Freedom of peaceful assembly);Violation of Article 5 - Right to liberty and security (Article 5-1 - Lawful arrest or detention);Violation of Article 6 - Right to a fair trial (Article 6 - Criminal proceedings;Article 6-1 - Impartial tribunal),11|11-1|5|5-1|6|6-1,2024,negative,published_in_window_not_added_to_guide,apps:54470/21,false,false,clean,easy
96d370a07ab1,Article 6 Civil,2024-02-18,2024-09-30,2023-08-31,2024-02-29,apps:16974/14,KACZMAREK v. POLAND,16974/14,001-231432,3,HEJUD,Violation of Article 8 - Right to respect for private and family life (Article 8-1 - Respect for correspondence;Respect for private life);Violation of Article 8 - Right to respect for private and family life (Article 8-1 - Respect for private life);Non-pecuniary damage - award (Article 41 - Non-pecuniary damage;Just satisfaction),8|8-1|8-2|41,2024,negative,published_in_window_not_added_to_guide,apps:16974/14,false,false,clean,easy
96d370a07ab1,Article 6 Civil,2024-02-18,2024-09-30,2023-08-31,2024-02-29,apps:35012/19,LUKASHCHUK AND OTHERS v. RUSSIA,35012/19|52734/19|47285/20|50738/20|52777/20|9041/21|13046/21|15402/21|20331/21|20425/21|26035/21|26067/21|26784/21|38254/21|44148/21,001-231099,4,HEJUD,Violation of Article 5 - Right to liberty and security (Article 5-3 - Length of pre-trial detention);Violation of Article 5 - Right to liberty and security (Article 5-4 - Procedural guarantees of review);Violation of Article 5 - Right to liberty and security (Article 5-4 - Speediness of review);Violation of Article 8 - Right to respect for private and family life (Article 8-1 - Respect for family life);Violation of Article 13+8-1 - Right to an effective remedy (Article 13 - Effective remedy) (Article 8 - Right to respect for private and family life;Article 8-1 - Respect for family life);Violation of Article 14+8-1 - Prohibition of discrimination (Article 14 - Discrimination) (Article 8 - Right to respect for private and family life;Article 8-1 - Respect for family life);Violation of Article 3 - Prohibition of torture (Article 3 - Degrading treatment) (Substantive aspect);Violation of Article 3 - Prohibition of torture (Article 3 - Degrading treatment) (Substantive aspect);Violation of Article 13+3 - Right to an effective remedy (Article 13 - Effective remedy) (Article 3 - Prohibition of torture;Degrading treatment);Violation of Article 3 - Prohibition of torture (Article 3 - Degrading treatment),5|5-3|5-4|8|8-1|13|13+8-1|14|14+8-1|3|13+3,2024,negative,published_in_window_not_added_to_guide,apps:35012/19,false,false,clean,easy
96d370a07ab1,Article 6 Civil,2024-02-18,2024-09-30,2023-08-31,2024-02-29,apps:10940/17,M.H. AND S.B. v. HUNGARY,10940/17|15977/17,001-231093,3,HEJUD,Violation of Article 5 - Right to liberty and security (Article 5-1 - Lawful arrest or detention);Non-pecuniary damage - award (Article 41 - Non-pecuniary damage;Just satisfaction),5|5-1|41|5-1-f|5-1-b,2024,negative,published_in_window_not_added_to_guide,apps:10940/17|15977/17,false,false,clean,easy
96d370a07ab1,Article 6 Civil,2024-02-18,2024-09-30,2023-08-31,2024-02-29,apps:47048/21,MAKSIMOVA AND OTHERS v. RUSSIA,47048/21|48482/21|48590/21|48912/21|49892/21|51356/21|51788/21|51793/21|51935/21|52385/21|52480/21|52482/21|53233/21|53500/21|53788/21|53942/21|54069/21|54169/21|54261/21|54267/21|55306/21,001-231110,4,HEJUD,Violation of Article 11 - Freedom of assembly and association (Article 11-1 - Freedom of peaceful assembly);Violation of Article 5 - Right to liberty and security (Article 5-1 - Lawful arrest or detention);Violation of Article 6 - Right to a fair trial (Article 6 - Criminal proceedings;Article 6-1 - Impartial tribunal),11|11-1|5|5-1|6|6-1,2024,negative,published_in_window_not_added_to_guide,apps:47048/21,false,false,clean,easy
96d370a07ab1,Article 6 Civil,2024-02-18,2024-09-30,2023-08-31,2024-02-29,apps:31516/22,MARQUES ÂNGELO v. PORTUGAL,31516/22,001-231114,4,HEJUD,Violation of Article 3 - Prohibition of torture (Article 3 - Degrading treatment) (Substantive aspect);Violation of Article 13+3 - Right to an effective remedy (Article 13 - Effective remedy) (Article 3 - Prohibition of torture;Degrading treatment),3|13|13+3,2024,negative,published_in_window_not_added_to_guide,apps:31516/22,false,false,clean,easy
96d370a07ab1,Article 6 Civil,2024-02-18,2024-09-30,2023-08-31,2024-02-29,apps:46570/18,NURUSHEV AND OTHERS v. RUSSIA,46570/18|36922/21|40459/21|40494/21|40939/21|41407/21|42744/21|43251/21|43835/21|44181/21|45002/21|46947/21|48161/21|50257/21|50278/21|50293/21|51896/21|51994/21|51995/21|52824/21|53232/21|53293/21|53485/21|53491/21|61701/21,001-231097,4,HEJUD,Violation of Article 11 - Freedom of assembly and association (Article 11-1 - Freedom of peaceful assembly);Violation of Article 5 - Right to liberty and security (Article 5-1 - Lawful arrest or detention);Violation of Article 6 - Right to a fair trial (Article 6 - Criminal proceedings;Article 6-1 - Impartial tribunal);Violation of Article 10 - Freedom of expression - {general} (Article 10-1 - Freedom of expression);Violation of Article 2 of Protocol No. 7 - Right of appeal in criminal matters (Article 2 of Protocol No. 7 - Review of conviction),11|11-1|5|5-1|6|6-1|10|10-1|P7-2,2024,negative,published_in_window_not_added_to_guide,apps:46570/18,false,false,clean,easy
96d370a07ab1,Article 6 Civil,2024-02-18,2024-09-30,2023-08-31,2024-02-29,apps:26096/16,PĂILĂ AND OTHERS v. ROMANIA,26096/16|26903/16|27242/16|46144/16|51607/16|66489/16|66507/16|67070/16|71424/16|18113/17,001-231092,4,HEJUD,Struck out of the list (Article 37-1 - Striking out applications),37|37-1,2024,negative,published_in_window_not_added_to_guide,apps:26096/16,false,false,clean,easy
96d370a07ab1,Article 6 Civil,2024-02-18,2024-09-30,2023-08-31,2024-02-29,apps:53209/17,RADOSHEVICH AND OTHERS v. RUSSIA,53209/17|58512/18|13179/21|17191/21|19460/21|20633/21|22029/21|22043/21|25553/21|25614/21|30157/21|32318/21|32586/21|33069/21|35106/21|42144/21|50229/21|51508/21|56837/21|57991/21|61186/21|61737/21|3997/22,001-231096,4,HEJUD,Violation of Article 5 - Right to liberty and security (Article 5-3 - Length of pre-trial detention);Violation of Article 5 - Right to liberty and security (Article 5-4 - Speediness of review);Violation of Article 5 - Right to liberty and security (Article 5-5 - Compensation);Violation of Article 3 - Prohibition of torture (Article 3 - Degrading treatment) (Substantive aspect);Violation of Article 3 - Prohibition of torture (Article 3 - Degrading treatment) (Substantive aspect),5|5-3|5-4|5-5|3,2024,negative,published_in_window_not_added_to_guide,apps:53209/17,false,false,clean,easy
96d370a07ab1,Article 6 Civil,2024-02-18,2024-09-30,2023-08-31,2024-02-29,apps:9429/23,SARIMOVA AND OTHERS v. RUSSIA,9429/23|17782/23|27128/23|27149/23|27193/23|27418/23|27425/23|27454/23|27471/23|27746/23|27818/23|28052/23|28623/23|28633/23|28820/23|29724/23|30208/23,001-231117,4,HEJUD,Violation of Article 11 - Freedom of assembly and association (Article 11-1 - Freedom of peaceful assembly);Violation of Article 5 - Right to liberty and security (Article 5-1 - Lawful arrest or detention),11|11-1|5|5-1,2024,negative,published_in_window_not_added_to_guide,apps:9429/23,false,false,clean,easy
96d370a07ab1,Article 6 Civil,2024-02-18,2024-09-30,2023-08-31,2024-02-29,apps:41877/21,SIMON v. UKRAINE,41877/21,001-231107,4,HEJUD,Violation of Article 3 - Prohibition of torture (Article 3 - Degrading treatment) (Substantive aspect);Violation of Article 13+3 - Right to an effective remedy (Article 13 - Effective remedy) (Article 3 - Prohibition of torture;Degrading treatment),3|13|13+3,2024,negative,published_in_window_not_added_to_guide,apps:41877/21,false,false,clean,easy
96d370a07ab1,Article 6 Civil,2024-02-18,2024-09-30,2023-08-31,2024-02-29,apps:57580/21,SOLOVYEV AND OTHERS v. RUSSIA,57580/21|57641/21|57718/21|58643/21|58669/21|58976/21|59679/21|8032/22|12051/22|12085/22|12300/22|14486/22|19953/22|33271/22|34013/22|36218/22|36242/22|39693/22|44416/22,001-231113,4,HEJUD,Violation of Article 11 - Freedom of assembly and association (Article 11-1 - Freedom of peaceful assembly);Violation of Article 5 - Right to liberty and security (Article 5-1 - Lawful arrest or detention);Violation of Article 6 - Right to a fair trial (Article 6 - Criminal proceedings;Article 6-1 - Impartial tribunal);Violation of Article 2 of Protocol No. 7 - Right of appeal in criminal matters (Article 2 of Protocol No. 7 - Review of conviction),11|11-1|5|5-1|6|6-1|P7-2,2024,negative,published_in_window_not_added_to_guide,apps:57580/21,false,false,clean,easy
96d370a07ab1,Article 6 Civil,2024-02-18,2024-09-30,2023-08-31,2024-02-29,apps:31018/09,VICKTORIA SH.P.K. v. ALBANIA,31018/09,001-231087,4,HEJUD,Violation of Article 6 - Right to a fair trial (Article 6 - Civil proceedings;Article 6-1 - Reasonable time),6|6-1,2024,negative,published_in_window_not_added_to_guide,apps:31018/09,false,false,clean,easy
96d370a07ab1,Article 6 Civil,2024-02-18,2024-09-30,2023-08-31,2024-02-29,apps:62444/10,VLAHOVIĆ v. MONTENEGRO,62444/10,001-231088,4,HEJUD,Violation of Article 6 - Right to a fair trial (Article 6 - Enforcement proceedings;Article 6-1 - Access to court);Violation of Article 1 of Protocol No. 1 - Protection of property (Article 1 para. 1 of Protocol No. 1 - Peaceful enjoyment of possessions),6|6-1|P1-1|P1-1-1,2024,negative,published_in_window_not_added_to_guide,apps:62444/10,false,false,clean,easy
96d370a07ab1,Article 6 Civil,2024-02-18,2024-09-30,2023-08-31,2024-02-29,apps:48029/21,YERMOLAYEVA AND OTHERS v. RUSSIA,48029/21|56658/21|56852/21|56853/21|56856/21|56864/21|56879/21|56900/21|57040/21|57043/21|24857/22|24899/22|24916/22|24999/22|25015/22|25023/22|25179/22,001-231111,4,HEJUD,Violation of Article 11 - Freedom of assembly and association (Article 11-1 - Freedom of peaceful assembly);Violation of Article 5 - Right to liberty and security (Article 5-1 - Lawful arrest or detention);Violation of Article 6 - Right to a fair trial (Article 6 - Criminal proceedings;Article 6-1 - Impartial tribunal);Violation of Article 2 of Protocol No. 7 - Right of appeal in criminal matters (Article 2 of Protocol No. 7 - Review of conviction);Violation of Article 4 of Protocol No. 7 - Right not to be tried or punished twice - {general} (Article 4 of Protocol No. 7 - Right not to be tried or punished twice),11|11-1|5|5-1|6|6-1|P7-2|P7-4,2024,negative,published_in_window_not_added_to_guide,apps:48029/21,false,false,clean,easy
96d370a07ab1,Article 6 Civil,2024-02-18,2024-09-30,2023-08-31,2024-02-29,apps:18371/17,ZHOLONKO AND OTHERS v. UKRAINE,18371/17|1533/18|16154/18|19938/18,001-231094,4,HEJUD,Violation of Article 6 - Right to a fair trial (Article 6 - Civil proceedings;Article 6-1 - Reasonable time);Violation of Article 13+6-1 - Right to an effective remedy (Article 13 - Effective remedy) (Article 6 - Right to a fair trial;Civil proceedings;Article 6-1 - Reasonable time),6|6-1|13|13+6-1,2024,negative,published_in_window_not_added_to_guide,apps:18371/17,false,false,clean,easy
96d370a07ab1,Article 6 Civil,2024-02-18,2024-09-30,2023-08-31,2024-02-29,apps:47784/18,ZINCHENKO AND OTHERS v. RUSSIA,47784/18|10432/21|13424/21|21468/21|23408/21|26290/21|39209/21|43268/21|45077/21|45349/21|46352/21|46493/21|47071/21|47148/21|49242/21|49500/21|49632/21|56424/21|56623/21|57204/21|57907/21|45469/22,001-231098,4,HEJUD,Violation of Article 11 - Freedom of assembly and association (Article 11-1 - Freedom of peaceful assembly);Violation of Article 5 - Right to liberty and security (Article 5-1 - Lawful arrest or detention);Violation of Article 6 - Right to a fair trial (Article 6 - Criminal proceedings;Article 6-1 - Impartial tribunal);Violation of Article 8 - Right to respect for private and family life (Article 8-1 - Respect for private life);Violation of Article 10 - Freedom of expression - {general} (Article 10-1 - Freedom of expression);Violation of Article 10 - Freedom of expression - {general} (Article 10-1 - Freedom of expression);Violation of Article 10 - Freedom of expression - {general} (Article 10-1 - Freedom of expression);Violation of Article 10 - Freedom of expression - {general} (Article 10-1 - Freedom of expression);Violation of Article 10 - Freedom of expression - {general} (Article 10-1 - Freedom of expression);Violation of Article 2 of Protocol No. 7 - Right of appeal in criminal matters (Article 2 of Protocol No. 7 - Review of conviction);Violation of Article 4 of Protocol No. 7 - Right not to be tried or punished twice - {general} (Article 4 of Protocol No. 7 - Right not to be tried or punished twice),11|11-1|5|5-1|6|6-1|8|8-1|10|10-1|P7-2|P7-4,2024,negative,published_in_window_not_added_to_guide,apps:47784/18,false,false,clean,easy
96d370a07ab1,Article 6 Civil,2024-02-18,2024-09-30,2023-08-31,2024-02-29,apps:19657/18,M.J. v. AZERBAIJAN,19657/18,001-231880,4,HEDEC,Inadmissible,3|5|5-1-f|13|35,2024,negative,published_in_window_not_added_to_guide,apps:19657/18,false,false,clean,easy
96d370a07ab1,Article 6 Civil,2024-02-18,2024-09-30,2023-08-31,2024-02-29,apps:56716/16,TALIBOVA v. AZERBAIJAN,56716/16,001-231868,4,HEDEC,Inadmissible,8|8-1|8-2|13|35,2024,negative,published_in_window_not_added_to_guide,apps:56716/16,false,false,clean,easy
96d370a07ab1,Article 6 Civil,2024-02-18,2024-09-30,2023-08-31,2024-02-29,apps:62157/13,BECALI AND CIOFLINĂ v. ROMANIA,62157/13,001-231358,4,HEJUD,Violation of Article 6 - Right to a fair trial (Article 6 - Criminal proceedings;Article 6-1 - Reasonable time),6|6-1,2024,negative,published_in_window_not_added_to_guide,apps:62157/13,false,false,clean,easy
96d370a07ab1,Article 6 Civil,2024-02-18,2024-09-30,2023-08-31,2024-02-29,apps:16915/21,DANILEŢ v. ROMANIA,16915/21,001-231394,3,HEJUD,Remainder inadmissible (Art. 35) Admissibility criteria;(Art. 35-3-a) Ratione materiae;Violation of Article 10 - Freedom of expression - {general} (Article 10-1 - Freedom of expression),35|35-3-a|10|10-1|10-2,2024,negative,published_in_window_not_added_to_guide,apps:16915/21,false,false,clean,easy
96d370a07ab1,Article 6 Civil,2024-02-18,2024-09-30,2023-08-31,2024-02-29,apps:48340/20,DEDE v. TÜRKİYE,48340/20,001-231332,3,HEJUD,Violation of Article 10 - Freedom of expression - {general} (Article 10 - Positive obligations;Article 10-1 - Freedom of expression);Pecuniary damage - claim dismissed (Article 41 - Pecuniary damage;Just satisfaction);Non-pecuniary damage - award (Article 41 - Non-pecuniary damage;Just satisfaction),10|10-1|10-2|41,2024,negative,published_in_window_not_added_to_guide,apps:48340/20,false,false,clean,easy
96d370a07ab1,Article 6 Civil,2024-02-18,2024-09-30,2023-08-31,2024-02-29,apps:53162/21,DIACONEASA v. ROMANIA,53162/21,001-231085,3,HEJUD,Violation of Article 8 - Right to respect for private and family life (Article 8-1 - Respect for private life);Pecuniary damage - claim dismissed (Article 41 - Pecuniary damage;Just satisfaction);Non-pecuniary damage - award (Article 41 - Non-pecuniary damage;Just satisfaction),8|8-1|8-2|41,2024,negative,published_in_window_not_added_to_guide,apps:53162/21,false,false,clean,easy
a94e3bc7e2bf,Article 13,2024-02-17,2024-04-09,2023-08-31,2024-02-29,apps:45205/22,ATAMANOVA AND OTHERS v. RUSSIA,45205/22|54946/22|54948/22|55947/22|56895/22|56896/22|57263/22|57336/22|57720/22|57727/22|849/23|1062/23|1522/23|1830/23|1837/23|2030/23|2076/23|2362/23|3659/23|3822/23|3832/23|4681/23|4915/23|4981/23|6735/23,001-231115,4,HEJUD,Violation of Article 11 - Freedom of assembly and association (Article 11-1 - Freedom of peaceful assembly);Violation of Article 5 - Right to liberty and security (Article 5-1 - Lawful arrest or detention);Violation of Article 6 - Right to a fair trial (Article 6 - Criminal proceedings;Article 6-1 - Impartial tribunal),11|11-1|5|5-1|6|6-1,2024,negative,published_in_window_not_added_to_guide,apps:45205/22,false,false,clean,easy
a94e3bc7e2bf,Article 13,2024-02-17,2024-04-09,2023-08-31,2024-02-29,apps:7827/23,BARKÓCZI AND OTHERS v. HUNGARY,7827/23|11448/23|14147/23|15915/23|19252/23|22512/23|24646/23|25257/23,001-231116,4,HEJUD,Violation of Article 6 - Right to a fair trial (Article 6 - Civil proceedings;Article 6-1 - Reasonable time);Violation of Article 13+6-1 - Right to an effective remedy (Article 13 - Effective remedy) (Article 6 - Right to a fair trial;Civil proceedings;Article 6-1 - Reasonable time),6|6-1|13|13+6-1,2024,negative,published_in_window_not_added_to_guide,apps:7827/23,false,false,clean,easy
a94e3bc7e2bf,Article 13,2024-02-17,2024-04-09,2023-08-31,2024-02-29,apps:13072/23,BONUM TEAM KFT AND CSURAI v. HUNGARY,13072/23|13122/23,001-231118,4,HEJUD,Violation of Article 6 - Right to a fair trial (Article 6 - Civil proceedings;Article 6-1 - Reasonable time),6|6-1,2024,negative,published_in_window_not_added_to_guide,apps:13072/23,false,false,clean,easy
a94e3bc7e2bf,Article 13,2024-02-17,2024-04-09,2023-08-31,2024-02-29,apps:20256/20,DOLENC v. SLOVENIA,20256/20,001-231100,3,HEJUD,Pecuniary damage - award (Article 41 - Pecuniary damage;Just satisfaction),41,2024,negative,published_in_window_not_added_to_guide,apps:20256/20,false,false,clean,easy
a94e3bc7e2bf,Article 13,2024-02-17,2024-04-09,2023-08-31,2024-02-29,apps:45987/21,ELIBASHVILI v. GEORGIA,45987/21,001-231109,4,HEJUD,Violation of Article 2 - Right to life (Article 2-1 - Effective investigation) (Procedural aspect),2|2-1,2024,negative,published_in_window_not_added_to_guide,apps:45987/21,false,false,clean,easy
a94e3bc7e2bf,Article 13,2024-02-17,2024-04-09,2023-08-31,2024-02-29,apps:9166/14,"GRATION TREYD, TOV v. UKRAINE",9166/14,001-231089,4,HEJUD,Violation of Article 1 of Protocol No. 1 - Protection of property (Article 1 para. 1 of Protocol No. 1 - Peaceful enjoyment of possessions),P1-1|P1-1-1,2024,negative,published_in_window_not_added_to_guide,apps:9166/14,false,false,clean,easy
a94e3bc7e2bf,Article 13,2024-02-17,2024-04-09,2023-08-31,2024-02-29,apps:25870/21,GRYAZEV AND OTHERS v. RUSSIA,25870/21|25879/21|25925/21|25926/21|25927/21|25931/21|26045/21|26704/21|26787/21|27834/21|28173/21|28180/21|35656/21|35657/21|35660/21|35664/21|35938/21|35944/21|35947/21|36271/21|37784/21|37790/21|37792/21|37794/21|42351/21|44149/21|44372/21|47450/21|49590/21,001-231106,4,HEJUD,Violation of Article 11 - Freedom of assembly and association (Article 11-1 - Freedom of peaceful assembly);Violation of Article 5 - Right to liberty and security (Article 5-1 - Lawful arrest or detention);Violation of Article 6 - Right to a fair trial (Article 6 - Criminal proceedings;Article 6-1 - Impartial tribunal);Violation of Article 4 of Protocol No. 7 - Right not to be tried or punished twice - {general} (Article 4 of Protocol No. 7 - Right not to be tried or punished twice),11|11-1|5|5-1|6|6-1|P7-4,2024,negative,published_in_window_not_added_to_guide,apps:25870/21,false,false,clean,easy
a94e3bc7e2bf,Article 13,2024-02-17,2024-04-09,2023-08-31,2024-02-29,apps:54470/21,IVANOV AND OTHERS v. RUSSIA,54470/21|56564/21|59469/21|59525/21|59535/21|59538/21|977/22|3020/22|8022/22|12279/22|13705/22|34656/22|36475/22|36545/22|51268/22,001-231112,4,HEJUD,Violation of Article 11 - Freedom of assembly and association (Article 11-1 - Freedom of peaceful assembly);Violation of Article 5 - Right to liberty and security (Article 5-1 - Lawful arrest or detention);Violation of Article 6 - Right to a fair trial (Article 6 - Criminal proceedings;Article 6-1 - Impartial tribunal),11|11-1|5|5-1|6|6-1,2024,negative,published_in_window_not_added_to_guide,apps:54470/21,false,false,clean,easy
a94e3bc7e2bf,Article 13,2024-02-17,2024-04-09,2023-08-31,2024-02-29,apps:16974/14,KACZMAREK v. POLAND,16974/14,001-231432,3,HEJUD,Violation of Article 8 - Right to respect for private and family life (Article 8-1 - Respect for correspondence;Respect for private life);Violation of Article 8 - Right to respect for private and family life (Article 8-1 - Respect for private life);Non-pecuniary damage - award (Article 41 - Non-pecuniary damage;Just satisfaction),8|8-1|8-2|41,2024,negative,published_in_window_not_added_to_guide,apps:16974/14,false,false,clean,easy
a94e3bc7e2bf,Article 13,2024-02-17,2024-04-09,2023-08-31,2024-02-29,apps:35012/19,LUKASHCHUK AND OTHERS v. RUSSIA,35012/19|52734/19|47285/20|50738/20|52777/20|9041/21|13046/21|15402/21|20331/21|20425/21|26035/21|26067/21|26784/21|38254/21|44148/21,001-231099,4,HEJUD,Violation of Article 5 - Right to liberty and security (Article 5-3 - Length of pre-trial detention);Violation of Article 5 - Right to liberty and security (Article 5-4 - Procedural guarantees of review);Violation of Article 5 - Right to liberty and security (Article 5-4 - Speediness of review);Violation of Article 8 - Right to respect for private and family life (Article 8-1 - Respect for family life);Violation of Article 13+8-1 - Right to an effective remedy (Article 13 - Effective remedy) (Article 8 - Right to respect for private and family life;Article 8-1 - Respect for family life);Violation of Article 14+8-1 - Prohibition of discrimination (Article 14 - Discrimination) (Article 8 - Right to respect for private and family life;Article 8-1 - Respect for family life);Violation of Article 3 - Prohibition of torture (Article 3 - Degrading treatment) (Substantive aspect);Violation of Article 3 - Prohibition of torture (Article 3 - Degrading treatment) (Substantive aspect);Violation of Article 13+3 - Right to an effective remedy (Article 13 - Effective remedy) (Article 3 - Prohibition of torture;Degrading treatment);Violation of Article 3 - Prohibition of torture (Article 3 - Degrading treatment),5|5-3|5-4|8|8-1|13|13+8-1|14|14+8-1|3|13+3,2024,negative,published_in_window_not_added_to_guide,apps:35012/19,false,false,clean,easy
a94e3bc7e2bf,Article 13,2024-02-17,2024-04-09,2023-08-31,2024-02-29,apps:10940/17,M.H. AND S.B. v. HUNGARY,10940/17|15977/17,001-231093,3,HEJUD,Violation of Article 5 - Right to liberty and security (Article 5-1 - Lawful arrest or detention);Non-pecuniary damage - award (Article 41 - Non-pecuniary damage;Just satisfaction),5|5-1|41|5-1-f|5-1-b,2024,negative,published_in_window_not_added_to_guide,apps:10940/17|15977/17,false,false,clean,easy
a94e3bc7e2bf,Article 13,2024-02-17,2024-04-09,2023-08-31,2024-02-29,apps:47048/21,MAKSIMOVA AND OTHERS v. RUSSIA,47048/21|48482/21|48590/21|48912/21|49892/21|51356/21|51788/21|51793/21|51935/21|52385/21|52480/21|52482/21|53233/21|53500/21|53788/21|53942/21|54069/21|54169/21|54261/21|54267/21|55306/21,001-231110,4,HEJUD,Violation of Article 11 - Freedom of assembly and association (Article 11-1 - Freedom of peaceful assembly);Violation of Article 5 - Right to liberty and security (Article 5-1 - Lawful arrest or detention);Violation of Article 6 - Right to a fair trial (Article 6 - Criminal proceedings;Article 6-1 - Impartial tribunal),11|11-1|5|5-1|6|6-1,2024,negative,published_in_window_not_added_to_guide,apps:47048/21,false,false,clean,easy
a94e3bc7e2bf,Article 13,2024-02-17,2024-04-09,2023-08-31,2024-02-29,apps:31516/22,MARQUES ÂNGELO v. PORTUGAL,31516/22,001-231114,4,HEJUD,Violation of Article 3 - Prohibition of torture (Article 3 - Degrading treatment) (Substantive aspect);Violation of Article 13+3 - Right to an effective remedy (Article 13 - Effective remedy) (Article 3 - Prohibition of torture;Degrading treatment),3|13|13+3,2024,negative,published_in_window_not_added_to_guide,apps:31516/22,false,false,clean,easy
a94e3bc7e2bf,Article 13,2024-02-17,2024-04-09,2023-08-31,2024-02-29,apps:46570/18,NURUSHEV AND OTHERS v. RUSSIA,46570/18|36922/21|40459/21|40494/21|40939/21|41407/21|42744/21|43251/21|43835/21|44181/21|45002/21|46947/21|48161/21|50257/21|50278/21|50293/21|51896/21|51994/21|51995/21|52824/21|53232/21|53293/21|53485/21|53491/21|61701/21,001-231097,4,HEJUD,Violation of Article 11 - Freedom of assembly and association (Article 11-1 - Freedom of peaceful assembly);Violation of Article 5 - Right to liberty and security (Article 5-1 - Lawful arrest or detention);Violation of Article 6 - Right to a fair trial (Article 6 - Criminal proceedings;Article 6-1 - Impartial tribunal);Violation of Article 10 - Freedom of expression - {general} (Article 10-1 - Freedom of expression);Violation of Article 2 of Protocol No. 7 - Right of appeal in criminal matters (Article 2 of Protocol No. 7 - Review of conviction),11|11-1|5|5-1|6|6-1|10|10-1|P7-2,2024,negative,published_in_window_not_added_to_guide,apps:46570/18,false,false,clean,easy
a94e3bc7e2bf,Article 13,2024-02-17,2024-04-09,2023-08-31,2024-02-29,apps:26096/16,PĂILĂ AND OTHERS v. ROMANIA,26096/16|26903/16|27242/16|46144/16|51607/16|66489/16|66507/16|67070/16|71424/16|18113/17,001-231092,4,HEJUD,Struck out of the list (Article 37-1 - Striking out applications),37|37-1,2024,negative,published_in_window_not_added_to_guide,apps:26096/16,false,false,clean,easy
a94e3bc7e2bf,Article 13,2024-02-17,2024-04-09,2023-08-31,2024-02-29,apps:53209/17,RADOSHEVICH AND OTHERS v. RUSSIA,53209/17|58512/18|13179/21|17191/21|19460/21|20633/21|22029/21|22043/21|25553/21|25614/21|30157/21|32318/21|32586/21|33069/21|35106/21|42144/21|50229/21|51508/21|56837/21|57991/21|61186/21|61737/21|3997/22,001-231096,4,HEJUD,Violation of Article 5 - Right to liberty and security (Article 5-3 - Length of pre-trial detention);Violation of Article 5 - Right to liberty and security (Article 5-4 - Speediness of review);Violation of Article 5 - Right to liberty and security (Article 5-5 - Compensation);Violation of Article 3 - Prohibition of torture (Article 3 - Degrading treatment) (Substantive aspect);Violation of Article 3 - Prohibition of torture (Article 3 - Degrading treatment) (Substantive aspect),5|5-3|5-4|5-5|3,2024,negative,published_in_window_not_added_to_guide,apps:53209/17,false,false,clean,easy
a94e3bc7e2bf,Article 13,2024-02-17,2024-04-09,2023-08-31,2024-02-29,apps:9429/23,SARIMOVA AND OTHERS v. RUSSIA,9429/23|17782/23|27128/23|27149/23|27193/23|27418/23|27425/23|27454/23|27471/23|27746/23|27818/23|28052/23|28623/23|28633/23|28820/23|29724/23|30208/23,001-231117,4,HEJUD,Violation of Article 11 - Freedom of assembly and association (Article 11-1 - Freedom of peaceful assembly);Violation of Article 5 - Right to liberty and security (Article 5-1 - Lawful arrest or detention),11|11-1|5|5-1,2024,negative,published_in_window_not_added_to_guide,apps:9429/23,false,false,clean,easy
a94e3bc7e2bf,Article 13,2024-02-17,2024-04-09,2023-08-31,2024-02-29,apps:41877/21,SIMON v. UKRAINE,41877/21,001-231107,4,HEJUD,Violation of Article 3 - Prohibition of torture (Article 3 - Degrading treatment) (Substantive aspect);Violation of Article 13+3 - Right to an effective remedy (Article 13 - Effective remedy) (Article 3 - Prohibition of torture;Degrading treatment),3|13|13+3,2024,negative,published_in_window_not_added_to_guide,apps:41877/21,false,false,clean,easy
a94e3bc7e2bf,Article 13,2024-02-17,2024-04-09,2023-08-31,2024-02-29,apps:57580/21,SOLOVYEV AND OTHERS v. RUSSIA,57580/21|57641/21|57718/21|58643/21|58669/21|58976/21|59679/21|8032/22|12051/22|12085/22|12300/22|14486/22|19953/22|33271/22|34013/22|36218/22|36242/22|39693/22|44416/22,001-231113,4,HEJUD,Violation of Article 11 - Freedom of assembly and association (Article 11-1 - Freedom of peaceful assembly);Violation of Article 5 - Right to liberty and security (Article 5-1 - Lawful arrest or detention);Violation of Article 6 - Right to a fair trial (Article 6 - Criminal proceedings;Article 6-1 - Impartial tribunal);Violation of Article 2 of Protocol No. 7 - Right of appeal in criminal matters (Article 2 of Protocol No. 7 - Review of conviction),11|11-1|5|5-1|6|6-1|P7-2,2024,negative,published_in_window_not_added_to_guide,apps:57580/21,false,false,clean,easy
a94e3bc7e2bf,Article 13,2024-02-17,2024-04-09,2023-08-31,2024-02-29,apps:31018/09,VICKTORIA SH.P.K. v. ALBANIA,31018/09,001-231087,4,HEJUD,Violation of Article 6 - Right to a fair trial (Article 6 - Civil proceedings;Article 6-1 - Reasonable time),6|6-1,2024,negative,published_in_window_not_added_to_guide,apps:31018/09,false,false,clean,easy
a94e3bc7e2bf,Article 13,2024-02-17,2024-04-09,2023-08-31,2024-02-29,apps:62444/10,VLAHOVIĆ v. MONTENEGRO,62444/10,001-231088,4,HEJUD,Violation of Article 6 - Right to a fair trial (Article 6 - Enforcement proceedings;Article 6-1 - Access to court);Violation of Article 1 of Protocol No. 1 - Protection of property (Article 1 para. 1 of Protocol No. 1 - Peaceful enjoyment of possessions),6|6-1|P1-1|P1-1-1,2024,negative,published_in_window_not_added_to_guide,apps:62444/10,false,false,clean,easy
a94e3bc7e2bf,Article 13,2024-02-17,2024-04-09,2023-08-31,2024-02-29,apps:48029/21,YERMOLAYEVA AND OTHERS v. RUSSIA,48029/21|56658/21|56852/21|56853/21|56856/21|56864/21|56879/21|56900/21|57040/21|57043/21|24857/22|24899/22|24916/22|24999/22|25015/22|25023/22|25179/22,001-231111,4,HEJUD,Violation of Article 11 - Freedom of assembly and association (Article 11-1 - Freedom of peaceful assembly);Violation of Article 5 - Right to liberty and security (Article 5-1 - Lawful arrest or detention);Violation of Article 6 - Right to a fair trial (Article 6 - Criminal proceedings;Article 6-1 - Impartial tribunal);Violation of Article 2 of Protocol No. 7 - Right of appeal in criminal matters (Article 2 of Protocol No. 7 - Review of conviction);Violation of Article 4 of Protocol No. 7 - Right not to be tried or punished twice - {general} (Article 4 of Protocol No. 7 - Right not to be tried or punished twice),11|11-1|5|5-1|6|6-1|P7-2|P7-4,2024,negative,published_in_window_not_added_to_guide,apps:48029/21,false,false,clean,easy
a94e3bc7e2bf,Article 13,2024-02-17,2024-04-09,2023-08-31,2024-02-29,apps:18371/17,ZHOLONKO AND OTHERS v. UKRAINE,18371/17|1533/18|16154/18|19938/18,001-231094,4,HEJUD,Violation of Article 6 - Right to a fair trial (Article 6 - Civil proceedings;Article 6-1 - Reasonable time);Violation of Article 13+6-1 - Right to an effective remedy (Article 13 - Effective remedy) (Article 6 - Right to a fair trial;Civil proceedings;Article 6-1 - Reasonable time),6|6-1|13|13+6-1,2024,negative,published_in_window_not_added_to_guide,apps:18371/17,false,false,clean,easy
a94e3bc7e2bf,Article 13,2024-02-17,2024-04-09,2023-08-31,2024-02-29,apps:47784/18,ZINCHENKO AND OTHERS v. RUSSIA,47784/18|10432/21|13424/21|21468/21|23408/21|26290/21|39209/21|43268/21|45077/21|45349/21|46352/21|46493/21|47071/21|47148/21|49242/21|49500/21|49632/21|56424/21|56623/21|57204/21|57907/21|45469/22,001-231098,4,HEJUD,Violation of Article 11 - Freedom of assembly and association (Article 11-1 - Freedom of peaceful assembly);Violation of Article 5 - Right to liberty and security (Article 5-1 - Lawful arrest or detention);Violation of Article 6 - Right to a fair trial (Article 6 - Criminal proceedings;Article 6-1 - Impartial tribunal);Violation of Article 8 - Right to respect for private and family life (Article 8-1 - Respect for private life);Violation of Article 10 - Freedom of expression - {general} (Article 10-1 - Freedom of expression);Violation of Article 10 - Freedom of expression - {general} (Article 10-1 - Freedom of expression);Violation of Article 10 - Freedom of expression - {general} (Article 10-1 - Freedom of expression);Violation of Article 10 - Freedom of expression - {general} (Article 10-1 - Freedom of expression);Violation of Article 10 - Freedom of expression - {general} (Article 10-1 - Freedom of expression);Violation of Article 2 of Protocol No. 7 - Right of appeal in criminal matters (Article 2 of Protocol No. 7 - Review of conviction);Violation of Article 4 of Protocol No. 7 - Right not to be tried or punished twice - {general} (Article 4 of Protocol No. 7 - Right not to be tried or punished twice),11|11-1|5|5-1|6|6-1|8|8-1|10|10-1|P7-2|P7-4,2024,negative,published_in_window_not_added_to_guide,apps:47784/18,false,false,clean,easy
a94e3bc7e2bf,Article 13,2024-02-17,2024-04-09,2023-08-31,2024-02-29,apps:19657/18,M.J. v. AZERBAIJAN,19657/18,001-231880,4,HEDEC,Inadmissible,3|5|5-1-f|13|35,2024,negative,published_in_window_not_added_to_guide,apps:19657/18,false,false,clean,easy
a94e3bc7e2bf,Article 13,2024-02-17,2024-04-09,2023-08-31,2024-02-29,apps:56716/16,TALIBOVA v. AZERBAIJAN,56716/16,001-231868,4,HEDEC,Inadmissible,8|8-1|8-2|13|35,2024,negative,published_in_window_not_added_to_guide,apps:56716/16,false,false,clean,easy
a94e3bc7e2bf,Article 13,2024-02-17,2024-04-09,2023-08-31,2024-02-29,apps:62157/13,BECALI AND CIOFLINĂ v. ROMANIA,62157/13,001-231358,4,HEJUD,Violation of Article 6 - Right to a fair trial (Article 6 - Criminal proceedings;Article 6-1 - Reasonable time),6|6-1,2024,negative,published_in_window_not_added_to_guide,apps:62157/13,false,false,clean,easy
a94e3bc7e2bf,Article 13,2024-02-17,2024-04-09,2023-08-31,2024-02-29,apps:16915/21,DANILEŢ v. ROMANIA,16915/21,001-231394,3,HEJUD,Remainder inadmissible (Art. 35) Admissibility criteria;(Art. 35-3-a) Ratione materiae;Violation of Article 10 - Freedom of expression - {general} (Article 10-1 - Freedom of expression),35|35-3-a|10|10-1|10-2,2024,negative,published_in_window_not_added_to_guide,apps:16915/21,false,false,clean,easy
a94e3bc7e2bf,Article 13,2024-02-17,2024-04-09,2023-08-31,2024-02-29,apps:48340/20,DEDE v. TÜRKİYE,48340/20,001-231332,3,HEJUD,Violation of Article 10 - Freedom of expression - {general} (Article 10 - Positive obligations;Article 10-1 - Freedom of expression);Pecuniary damage - claim dismissed (Article 41 - Pecuniary damage;Just satisfaction);Non-pecuniary damage - award (Article 41 - Non-pecuniary damage;Just satisfaction),10|10-1|10-2|41,2024,negative,published_in_window_not_added_to_guide,apps:48340/20,false,false,clean,easy
a94e3bc7e2bf,Article 13,2024-02-17,2024-04-09,2023-08-31,2024-02-29,apps:53162/21,DIACONEASA v. ROMANIA,53162/21,001-231085,3,HEJUD,Violation of Article 8 - Right to respect for private and family life (Article 8-1 - Respect for private life);Pecuniary damage - claim dismissed (Article 41 - Pecuniary damage;Just satisfaction);Non-pecuniary damage - award (Article 41 - Non-pecuniary damage;Just satisfaction),8|8-1|8-2|41,2024,negative,published_in_window_not_added_to_guide,apps:53162/21,false,false,clean,easy
d5256ad78e38,Data protection,2024-03-31,2024-06-13,2023-08-31,2024-02-29,apps:45205/22,ATAMANOVA AND OTHERS v. RUSSIA,45205/22|54946/22|54948/22|55947/22|56895/22|56896/22|57263/22|57336/22|57720/22|57727/22|849/23|1062/23|1522/23|1830/23|1837/23|2030/23|2076/23|2362/23|3659/23|3822/23|3832/23|4681/23|4915/23|4981/23|6735/23,001-231115,4,HEJUD,Violation of Article 11 - Freedom of assembly and association (Article 11-1 - Freedom of peaceful assembly);Violation of Article 5 - Right to liberty and security (Article 5-1 - Lawful arrest or detention);Violation of Article 6 - Right to a fair trial (Article 6 - Criminal proceedings;Article 6-1 - Impartial tribunal),11|11-1|5|5-1|6|6-1,2024,negative,published_in_window_not_added_to_guide,apps:45205/22,false,false,clean,easy
d5256ad78e38,Data protection,2024-03-31,2024-06-13,2023-08-31,2024-02-29,apps:7827/23,BARKÓCZI AND OTHERS v. HUNGARY,7827/23|11448/23|14147/23|15915/23|19252/23|22512/23|24646/23|25257/23,001-231116,4,HEJUD,Violation of Article 6 - Right to a fair trial (Article 6 - Civil proceedings;Article 6-1 - Reasonable time);Violation of Article 13+6-1 - Right to an effective remedy (Article 13 - Effective remedy) (Article 6 - Right to a fair trial;Civil proceedings;Article 6-1 - Reasonable time),6|6-1|13|13+6-1,2024,negative,published_in_window_not_added_to_guide,apps:7827/23,false,false,clean,easy
d5256ad78e38,Data protection,2024-03-31,2024-06-13,2023-08-31,2024-02-29,apps:13072/23,BONUM TEAM KFT AND CSURAI v. HUNGARY,13072/23|13122/23,001-231118,4,HEJUD,Violation of Article 6 - Right to a fair trial (Article 6 - Civil proceedings;Article 6-1 - Reasonable time),6|6-1,2024,negative,published_in_window_not_added_to_guide,apps:13072/23,false,false,clean,easy
d5256ad78e38,Data protection,2024-03-31,2024-06-13,2023-08-31,2024-02-29,apps:20256/20,DOLENC v. SLOVENIA,20256/20,001-231100,3,HEJUD,Pecuniary damage - award (Article 41 - Pecuniary damage;Just satisfaction),41,2024,negative,published_in_window_not_added_to_guide,apps:20256/20,false,false,clean,easy
d5256ad78e38,Data protection,2024-03-31,2024-06-13,2023-08-31,2024-02-29,apps:45987/21,ELIBASHVILI v. GEORGIA,45987/21,001-231109,4,HEJUD,Violation of Article 2 - Right to life (Article 2-1 - Effective investigation) (Procedural aspect),2|2-1,2024,negative,published_in_window_not_added_to_guide,apps:45987/21,false,false,clean,easy
d5256ad78e38,Data protection,2024-03-31,2024-06-13,2023-08-31,2024-02-29,apps:9166/14,"GRATION TREYD, TOV v. UKRAINE",9166/14,001-231089,4,HEJUD,Violation of Article 1 of Protocol No. 1 - Protection of property (Article 1 para. 1 of Protocol No. 1 - Peaceful enjoyment of possessions),P1-1|P1-1-1,2024,negative,published_in_window_not_added_to_guide,apps:9166/14,false,false,clean,easy
d5256ad78e38,Data protection,2024-03-31,2024-06-13,2023-08-31,2024-02-29,apps:25870/21,GRYAZEV AND OTHERS v. RUSSIA,25870/21|25879/21|25925/21|25926/21|25927/21|25931/21|26045/21|26704/21|26787/21|27834/21|28173/21|28180/21|35656/21|35657/21|35660/21|35664/21|35938/21|35944/21|35947/21|36271/21|37784/21|37790/21|37792/21|37794/21|42351/21|44149/21|44372/21|47450/21|49590/21,001-231106,4,HEJUD,Violation of Article 11 - Freedom of assembly and association (Article 11-1 - Freedom of peaceful assembly);Violation of Article 5 - Right to liberty and security (Article 5-1 - Lawful arrest or detention);Violation of Article 6 - Right to a fair trial (Article 6 - Criminal proceedings;Article 6-1 - Impartial tribunal);Violation of Article 4 of Protocol No. 7 - Right not to be tried or punished twice - {general} (Article 4 of Protocol No. 7 - Right not to be tried or punished twice),11|11-1|5|5-1|6|6-1|P7-4,2024,negative,published_in_window_not_added_to_guide,apps:25870/21,false,false,clean,easy
d5256ad78e38,Data protection,2024-03-31,2024-06-13,2023-08-31,2024-02-29,apps:54470/21,IVANOV AND OTHERS v. RUSSIA,54470/21|56564/21|59469/21|59525/21|59535/21|59538/21|977/22|3020/22|8022/22|12279/22|13705/22|34656/22|36475/22|36545/22|51268/22,001-231112,4,HEJUD,Violation of Article 11 - Freedom of assembly and association (Article 11-1 - Freedom of peaceful assembly);Violation of Article 5 - Right to liberty and security (Article 5-1 - Lawful arrest or detention);Violation of Article 6 - Right to a fair trial (Article 6 - Criminal proceedings;Article 6-1 - Impartial tribunal),11|11-1|5|5-1|6|6-1,2024,negative,published_in_window_not_added_to_guide,apps:54470/21,false,false,clean,easy
d5256ad78e38,Data protection,2024-03-31,2024-06-13,2023-08-31,2024-02-29,apps:35012/19,LUKASHCHUK AND OTHERS v. RUSSIA,35012/19|52734/19|47285/20|50738/20|52777/20|9041/21|13046/21|15402/21|20331/21|20425/21|26035/21|26067/21|26784/21|38254/21|44148/21,001-231099,4,HEJUD,Violation of Article 5 - Right to liberty and security (Article 5-3 - Length of pre-trial detention);Violation of Article 5 - Right to liberty and security (Article 5-4 - Procedural guarantees of review);Violation of Article 5 - Right to liberty and security (Article 5-4 - Speediness of review);Violation of Article 8 - Right to respect for private and family life (Article 8-1 - Respect for family life);Violation of Article 13+8-1 - Right to an effective remedy (Article 13 - Effective remedy) (Article 8 - Right to respect for private and family life;Article 8-1 - Respect for family life);Violation of Article 14+8-1 - Prohibition of discrimination (Article 14 - Discrimination) (Article 8 - Right to respect for private and family life;Article 8-1 - Respect for family life);Violation of Article 3 - Prohibition of torture (Article 3 - Degrading treatment) (Substantive aspect);Violation of Article 3 - Prohibition of torture (Article 3 - Degrading treatment) (Substantive aspect);Violation of Article 13+3 - Right to an effective remedy (Article 13 - Effective remedy) (Article 3 - Prohibition of torture;Degrading treatment);Violation of Article 3 - Prohibition of torture (Article 3 - Degrading treatment),5|5-3|5-4|8|8-1|13|13+8-1|14|14+8-1|3|13+3,2024,negative,published_in_window_not_added_to_guide,apps:35012/19,false,false,clean,easy
d5256ad78e38,Data protection,2024-03-31,2024-06-13,2023-08-31,2024-02-29,apps:10940/17,M.H. AND S.B. v. HUNGARY,10940/17|15977/17,001-231093,3,HEJUD,Violation of Article 5 - Right to liberty and security (Article 5-1 - Lawful arrest or detention);Non-pecuniary damage - award (Article 41 - Non-pecuniary damage;Just satisfaction),5|5-1|41|5-1-f|5-1-b,2024,negative,published_in_window_not_added_to_guide,apps:10940/17|15977/17,false,false,clean,easy
d5256ad78e38,Data protection,2024-03-31,2024-06-13,2023-08-31,2024-02-29,apps:47048/21,MAKSIMOVA AND OTHERS v. RUSSIA,47048/21|48482/21|48590/21|48912/21|49892/21|51356/21|51788/21|51793/21|51935/21|52385/21|52480/21|52482/21|53233/21|53500/21|53788/21|53942/21|54069/21|54169/21|54261/21|54267/21|55306/21,001-231110,4,HEJUD,Violation of Article 11 - Freedom of assembly and association (Article 11-1 - Freedom of peaceful assembly);Violation of Article 5 - Right to liberty and security (Article 5-1 - Lawful arrest or detention);Violation of Article 6 - Right to a fair trial (Article 6 - Criminal proceedings;Article 6-1 - Impartial tribunal),11|11-1|5|5-1|6|6-1,2024,negative,published_in_window_not_added_to_guide,apps:47048/21,false,false,clean,easy
d5256ad78e38,Data protection,2024-03-31,2024-06-13,2023-08-31,2024-02-29,apps:31516/22,MARQUES ÂNGELO v. PORTUGAL,31516/22,001-231114,4,HEJUD,Violation of Article 3 - Prohibition of torture (Article 3 - Degrading treatment) (Substantive aspect);Violation of Article 13+3 - Right to an effective remedy (Article 13 - Effective remedy) (Article 3 - Prohibition of torture;Degrading treatment),3|13|13+3,2024,negative,published_in_window_not_added_to_guide,apps:31516/22,false,false,clean,easy
d5256ad78e38,Data protection,2024-03-31,2024-06-13,2023-08-31,2024-02-29,apps:46570/18,NURUSHEV AND OTHERS v. RUSSIA,46570/18|36922/21|40459/21|40494/21|40939/21|41407/21|42744/21|43251/21|43835/21|44181/21|45002/21|46947/21|48161/21|50257/21|50278/21|50293/21|51896/21|51994/21|51995/21|52824/21|53232/21|53293/21|53485/21|53491/21|61701/21,001-231097,4,HEJUD,Violation of Article 11 - Freedom of assembly and association (Article 11-1 - Freedom of peaceful assembly);Violation of Article 5 - Right to liberty and security (Article 5-1 - Lawful arrest or detention);Violation of Article 6 - Right to a fair trial (Article 6 - Criminal proceedings;Article 6-1 - Impartial tribunal);Violation of Article 10 - Freedom of expression - {general} (Article 10-1 - Freedom of expression);Violation of Article 2 of Protocol No. 7 - Right of appeal in criminal matters (Article 2 of Protocol No. 7 - Review of conviction),11|11-1|5|5-1|6|6-1|10|10-1|P7-2,2024,negative,published_in_window_not_added_to_guide,apps:46570/18,false,false,clean,easy
d5256ad78e38,Data protection,2024-03-31,2024-06-13,2023-08-31,2024-02-29,apps:26096/16,PĂILĂ AND OTHERS v. ROMANIA,26096/16|26903/16|27242/16|46144/16|51607/16|66489/16|66507/16|67070/16|71424/16|18113/17,001-231092,4,HEJUD,Struck out of the list (Article 37-1 - Striking out applications),37|37-1,2024,negative,published_in_window_not_added_to_guide,apps:26096/16,false,false,clean,easy
d5256ad78e38,Data protection,2024-03-31,2024-06-13,2023-08-31,2024-02-29,apps:53209/17,RADOSHEVICH AND OTHERS v. RUSSIA,53209/17|58512/18|13179/21|17191/21|19460/21|20633/21|22029/21|22043/21|25553/21|25614/21|30157/21|32318/21|32586/21|33069/21|35106/21|42144/21|50229/21|51508/21|56837/21|57991/21|61186/21|61737/21|3997/22,001-231096,4,HEJUD,Violation of Article 5 - Right to liberty and security (Article 5-3 - Length of pre-trial detention);Violation of Article 5 - Right to liberty and security (Article 5-4 - Speediness of review);Violation of Article 5 - Right to liberty and security (Article 5-5 - Compensation);Violation of Article 3 - Prohibition of torture (Article 3 - Degrading treatment) (Substantive aspect);Violation of Article 3 - Prohibition of torture (Article 3 - Degrading treatment) (Substantive aspect),5|5-3|5-4|5-5|3,2024,negative,published_in_window_not_added_to_guide,apps:53209/17,false,false,clean,easy
d5256ad78e38,Data protection,2024-03-31,2024-06-13,2023-08-31,2024-02-29,apps:9429/23,SARIMOVA AND OTHERS v. RUSSIA,9429/23|17782/23|27128/23|27149/23|27193/23|27418/23|27425/23|27454/23|27471/23|27746/23|27818/23|28052/23|28623/23|28633/23|28820/23|29724/23|30208/23,001-231117,4,HEJUD,Violation of Article 11 - Freedom of assembly and association (Article 11-1 - Freedom of peaceful assembly);Violation of Article 5 - Right to liberty and security (Article 5-1 - Lawful arrest or detention),11|11-1|5|5-1,2024,negative,published_in_window_not_added_to_guide,apps:9429/23,false,false,clean,easy
d5256ad78e38,Data protection,2024-03-31,2024-06-13,2023-08-31,2024-02-29,apps:41877/21,SIMON v. UKRAINE,41877/21,001-231107,4,HEJUD,Violation of Article 3 - Prohibition of torture (Article 3 - Degrading treatment) (Substantive aspect);Violation of Article 13+3 - Right to an effective remedy (Article 13 - Effective remedy) (Article 3 - Prohibition of torture;Degrading treatment),3|13|13+3,2024,negative,published_in_window_not_added_to_guide,apps:41877/21,false,false,clean,easy
d5256ad78e38,Data protection,2024-03-31,2024-06-13,2023-08-31,2024-02-29,apps:57580/21,SOLOVYEV AND OTHERS v. RUSSIA,57580/21|57641/21|57718/21|58643/21|58669/21|58976/21|59679/21|8032/22|12051/22|12085/22|12300/22|14486/22|19953/22|33271/22|34013/22|36218/22|36242/22|39693/22|44416/22,001-231113,4,HEJUD,Violation of Article 11 - Freedom of assembly and association (Article 11-1 - Freedom of peaceful assembly);Violation of Article 5 - Right to liberty and security (Article 5-1 - Lawful arrest or detention);Violation of Article 6 - Right to a fair trial (Article 6 - Criminal proceedings;Article 6-1 - Impartial tribunal);Violation of Article 2 of Protocol No. 7 - Right of appeal in criminal matters (Article 2 of Protocol No. 7 - Review of conviction),11|11-1|5|5-1|6|6-1|P7-2,2024,negative,published_in_window_not_added_to_guide,apps:57580/21,false,false,clean,easy
d5256ad78e38,Data protection,2024-03-31,2024-06-13,2023-08-31,2024-02-29,apps:31018/09,VICKTORIA SH.P.K. v. ALBANIA,31018/09,001-231087,4,HEJUD,Violation of Article 6 - Right to a fair trial (Article 6 - Civil proceedings;Article 6-1 - Reasonable time),6|6-1,2024,negative,published_in_window_not_added_to_guide,apps:31018/09,false,false,clean,easy
d5256ad78e38,Data protection,2024-03-31,2024-06-13,2023-08-31,2024-02-29,apps:62444/10,VLAHOVIĆ v. MONTENEGRO,62444/10,001-231088,4,HEJUD,Violation of Article 6 - Right to a fair trial (Article 6 - Enforcement proceedings;Article 6-1 - Access to court);Violation of Article 1 of Protocol No. 1 - Protection of property (Article 1 para. 1 of Protocol No. 1 - Peaceful enjoyment of possessions),6|6-1|P1-1|P1-1-1,2024,negative,published_in_window_not_added_to_guide,apps:62444/10,false,false,clean,easy
d5256ad78e38,Data protection,2024-03-31,2024-06-13,2023-08-31,2024-02-29,apps:48029/21,YERMOLAYEVA AND OTHERS v. RUSSIA,48029/21|56658/21|56852/21|56853/21|56856/21|56864/21|56879/21|56900/21|57040/21|57043/21|24857/22|24899/22|24916/22|24999/22|25015/22|25023/22|25179/22,001-231111,4,HEJUD,Violation of Article 11 - Freedom of assembly and association (Article 11-1 - Freedom of peaceful assembly);Violation of Article 5 - Right to liberty and security (Article 5-1 - Lawful arrest or detention);Violation of Article 6 - Right to a fair trial (Article 6 - Criminal proceedings;Article 6-1 - Impartial tribunal);Violation of Article 2 of Protocol No. 7 - Right of appeal in criminal matters (Article 2 of Protocol No. 7 - Review of conviction);Violation of Article 4 of Protocol No. 7 - Right not to be tried or punished twice - {general} (Article 4 of Protocol No. 7 - Right not to be tried or punished twice),11|11-1|5|5-1|6|6-1|P7-2|P7-4,2024,negative,published_in_window_not_added_to_guide,apps:48029/21,false,false,clean,easy
d5256ad78e38,Data protection,2024-03-31,2024-06-13,2023-08-31,2024-02-29,apps:18371/17,ZHOLONKO AND OTHERS v. UKRAINE,18371/17|1533/18|16154/18|19938/18,001-231094,4,HEJUD,Violation of Article 6 - Right to a fair trial (Article 6 - Civil proceedings;Article 6-1 - Reasonable time);Violation of Article 13+6-1 - Right to an effective remedy (Article 13 - Effective remedy) (Article 6 - Right to a fair trial;Civil proceedings;Article 6-1 - Reasonable time),6|6-1|13|13+6-1,2024,negative,published_in_window_not_added_to_guide,apps:18371/17,false,false,clean,easy
d5256ad78e38,Data protection,2024-03-31,2024-06-13,2023-08-31,2024-02-29,apps:47784/18,ZINCHENKO AND OTHERS v. RUSSIA,47784/18|10432/21|13424/21|21468/21|23408/21|26290/21|39209/21|43268/21|45077/21|45349/21|46352/21|46493/21|47071/21|47148/21|49242/21|49500/21|49632/21|56424/21|56623/21|57204/21|57907/21|45469/22,001-231098,4,HEJUD,Violation of Article 11 - Freedom of assembly and association (Article 11-1 - Freedom of peaceful assembly);Violation of Article 5 - Right to liberty and security (Article 5-1 - Lawful arrest or detention);Violation of Article 6 - Right to a fair trial (Article 6 - Criminal proceedings;Article 6-1 - Impartial tribunal);Violation of Article 8 - Right to respect for private and family life (Article 8-1 - Respect for private life);Violation of Article 10 - Freedom of expression - {general} (Article 10-1 - Freedom of expression);Violation of Article 10 - Freedom of expression - {general} (Article 10-1 - Freedom of expression);Violation of Article 10 - Freedom of expression - {general} (Article 10-1 - Freedom of expression);Violation of Article 10 - Freedom of expression - {general} (Article 10-1 - Freedom of expression);Violation of Article 10 - Freedom of expression - {general} (Article 10-1 - Freedom of expression);Violation of Article 2 of Protocol No. 7 - Right of appeal in criminal matters (Article 2 of Protocol No. 7 - Review of conviction);Violation of Article 4 of Protocol No. 7 - Right not to be tried or punished twice - {general} (Article 4 of Protocol No. 7 - Right not to be tried or punished twice),11|11-1|5|5-1|6|6-1|8|8-1|10|10-1|P7-2|P7-4,2024,negative,published_in_window_not_added_to_guide,apps:47784/18,false,false,clean,easy
d5256ad78e38,Data protection,2024-03-31,2024-06-13,2023-08-31,2024-02-29,apps:19657/18,M.J. v. AZERBAIJAN,19657/18,001-231880,4,HEDEC,Inadmissible,3|5|5-1-f|13|35,2024,negative,published_in_window_not_added_to_guide,apps:19657/18,false,false,clean,easy
d5256ad78e38,Data protection,2024-03-31,2024-06-13,2023-08-31,2024-02-29,apps:56716/16,TALIBOVA v. AZERBAIJAN,56716/16,001-231868,4,HEDEC,Inadmissible,8|8-1|8-2|13|35,2024,negative,published_in_window_not_added_to_guide,apps:56716/16,false,false,clean,easy
d5256ad78e38,Data protection,2024-03-31,2024-06-13,2023-08-31,2024-02-29,apps:62157/13,BECALI AND CIOFLINĂ v. ROMANIA,62157/13,001-231358,4,HEJUD,Violation of Article 6 - Right to a fair trial (Article 6 - Criminal proceedings;Article 6-1 - Reasonable time),6|6-1,2024,negative,published_in_window_not_added_to_guide,apps:62157/13,false,false,clean,easy
d5256ad78e38,Data protection,2024-03-31,2024-06-13,2023-08-31,2024-02-29,apps:16915/21,DANILEŢ v. ROMANIA,16915/21,001-231394,3,HEJUD,Remainder inadmissible (Art. 35) Admissibility criteria;(Art. 35-3-a) Ratione materiae;Violation of Article 10 - Freedom of expression - {general} (Article 10-1 - Freedom of expression),35|35-3-a|10|10-1|10-2,2024,negative,published_in_window_not_added_to_guide,apps:16915/21,false,false,clean,easy
d5256ad78e38,Data protection,2024-03-31,2024-06-13,2023-08-31,2024-02-29,apps:48340/20,DEDE v. TÜRKİYE,48340/20,001-231332,3,HEJUD,Violation of Article 10 - Freedom of expression - {general} (Article 10 - Positive obligations;Article 10-1 - Freedom of expression);Pecuniary damage - claim dismissed (Article 41 - Pecuniary damage;Just satisfaction);Non-pecuniary damage - award (Article 41 - Non-pecuniary damage;Just satisfaction),10|10-1|10-2|41,2024,negative,published_in_window_not_added_to_guide,apps:48340/20,false,false,clean,easy
d5256ad78e38,Data protection,2024-03-31,2024-06-13,2023-08-31,2024-02-29,apps:53162/21,DIACONEASA v. ROMANIA,53162/21,001-231085,3,HEJUD,Violation of Article 8 - Right to respect for private and family life (Article 8-1 - Respect for private life);Pecuniary damage - claim dismissed (Article 41 - Pecuniary damage;Just satisfaction);Non-pecuniary damage - award (Article 41 - Non-pecuniary damage;Just satisfaction),8|8-1|8-2|41,2024,negative,published_in_window_not_added_to_guide,apps:53162/21,false,false,clean,easy
d5256ad78e38,Data protection,2024-03-31,2024-06-13,2023-08-31,2024-02-29,apps:36609/16,I.L. v. SWITZERLAND (No. 2),36609/16,001-231359,4,HEJUD,Violation of Article 3 - Prohibition of torture (Article 3 - Degrading treatment;Inhuman treatment) (Substantive aspect);Violation of Article 5 - Right to liberty and security (Article 5-1 - Deprivation of liberty;Lawful arrest or detention;Article 5-1-e - Persons of unsound mind);Violation of Article 5 - Right to liberty and security (Article 5-4 - Speediness of review),3|5|5-1|5-1-e|5-4,2024,negative,published_in_window_not_added_to_guide,apps:36609/16,false,false,clean,easy
dbfbd08a4477,Article 2 Protocol 4,2024-02-17,2024-09-30,2023-08-31,2024-02-29,apps:45205/22,ATAMANOVA AND OTHERS v. RUSSIA,45205/22|54946/22|54948/22|55947/22|56895/22|56896/22|57263/22|57336/22|57720/22|57727/22|849/23|1062/23|1522/23|1830/23|1837/23|2030/23|2076/23|2362/23|3659/23|3822/23|3832/23|4681/23|4915/23|4981/23|6735/23,001-231115,4,HEJUD,Violation of Article 11 - Freedom of assembly and association (Article 11-1 - Freedom of peaceful assembly);Violation of Article 5 - Right to liberty and security (Article 5-1 - Lawful arrest or detention);Violation of Article 6 - Right to a fair trial (Article 6 - Criminal proceedings;Article 6-1 - Impartial tribunal),11|11-1|5|5-1|6|6-1,2024,negative,published_in_window_not_added_to_guide,apps:45205/22,false,false,clean,easy
dbfbd08a4477,Article 2 Protocol 4,2024-02-17,2024-09-30,2023-08-31,2024-02-29,apps:7827/23,BARKÓCZI AND OTHERS v. HUNGARY,7827/23|11448/23|14147/23|15915/23|19252/23|22512/23|24646/23|25257/23,001-231116,4,HEJUD,Violation of Article 6 - Right to a fair trial (Article 6 - Civil proceedings;Article 6-1 - Reasonable time);Violation of Article 13+6-1 - Right to an effective remedy (Article 13 - Effective remedy) (Article 6 - Right to a fair trial;Civil proceedings;Article 6-1 - Reasonable time),6|6-1|13|13+6-1,2024,negative,published_in_window_not_added_to_guide,apps:7827/23,false,false,clean,easy
dbfbd08a4477,Article 2 Protocol 4,2024-02-17,2024-09-30,2023-08-31,2024-02-29,apps:13072/23,BONUM TEAM KFT AND CSURAI v. HUNGARY,13072/23|13122/23,001-231118,4,HEJUD,Violation of Article 6 - Right to a fair trial (Article 6 - Civil proceedings;Article 6-1 - Reasonable time),6|6-1,2024,negative,published_in_window_not_added_to_guide,apps:13072/23,false,false,clean,easy
dbfbd08a4477,Article 2 Protocol 4,2024-02-17,2024-09-30,2023-08-31,2024-02-29,apps:20256/20,DOLENC v. SLOVENIA,20256/20,001-231100,3,HEJUD,Pecuniary damage - award (Article 41 - Pecuniary damage;Just satisfaction),41,2024,negative,published_in_window_not_added_to_guide,apps:20256/20,false,false,clean,easy
dbfbd08a4477,Article 2 Protocol 4,2024-02-17,2024-09-30,2023-08-31,2024-02-29,apps:45987/21,ELIBASHVILI v. GEORGIA,45987/21,001-231109,4,HEJUD,Violation of Article 2 - Right to life (Article 2-1 - Effective investigation) (Procedural aspect),2|2-1,2024,negative,published_in_window_not_added_to_guide,apps:45987/21,false,false,clean,easy
dbfbd08a4477,Article 2 Protocol 4,2024-02-17,2024-09-30,2023-08-31,2024-02-29,apps:9166/14,"GRATION TREYD, TOV v. UKRAINE",9166/14,001-231089,4,HEJUD,Violation of Article 1 of Protocol No. 1 - Protection of property (Article 1 para. 1 of Protocol No. 1 - Peaceful enjoyment of possessions),P1-1|P1-1-1,2024,negative,published_in_window_not_added_to_guide,apps:9166/14,false,false,clean,easy
dbfbd08a4477,Article 2 Protocol 4,2024-02-17,2024-09-30,2023-08-31,2024-02-29,apps:25870/21,GRYAZEV AND OTHERS v. RUSSIA,25870/21|25879/21|25925/21|25926/21|25927/21|25931/21|26045/21|26704/21|26787/21|27834/21|28173/21|28180/21|35656/21|35657/21|35660/21|35664/21|35938/21|35944/21|35947/21|36271/21|37784/21|37790/21|37792/21|37794/21|42351/21|44149/21|44372/21|47450/21|49590/21,001-231106,4,HEJUD,Violation of Article 11 - Freedom of assembly and association (Article 11-1 - Freedom of peaceful assembly);Violation of Article 5 - Right to liberty and security (Article 5-1 - Lawful arrest or detention);Violation of Article 6 - Right to a fair trial (Article 6 - Criminal proceedings;Article 6-1 - Impartial tribunal);Violation of Article 4 of Protocol No. 7 - Right not to be tried or punished twice - {general} (Article 4 of Protocol No. 7 - Right not to be tried or punished twice),11|11-1|5|5-1|6|6-1|P7-4,2024,negative,published_in_window_not_added_to_guide,apps:25870/21,false,false,clean,easy
dbfbd08a4477,Article 2 Protocol 4,2024-02-17,2024-09-30,2023-08-31,2024-02-29,apps:54470/21,IVANOV AND OTHERS v. RUSSIA,54470/21|56564/21|59469/21|59525/21|59535/21|59538/21|977/22|3020/22|8022/22|12279/22|13705/22|34656/22|36475/22|36545/22|51268/22,001-231112,4,HEJUD,Violation of Article 11 - Freedom of assembly and association (Article 11-1 - Freedom of peaceful assembly);Violation of Article 5 - Right to liberty and security (Article 5-1 - Lawful arrest or detention);Violation of Article 6 - Right to a fair trial (Article 6 - Criminal proceedings;Article 6-1 - Impartial tribunal),11|11-1|5|5-1|6|6-1,2024,negative,published_in_window_not_added_to_guide,apps:54470/21,false,false,clean,easy
dbfbd08a4477,Article 2 Protocol 4,2024-02-17,2024-09-30,2023-08-31,2024-02-29,apps:16974/14,KACZMAREK v. POLAND,16974/14,001-231432,3,HEJUD,Violation of Article 8 - Right to respect for private and family life (Article 8-1 - Respect for correspondence;Respect for private life);Violation of Article 8 - Right to respect for private and family life (Article 8-1 - Respect for private life);Non-pecuniary damage - award (Article 41 - Non-pecuniary damage;Just satisfaction),8|8-1|8-2|41,2024,negative,published_in_window_not_added_to_guide,apps:16974/14,false,false,clean,easy
dbfbd08a4477,Article 2 Protocol 4,2024-02-17,2024-09-30,2023-08-31,2024-02-29,apps:35012/19,LUKASHCHUK AND OTHERS v. RUSSIA,35012/19|52734/19|47285/20|50738/20|52777/20|9041/21|13046/21|15402/21|20331/21|20425/21|26035/21|26067/21|26784/21|38254/21|44148/21,001-231099,4,HEJUD,Violation of Article 5 - Right to liberty and security (Article 5-3 - Length of pre-trial detention);Violation of Article 5 - Right to liberty and security (Article 5-4 - Procedural guarantees of review);Violation of Article 5 - Right to liberty and security (Article 5-4 - Speediness of review);Violation of Article 8 - Right to respect for private and family life (Article 8-1 - Respect for family life);Violation of Article 13+8-1 - Right to an effective remedy (Article 13 - Effective remedy) (Article 8 - Right to respect for private and family life;Article 8-1 - Respect for family life);Violation of Article 14+8-1 - Prohibition of discrimination (Article 14 - Discrimination) (Article 8 - Right to respect for private and family life;Article 8-1 - Respect for family life);Violation of Article 3 - Prohibition of torture (Article 3 - Degrading treatment) (Substantive aspect);Violation of Article 3 - Prohibition of torture (Article 3 - Degrading treatment) (Substantive aspect);Violation of Article 13+3 - Right to an effective remedy (Article 13 - Effective remedy) (Article 3 - Prohibition of torture;Degrading treatment);Violation of Article 3 - Prohibition of torture (Article 3 - Degrading treatment),5|5-3|5-4|8|8-1|13|13+8-1|14|14+8-1|3|13+3,2024,negative,published_in_window_not_added_to_guide,apps:35012/19,false,false,clean,easy
dbfbd08a4477,Article 2 Protocol 4,2024-02-17,2024-09-30,2023-08-31,2024-02-29,apps:10940/17,M.H. AND S.B. v. HUNGARY,10940/17|15977/17,001-231093,3,HEJUD,Violation of Article 5 - Right to liberty and security (Article 5-1 - Lawful arrest or detention);Non-pecuniary damage - award (Article 41 - Non-pecuniary damage;Just satisfaction),5|5-1|41|5-1-f|5-1-b,2024,negative,published_in_window_not_added_to_guide,apps:10940/17|15977/17,false,false,clean,easy
dbfbd08a4477,Article 2 Protocol 4,2024-02-17,2024-09-30,2023-08-31,2024-02-29,apps:47048/21,MAKSIMOVA AND OTHERS v. RUSSIA,47048/21|48482/21|48590/21|48912/21|49892/21|51356/21|51788/21|51793/21|51935/21|52385/21|52480/21|52482/21|53233/21|53500/21|53788/21|53942/21|54069/21|54169/21|54261/21|54267/21|55306/21,001-231110,4,HEJUD,Violation of Article 11 - Freedom of assembly and association (Article 11-1 - Freedom of peaceful assembly);Violation of Article 5 - Right to liberty and security (Article 5-1 - Lawful arrest or detention);Violation of Article 6 - Right to a fair trial (Article 6 - Criminal proceedings;Article 6-1 - Impartial tribunal),11|11-1|5|5-1|6|6-1,2024,negative,published_in_window_not_added_to_guide,apps:47048/21,false,false,clean,easy
dbfbd08a4477,Article 2 Protocol 4,2024-02-17,2024-09-30,2023-08-31,2024-02-29,apps:31516/22,MARQUES ÂNGELO v. PORTUGAL,31516/22,001-231114,4,HEJUD,Violation of Article 3 - Prohibition of torture (Article 3 - Degrading treatment) (Substantive aspect);Violation of Article 13+3 - Right to an effective remedy (Article 13 - Effective remedy) (Article 3 - Prohibition of torture;Degrading treatment),3|13|13+3,2024,negative,published_in_window_not_added_to_guide,apps:31516/22,false,false,clean,easy
dbfbd08a4477,Article 2 Protocol 4,2024-02-17,2024-09-30,2023-08-31,2024-02-29,apps:46570/18,NURUSHEV AND OTHERS v. RUSSIA,46570/18|36922/21|40459/21|40494/21|40939/21|41407/21|42744/21|43251/21|43835/21|44181/21|45002/21|46947/21|48161/21|50257/21|50278/21|50293/21|51896/21|51994/21|51995/21|52824/21|53232/21|53293/21|53485/21|53491/21|61701/21,001-231097,4,HEJUD,Violation of Article 11 - Freedom of assembly and association (Article 11-1 - Freedom of peaceful assembly);Violation of Article 5 - Right to liberty and security (Article 5-1 - Lawful arrest or detention);Violation of Article 6 - Right to a fair trial (Article 6 - Criminal proceedings;Article 6-1 - Impartial tribunal);Violation of Article 10 - Freedom of expression - {general} (Article 10-1 - Freedom of expression);Violation of Article 2 of Protocol No. 7 - Right of appeal in criminal matters (Article 2 of Protocol No. 7 - Review of conviction),11|11-1|5|5-1|6|6-1|10|10-1|P7-2,2024,negative,published_in_window_not_added_to_guide,apps:46570/18,false,false,clean,easy
dbfbd08a4477,Article 2 Protocol 4,2024-02-17,2024-09-30,2023-08-31,2024-02-29,apps:26096/16,PĂILĂ AND OTHERS v. ROMANIA,26096/16|26903/16|27242/16|46144/16|51607/16|66489/16|66507/16|67070/16|71424/16|18113/17,001-231092,4,HEJUD,Struck out of the list (Article 37-1 - Striking out applications),37|37-1,2024,negative,published_in_window_not_added_to_guide,apps:26096/16,false,false,clean,easy
dbfbd08a4477,Article 2 Protocol 4,2024-02-17,2024-09-30,2023-08-31,2024-02-29,apps:53209/17,RADOSHEVICH AND OTHERS v. RUSSIA,53209/17|58512/18|13179/21|17191/21|19460/21|20633/21|22029/21|22043/21|25553/21|25614/21|30157/21|32318/21|32586/21|33069/21|35106/21|42144/21|50229/21|51508/21|56837/21|57991/21|61186/21|61737/21|3997/22,001-231096,4,HEJUD,Violation of Article 5 - Right to liberty and security (Article 5-3 - Length of pre-trial detention);Violation of Article 5 - Right to liberty and security (Article 5-4 - Speediness of review);Violation of Article 5 - Right to liberty and security (Article 5-5 - Compensation);Violation of Article 3 - Prohibition of torture (Article 3 - Degrading treatment) (Substantive aspect);Violation of Article 3 - Prohibition of torture (Article 3 - Degrading treatment) (Substantive aspect),5|5-3|5-4|5-5|3,2024,negative,published_in_window_not_added_to_guide,apps:53209/17,false,false,clean,easy
dbfbd08a4477,Article 2 Protocol 4,2024-02-17,2024-09-30,2023-08-31,2024-02-29,apps:9429/23,SARIMOVA AND OTHERS v. RUSSIA,9429/23|17782/23|27128/23|27149/23|27193/23|27418/23|27425/23|27454/23|27471/23|27746/23|27818/23|28052/23|28623/23|28633/23|28820/23|29724/23|30208/23,001-231117,4,HEJUD,Violation of Article 11 - Freedom of assembly and association (Article 11-1 - Freedom of peaceful assembly);Violation of Article 5 - Right to liberty and security (Article 5-1 - Lawful arrest or detention),11|11-1|5|5-1,2024,negative,published_in_window_not_added_to_guide,apps:9429/23,false,false,clean,easy
dbfbd08a4477,Article 2 Protocol 4,2024-02-17,2024-09-30,2023-08-31,2024-02-29,apps:41877/21,SIMON v. UKRAINE,41877/21,001-231107,4,HEJUD,Violation of Article 3 - Prohibition of torture (Article 3 - Degrading treatment) (Substantive aspect);Violation of Article 13+3 - Right to an effective remedy (Article 13 - Effective remedy) (Article 3 - Prohibition of torture;Degrading treatment),3|13|13+3,2024,negative,published_in_window_not_added_to_guide,apps:41877/21,false,false,clean,easy
dbfbd08a4477,Article 2 Protocol 4,2024-02-17,2024-09-30,2023-08-31,2024-02-29,apps:57580/21,SOLOVYEV AND OTHERS v. RUSSIA,57580/21|57641/21|57718/21|58643/21|58669/21|58976/21|59679/21|8032/22|12051/22|12085/22|12300/22|14486/22|19953/22|33271/22|34013/22|36218/22|36242/22|39693/22|44416/22,001-231113,4,HEJUD,Violation of Article 11 - Freedom of assembly and association (Article 11-1 - Freedom of peaceful assembly);Violation of Article 5 - Right to liberty and security (Article 5-1 - Lawful arrest or detention);Violation of Article 6 - Right to a fair trial (Article 6 - Criminal proceedings;Article 6-1 - Impartial tribunal);Violation of Article 2 of Protocol No. 7 - Right of appeal in criminal matters (Article 2 of Protocol No. 7 - Review of conviction),11|11-1|5|5-1|6|6-1|P7-2,2024,negative,published_in_window_not_added_to_guide,apps:57580/21,false,false,clean,easy
dbfbd08a4477,Article 2 Protocol 4,2024-02-17,2024-09-30,2023-08-31,2024-02-29,apps:31018/09,VICKTORIA SH.P.K. v. ALBANIA,31018/09,001-231087,4,HEJUD,Violation of Article 6 - Right to a fair trial (Article 6 - Civil proceedings;Article 6-1 - Reasonable time),6|6-1,2024,negative,published_in_window_not_added_to_guide,apps:31018/09,false,false,clean,easy
dbfbd08a4477,Article 2 Protocol 4,2024-02-17,2024-09-30,2023-08-31,2024-02-29,apps:62444/10,VLAHOVIĆ v. MONTENEGRO,62444/10,001-231088,4,HEJUD,Violation of Article 6 - Right to a fair trial (Article 6 - Enforcement proceedings;Article 6-1 - Access to court);Violation of Article 1 of Protocol No. 1 - Protection of property (Article 1 para. 1 of Protocol No. 1 - Peaceful enjoyment of possessions),6|6-1|P1-1|P1-1-1,2024,negative,published_in_window_not_added_to_guide,apps:62444/10,false,false,clean,easy
dbfbd08a4477,Article 2 Protocol 4,2024-02-17,2024-09-30,2023-08-31,2024-02-29,apps:48029/21,YERMOLAYEVA AND OTHERS v. RUSSIA,48029/21|56658/21|56852/21|56853/21|56856/21|56864/21|56879/21|56900/21|57040/21|57043/21|24857/22|24899/22|24916/22|24999/22|25015/22|25023/22|25179/22,001-231111,4,HEJUD,Violation of Article 11 - Freedom of assembly and association (Article 11-1 - Freedom of peaceful assembly);Violation of Article 5 - Right to liberty and security (Article 5-1 - Lawful arrest or detention);Violation of Article 6 - Right to a fair trial (Article 6 - Criminal proceedings;Article 6-1 - Impartial tribunal);Violation of Article 2 of Protocol No. 7 - Right of appeal in criminal matters (Article 2 of Protocol No. 7 - Review of conviction);Violation of Article 4 of Protocol No. 7 - Right not to be tried or punished twice - {general} (Article 4 of Protocol No. 7 - Right not to be tried or punished twice),11|11-1|5|5-1|6|6-1|P7-2|P7-4,2024,negative,published_in_window_not_added_to_guide,apps:48029/21,false,false,clean,easy
dbfbd08a4477,Article 2 Protocol 4,2024-02-17,2024-09-30,2023-08-31,2024-02-29,apps:18371/17,ZHOLONKO AND OTHERS v. UKRAINE,18371/17|1533/18|16154/18|19938/18,001-231094,4,HEJUD,Violation of Article 6 - Right to a fair trial (Article 6 - Civil proceedings;Article 6-1 - Reasonable time);Violation of Article 13+6-1 - Right to an effective remedy (Article 13 - Effective remedy) (Article 6 - Right to a fair trial;Civil proceedings;Article 6-1 - Reasonable time),6|6-1|13|13+6-1,2024,negative,published_in_window_not_added_to_guide,apps:18371/17,false,false,clean,easy
dbfbd08a4477,Article 2 Protocol 4,2024-02-17,2024-09-30,2023-08-31,2024-02-29,apps:47784/18,ZINCHENKO AND OTHERS v. RUSSIA,47784/18|10432/21|13424/21|21468/21|23408/21|26290/21|39209/21|43268/21|45077/21|45349/21|46352/21|46493/21|47071/21|47148/21|49242/21|49500/21|49632/21|56424/21|56623/21|57204/21|57907/21|45469/22,001-231098,4,HEJUD,Violation of Article 11 - Freedom of assembly and association (Article 11-1 - Freedom of peaceful assembly);Violation of Article 5 - Right to liberty and security (Article 5-1 - Lawful arrest or detention);Violation of Article 6 - Right to a fair trial (Article 6 - Criminal proceedings;Article 6-1 - Impartial tribunal);Violation of Article 8 - Right to respect for private and family life (Article 8-1 - Respect for private life);Violation of Article 10 - Freedom of expression - {general} (Article 10-1 - Freedom of expression);Violation of Article 10 - Freedom of expression - {general} (Article 10-1 - Freedom of expression);Violation of Article 10 - Freedom of expression - {general} (Article 10-1 - Freedom of expression);Violation of Article 10 - Freedom of expression - {general} (Article 10-1 - Freedom of expression);Violation of Article 10 - Freedom of expression - {general} (Article 10-1 - Freedom of expression);Violation of Article 2 of Protocol No. 7 - Right of appeal in criminal matters (Article 2 of Protocol No. 7 - Review of conviction);Violation of Article 4 of Protocol No. 7 - Right not to be tried or punished twice - {general} (Article 4 of Protocol No. 7 - Right not to be tried or punished twice),11|11-1|5|5-1|6|6-1|8|8-1|10|10-1|P7-2|P7-4,2024,negative,published_in_window_not_added_to_guide,apps:47784/18,false,false,clean,easy
dbfbd08a4477,Article 2 Protocol 4,2024-02-17,2024-09-30,2023-08-31,2024-02-29,apps:19657/18,M.J. v. AZERBAIJAN,19657/18,001-231880,4,HEDEC,Inadmissible,3|5|5-1-f|13|35,2024,negative,published_in_window_not_added_to_guide,apps:19657/18,false,false,clean,easy
dbfbd08a4477,Article 2 Protocol 4,2024-02-17,2024-09-30,2023-08-31,2024-02-29,apps:56716/16,TALIBOVA v. AZERBAIJAN,56716/16,001-231868,4,HEDEC,Inadmissible,8|8-1|8-2|13|35,2024,negative,published_in_window_not_added_to_guide,apps:56716/16,false,false,clean,easy
dbfbd08a4477,Article 2 Protocol 4,2024-02-17,2024-09-30,2023-08-31,2024-02-29,apps:62157/13,BECALI AND CIOFLINĂ v. ROMANIA,62157/13,001-231358,4,HEJUD,Violation of Article 6 - Right to a fair trial (Article 6 - Criminal proceedings;Article 6-1 - Reasonable time),6|6-1,2024,negative,published_in_window_not_added_to_guide,apps:62157/13,false,false,clean,easy
dbfbd08a4477,Article 2 Protocol 4,2024-02-17,2024-09-30,2023-08-31,2024-02-29,apps:16915/21,DANILEŢ v. ROMANIA,16915/21,001-231394,3,HEJUD,Remainder inadmissible (Art. 35) Admissibility criteria;(Art. 35-3-a) Ratione materiae;Violation of Article 10 - Freedom of expression - {general} (Article 10-1 - Freedom of expression),35|35-3-a|10|10-1|10-2,2024,negative,published_in_window_not_added_to_guide,apps:16915/21,false,false,clean,easy
dbfbd08a4477,Article 2 Protocol 4,2024-02-17,2024-09-30,2023-08-31,2024-02-29,apps:48340/20,DEDE v. TÜRKİYE,48340/20,001-231332,3,HEJUD,Violation of Article 10 - Freedom of expression - {general} (Article 10 - Positive obligations;Article 10-1 - Freedom of expression);Pecuniary damage - claim dismissed (Article 41 - Pecuniary damage;Just satisfaction);Non-pecuniary damage - award (Article 41 - Non-pecuniary damage;Just satisfaction),10|10-1|10-2|41,2024,negative,published_in_window_not_added_to_guide,apps:48340/20,false,false,clean,easy
dbfbd08a4477,Article 2 Protocol 4,2024-02-17,2024-09-30,2023-08-31,2024-02-29,apps:53162/21,DIACONEASA v. ROMANIA,53162/21,001-231085,3,HEJUD,Violation of Article 8 - Right to respect for private and family life (Article 8-1 - Respect for private life);Pecuniary damage - claim dismissed (Article 41 - Pecuniary damage;Just satisfaction);Non-pecuniary damage - award (Article 41 - Non-pecuniary damage;Just satisfaction),8|8-1|8-2|41,2024,negative,published_in_window_not_added_to_guide,apps:53162/21,false,false,clean,easy
e12c697e461c,Article 14,2024-03-30,2024-09-30,2023-08-31,2024-02-29,apps:45205/22,ATAMANOVA AND OTHERS v. RUSSIA,45205/22|54946/22|54948/22|55947/22|56895/22|56896/22|57263/22|57336/22|57720/22|57727/22|849/23|1062/23|1522/23|1830/23|1837/23|2030/23|2076/23|2362/23|3659/23|3822/23|3832/23|4681/23|4915/23|4981/23|6735/23,001-231115,4,HEJUD,Violation of Article 11 - Freedom of assembly and association (Article 11-1 - Freedom of peaceful assembly);Violation of Article 5 - Right to liberty and security (Article 5-1 - Lawful arrest or detention);Violation of Article 6 - Right to a fair trial (Article 6 - Criminal proceedings;Article 6-1 - Impartial tribunal),11|11-1|5|5-1|6|6-1,2024,negative,published_in_window_not_added_to_guide,apps:45205/22,false,false,clean,easy
e12c697e461c,Article 14,2024-03-30,2024-09-30,2023-08-31,2024-02-29,apps:7827/23,BARKÓCZI AND OTHERS v. HUNGARY,7827/23|11448/23|14147/23|15915/23|19252/23|22512/23|24646/23|25257/23,001-231116,4,HEJUD,Violation of Article 6 - Right to a fair trial (Article 6 - Civil proceedings;Article 6-1 - Reasonable time);Violation of Article 13+6-1 - Right to an effective remedy (Article 13 - Effective remedy) (Article 6 - Right to a fair trial;Civil proceedings;Article 6-1 - Reasonable time),6|6-1|13|13+6-1,2024,negative,published_in_window_not_added_to_guide,apps:7827/23,false,false,clean,easy
e12c697e461c,Article 14,2024-03-30,2024-09-30,2023-08-31,2024-02-29,apps:13072/23,BONUM TEAM KFT AND CSURAI v. HUNGARY,13072/23|13122/23,001-231118,4,HEJUD,Violation of Article 6 - Right to a fair trial (Article 6 - Civil proceedings;Article 6-1 - Reasonable time),6|6-1,2024,negative,published_in_window_not_added_to_guide,apps:13072/23,false,false,clean,easy
e12c697e461c,Article 14,2024-03-30,2024-09-30,2023-08-31,2024-02-29,apps:20256/20,DOLENC v. SLOVENIA,20256/20,001-231100,3,HEJUD,Pecuniary damage - award (Article 41 - Pecuniary damage;Just satisfaction),41,2024,negative,published_in_window_not_added_to_guide,apps:20256/20,false,false,clean,easy
e12c697e461c,Article 14,2024-03-30,2024-09-30,2023-08-31,2024-02-29,apps:45987/21,ELIBASHVILI v. GEORGIA,45987/21,001-231109,4,HEJUD,Violation of Article 2 - Right to life (Article 2-1 - Effective investigation) (Procedural aspect),2|2-1,2024,negative,published_in_window_not_added_to_guide,apps:45987/21,false,false,clean,easy
e12c697e461c,Article 14,2024-03-30,2024-09-30,2023-08-31,2024-02-29,apps:9166/14,"GRATION TREYD, TOV v. UKRAINE",9166/14,001-231089,4,HEJUD,Violation of Article 1 of Protocol No. 1 - Protection of property (Article 1 para. 1 of Protocol No. 1 - Peaceful enjoyment of possessions),P1-1|P1-1-1,2024,negative,published_in_window_not_added_to_guide,apps:9166/14,false,false,clean,easy
e12c697e461c,Article 14,2024-03-30,2024-09-30,2023-08-31,2024-02-29,apps:25870/21,GRYAZEV AND OTHERS v. RUSSIA,25870/21|25879/21|25925/21|25926/21|25927/21|25931/21|26045/21|26704/21|26787/21|27834/21|28173/21|28180/21|35656/21|35657/21|35660/21|35664/21|35938/21|35944/21|35947/21|36271/21|37784/21|37790/21|37792/21|37794/21|42351/21|44149/21|44372/21|47450/21|49590/21,001-231106,4,HEJUD,Violation of Article 11 - Freedom of assembly and association (Article 11-1 - Freedom of peaceful assembly);Violation of Article 5 - Right to liberty and security (Article 5-1 - Lawful arrest or detention);Violation of Article 6 - Right to a fair trial (Article 6 - Criminal proceedings;Article 6-1 - Impartial tribunal);Violation of Article 4 of Protocol No. 7 - Right not to be tried or punished twice - {general} (Article 4 of Protocol No. 7 - Right not to be tried or punished twice),11|11-1|5|5-1|6|6-1|P7-4,2024,negative,published_in_window_not_added_to_guide,apps:25870/21,false,false,clean,easy
e12c697e461c,Article 14,2024-03-30,2024-09-30,2023-08-31,2024-02-29,apps:54470/21,IVANOV AND OTHERS v. RUSSIA,54470/21|56564/21|59469/21|59525/21|59535/21|59538/21|977/22|3020/22|8022/22|12279/22|13705/22|34656/22|36475/22|36545/22|51268/22,001-231112,4,HEJUD,Violation of Article 11 - Freedom of assembly and association (Article 11-1 - Freedom of peaceful assembly);Violation of Article 5 - Right to liberty and security (Article 5-1 - Lawful arrest or detention);Violation of Article 6 - Right to a fair trial (Article 6 - Criminal proceedings;Article 6-1 - Impartial tribunal),11|11-1|5|5-1|6|6-1,2024,negative,published_in_window_not_added_to_guide,apps:54470/21,false,false,clean,easy
e12c697e461c,Article 14,2024-03-30,2024-09-30,2023-08-31,2024-02-29,apps:16974/14,KACZMAREK v. POLAND,16974/14,001-231432,3,HEJUD,Violation of Article 8 - Right to respect for private and family life (Article 8-1 - Respect for correspondence;Respect for private life);Violation of Article 8 - Right to respect for private and family life (Article 8-1 - Respect for private life);Non-pecuniary damage - award (Article 41 - Non-pecuniary damage;Just satisfaction),8|8-1|8-2|41,2024,negative,published_in_window_not_added_to_guide,apps:16974/14,false,false,clean,easy
e12c697e461c,Article 14,2024-03-30,2024-09-30,2023-08-31,2024-02-29,apps:35012/19,LUKASHCHUK AND OTHERS v. RUSSIA,35012/19|52734/19|47285/20|50738/20|52777/20|9041/21|13046/21|15402/21|20331/21|20425/21|26035/21|26067/21|26784/21|38254/21|44148/21,001-231099,4,HEJUD,Violation of Article 5 - Right to liberty and security (Article 5-3 - Length of pre-trial detention);Violation of Article 5 - Right to liberty and security (Article 5-4 - Procedural guarantees of review);Violation of Article 5 - Right to liberty and security (Article 5-4 - Speediness of review);Violation of Article 8 - Right to respect for private and family life (Article 8-1 - Respect for family life);Violation of Article 13+8-1 - Right to an effective remedy (Article 13 - Effective remedy) (Article 8 - Right to respect for private and family life;Article 8-1 - Respect for family life);Violation of Article 14+8-1 - Prohibition of discrimination (Article 14 - Discrimination) (Article 8 - Right to respect for private and family life;Article 8-1 - Respect for family life);Violation of Article 3 - Prohibition of torture (Article 3 - Degrading treatment) (Substantive aspect);Violation of Article 3 - Prohibition of torture (Article 3 - Degrading treatment) (Substantive aspect);Violation of Article 13+3 - Right to an effective remedy (Article 13 - Effective remedy) (Article 3 - Prohibition of torture;Degrading treatment);Violation of Article 3 - Prohibition of torture (Article 3 - Degrading treatment),5|5-3|5-4|8|8-1|13|13+8-1|14|14+8-1|3|13+3,2024,negative,published_in_window_not_added_to_guide,apps:35012/19,false,false,clean,easy
e12c697e461c,Article 14,2024-03-30,2024-09-30,2023-08-31,2024-02-29,apps:10940/17,M.H. AND S.B. v. HUNGARY,10940/17|15977/17,001-231093,3,HEJUD,Violation of Article 5 - Right to liberty and security (Article 5-1 - Lawful arrest or detention);Non-pecuniary damage - award (Article 41 - Non-pecuniary damage;Just satisfaction),5|5-1|41|5-1-f|5-1-b,2024,negative,published_in_window_not_added_to_guide,apps:10940/17|15977/17,false,false,clean,easy
e12c697e461c,Article 14,2024-03-30,2024-09-30,2023-08-31,2024-02-29,apps:47048/21,MAKSIMOVA AND OTHERS v. RUSSIA,47048/21|48482/21|48590/21|48912/21|49892/21|51356/21|51788/21|51793/21|51935/21|52385/21|52480/21|52482/21|53233/21|53500/21|53788/21|53942/21|54069/21|54169/21|54261/21|54267/21|55306/21,001-231110,4,HEJUD,Violation of Article 11 - Freedom of assembly and association (Article 11-1 - Freedom of peaceful assembly);Violation of Article 5 - Right to liberty and security (Article 5-1 - Lawful arrest or detention);Violation of Article 6 - Right to a fair trial (Article 6 - Criminal proceedings;Article 6-1 - Impartial tribunal),11|11-1|5|5-1|6|6-1,2024,negative,published_in_window_not_added_to_guide,apps:47048/21,false,false,clean,easy
e12c697e461c,Article 14,2024-03-30,2024-09-30,2023-08-31,2024-02-29,apps:31516/22,MARQUES ÂNGELO v. PORTUGAL,31516/22,001-231114,4,HEJUD,Violation of Article 3 - Prohibition of torture (Article 3 - Degrading treatment) (Substantive aspect);Violation of Article 13+3 - Right to an effective remedy (Article 13 - Effective remedy) (Article 3 - Prohibition of torture;Degrading treatment),3|13|13+3,2024,negative,published_in_window_not_added_to_guide,apps:31516/22,false,false,clean,easy
e12c697e461c,Article 14,2024-03-30,2024-09-30,2023-08-31,2024-02-29,apps:46570/18,NURUSHEV AND OTHERS v. RUSSIA,46570/18|36922/21|40459/21|40494/21|40939/21|41407/21|42744/21|43251/21|43835/21|44181/21|45002/21|46947/21|48161/21|50257/21|50278/21|50293/21|51896/21|51994/21|51995/21|52824/21|53232/21|53293/21|53485/21|53491/21|61701/21,001-231097,4,HEJUD,Violation of Article 11 - Freedom of assembly and association (Article 11-1 - Freedom of peaceful assembly);Violation of Article 5 - Right to liberty and security (Article 5-1 - Lawful arrest or detention);Violation of Article 6 - Right to a fair trial (Article 6 - Criminal proceedings;Article 6-1 - Impartial tribunal);Violation of Article 10 - Freedom of expression - {general} (Article 10-1 - Freedom of expression);Violation of Article 2 of Protocol No. 7 - Right of appeal in criminal matters (Article 2 of Protocol No. 7 - Review of conviction),11|11-1|5|5-1|6|6-1|10|10-1|P7-2,2024,negative,published_in_window_not_added_to_guide,apps:46570/18,false,false,clean,easy
e12c697e461c,Article 14,2024-03-30,2024-09-30,2023-08-31,2024-02-29,apps:26096/16,PĂILĂ AND OTHERS v. ROMANIA,26096/16|26903/16|27242/16|46144/16|51607/16|66489/16|66507/16|67070/16|71424/16|18113/17,001-231092,4,HEJUD,Struck out of the list (Article 37-1 - Striking out applications),37|37-1,2024,negative,published_in_window_not_added_to_guide,apps:26096/16,false,false,clean,easy
e12c697e461c,Article 14,2024-03-30,2024-09-30,2023-08-31,2024-02-29,apps:53209/17,RADOSHEVICH AND OTHERS v. RUSSIA,53209/17|58512/18|13179/21|17191/21|19460/21|20633/21|22029/21|22043/21|25553/21|25614/21|30157/21|32318/21|32586/21|33069/21|35106/21|42144/21|50229/21|51508/21|56837/21|57991/21|61186/21|61737/21|3997/22,001-231096,4,HEJUD,Violation of Article 5 - Right to liberty and security (Article 5-3 - Length of pre-trial detention);Violation of Article 5 - Right to liberty and security (Article 5-4 - Speediness of review);Violation of Article 5 - Right to liberty and security (Article 5-5 - Compensation);Violation of Article 3 - Prohibition of torture (Article 3 - Degrading treatment) (Substantive aspect);Violation of Article 3 - Prohibition of torture (Article 3 - Degrading treatment) (Substantive aspect),5|5-3|5-4|5-5|3,2024,negative,published_in_window_not_added_to_guide,apps:53209/17,false,false,clean,easy
e12c697e461c,Article 14,2024-03-30,2024-09-30,2023-08-31,2024-02-29,apps:9429/23,SARIMOVA AND OTHERS v. RUSSIA,9429/23|17782/23|27128/23|27149/23|27193/23|27418/23|27425/23|27454/23|27471/23|27746/23|27818/23|28052/23|28623/23|28633/23|28820/23|29724/23|30208/23,001-231117,4,HEJUD,Violation of Article 11 - Freedom of assembly and association (Article 11-1 - Freedom of peaceful assembly);Violation of Article 5 - Right to liberty and security (Article 5-1 - Lawful arrest or detention),11|11-1|5|5-1,2024,negative,published_in_window_not_added_to_guide,apps:9429/23,false,false,clean,easy
e12c697e461c,Article 14,2024-03-30,2024-09-30,2023-08-31,2024-02-29,apps:41877/21,SIMON v. UKRAINE,41877/21,001-231107,4,HEJUD,Violation of Article 3 - Prohibition of torture (Article 3 - Degrading treatment) (Substantive aspect);Violation of Article 13+3 - Right to an effective remedy (Article 13 - Effective remedy) (Article 3 - Prohibition of torture;Degrading treatment),3|13|13+3,2024,negative,published_in_window_not_added_to_guide,apps:41877/21,false,false,clean,easy
e12c697e461c,Article 14,2024-03-30,2024-09-30,2023-08-31,2024-02-29,apps:57580/21,SOLOVYEV AND OTHERS v. RUSSIA,57580/21|57641/21|57718/21|58643/21|58669/21|58976/21|59679/21|8032/22|12051/22|12085/22|12300/22|14486/22|19953/22|33271/22|34013/22|36218/22|36242/22|39693/22|44416/22,001-231113,4,HEJUD,Violation of Article 11 - Freedom of assembly and association (Article 11-1 - Freedom of peaceful assembly);Violation of Article 5 - Right to liberty and security (Article 5-1 - Lawful arrest or detention);Violation of Article 6 - Right to a fair trial (Article 6 - Criminal proceedings;Article 6-1 - Impartial tribunal);Violation of Article 2 of Protocol No. 7 - Right of appeal in criminal matters (Article 2 of Protocol No. 7 - Review of conviction),11|11-1|5|5-1|6|6-1|P7-2,2024,negative,published_in_window_not_added_to_guide,apps:57580/21,false,false,clean,easy
e12c697e461c,Article 14,2024-03-30,2024-09-30,2023-08-31,2024-02-29,apps:31018/09,VICKTORIA SH.P.K. v. ALBANIA,31018/09,001-231087,4,HEJUD,Violation of Article 6 - Right to a fair trial (Article 6 - Civil proceedings;Article 6-1 - Reasonable time),6|6-1,2024,negative,published_in_window_not_added_to_guide,apps:31018/09,false,false,clean,easy
e12c697e461c,Article 14,2024-03-30,2024-09-30,2023-08-31,2024-02-29,apps:62444/10,VLAHOVIĆ v. MONTENEGRO,62444/10,001-231088,4,HEJUD,Violation of Article 6 - Right to a fair trial (Article 6 - Enforcement proceedings;Article 6-1 - Access to court);Violation of Article 1 of Protocol No. 1 - Protection of property (Article 1 para. 1 of Protocol No. 1 - Peaceful enjoyment of possessions),6|6-1|P1-1|P1-1-1,2024,negative,published_in_window_not_added_to_guide,apps:62444/10,false,false,clean,easy
e12c697e461c,Article 14,2024-03-30,2024-09-30,2023-08-31,2024-02-29,apps:48029/21,YERMOLAYEVA AND OTHERS v. RUSSIA,48029/21|56658/21|56852/21|56853/21|56856/21|56864/21|56879/21|56900/21|57040/21|57043/21|24857/22|24899/22|24916/22|24999/22|25015/22|25023/22|25179/22,001-231111,4,HEJUD,Violation of Article 11 - Freedom of assembly and association (Article 11-1 - Freedom of peaceful assembly);Violation of Article 5 - Right to liberty and security (Article 5-1 - Lawful arrest or detention);Violation of Article 6 - Right to a fair trial (Article 6 - Criminal proceedings;Article 6-1 - Impartial tribunal);Violation of Article 2 of Protocol No. 7 - Right of appeal in criminal matters (Article 2 of Protocol No. 7 - Review of conviction);Violation of Article 4 of Protocol No. 7 - Right not to be tried or punished twice - {general} (Article 4 of Protocol No. 7 - Right not to be tried or punished twice),11|11-1|5|5-1|6|6-1|P7-2|P7-4,2024,negative,published_in_window_not_added_to_guide,apps:48029/21,false,false,clean,easy
e12c697e461c,Article 14,2024-03-30,2024-09-30,2023-08-31,2024-02-29,apps:18371/17,ZHOLONKO AND OTHERS v. UKRAINE,18371/17|1533/18|16154/18|19938/18,001-231094,4,HEJUD,Violation of Article 6 - Right to a fair trial (Article 6 - Civil proceedings;Article 6-1 - Reasonable time);Violation of Article 13+6-1 - Right to an effective remedy (Article 13 - Effective remedy) (Article 6 - Right to a fair trial;Civil proceedings;Article 6-1 - Reasonable time),6|6-1|13|13+6-1,2024,negative,published_in_window_not_added_to_guide,apps:18371/17,false,false,clean,easy
e12c697e461c,Article 14,2024-03-30,2024-09-30,2023-08-31,2024-02-29,apps:47784/18,ZINCHENKO AND OTHERS v. RUSSIA,47784/18|10432/21|13424/21|21468/21|23408/21|26290/21|39209/21|43268/21|45077/21|45349/21|46352/21|46493/21|47071/21|47148/21|49242/21|49500/21|49632/21|56424/21|56623/21|57204/21|57907/21|45469/22,001-231098,4,HEJUD,Violation of Article 11 - Freedom of assembly and association (Article 11-1 - Freedom of peaceful assembly);Violation of Article 5 - Right to liberty and security (Article 5-1 - Lawful arrest or detention);Violation of Article 6 - Right to a fair trial (Article 6 - Criminal proceedings;Article 6-1 - Impartial tribunal);Violation of Article 8 - Right to respect for private and family life (Article 8-1 - Respect for private life);Violation of Article 10 - Freedom of expression - {general} (Article 10-1 - Freedom of expression);Violation of Article 10 - Freedom of expression - {general} (Article 10-1 - Freedom of expression);Violation of Article 10 - Freedom of expression - {general} (Article 10-1 - Freedom of expression);Violation of Article 10 - Freedom of expression - {general} (Article 10-1 - Freedom of expression);Violation of Article 10 - Freedom of expression - {general} (Article 10-1 - Freedom of expression);Violation of Article 2 of Protocol No. 7 - Right of appeal in criminal matters (Article 2 of Protocol No. 7 - Review of conviction);Violation of Article 4 of Protocol No. 7 - Right not to be tried or punished twice - {general} (Article 4 of Protocol No. 7 - Right not to be tried or punished twice),11|11-1|5|5-1|6|6-1|8|8-1|10|10-1|P7-2|P7-4,2024,negative,published_in_window_not_added_to_guide,apps:47784/18,false,false,clean,easy
e12c697e461c,Article 14,2024-03-30,2024-09-30,2023-08-31,2024-02-29,apps:19657/18,M.J. v. AZERBAIJAN,19657/18,001-231880,4,HEDEC,Inadmissible,3|5|5-1-f|13|35,2024,negative,published_in_window_not_added_to_guide,apps:19657/18,false,false,clean,easy
e12c697e461c,Article 14,2024-03-30,2024-09-30,2023-08-31,2024-02-29,apps:56716/16,TALIBOVA v. AZERBAIJAN,56716/16,001-231868,4,HEDEC,Inadmissible,8|8-1|8-2|13|35,2024,negative,published_in_window_not_added_to_guide,apps:56716/16,false,false,clean,easy
e12c697e461c,Article 14,2024-03-30,2024-09-30,2023-08-31,2024-02-29,apps:62157/13,BECALI AND CIOFLINĂ v. ROMANIA,62157/13,001-231358,4,HEJUD,Violation of Article 6 - Right to a fair trial (Article 6 - Criminal proceedings;Article 6-1 - Reasonable time),6|6-1,2024,negative,published_in_window_not_added_to_guide,apps:62157/13,false,false,clean,easy
e12c697e461c,Article 14,2024-03-30,2024-09-30,2023-08-31,2024-02-29,apps:16915/21,DANILEŢ v. ROMANIA,16915/21,001-231394,3,HEJUD,Remainder inadmissible (Art. 35) Admissibility criteria;(Art. 35-3-a) Ratione materiae;Violation of Article 10 - Freedom of expression - {general} (Article 10-1 - Freedom of expression),35|35-3-a|10|10-1|10-2,2024,negative,published_in_window_not_added_to_guide,apps:16915/21,false,false,clean,easy
e12c697e461c,Article 14,2024-03-30,2024-09-30,2023-08-31,2024-02-29,apps:48340/20,DEDE v. TÜRKİYE,48340/20,001-231332,3,HEJUD,Violation of Article 10 - Freedom of expression - {general} (Article 10 - Positive obligations;Article 10-1 - Freedom of expression);Pecuniary damage - claim dismissed (Article 41 - Pecuniary damage;Just satisfaction);Non-pecuniary damage - award (Article 41 - Non-pecuniary damage;Just satisfaction),10|10-1|10-2|41,2024,negative,published_in_window_not_added_to_guide,apps:48340/20,false,false,clean,easy
e12c697e461c,Article 14,2024-03-30,2024-09-30,2023-08-31,2024-02-29,apps:53162/21,DIACONEASA v. ROMANIA,53162/21,001-231085,3,HEJUD,Violation of Article 8 - Right to respect for private and family life (Article 8-1 - Respect for private life);Pecuniary damage - claim dismissed (Article 41 - Pecuniary damage;Just satisfaction);Non-pecuniary damage - award (Article 41 - Non-pecuniary damage;Just satisfaction),8|8-1|8-2|41,2024,negative,published_in_window_not_added_to_guide,apps:53162/21,false,false,clean,easy
e19a063de5b3,Immigration,2024-03-31,2024-09-04,2023-08-31,2024-02-29,apps:45205/22,ATAMANOVA AND OTHERS v. RUSSIA,45205/22|54946/22|54948/22|55947/22|56895/22|56896/22|57263/22|57336/22|57720/22|57727/22|849/23|1062/23|1522/23|1830/23|1837/23|2030/23|2076/23|2362/23|3659/23|3822/23|3832/23|4681/23|4915/23|4981/23|6735/23,001-231115,4,HEJUD,Violation of Article 11 - Freedom of assembly and association (Article 11-1 - Freedom of peaceful assembly);Violation of Article 5 - Right to liberty and security (Article 5-1 - Lawful arrest or detention);Violation of Article 6 - Right to a fair trial (Article 6 - Criminal proceedings;Article 6-1 - Impartial tribunal),11|11-1|5|5-1|6|6-1,2024,negative,published_in_window_not_added_to_guide,apps:45205/22,false,false,clean,easy
e19a063de5b3,Immigration,2024-03-31,2024-09-04,2023-08-31,2024-02-29,apps:7827/23,BARKÓCZI AND OTHERS v. HUNGARY,7827/23|11448/23|14147/23|15915/23|19252/23|22512/23|24646/23|25257/23,001-231116,4,HEJUD,Violation of Article 6 - Right to a fair trial (Article 6 - Civil proceedings;Article 6-1 - Reasonable time);Violation of Article 13+6-1 - Right to an effective remedy (Article 13 - Effective remedy) (Article 6 - Right to a fair trial;Civil proceedings;Article 6-1 - Reasonable time),6|6-1|13|13+6-1,2024,negative,published_in_window_not_added_to_guide,apps:7827/23,false,false,clean,easy
e19a063de5b3,Immigration,2024-03-31,2024-09-04,2023-08-31,2024-02-29,apps:13072/23,BONUM TEAM KFT AND CSURAI v. HUNGARY,13072/23|13122/23,001-231118,4,HEJUD,Violation of Article 6 - Right to a fair trial (Article 6 - Civil proceedings;Article 6-1 - Reasonable time),6|6-1,2024,negative,published_in_window_not_added_to_guide,apps:13072/23,false,false,clean,easy
e19a063de5b3,Immigration,2024-03-31,2024-09-04,2023-08-31,2024-02-29,apps:20256/20,DOLENC v. SLOVENIA,20256/20,001-231100,3,HEJUD,Pecuniary damage - award (Article 41 - Pecuniary damage;Just satisfaction),41,2024,negative,published_in_window_not_added_to_guide,apps:20256/20,false,false,clean,easy
e19a063de5b3,Immigration,2024-03-31,2024-09-04,2023-08-31,2024-02-29,apps:45987/21,ELIBASHVILI v. GEORGIA,45987/21,001-231109,4,HEJUD,Violation of Article 2 - Right to life (Article 2-1 - Effective investigation) (Procedural aspect),2|2-1,2024,negative,published_in_window_not_added_to_guide,apps:45987/21,false,false,clean,easy
e19a063de5b3,Immigration,2024-03-31,2024-09-04,2023-08-31,2024-02-29,apps:9166/14,"GRATION TREYD, TOV v. UKRAINE",9166/14,001-231089,4,HEJUD,Violation of Article 1 of Protocol No. 1 - Protection of property (Article 1 para. 1 of Protocol No. 1 - Peaceful enjoyment of possessions),P1-1|P1-1-1,2024,negative,published_in_window_not_added_to_guide,apps:9166/14,false,false,clean,easy
e19a063de5b3,Immigration,2024-03-31,2024-09-04,2023-08-31,2024-02-29,apps:25870/21,GRYAZEV AND OTHERS v. RUSSIA,25870/21|25879/21|25925/21|25926/21|25927/21|25931/21|26045/21|26704/21|26787/21|27834/21|28173/21|28180/21|35656/21|35657/21|35660/21|35664/21|35938/21|35944/21|35947/21|36271/21|37784/21|37790/21|37792/21|37794/21|42351/21|44149/21|44372/21|47450/21|49590/21,001-231106,4,HEJUD,Violation of Article 11 - Freedom of assembly and association (Article 11-1 - Freedom of peaceful assembly);Violation of Article 5 - Right to liberty and security (Article 5-1 - Lawful arrest or detention);Violation of Article 6 - Right to a fair trial (Article 6 - Criminal proceedings;Article 6-1 - Impartial tribunal);Violation of Article 4 of Protocol No. 7 - Right not to be tried or punished twice - {general} (Article 4 of Protocol No. 7 - Right not to be tried or punished twice),11|11-1|5|5-1|6|6-1|P7-4,2024,negative,published_in_window_not_added_to_guide,apps:25870/21,false,false,clean,easy
e19a063de5b3,Immigration,2024-03-31,2024-09-04,2023-08-31,2024-02-29,apps:54470/21,IVANOV AND OTHERS v. RUSSIA,54470/21|56564/21|59469/21|59525/21|59535/21|59538/21|977/22|3020/22|8022/22|12279/22|13705/22|34656/22|36475/22|36545/22|51268/22,001-231112,4,HEJUD,Violation of Article 11 - Freedom of assembly and association (Article 11-1 - Freedom of peaceful assembly);Violation of Article 5 - Right to liberty and security (Article 5-1 - Lawful arrest or detention);Violation of Article 6 - Right to a fair trial (Article 6 - Criminal proceedings;Article 6-1 - Impartial tribunal),11|11-1|5|5-1|6|6-1,2024,negative,published_in_window_not_added_to_guide,apps:54470/21,false,false,clean,easy
e19a063de5b3,Immigration,2024-03-31,2024-09-04,2023-08-31,2024-02-29,apps:16974/14,KACZMAREK v. POLAND,16974/14,001-231432,3,HEJUD,Violation of Article 8 - Right to respect for private and family life (Article 8-1 - Respect for correspondence;Respect for private life);Violation of Article 8 - Right to respect for private and family life (Article 8-1 - Respect for private life);Non-pecuniary damage - award (Article 41 - Non-pecuniary damage;Just satisfaction),8|8-1|8-2|41,2024,negative,published_in_window_not_added_to_guide,apps:16974/14,false,false,clean,easy
e19a063de5b3,Immigration,2024-03-31,2024-09-04,2023-08-31,2024-02-29,apps:35012/19,LUKASHCHUK AND OTHERS v. RUSSIA,35012/19|52734/19|47285/20|50738/20|52777/20|9041/21|13046/21|15402/21|20331/21|20425/21|26035/21|26067/21|26784/21|38254/21|44148/21,001-231099,4,HEJUD,Violation of Article 5 - Right to liberty and security (Article 5-3 - Length of pre-trial detention);Violation of Article 5 - Right to liberty and security (Article 5-4 - Procedural guarantees of review);Violation of Article 5 - Right to liberty and security (Article 5-4 - Speediness of review);Violation of Article 8 - Right to respect for private and family life (Article 8-1 - Respect for family life);Violation of Article 13+8-1 - Right to an effective remedy (Article 13 - Effective remedy) (Article 8 - Right to respect for private and family life;Article 8-1 - Respect for family life);Violation of Article 14+8-1 - Prohibition of discrimination (Article 14 - Discrimination) (Article 8 - Right to respect for private and family life;Article 8-1 - Respect for family life);Violation of Article 3 - Prohibition of torture (Article 3 - Degrading treatment) (Substantive aspect);Violation of Article 3 - Prohibition of torture (Article 3 - Degrading treatment) (Substantive aspect);Violation of Article 13+3 - Right to an effective remedy (Article 13 - Effective remedy) (Article 3 - Prohibition of torture;Degrading treatment);Violation of Article 3 - Prohibition of torture (Article 3 - Degrading treatment),5|5-3|5-4|8|8-1|13|13+8-1|14|14+8-1|3|13+3,2024,negative,published_in_window_not_added_to_guide,apps:35012/19,false,false,clean,easy
e19a063de5b3,Immigration,2024-03-31,2024-09-04,2023-08-31,2024-02-29,apps:47048/21,MAKSIMOVA AND OTHERS v. RUSSIA,47048/21|48482/21|48590/21|48912/21|49892/21|51356/21|51788/21|51793/21|51935/21|52385/21|52480/21|52482/21|53233/21|53500/21|53788/21|53942/21|54069/21|54169/21|54261/21|54267/21|55306/21,001-231110,4,HEJUD,Violation of Article 11 - Freedom of assembly and association (Article 11-1 - Freedom of peaceful assembly);Violation of Article 5 - Right to liberty and security (Article 5-1 - Lawful arrest or detention);Violation of Article 6 - Right to a fair trial (Article 6 - Criminal proceedings;Article 6-1 - Impartial tribunal),11|11-1|5|5-1|6|6-1,2024,negative,published_in_window_not_added_to_guide,apps:47048/21,false,false,clean,easy
e19a063de5b3,Immigration,2024-03-31,2024-09-04,2023-08-31,2024-02-29,apps:31516/22,MARQUES ÂNGELO v. PORTUGAL,31516/22,001-231114,4,HEJUD,Violation of Article 3 - Prohibition of torture (Article 3 - Degrading treatment) (Substantive aspect);Violation of Article 13+3 - Right to an effective remedy (Article 13 - Effective remedy) (Article 3 - Prohibition of torture;Degrading treatment),3|13|13+3,2024,negative,published_in_window_not_added_to_guide,apps:31516/22,false,false,clean,easy
e19a063de5b3,Immigration,2024-03-31,2024-09-04,2023-08-31,2024-02-29,apps:46570/18,NURUSHEV AND OTHERS v. RUSSIA,46570/18|36922/21|40459/21|40494/21|40939/21|41407/21|42744/21|43251/21|43835/21|44181/21|45002/21|46947/21|48161/21|50257/21|50278/21|50293/21|51896/21|51994/21|51995/21|52824/21|53232/21|53293/21|53485/21|53491/21|61701/21,001-231097,4,HEJUD,Violation of Article 11 - Freedom of assembly and association (Article 11-1 - Freedom of peaceful assembly);Violation of Article 5 - Right to liberty and security (Article 5-1 - Lawful arrest or detention);Violation of Article 6 - Right to a fair trial (Article 6 - Criminal proceedings;Article 6-1 - Impartial tribunal);Violation of Article 10 - Freedom of expression - {general} (Article 10-1 - Freedom of expression);Violation of Article 2 of Protocol No. 7 - Right of appeal in criminal matters (Article 2 of Protocol No. 7 - Review of conviction),11|11-1|5|5-1|6|6-1|10|10-1|P7-2,2024,negative,published_in_window_not_added_to_guide,apps:46570/18,false,false,clean,easy
e19a063de5b3,Immigration,2024-03-31,2024-09-04,2023-08-31,2024-02-29,apps:26096/16,PĂILĂ AND OTHERS v. ROMANIA,26096/16|26903/16|27242/16|46144/16|51607/16|66489/16|66507/16|67070/16|71424/16|18113/17,001-231092,4,HEJUD,Struck out of the list (Article 37-1 - Striking out applications),37|37-1,2024,negative,published_in_window_not_added_to_guide,apps:26096/16,false,false,clean,easy
e19a063de5b3,Immigration,2024-03-31,2024-09-04,2023-08-31,2024-02-29,apps:53209/17,RADOSHEVICH AND OTHERS v. RUSSIA,53209/17|58512/18|13179/21|17191/21|19460/21|20633/21|22029/21|22043/21|25553/21|25614/21|30157/21|32318/21|32586/21|33069/21|35106/21|42144/21|50229/21|51508/21|56837/21|57991/21|61186/21|61737/21|3997/22,001-231096,4,HEJUD,Violation of Article 5 - Right to liberty and security (Article 5-3 - Length of pre-trial detention);Violation of Article 5 - Right to liberty and security (Article 5-4 - Speediness of review);Violation of Article 5 - Right to liberty and security (Article 5-5 - Compensation);Violation of Article 3 - Prohibition of torture (Article 3 - Degrading treatment) (Substantive aspect);Violation of Article 3 - Prohibition of torture (Article 3 - Degrading treatment) (Substantive aspect),5|5-3|5-4|5-5|3,2024,negative,published_in_window_not_added_to_guide,apps:53209/17,false,false,clean,easy
e19a063de5b3,Immigration,2024-03-31,2024-09-04,2023-08-31,2024-02-29,apps:9429/23,SARIMOVA AND OTHERS v. RUSSIA,9429/23|17782/23|27128/23|27149/23|27193/23|27418/23|27425/23|27454/23|27471/23|27746/23|27818/23|28052/23|28623/23|28633/23|28820/23|29724/23|30208/23,001-231117,4,HEJUD,Violation of Article 11 - Freedom of assembly and association (Article 11-1 - Freedom of peaceful assembly);Violation of Article 5 - Right to liberty and security (Article 5-1 - Lawful arrest or detention),11|11-1|5|5-1,2024,negative,published_in_window_not_added_to_guide,apps:9429/23,false,false,clean,easy
e19a063de5b3,Immigration,2024-03-31,2024-09-04,2023-08-31,2024-02-29,apps:41877/21,SIMON v. UKRAINE,41877/21,001-231107,4,HEJUD,Violation of Article 3 - Prohibition of torture (Article 3 - Degrading treatment) (Substantive aspect);Violation of Article 13+3 - Right to an effective remedy (Article 13 - Effective remedy) (Article 3 - Prohibition of torture;Degrading treatment),3|13|13+3,2024,negative,published_in_window_not_added_to_guide,apps:41877/21,false,false,clean,easy
e19a063de5b3,Immigration,2024-03-31,2024-09-04,2023-08-31,2024-02-29,apps:57580/21,SOLOVYEV AND OTHERS v. RUSSIA,57580/21|57641/21|57718/21|58643/21|58669/21|58976/21|59679/21|8032/22|12051/22|12085/22|12300/22|14486/22|19953/22|33271/22|34013/22|36218/22|36242/22|39693/22|44416/22,001-231113,4,HEJUD,Violation of Article 11 - Freedom of assembly and association (Article 11-1 - Freedom of peaceful assembly);Violation of Article 5 - Right to liberty and security (Article 5-1 - Lawful arrest or detention);Violation of Article 6 - Right to a fair trial (Article 6 - Criminal proceedings;Article 6-1 - Impartial tribunal);Violation of Article 2 of Protocol No. 7 - Right of appeal in criminal matters (Article 2 of Protocol No. 7 - Review of conviction),11|11-1|5|5-1|6|6-1|P7-2,2024,negative,published_in_window_not_added_to_guide,apps:57580/21,false,false,clean,easy
e19a063de5b3,Immigration,2024-03-31,2024-09-04,2023-08-31,2024-02-29,apps:31018/09,VICKTORIA SH.P.K. v. ALBANIA,31018/09,001-231087,4,HEJUD,Violation of Article 6 - Right to a fair trial (Article 6 - Civil proceedings;Article 6-1 - Reasonable time),6|6-1,2024,negative,published_in_window_not_added_to_guide,apps:31018/09,false,false,clean,easy
e19a063de5b3,Immigration,2024-03-31,2024-09-04,2023-08-31,2024-02-29,apps:62444/10,VLAHOVIĆ v. MONTENEGRO,62444/10,001-231088,4,HEJUD,Violation of Article 6 - Right to a fair trial (Article 6 - Enforcement proceedings;Article 6-1 - Access to court);Violation of Article 1 of Protocol No. 1 - Protection of property (Article 1 para. 1 of Protocol No. 1 - Peaceful enjoyment of possessions),6|6-1|P1-1|P1-1-1,2024,negative,published_in_window_not_added_to_guide,apps:62444/10,false,false,clean,easy
e19a063de5b3,Immigration,2024-03-31,2024-09-04,2023-08-31,2024-02-29,apps:48029/21,YERMOLAYEVA AND OTHERS v. RUSSIA,48029/21|56658/21|56852/21|56853/21|56856/21|56864/21|56879/21|56900/21|57040/21|57043/21|24857/22|24899/22|24916/22|24999/22|25015/22|25023/22|25179/22,001-231111,4,HEJUD,Violation of Article 11 - Freedom of assembly and association (Article 11-1 - Freedom of peaceful assembly);Violation of Article 5 - Right to liberty and security (Article 5-1 - Lawful arrest or detention);Violation of Article 6 - Right to a fair trial (Article 6 - Criminal proceedings;Article 6-1 - Impartial tribunal);Violation of Article 2 of Protocol No. 7 - Right of appeal in criminal matters (Article 2 of Protocol No. 7 - Review of conviction);Violation of Article 4 of Protocol No. 7 - Right not to be tried or punished twice - {general} (Article 4 of Protocol No. 7 - Right not to be tried or punished twice),11|11-1|5|5-1|6|6-1|P7-2|P7-4,2024,negative,published_in_window_not_added_to_guide,apps:48029/21,false,false,clean,easy
e19a063de5b3,Immigration,2024-03-31,2024-09-04,2023-08-31,2024-02-29,apps:18371/17,ZHOLONKO AND OTHERS v. UKRAINE,18371/17|1533/18|16154/18|19938/18,001-231094,4,HEJUD,Violation of Article 6 - Right to a fair trial (Article 6 - Civil proceedings;Article 6-1 - Reasonable time);Violation of Article 13+6-1 - Right to an effective remedy (Article 13 - Effective remedy) (Article 6 - Right to a fair trial;Civil proceedings;Article 6-1 - Reasonable time),6|6-1|13|13+6-1,2024,negative,published_in_window_not_added_to_guide,apps:18371/17,false,false,clean,easy
e19a063de5b3,Immigration,2024-03-31,2024-09-04,2023-08-31,2024-02-29,apps:47784/18,ZINCHENKO AND OTHERS v. RUSSIA,47784/18|10432/21|13424/21|21468/21|23408/21|26290/21|39209/21|43268/21|45077/21|45349/21|46352/21|46493/21|47071/21|47148/21|49242/21|49500/21|49632/21|56424/21|56623/21|57204/21|57907/21|45469/22,001-231098,4,HEJUD,Violation of Article 11 - Freedom of assembly and association (Article 11-1 - Freedom of peaceful assembly);Violation of Article 5 - Right to liberty and security (Article 5-1 - Lawful arrest or detention);Violation of Article 6 - Right to a fair trial (Article 6 - Criminal proceedings;Article 6-1 - Impartial tribunal);Violation of Article 8 - Right to respect for private and family life (Article 8-1 - Respect for private life);Violation of Article 10 - Freedom of expression - {general} (Article 10-1 - Freedom of expression);Violation of Article 10 - Freedom of expression - {general} (Article 10-1 - Freedom of expression);Violation of Article 10 - Freedom of expression - {general} (Article 10-1 - Freedom of expression);Violation of Article 10 - Freedom of expression - {general} (Article 10-1 - Freedom of expression);Violation of Article 10 - Freedom of expression - {general} (Article 10-1 - Freedom of expression);Violation of Article 2 of Protocol No. 7 - Right of appeal in criminal matters (Article 2 of Protocol No. 7 - Review of conviction);Violation of Article 4 of Protocol No. 7 - Right not to be tried or punished twice - {general} (Article 4 of Protocol No. 7 - Right not to be tried or punished twice),11|11-1|5|5-1|6|6-1|8|8-1|10|10-1|P7-2|P7-4,2024,negative,published_in_window_not_added_to_guide,apps:47784/18,false,false,clean,easy
e19a063de5b3,Immigration,2024-03-31,2024-09-04,2023-08-31,2024-02-29,apps:19657/18,M.J. v. AZERBAIJAN,19657/18,001-231880,4,HEDEC,Inadmissible,3|5|5-1-f|13|35,2024,negative,published_in_window_not_added_to_guide,apps:19657/18,false,false,clean,easy
e19a063de5b3,Immigration,2024-03-31,2024-09-04,2023-08-31,2024-02-29,apps:56716/16,TALIBOVA v. AZERBAIJAN,56716/16,001-231868,4,HEDEC,Inadmissible,8|8-1|8-2|13|35,2024,negative,published_in_window_not_added_to_guide,apps:56716/16,false,false,clean,easy
e19a063de5b3,Immigration,2024-03-31,2024-09-04,2023-08-31,2024-02-29,apps:62157/13,BECALI AND CIOFLINĂ v. ROMANIA,62157/13,001-231358,4,HEJUD,Violation of Article 6 - Right to a fair trial (Article 6 - Criminal proceedings;Article 6-1 - Reasonable time),6|6-1,2024,negative,published_in_window_not_added_to_guide,apps:62157/13,false,false,clean,easy
e19a063de5b3,Immigration,2024-03-31,2024-09-04,2023-08-31,2024-02-29,apps:16915/21,DANILEŢ v. ROMANIA,16915/21,001-231394,3,HEJUD,Remainder inadmissible (Art. 35) Admissibility criteria;(Art. 35-3-a) Ratione materiae;Violation of Article 10 - Freedom of expression - {general} (Article 10-1 - Freedom of expression),35|35-3-a|10|10-1|10-2,2024,negative,published_in_window_not_added_to_guide,apps:16915/21,false,false,clean,easy
e19a063de5b3,Immigration,2024-03-31,2024-09-04,2023-08-31,2024-02-29,apps:48340/20,DEDE v. TÜRKİYE,48340/20,001-231332,3,HEJUD,Violation of Article 10 - Freedom of expression - {general} (Article 10 - Positive obligations;Article 10-1 - Freedom of expression);Pecuniary damage - claim dismissed (Article 41 - Pecuniary damage;Just satisfaction);Non-pecuniary damage - award (Article 41 - Non-pecuniary damage;Just satisfaction),10|10-1|10-2|41,2024,negative,published_in_window_not_added_to_guide,apps:48340/20,false,false,clean,easy
e19a063de5b3,Immigration,2024-03-31,2024-09-04,2023-08-31,2024-02-29,apps:53162/21,DIACONEASA v. ROMANIA,53162/21,001-231085,3,HEJUD,Violation of Article 8 - Right to respect for private and family life (Article 8-1 - Respect for private life);Pecuniary damage - claim dismissed (Article 41 - Pecuniary damage;Just satisfaction);Non-pecuniary damage - award (Article 41 - Non-pecuniary damage;Just satisfaction),8|8-1|8-2|41,2024,negative,published_in_window_not_added_to_guide,apps:53162/21,false,false,clean,easy
e19a063de5b3,Immigration,2024-03-31,2024-09-04,2023-08-31,2024-02-29,apps:36609/16,I.L. v. SWITZERLAND (No. 2),36609/16,001-231359,4,HEJUD,Violation of Article 3 - Prohibition of torture (Article 3 - Degrading treatment;Inhuman treatment) (Substantive aspect);Violation of Article 5 - Right to liberty and security (Article 5-1 - Deprivation of liberty;Lawful arrest or detention;Article 5-1-e - Persons of unsound mind);Violation of Article 5 - Right to liberty and security (Article 5-4 - Speediness of review),3|5|5-1|5-1-e|5-4,2024,negative,published_in_window_not_added_to_guide,apps:36609/16,false,false,clean,easy
99cd2ce32cf8,Article 8,2024-02-17,2024-06-18,2023-08-31,2024-04-09,apps:21141/20,BALA v. ALBANIA,21141/20,001-233721,4,HEDEC,Inadmissible,8|8-1|8-2|35,2024,negative,published_in_window_not_added_to_guide,apps:21141/20,false,false,clean,easy
99cd2ce32cf8,Article 8,2024-02-17,2024-06-18,2023-08-31,2024-04-09,apps:7189/21,CARÊME v. FRANCE,7189/21,001-233174,1,HEDEC,Inadmissible (Art. 35) Admissibility criteria;(Art. 35-3-a) Ratione personae,35|35-3-a|2|2-1|8|8-1|34,2024,negative,published_in_window_not_added_to_guide,apps:7189/21,false,false,clean,easy
99cd2ce32cf8,Article 8,2024-02-17,2024-06-18,2023-08-31,2024-04-09,apps:23332/20,AKAYDIN v. TÜRKİYE,23332/20,001-233170,4,HEJUD,Violation of Article 10 - Freedom of expression - {general} (Article 10-1 - Freedom of expression),10|10-1,2024,negative,published_in_window_not_added_to_guide,apps:23332/20,false,false,clean,easy
99cd2ce32cf8,Article 8,2024-02-17,2024-06-18,2023-08-31,2024-04-09,apps:49512/22,ALEXANDROU v. CYPRUS,49512/22,001-232007,4,HEJUD,Violation of Article 6 - Right to a fair trial (Article 6 - Criminal proceedings;Article 6-1 - Reasonable time),6|6-1,2024,negative,published_in_window_not_added_to_guide,apps:49512/22,false,false,clean,easy
99cd2ce32cf8,Article 8,2024-02-17,2024-06-18,2023-08-31,2024-04-09,apps:12471/20,E.L. v. LITHUANIA,12471/20,001-232002,3,HEJUD,Violation of Article 3 - Prohibition of torture (Article 3 - Effective investigation) (Procedural aspect);Non-pecuniary damage - award (Article 41 - Non-pecuniary damage;Just satisfaction),3|41,2024,negative,published_in_window_not_added_to_guide,apps:12471/20,false,false,clean,easy
99cd2ce32cf8,Article 8,2024-02-17,2024-06-18,2023-08-31,2024-04-09,apps:39611/18,GEORGIA v. RUSSIA (IV),39611/18,001-232000,3,HEJUD,Violation of Article 2 - Right to life (Article 2-1 - Life;Article 2-2 - Use of force) (Substantive aspect);Violation of Article 2 - Right to life (Article 2-1 - Effective investigation) (Procedural aspect);Violation of Article 3 - Prohibition of torture (Article 3 - Degrading treatment;Inhuman treatment) (Substantive aspect);Violation of Article 3 - Prohibition of torture (Article 3 - Effective investigation) (Procedural aspect);Violation of Article 5 - Right to liberty and security (Article 5-1 - Lawful arrest or detention;Procedure prescribed by law;Article 5-1-a - After conviction;Article 5-1-c - Bringing before competent legal authority);Violation of Article 2 of Protocol No. 4 - Freedom of movement-{general} (Article 2 para. 1 of Protocol No. 4 - Freedom of movement);Violation of Article 8 - Right to respect for private and family life (Article 8-1 - Respect for family life;Respect for home);Violation of Article 1 of Protocol No. 1 - Protection of property (Article 1 para. 1 of Protocol No. 1 - Deprivation of property;Peaceful enjoyment of possessions);Violation of Article 2 of Protocol No. 1 - Right to education - {general} (Article 2 of Protocol No. 1 - Right to education);Pecuniary damage - reserved (Article 41 - Pecuniary damage;Just satisfaction);Non-pecuniary damage - reserved (Article 41 - Non-pecuniary damage;Just satisfaction),2|2-1|2-2|3|5|5-1|5-1-a|5-1-c|P4-2|P4-2-1|P4-2-3|8|8-1|8-2|P1-1|P1-1-1|P1-2|41|33|58,2024,negative,published_in_window_not_added_to_guide,apps:39611/18,false,false,clean,easy
99cd2ce32cf8,Article 8,2024-02-17,2024-06-18,2023-08-31,2024-04-09,apps:20183/21,LAZĂR v. ROMANIA,20183/21,001-232006,3,HEJUD,Remainder inadmissible (Art. 35) Admissibility criteria;(Art. 35-3-a) Manifestly ill-founded;No violation of Article 5 - Right to liberty and security (Article 5-1 - Lawful arrest or detention;Article 5-1-f - Extradition),35|35-3-a|5|5-1|5-1-f,2024,negative,published_in_window_not_added_to_guide,apps:20183/21,false,false,clean,easy
99cd2ce32cf8,Article 8,2024-02-17,2024-06-18,2023-08-31,2024-04-09,apps:19124/21,MATTHEWS AND JOHNSON v. ROMANIA,19124/21|20085/21,001-232005,3,HEJUD,Remainder inadmissible (Art. 35) Admissibility criteria;(Art. 35-3-a) Manifestly ill-founded;No violation of Article 5 - Right to liberty and security (Article 5-1 - Lawful arrest or detention;Article 5-1-f - Extradition),35|35-3-a|5|5-1|5-1-f,2024,negative,published_in_window_not_added_to_guide,apps:19124/21|20085/21,false,false,clean,easy
99cd2ce32cf8,Article 8,2024-02-17,2024-06-18,2023-08-31,2024-04-09,apps:40516/19,MEHENNI (ADDA) v. SWITZERLAND,40516/19,001-232001,4,HEJUD,Violation of Article 5 - Right to liberty and security (Article 5-1 - Lawful arrest or detention);Violation of Article 4 of Protocol No. 7 - Right not to be tried or punished twice - {general} (Article 4 of Protocol No. 7 - Right not to be tried or punished twice),5|5-1|P7-4,2024,negative,published_in_window_not_added_to_guide,apps:40516/19,false,false,clean,easy
99cd2ce32cf8,Article 8,2024-02-17,2024-06-18,2023-08-31,2024-04-09,apps:2116/21,NGUYEN v. DENMARK,2116/21,001-231958,4,HEJUD,Violation of Article 8 - Right to respect for private and family life (Article 8 - Expulsion;Article 8-1 - Respect for family life;Respect for private life),8|8-1,2024,negative,published_in_window_not_added_to_guide,apps:2116/21,false,false,clean,easy
99cd2ce32cf8,Article 8,2024-02-17,2024-06-18,2023-08-31,2024-04-09,apps:19866/21,SARAC v. DENMARK,19866/21,001-231957,4,HEJUD,Violation of Article 8 - Right to respect for private and family life (Article 8 - Expulsion;Article 8-1 - Respect for private life),8|8-1,2024,negative,published_in_window_not_added_to_guide,apps:19866/21,false,false,clean,easy
99cd2ce32cf8,Article 8,2024-02-17,2024-06-18,2023-08-31,2024-04-09,apps:73532/16,SÖZEN v. TÜRKİYE,73532/16,001-233176,3,HEJUD,Violation of Article 6 - Right to a fair trial (Article 6 - Constitutional proceedings;Article 6-1 - Access to court);Pecuniary damage - claim dismissed (Article 41 - Pecuniary damage;Just satisfaction);Non-pecuniary damage - award (Article 41 - Non-pecuniary damage;Just satisfaction),6|6-1|41,2024,negative,published_in_window_not_added_to_guide,apps:73532/16,false,false,clean,easy
99cd2ce32cf8,Article 8,2024-02-17,2024-06-18,2023-08-31,2024-04-09,apps:963/18,ŠPLAJT v. CROATIA,963/18,001-231999,4,HEJUD,Violation of Article 6 - Right to a fair trial (Article 6 - Civil proceedings;Article 6-1 - Reasonable time),6|6-1,2024,negative,published_in_window_not_added_to_guide,apps:963/18,false,false,clean,easy
99cd2ce32cf8,Article 8,2024-02-17,2024-06-18,2023-08-31,2024-04-09,apps:31022/20,TZIOUMAKA v. GREECE,31022/20,001-232004,4,HEJUD,Violation of Article 8 - Right to respect for private and family life (Article 8 - Positive obligations;Article 8-1 - Respect for family life),8|8-1,2024,negative,published_in_window_not_added_to_guide,apps:31022/20,false,false,clean,easy
99cd2ce32cf8,Article 8,2024-02-17,2024-06-18,2023-08-31,2024-04-09,apps:51301/22,WANGTHAN v. DENMARK,51301/22,001-231959,4,HEJUD,No violation of Article 8 - Right to respect for private and family life (Article 8 - Expulsion;Article 8-1 - Respect for family life;Respect for private life),8|8-1,2024,negative,published_in_window_not_added_to_guide,apps:51301/22,false,false,clean,easy
99cd2ce32cf8,Article 8,2024-02-17,2024-06-18,2023-08-31,2024-04-09,apps:39371/20,DUARTE AGOSTINHO AND OTHERS v. PORTUGAL AND 32 OTHERS,39371/20,001-233261,1,HEDEC,Inadmissible (Art. 35) Admissibility criteria;(Art. 35-1) Exhaustion of domestic remedies;(Art. 35-3-a) Ratione loci;(Art. 35-3-a) Ratione personae;(Art. 35-3-a) Ratione temporis;Struck out of the list (Art. 37) Striking out applications-{general};(Art. 37-1-a) Absence of intention to pursue application,35|35-1|35-3-a|37|37-1-a|2|2-1|3|8|8-1|14|1|19|58,2024,negative,published_in_window_not_added_to_guide,apps:39371/20,false,false,clean,easy
99cd2ce32cf8,Article 8,2024-02-17,2024-06-18,2023-08-31,2024-04-09,apps:13129/19,MANNANTHARA NATARAJAN v. GERMANY,13129/19,001-233719,4,HEDEC,Inadmissible,6|6-1|35,2024,negative,published_in_window_not_added_to_guide,apps:13129/19,false,false,clean,easy
99cd2ce32cf8,Article 8,2024-02-17,2024-06-18,2023-08-31,2024-04-09,apps:11589/16,SOLAKOV v. BULGARIA,11589/16,001-233863,4,HEDEC,Inadmissible,6|6-1|13|P1-1|35,2024,negative,published_in_window_not_added_to_guide,apps:11589/16,false,false,clean,easy
99cd2ce32cf8,Article 8,2024-02-17,2024-06-18,2023-08-31,2024-04-09,apps:59556/19,TUŻNIK AND OTHERS v. POLAND,59556/19|20240/20,001-233856,4,HEDEC,Inadmissible,P1-1|35,2024,negative,published_in_window_not_added_to_guide,apps:59556/19,false,false,clean,easy
99cd2ce32cf8,Article 8,2024-02-17,2024-06-18,2023-08-31,2024-04-09,apps:70643/17,ZSOMBOK v. HUNGARY,70643/17,001-233850,4,HEDEC,Inadmissible,10|10-2|35,2024,negative,published_in_window_not_added_to_guide,apps:70643/17,false,false,clean,easy
99cd2ce32cf8,Article 8,2024-02-17,2024-06-18,2023-08-31,2024-04-09,apps:26597/23,AHMADI v. DENMARK,26597/23,001-233534,4,HEDEC,Struck out of the list,3|39,2024,negative,published_in_window_not_added_to_guide,apps:26597/23,false,false,clean,easy
99cd2ce32cf8,Article 8,2024-02-17,2024-06-18,2023-08-31,2024-04-09,apps:6389/21,BACIU AND OTHERS v. ROMANIA,6389/21|15477/21|15938/21,001-233536,4,HEDEC,Inadmissible,3|35,2024,negative,published_in_window_not_added_to_guide,apps:6389/21,false,false,clean,easy
99cd2ce32cf8,Article 8,2024-02-17,2024-06-18,2023-08-31,2024-04-09,apps:46184/21,BIGUN v. UKRAINE,46184/21,001-233514,4,HEDEC,Struck out of the list,6|6-1|13|37|37-1,2024,negative,published_in_window_not_added_to_guide,apps:46184/21,false,false,clean,easy
99cd2ce32cf8,Article 8,2024-02-17,2024-06-18,2023-08-31,2024-04-09,apps:19638/18,BODOR AND OTHERS v. ROMANIA,19638/18|28836/20|44022/20|2149/21|2221/21|2869/21|10083/21|10097/21|11598/21|12289/21|12295/21|13272/21|18380/21|19531/21|21953/21|24253/21|24718/21|26723/21|28360/21|29166/21|31369/21,001-233539,4,HEDEC,Struck out of the list,3|37|37-1,2024,negative,published_in_window_not_added_to_guide,apps:19638/18,false,false,clean,easy
99cd2ce32cf8,Article 8,2024-02-17,2024-06-18,2023-08-31,2024-04-09,apps:78654/17,BUZDUGAN AND OTHERS v. ROMANIA,78654/17|20509/20|24305/20|28888/20|29513/20|38504/20|38601/20|38876/20|39008/20|39119/20|39134/20|40787/20|10880/21|20660/21|22366/21|25572/21,001-233535,4,HEDEC,Struck out of the list,3|37|37-1,2024,negative,published_in_window_not_added_to_guide,apps:78654/17,false,false,clean,easy
99cd2ce32cf8,Article 8,2024-02-17,2024-06-18,2023-08-31,2024-04-09,apps:29248/18,BESANÇON v. FRANCE,29248/18,001-233100,4,HEJUD,No violation of Article 6+6-3-c - Right to a fair trial (Article 6 - Criminal proceedings;Article 6-1 - Fair hearing) (Article 6-3-c - Defence through legal assistance;Article 6 - Right to a fair trial),6|6+6-3-c|6-3-c|6-1,2024,negative,published_in_window_not_added_to_guide,apps:29248/18,false,false,clean,easy
99cd2ce32cf8,Article 8,2024-02-17,2024-06-18,2023-08-31,2024-04-09,apps:49118/21,FILIPPOV AND OTHERS v. RUSSIA,49118/21|49775/21|50952/21|51361/21|52599/21|53505/21|53517/21|53800/21|54081/21|54444/21|55957/21|56373/21|56933/21|56986/21|57834/21|57894/21|57926/21|58567/21|58696/21|59090/21|60130/21|60319/21|60653/21|61232/21|61490/21|129/22|846/22|942/22|1545/22|1903/22|3684/22|3894/22,001-231878,4,HEJUD,Violation of Article 5 - Right to liberty and security (Article 5-3 - Length of pre-trial detention);Violation of Article 5 - Right to liberty and security (Article 5-4 - Speediness of review);Violation of Article 5 - Right to liberty and security (Article 5-5 - Compensation);Violation of Article 3 - Prohibition of torture (Article 3 - Degrading treatment) (Substantive aspect),5|5-3|5-4|5-5|3,2024,negative,published_in_window_not_added_to_guide,apps:49118/21,false,false,clean,easy
99cd2ce32cf8,Article 8,2024-02-17,2024-06-18,2023-08-31,2024-04-09,apps:78465/16,GUELAIN DIT YEZEGUELIAN v. FRANCE,78465/16,001-233103,4,HEJUD,No violation of Article 6+6-3-c - Right to a fair trial (Article 6 - Criminal proceedings;Article 6-1 - Fair hearing) (Article 6-3-c - Defence through legal assistance;Article 6 - Right to a fair trial),6|6+6-3-c|6-3-c|6-1,2024,negative,published_in_window_not_added_to_guide,apps:78465/16,false,false,clean,easy
99cd2ce32cf8,Article 8,2024-02-17,2024-06-18,2023-08-31,2024-04-09,apps:47083/19,KOVALEVSKIY AND OTHERS v. RUSSIA,47083/19|47571/19|47755/19|50252/19|54842/19|54895/19|55657/19|60974/19|61321/19|62024/19|62405/19|62689/19|62694/19|62766/19|63110/19|63293/19|63510/19|63617/19|63867/19|64109/19|64197/19|64400/19|64453/19|64496/19|65192/19|65286/19|530/20|704/20|1071/20|1354/20|1590/20|1684/20|2183/20|2379/20|2457/20|2516/20|2563/20|2594/20|2619/20|2890/20|2969/20|3105/20|3115/20|3334/20|3710/20|3714/20|3903/20|3948/20|3965/20|4089/20|4266/20|4849/20|5145/20|5851/20|6236/20|6684/20,001-231875,4,HEJUD,Violation of Article 3 - Prohibition of torture (Article 3 - Degrading treatment) (Substantive aspect);Violation of Article 13+3 - Right to an effective remedy (Article 13 - Effective remedy) (Article 3 - Prohibition of torture;Degrading treatment);Violation of Article 3 - Prohibition of torture (Article 3 - Degrading treatment) (Substantive aspect);Violation of Article 13+3 - Right to an effective remedy (Article 13 - Effective remedy) (Article 3 - Prohibition of torture;Degrading treatment),3|13|13+3,2024,negative,published_in_window_not_added_to_guide,apps:47083/19,false,false,clean,easy
99cd2ce32cf8,Article 8,2024-02-17,2024-06-18,2023-08-31,2024-04-09,apps:41907/20,LOBKOVSKIY AND OTHERS v. RUSSIA,41907/20|49670/20|1697/21|3603/21|4103/21|4334/21|4532/21|4538/21|7307/21|7385/21|7746/21|7898/21|7968/21|9289/21|10255/21|11527/21|11711/21|12193/21|12530/21|12907/21|14883/21|14903/21|15558/21|15677/21|16293/21|17831/21|18064/21|18069/21|19201/21|20375/21|20541/21|21102/21|24213/21|24229/21|24230/21|25740/21|26274/21|26732/21|28089/21|28607/21|30589/21|31474/21|33430/21|35298/21|35393/21|37883/21|39065/21|40912/21|43578/21|44954/21|46205/21|53915/21|56836/21|57704/21|58753/21|622/22|3178/22|4940/22|6118/22|6490/22|6751/22,001-231877,4,HEJUD,Violation of Article 5 - Right to liberty and security (Article 5-3 - Length of pre-trial detention);Violation of Article 5 - Right to liberty and security (Article 5-4 - Speediness of review);Violation of Article 5 - Right to liberty and security (Article 5-5 - Compensation);Violation of Article 3 - Prohibition of torture (Article 3 - Degrading treatment) (Substantive aspect);Violation of Article 3 - Prohibition of torture (Article 3 - Degrading treatment) (Substantive aspect);Violation of Article 3 - Prohibition of torture (Article 3 - Degrading treatment) (Substantive aspect);Violation of Article 13+3 - Right to an effective remedy (Article 13 - Effective remedy) (Article 3 - Degrading punishment;Prohibition of torture);Violation of Article 8 - Right to respect for private and family life (Article 8-1 - Respect for private life);Violation of Article 13+8 - Right to an effective remedy (Article 13 - Effective remedy) (Article 8 - Right to respect for private and family life;Article 8-1 - Respect for private life);Violation of Article 8 - Right to respect for private and family life (Article 8-1 - Respect for family life);Violation of Article 14+8 - Prohibition of discrimination (Article 14 - Discrimination) (Article 8 - Right to respect for private and family life;Article 8-1 - Respect for family life),5|5-3|5-4|5-5|3|13|13+3|8|8-1|13+8|14|14+8,2024,negative,published_in_window_not_added_to_guide,apps:41907/20,false,false,clean,easy
684d373b17e9,Article 11,2024-04-05,2024-09-30,2023-08-31,2024-08-31,apps:40776/16,GANUSHCHAK v. UKRAINE,40776/16,001-235471,4,HEJUD,Violation of Article 1 of Protocol No. 1 - Protection of property (Article 1 para. 1 of Protocol No. 1 - Peaceful enjoyment of possessions),P1-1|P1-1-1,2024,negative,published_in_window_not_added_to_guide,apps:40776/16,false,false,clean,easy
684d373b17e9,Article 11,2024-04-05,2024-09-30,2023-08-31,2024-08-31,apps:59464/21,KHACHAPURIDZE AND KHACHIDZE v. GEORGIA,59464/21|13079/22,001-235474,3,HEJUD,Remainder inadmissible (Art. 35) Admissibility criteria;(Art. 35-3-a) Manifestly ill-founded;Violation of Article 6+6-3 - Right to a fair trial (Article 6 - Criminal proceedings;Article 6-1 - Fair hearing) (Article 6 - Right to a fair trial;Article 6-3 - Rights of defence;Article 6-3-c - Defence in person;Article 6-3-d - Examination of witnesses;Obtain attendance of witnesses);Non-pecuniary damage - award (Article 41 - Non-pecuniary damage;Just satisfaction),35|35-3-a|6|6+6-3|6-3|6-3-c|6-3-d|6-1|41,2024,negative,published_in_window_not_added_to_guide,apps:59464/21|13079/22,false,false,clean,easy
684d373b17e9,Article 11,2024-04-05,2024-09-30,2023-08-31,2024-08-31,apps:12767/21,LEFEBVRE v. FRANCE,12767/21,001-235724,4,HEJUD,No violation of Article 10 - Freedom of expression - {general} (Article 10-1 - Freedom of expression),10|10-1,2024,negative,published_in_window_not_added_to_guide,apps:12767/21,false,false,clean,easy
684d373b17e9,Article 11,2024-04-05,2024-09-30,2023-08-31,2024-08-31,apps:24622/22,PASQUINELLI AND OTHERS v. SAN MARINO,24622/22,001-235475,1,HEJUD,Remainder inadmissible (Art. 35) Admissibility criteria;(Art. 35-3-a) Manifestly ill-founded;(Art. 35-3-a) Ratione materiae;(Art. 35-3-a) Ratione personae;No violation of Article 8 - Right to respect for private and family life (Article 8-1 - Respect for private life),35|35-3-a|8|8-1|8-2,2024,negative,published_in_window_not_added_to_guide,apps:24622/22,false,false,clean,easy
684d373b17e9,Article 11,2024-04-05,2024-09-30,2023-08-31,2024-08-31,apps:44681/21,TSULUKIDZE AND RUSULASHVILI v. GEORGIA,44681/21|17256/22,001-235473,3,HEJUD,Violation of Article 6 - Right to a fair trial (Article 6 - Civil proceedings;Article 6-1 - Impartial tribunal);Pecuniary damage - claim dismissed (Article 41 - Pecuniary damage;Just satisfaction);Non-pecuniary damage - award (Article 41 - Non-pecuniary damage;Just satisfaction),6|6-1|41,2024,negative,published_in_window_not_added_to_guide,apps:44681/21|17256/22,false,false,clean,easy
684d373b17e9,Article 11,2024-04-05,2024-09-30,2023-08-31,2024-08-31,apps:33394/12,THE MEDIA RIGHTS INSTITUTE v. AZERBAIJAN,33394/12,001-236074,4,HEDEC,Inadmissible,6|6-1|10|35,2024,negative,published_in_window_not_added_to_guide,apps:33394/12,false,false,clean,easy
684d373b17e9,Article 11,2024-04-05,2024-09-30,2023-08-31,2024-08-31,apps:28540/20,AHMED v. THE UNITED KINGDOM,28540/20,001-236079,4,HEDEC,Inadmissible,8|14|14+8|35,2024,negative,published_in_window_not_added_to_guide,apps:28540/20,false,false,clean,easy
684d373b17e9,Article 11,2024-04-05,2024-09-30,2023-08-31,2024-08-31,apps:50058/12,B.D. v. BELGIUM,50058/12,001-235698,4,HEJUD,Violation of Article 5 - Right to liberty and security (Article 5-4 - Review of lawfulness of detention);Violation of Article 5 - Right to liberty and security (Article 5-1 - Lawful arrest or detention),5|5-4|5-1,2024,negative,published_in_window_not_added_to_guide,apps:50058/12,false,false,clean,easy
684d373b17e9,Article 11,2024-04-05,2024-09-30,2023-08-31,2024-08-31,apps:20007/22,BIELAU v. AUSTRIA,20007/22,001-235470,3,HEJUD,No violation of Article 10 - Freedom of expression - {general},10|10-2|2|8,2024,negative,published_in_window_not_added_to_guide,apps:20007/22,false,false,clean,easy
684d373b17e9,Article 11,2024-04-05,2024-09-30,2023-08-31,2024-08-31,apps:15028/16,HRACHYA HARUTYUNYAN v. ARMENIA,15028/16,001-235467,3,HEJUD,Violation of Article 10 - Freedom of expression - {general} (Article 10-1 - Freedom of expression);Pecuniary damage - reserved (Article 41 - Pecuniary damage;Just satisfaction);Non-pecuniary damage - award (Article 41 - Non-pecuniary damage;Just satisfaction),10|10-1|10-2|41,2024,negative,published_in_window_not_added_to_guide,apps:15028/16,false,false,clean,easy
684d373b17e9,Article 11,2024-04-05,2024-09-30,2023-08-31,2024-08-31,apps:32887/19,İ.G. v. TÜRKİYE,32887/19,001-235468,3,HEJUD,Preliminary objection joined to merits and dismissed (Art. 34) Individual applications;(Art. 34) Victim;Violation of Article 3 - Prohibition of torture (Article 3 - Effective investigation;Positive obligations) (Procedural aspect),34|3,2024,negative,published_in_window_not_added_to_guide,apps:32887/19,false,false,clean,easy
684d373b17e9,Article 11,2024-04-05,2024-09-30,2023-08-31,2024-08-31,apps:28791/10,NAMIK YÜKSEL v. TÜRKİYE,28791/10,001-235465,3,HEJUD,No violation of Article 8 - Right to respect for private and family life (Article 8-1 - Respect for family life),8|8-1|8-2,2024,negative,published_in_window_not_added_to_guide,apps:28791/10,false,false,clean,easy
684d373b17e9,Article 11,2024-04-05,2024-09-30,2023-08-31,2024-08-31,apps:989/18,W.R. v. THE NETHERLANDS,989/18,001-235346,4,HEJUD,No violation of Article 6 - Right to a fair trial (Article 6-1 - Fair hearing;Article 6-3-c - Defence through legal assistance),6|6-1|6-3-c,2024,negative,published_in_window_not_added_to_guide,apps:989/18,false,false,clean,easy
684d373b17e9,Article 11,2024-04-05,2024-09-30,2023-08-31,2024-08-31,apps:17389/20,YASAK v. TÜRKİYE,17389/20,001-235709,3,HEJUD,Remainder inadmissible (Art. 35) Admissibility criteria;(Art. 35-1) Exhaustion of domestic remedies;No violation of Article 3 - Prohibition of torture (Article 3 - Degrading treatment;Inhuman treatment) (Substantive aspect);No violation of Article 7 - No punishment without law (Article 7-1 - Nulla poena sine lege;Nullum crimen sine lege),35|35-1|3|7|7-1,2024,negative,published_in_window_not_added_to_guide,apps:17389/20,false,false,clean,easy
684d373b17e9,Article 11,2024-04-05,2024-09-30,2023-08-31,2024-08-31,apps:35780/18,LONGO v. ITALY,35780/18,001-235959,4,HEDEC,Inadmissible,6|6-1|7|7-1|P1-1|35,2024,negative,published_in_window_not_added_to_guide,apps:35780/18,false,false,clean,easy
684d373b17e9,Article 11,2024-04-05,2024-09-30,2023-08-31,2024-08-31,apps:22463/17,S.B. AND OTHERS v. SERBIA,22463/17,001-236075,4,HEDEC,Inadmissible,3|5|5-1|5-2|35,2024,negative,published_in_window_not_added_to_guide,apps:22463/17,false,false,clean,easy
684d373b17e9,Article 11,2024-04-05,2024-09-30,2023-08-31,2024-08-31,apps:2327/20,COUSO PERMUY v. SPAIN,2327/20,001-235144,3,HEJUD,No violation of Article 6 - Right to a fair trial (Article 6 - Civil proceedings;Article 6-1 - Access to court),6|6-1|1,2024,negative,published_in_window_not_added_to_guide,apps:2327/20,false,false,clean,easy
684d373b17e9,Article 11,2024-04-05,2024-09-30,2023-08-31,2024-08-31,apps:34210/19,D.H. AND OTHERS v. SWEDEN,34210/19,001-235142,3,HEJUD,Remainder inadmissible (Art. 35) Admissibility criteria;(Art. 35-3-a) Manifestly ill-founded;(Art. 35-3-a) Ratione materiae;No violation of Article 8 - Right to respect for private and family life (Article 8 - Positive obligations;Article 8-1 - Respect for family life),35|35-3-a|8|8-1,2024,negative,published_in_window_not_added_to_guide,apps:34210/19,false,false,clean,easy
684d373b17e9,Article 11,2024-04-05,2024-09-30,2023-08-31,2024-08-31,apps:63664/19,M.A. AND OTHERS v. FRANCE,63664/19|64450/19|24387/20|24391/20|24393/20,001-235426,1,HEJUD,No violation of Article 8 - Right to respect for private and family life (Article 8-1 - Respect for private life),8|8-1|8-2,2024,negative,published_in_window_not_added_to_guide,apps:63664/19,false,false,clean,easy
684d373b17e9,Article 11,2024-04-05,2024-09-30,2023-08-31,2024-08-31,apps:49755/18,OKUBAMICHAEL DEBRU v. SWEDEN,49755/18,001-235141,3,HEJUD,Remainder inadmissible (Art. 35) Admissibility criteria;(Art. 35-3-a) Manifestly ill-founded;No violation of Article 8 - Right to respect for private and family life (Article 8 - Positive obligations;Article 8-1 - Respect for family life),35|35-3-a|8|8-1,2024,negative,published_in_window_not_added_to_guide,apps:49755/18,false,false,clean,easy
684d373b17e9,Article 11,2024-04-05,2024-09-30,2023-08-31,2024-08-31,apps:42221/18,ŽDANOKA v. LATVIA (No. 2),42221/18,001-235140,3,HEJUD,No violation of Article 3 of Protocol No. 1 - Right to free elections - {general} (Article 3 of Protocol No. 1 - Stand for election),P1-3,2024,negative,published_in_window_not_added_to_guide,apps:42221/18,false,false,clean,easy
684d373b17e9,Article 11,2024-04-05,2024-09-30,2023-08-31,2024-08-31,apps:50374/21,BELOMESTNOV AND OTHERS v. RUSSIA,50374/21|32325/22|43965/22|44447/22|45200/22|45494/22|46001/22|47937/22|48301/22|48357/22|48359/22|48360/22|48600/22|49050/22|49973/22|50877/22|50899/22|50992/22|51408/22|51516/22|52115/22|52377/22|53829/22|54951/22|55875/22|57351/22|57553/22|57587/22|57728/22|7559/23|7565/23|8026/23,001-235028,4,HEJUD,Violation of Article 11 - Freedom of assembly and association (Article 11-1 - Freedom of peaceful assembly);Violation of Article 8 - Right to respect for private and family life (Article 8-1 - Respect for home);Violation of Article 5 - Right to liberty and security (Article 5-1 - Lawful arrest or detention);Violation of Article 6 - Right to a fair trial (Article 6 - Administrative proceedings;Article 6-1 - Impartial tribunal);Violation of Article 10 - Freedom of expression - {general} (Article 10-1 - Freedom of expression),11|11-1|8|8-1|5|5-1|6|6-1|10|10-1,2024,negative,published_in_window_not_added_to_guide,apps:50374/21,false,false,clean,easy
684d373b17e9,Article 11,2024-04-05,2024-09-30,2023-08-31,2024-08-31,apps:28467/18,BUGLOV AND OTHERS v. UKRAINE,28467/18|19199/23|28939/23|32742/23|32936/23|38251/23|41227/23,001-235045,4,HEJUD,Violation of Article 6 - Right to a fair trial (Article 6 - Civil proceedings;Article 6-1 - Reasonable time);Violation of Article 13+6-1 - Right to an effective remedy (Article 13 - Effective remedy) (Article 6 - Right to a fair trial;Civil proceedings;Article 6-1 - Reasonable time),6|6-1|13|13+6-1,2024,negative,published_in_window_not_added_to_guide,apps:28467/18,false,false,clean,easy
684d373b17e9,Article 11,2024-04-05,2024-09-30,2023-08-31,2024-08-31,apps:23734/21,DATSKO AND STEPANOV v. RUSSIA,23734/21|26987/21,001-235021,4,HEJUD,Violation of Article 6 - Right to a fair trial (Article 6 - Civil proceedings;Article 6-1 - Fair hearing),6|6-1,2024,negative,published_in_window_not_added_to_guide,apps:23734/21,false,false,clean,easy
684d373b17e9,Article 11,2024-04-05,2024-09-30,2023-08-31,2024-08-31,apps:205/22,DERGACH AND FILIPPOV v. UKRAINE,205/22|27823/23,001-235046,4,HEJUD,Violation of Article 5 - Right to liberty and security (Article 5-3 - Length of pre-trial detention);Violation of Article 6 - Right to a fair trial (Article 6 - Criminal proceedings;Article 6-1 - Reasonable time);Violation of Article 13+6-1 - Right to an effective remedy (Article 13 - Effective remedy) (Article 6 - Right to a fair trial;Criminal proceedings;Article 6-1 - Reasonable time),5|5-3|6|6-1|13|13+6-1,2024,negative,published_in_window_not_added_to_guide,apps:205/22,false,false,clean,easy
684d373b17e9,Article 11,2024-04-05,2024-09-30,2023-08-31,2024-08-31,apps:4325/22,DERIGLAZOV AND OTHERS v. UKRAINE,4325/22|33044/22|30740/23|33309/23|33445/23|37667/23|38261/23,001-235047,4,HEJUD,Violation of Article 6 - Right to a fair trial (Article 6 - Civil proceedings;Article 6-1 - Reasonable time);Violation of Article 13+6-1 - Right to an effective remedy (Article 13 - Effective remedy) (Article 6 - Right to a fair trial;Civil proceedings;Article 6-1 - Reasonable time),6|6-1|13|13+6-1,2024,negative,published_in_window_not_added_to_guide,apps:4325/22,false,false,clean,easy
684d373b17e9,Article 11,2024-04-05,2024-09-30,2023-08-31,2024-08-31,apps:50942/20,DJERI AND OTHERS v. LATVIA,50942/20|2022/21,001-235015,3,HEJUD,Remainder inadmissible (Article 35-1 - Exhaustion of domestic remedies;Article 35-3-a - Ratione materiae);No violation of Article 14+P1-2 - Prohibition of discrimination (Article 14 - Discrimination) (Article 2 of Protocol No. 1 - Right to education - {general}),35|35-1|35-3-a|14|14+P1-2|P1-2,2024,negative,published_in_window_not_added_to_guide,apps:50942/20|2022/21,false,false,clean,easy
684d373b17e9,Article 11,2024-04-05,2024-09-30,2023-08-31,2024-08-31,apps:40861/22,HANOVS v. LATVIA,40861/22,001-235016,3,HEJUD,Preliminary objection dismissed (Art. 35) Admissibility criteria;(Art. 35-1) Exhaustion of domestic remedies;Violation of Article 14+3 - Prohibition of discrimination (Article 14 - Discrimination) (Article 3 - Prohibition of torture;Effective investigation;Positive obligations);Violation of Article 14+8 - Prohibition of discrimination (Article 14 - Discrimination) (Article 8 - Right to respect for private and family life;Positive obligations;Article 8-1 - Respect for private life);Non-pecuniary damage - award (Article 41 - Non-pecuniary damage;Just satisfaction),14|14+3|3|14+8|8|8-1|41|35|35-1,2024,negative,published_in_window_not_added_to_guide,apps:40861/22,false,false,clean,easy
684d373b17e9,Article 11,2024-04-05,2024-09-30,2023-08-31,2024-08-31,apps:6823/19,KONDRATYUK AND OTHERS v. RUSSIA,6823/19|8343/19|16932/19|15145/21,001-235029,4,HEJUD,Violation of Article 6+6-3-d - Right to a fair trial (Article 6 - Criminal proceedings;Article 6-1 - Fair hearing) (Article 6 - Right to a fair trial;Article 6-3-d - Examination of witnesses),6|6+6-3-d|6-3-d|6-1,2024,negative,published_in_window_not_added_to_guide,apps:6823/19,false,false,clean,easy
684d373b17e9,Article 11,2024-04-05,2024-09-30,2023-08-31,2024-08-31,apps:50764/18,KRAYNEV AND OTHERS v. RUSSIA,50764/18|6236/19|58135/19|2153/23|10307/23|34914/23|36701/23,001-235019,4,HEJUD,Violation of Article 3 - Prohibition of torture (Article 3 - Degrading treatment) (Substantive aspect),3,2024,negative,published_in_window_not_added_to_guide,apps:50764/18,false,false,clean,easy
7a059e452dbd,Article 1,2023-11-14,2024-12-19,2023-08-31,2024-08-31,apps:40776/16,GANUSHCHAK v. UKRAINE,40776/16,001-235471,4,HEJUD,Violation of Article 1 of Protocol No. 1 - Protection of property (Article 1 para. 1 of Protocol No. 1 - Peaceful enjoyment of possessions),P1-1|P1-1-1,2024,negative,published_in_window_not_added_to_guide,apps:40776/16,false,false,clean,easy
7a059e452dbd,Article 1,2023-11-14,2024-12-19,2023-08-31,2024-08-31,apps:59464/21,KHACHAPURIDZE AND KHACHIDZE v. GEORGIA,59464/21|13079/22,001-235474,3,HEJUD,Remainder inadmissible (Art. 35) Admissibility criteria;(Art. 35-3-a) Manifestly ill-founded;Violation of Article 6+6-3 - Right to a fair trial (Article 6 - Criminal proceedings;Article 6-1 - Fair hearing) (Article 6 - Right to a fair trial;Article 6-3 - Rights of defence;Article 6-3-c - Defence in person;Article 6-3-d - Examination of witnesses;Obtain attendance of witnesses);Non-pecuniary damage - award (Article 41 - Non-pecuniary damage;Just satisfaction),35|35-3-a|6|6+6-3|6-3|6-3-c|6-3-d|6-1|41,2024,negative,published_in_window_not_added_to_guide,apps:59464/21|13079/22,false,false,clean,easy
7a059e452dbd,Article 1,2023-11-14,2024-12-19,2023-08-31,2024-08-31,apps:12767/21,LEFEBVRE v. FRANCE,12767/21,001-235724,4,HEJUD,No violation of Article 10 - Freedom of expression - {general} (Article 10-1 - Freedom of expression),10|10-1,2024,negative,published_in_window_not_added_to_guide,apps:12767/21,false,false,clean,easy
7a059e452dbd,Article 1,2023-11-14,2024-12-19,2023-08-31,2024-08-31,apps:24622/22,PASQUINELLI AND OTHERS v. SAN MARINO,24622/22,001-235475,1,HEJUD,Remainder inadmissible (Art. 35) Admissibility criteria;(Art. 35-3-a) Manifestly ill-founded;(Art. 35-3-a) Ratione materiae;(Art. 35-3-a) Ratione personae;No violation of Article 8 - Right to respect for private and family life (Article 8-1 - Respect for private life),35|35-3-a|8|8-1|8-2,2024,negative,published_in_window_not_added_to_guide,apps:24622/22,false,false,clean,easy
7a059e452dbd,Article 1,2023-11-14,2024-12-19,2023-08-31,2024-08-31,apps:44681/21,TSULUKIDZE AND RUSULASHVILI v. GEORGIA,44681/21|17256/22,001-235473,3,HEJUD,Violation of Article 6 - Right to a fair trial (Article 6 - Civil proceedings;Article 6-1 - Impartial tribunal);Pecuniary damage - claim dismissed (Article 41 - Pecuniary damage;Just satisfaction);Non-pecuniary damage - award (Article 41 - Non-pecuniary damage;Just satisfaction),6|6-1|41,2024,negative,published_in_window_not_added_to_guide,apps:44681/21|17256/22,false,false,clean,easy
7a059e452dbd,Article 1,2023-11-14,2024-12-19,2023-08-31,2024-08-31,apps:33394/12,THE MEDIA RIGHTS INSTITUTE v. AZERBAIJAN,33394/12,001-236074,4,HEDEC,Inadmissible,6|6-1|10|35,2024,negative,published_in_window_not_added_to_guide,apps:33394/12,false,false,clean,easy
7a059e452dbd,Article 1,2023-11-14,2024-12-19,2023-08-31,2024-08-31,apps:28540/20,AHMED v. THE UNITED KINGDOM,28540/20,001-236079,4,HEDEC,Inadmissible,8|14|14+8|35,2024,negative,published_in_window_not_added_to_guide,apps:28540/20,false,false,clean,easy
7a059e452dbd,Article 1,2023-11-14,2024-12-19,2023-08-31,2024-08-31,apps:50058/12,B.D. v. BELGIUM,50058/12,001-235698,4,HEJUD,Violation of Article 5 - Right to liberty and security (Article 5-4 - Review of lawfulness of detention);Violation of Article 5 - Right to liberty and security (Article 5-1 - Lawful arrest or detention),5|5-4|5-1,2024,negative,published_in_window_not_added_to_guide,apps:50058/12,false,false,clean,easy
7a059e452dbd,Article 1,2023-11-14,2024-12-19,2023-08-31,2024-08-31,apps:20007/22,BIELAU v. AUSTRIA,20007/22,001-235470,3,HEJUD,No violation of Article 10 - Freedom of expression - {general},10|10-2|2|8,2024,negative,published_in_window_not_added_to_guide,apps:20007/22,false,false,clean,easy
7a059e452dbd,Article 1,2023-11-14,2024-12-19,2023-08-31,2024-08-31,apps:15028/16,HRACHYA HARUTYUNYAN v. ARMENIA,15028/16,001-235467,3,HEJUD,Violation of Article 10 - Freedom of expression - {general} (Article 10-1 - Freedom of expression);Pecuniary damage - reserved (Article 41 - Pecuniary damage;Just satisfaction);Non-pecuniary damage - award (Article 41 - Non-pecuniary damage;Just satisfaction),10|10-1|10-2|41,2024,negative,published_in_window_not_added_to_guide,apps:15028/16,false,false,clean,easy
7a059e452dbd,Article 1,2023-11-14,2024-12-19,2023-08-31,2024-08-31,apps:32887/19,İ.G. v. TÜRKİYE,32887/19,001-235468,3,HEJUD,Preliminary objection joined to merits and dismissed (Art. 34) Individual applications;(Art. 34) Victim;Violation of Article 3 - Prohibition of torture (Article 3 - Effective investigation;Positive obligations) (Procedural aspect),34|3,2024,negative,published_in_window_not_added_to_guide,apps:32887/19,false,false,clean,easy
7a059e452dbd,Article 1,2023-11-14,2024-12-19,2023-08-31,2024-08-31,apps:28791/10,NAMIK YÜKSEL v. TÜRKİYE,28791/10,001-235465,3,HEJUD,No violation of Article 8 - Right to respect for private and family life (Article 8-1 - Respect for family life),8|8-1|8-2,2024,negative,published_in_window_not_added_to_guide,apps:28791/10,false,false,clean,easy
7a059e452dbd,Article 1,2023-11-14,2024-12-19,2023-08-31,2024-08-31,apps:989/18,W.R. v. THE NETHERLANDS,989/18,001-235346,4,HEJUD,No violation of Article 6 - Right to a fair trial (Article 6-1 - Fair hearing;Article 6-3-c - Defence through legal assistance),6|6-1|6-3-c,2024,negative,published_in_window_not_added_to_guide,apps:989/18,false,false,clean,easy
7a059e452dbd,Article 1,2023-11-14,2024-12-19,2023-08-31,2024-08-31,apps:17389/20,YASAK v. TÜRKİYE,17389/20,001-235709,3,HEJUD,Remainder inadmissible (Art. 35) Admissibility criteria;(Art. 35-1) Exhaustion of domestic remedies;No violation of Article 3 - Prohibition of torture (Article 3 - Degrading treatment;Inhuman treatment) (Substantive aspect);No violation of Article 7 - No punishment without law (Article 7-1 - Nulla poena sine lege;Nullum crimen sine lege),35|35-1|3|7|7-1,2024,negative,published_in_window_not_added_to_guide,apps:17389/20,false,false,clean,easy
7a059e452dbd,Article 1,2023-11-14,2024-12-19,2023-08-31,2024-08-31,apps:35780/18,LONGO v. ITALY,35780/18,001-235959,4,HEDEC,Inadmissible,6|6-1|7|7-1|P1-1|35,2024,negative,published_in_window_not_added_to_guide,apps:35780/18,false,false,clean,easy
7a059e452dbd,Article 1,2023-11-14,2024-12-19,2023-08-31,2024-08-31,apps:22463/17,S.B. AND OTHERS v. SERBIA,22463/17,001-236075,4,HEDEC,Inadmissible,3|5|5-1|5-2|35,2024,negative,published_in_window_not_added_to_guide,apps:22463/17,false,false,clean,easy
7a059e452dbd,Article 1,2023-11-14,2024-12-19,2023-08-31,2024-08-31,apps:34210/19,D.H. AND OTHERS v. SWEDEN,34210/19,001-235142,3,HEJUD,Remainder inadmissible (Art. 35) Admissibility criteria;(Art. 35-3-a) Manifestly ill-founded;(Art. 35-3-a) Ratione materiae;No violation of Article 8 - Right to respect for private and family life (Article 8 - Positive obligations;Article 8-1 - Respect for family life),35|35-3-a|8|8-1,2024,negative,published_in_window_not_added_to_guide,apps:34210/19,false,false,clean,easy
7a059e452dbd,Article 1,2023-11-14,2024-12-19,2023-08-31,2024-08-31,apps:63664/19,M.A. AND OTHERS v. FRANCE,63664/19|64450/19|24387/20|24391/20|24393/20,001-235426,1,HEJUD,No violation of Article 8 - Right to respect for private and family life (Article 8-1 - Respect for private life),8|8-1|8-2,2024,negative,published_in_window_not_added_to_guide,apps:63664/19,false,false,clean,easy
7a059e452dbd,Article 1,2023-11-14,2024-12-19,2023-08-31,2024-08-31,apps:49755/18,OKUBAMICHAEL DEBRU v. SWEDEN,49755/18,001-235141,3,HEJUD,Remainder inadmissible (Art. 35) Admissibility criteria;(Art. 35-3-a) Manifestly ill-founded;No violation of Article 8 - Right to respect for private and family life (Article 8 - Positive obligations;Article 8-1 - Respect for family life),35|35-3-a|8|8-1,2024,negative,published_in_window_not_added_to_guide,apps:49755/18,false,false,clean,easy
7a059e452dbd,Article 1,2023-11-14,2024-12-19,2023-08-31,2024-08-31,apps:42221/18,ŽDANOKA v. LATVIA (No. 2),42221/18,001-235140,3,HEJUD,No violation of Article 3 of Protocol No. 1 - Right to free elections - {general} (Article 3 of Protocol No. 1 - Stand for election),P1-3,2024,negative,published_in_window_not_added_to_guide,apps:42221/18,false,false,clean,easy
7a059e452dbd,Article 1,2023-11-14,2024-12-19,2023-08-31,2024-08-31,apps:50374/21,BELOMESTNOV AND OTHERS v. RUSSIA,50374/21|32325/22|43965/22|44447/22|45200/22|45494/22|46001/22|47937/22|48301/22|48357/22|48359/22|48360/22|48600/22|49050/22|49973/22|50877/22|50899/22|50992/22|51408/22|51516/22|52115/22|52377/22|53829/22|54951/22|55875/22|57351/22|57553/22|57587/22|57728/22|7559/23|7565/23|8026/23,001-235028,4,HEJUD,Violation of Article 11 - Freedom of assembly and association (Article 11-1 - Freedom of peaceful assembly);Violation of Article 8 - Right to respect for private and family life (Article 8-1 - Respect for home);Violation of Article 5 - Right to liberty and security (Article 5-1 - Lawful arrest or detention);Violation of Article 6 - Right to a fair trial (Article 6 - Administrative proceedings;Article 6-1 - Impartial tribunal);Violation of Article 10 - Freedom of expression - {general} (Article 10-1 - Freedom of expression),11|11-1|8|8-1|5|5-1|6|6-1|10|10-1,2024,negative,published_in_window_not_added_to_guide,apps:50374/21,false,false,clean,easy
7a059e452dbd,Article 1,2023-11-14,2024-12-19,2023-08-31,2024-08-31,apps:28467/18,BUGLOV AND OTHERS v. UKRAINE,28467/18|19199/23|28939/23|32742/23|32936/23|38251/23|41227/23,001-235045,4,HEJUD,Violation of Article 6 - Right to a fair trial (Article 6 - Civil proceedings;Article 6-1 - Reasonable time);Violation of Article 13+6-1 - Right to an effective remedy (Article 13 - Effective remedy) (Article 6 - Right to a fair trial;Civil proceedings;Article 6-1 - Reasonable time),6|6-1|13|13+6-1,2024,negative,published_in_window_not_added_to_guide,apps:28467/18,false,false,clean,easy
7a059e452dbd,Article 1,2023-11-14,2024-12-19,2023-08-31,2024-08-31,apps:23734/21,DATSKO AND STEPANOV v. RUSSIA,23734/21|26987/21,001-235021,4,HEJUD,Violation of Article 6 - Right to a fair trial (Article 6 - Civil proceedings;Article 6-1 - Fair hearing),6|6-1,2024,negative,published_in_window_not_added_to_guide,apps:23734/21,false,false,clean,easy
7a059e452dbd,Article 1,2023-11-14,2024-12-19,2023-08-31,2024-08-31,apps:205/22,DERGACH AND FILIPPOV v. UKRAINE,205/22|27823/23,001-235046,4,HEJUD,Violation of Article 5 - Right to liberty and security (Article 5-3 - Length of pre-trial detention);Violation of Article 6 - Right to a fair trial (Article 6 - Criminal proceedings;Article 6-1 - Reasonable time);Violation of Article 13+6-1 - Right to an effective remedy (Article 13 - Effective remedy) (Article 6 - Right to a fair trial;Criminal proceedings;Article 6-1 - Reasonable time),5|5-3|6|6-1|13|13+6-1,2024,negative,published_in_window_not_added_to_guide,apps:205/22,false,false,clean,easy
7a059e452dbd,Article 1,2023-11-14,2024-12-19,2023-08-31,2024-08-31,apps:4325/22,DERIGLAZOV AND OTHERS v. UKRAINE,4325/22|33044/22|30740/23|33309/23|33445/23|37667/23|38261/23,001-235047,4,HEJUD,Violation of Article 6 - Right to a fair trial (Article 6 - Civil proceedings;Article 6-1 - Reasonable time);Violation of Article 13+6-1 - Right to an effective remedy (Article 13 - Effective remedy) (Article 6 - Right to a fair trial;Civil proceedings;Article 6-1 - Reasonable time),6|6-1|13|13+6-1,2024,negative,published_in_window_not_added_to_guide,apps:4325/22,false,false,clean,easy
7a059e452dbd,Article 1,2023-11-14,2024-12-19,2023-08-31,2024-08-31,apps:50942/20,DJERI AND OTHERS v. LATVIA,50942/20|2022/21,001-235015,3,HEJUD,Remainder inadmissible (Article 35-1 - Exhaustion of domestic remedies;Article 35-3-a - Ratione materiae);No violation of Article 14+P1-2 - Prohibition of discrimination (Article 14 - Discrimination) (Article 2 of Protocol No. 1 - Right to education - {general}),35|35-1|35-3-a|14|14+P1-2|P1-2,2024,negative,published_in_window_not_added_to_guide,apps:50942/20|2022/21,false,false,clean,easy
7a059e452dbd,Article 1,2023-11-14,2024-12-19,2023-08-31,2024-08-31,apps:40861/22,HANOVS v. LATVIA,40861/22,001-235016,3,HEJUD,Preliminary objection dismissed (Art. 35) Admissibility criteria;(Art. 35-1) Exhaustion of domestic remedies;Violation of Article 14+3 - Prohibition of discrimination (Article 14 - Discrimination) (Article 3 - Prohibition of torture;Effective investigation;Positive obligations);Violation of Article 14+8 - Prohibition of discrimination (Article 14 - Discrimination) (Article 8 - Right to respect for private and family life;Positive obligations;Article 8-1 - Respect for private life);Non-pecuniary damage - award (Article 41 - Non-pecuniary damage;Just satisfaction),14|14+3|3|14+8|8|8-1|41|35|35-1,2024,negative,published_in_window_not_added_to_guide,apps:40861/22,false,false,clean,easy
7a059e452dbd,Article 1,2023-11-14,2024-12-19,2023-08-31,2024-08-31,apps:6823/19,KONDRATYUK AND OTHERS v. RUSSIA,6823/19|8343/19|16932/19|15145/21,001-235029,4,HEJUD,Violation of Article 6+6-3-d - Right to a fair trial (Article 6 - Criminal proceedings;Article 6-1 - Fair hearing) (Article 6 - Right to a fair trial;Article 6-3-d - Examination of witnesses),6|6+6-3-d|6-3-d|6-1,2024,negative,published_in_window_not_added_to_guide,apps:6823/19,false,false,clean,easy
7a059e452dbd,Article 1,2023-11-14,2024-12-19,2023-08-31,2024-08-31,apps:50764/18,KRAYNEV AND OTHERS v. RUSSIA,50764/18|6236/19|58135/19|2153/23|10307/23|34914/23|36701/23,001-235019,4,HEJUD,Violation of Article 3 - Prohibition of torture (Article 3 - Degrading treatment) (Substantive aspect),3,2024,negative,published_in_window_not_added_to_guide,apps:50764/18,false,false,clean,easy
7a059e452dbd,Article 1,2023-11-14,2024-12-19,2023-08-31,2024-08-31,apps:16174/19,MESTETSKIY AND OTHERS v. RUSSIA,16174/19|32307/19|41196/20|2872/21|13712/21|17138/21|53091/21|58322/21|27161/22|34710/22|35417/22|39555/22|41109/22|41116/22|41434/22|43151/22|43533/22|329/23,001-235032,4,HEJUD,Violation of Article 10 - Freedom of expression - {general} (Article 10-1 - Freedom of expression);Violation of Article 5 - Right to liberty and security (Article 5-1 - Lawful arrest or detention);Violation of Article 6 - Right to a fair trial (Article 6 - Administrative proceedings;Article 6-1 - Impartial tribunal);Violation of Article 11 - Freedom of assembly and association (Article 11-1 - Freedom of peaceful assembly);Violation of Article 2 of Protocol No. 7 - Right of appeal in criminal matters (Article 2 of Protocol No. 7 - Review of conviction),10|10-1|5|5-1|6|6-1|11|11-1|P7-2,2024,negative,published_in_window_not_added_to_guide,apps:16174/19,false,false,clean,easy
7b2999efc3b7,Article 4 Protocol 4,2024-04-09,2024-09-30,2023-08-31,2024-08-31,apps:40776/16,GANUSHCHAK v. UKRAINE,40776/16,001-235471,4,HEJUD,Violation of Article 1 of Protocol No. 1 - Protection of property (Article 1 para. 1 of Protocol No. 1 - Peaceful enjoyment of possessions),P1-1|P1-1-1,2024,negative,published_in_window_not_added_to_guide,apps:40776/16,false,false,clean,easy
7b2999efc3b7,Article 4 Protocol 4,2024-04-09,2024-09-30,2023-08-31,2024-08-31,apps:59464/21,KHACHAPURIDZE AND KHACHIDZE v. GEORGIA,59464/21|13079/22,001-235474,3,HEJUD,Remainder inadmissible (Art. 35) Admissibility criteria;(Art. 35-3-a) Manifestly ill-founded;Violation of Article 6+6-3 - Right to a fair trial (Article 6 - Criminal proceedings;Article 6-1 - Fair hearing) (Article 6 - Right to a fair trial;Article 6-3 - Rights of defence;Article 6-3-c - Defence in person;Article 6-3-d - Examination of witnesses;Obtain attendance of witnesses);Non-pecuniary damage - award (Article 41 - Non-pecuniary damage;Just satisfaction),35|35-3-a|6|6+6-3|6-3|6-3-c|6-3-d|6-1|41,2024,negative,published_in_window_not_added_to_guide,apps:59464/21|13079/22,false,false,clean,easy
7b2999efc3b7,Article 4 Protocol 4,2024-04-09,2024-09-30,2023-08-31,2024-08-31,apps:12767/21,LEFEBVRE v. FRANCE,12767/21,001-235724,4,HEJUD,No violation of Article 10 - Freedom of expression - {general} (Article 10-1 - Freedom of expression),10|10-1,2024,negative,published_in_window_not_added_to_guide,apps:12767/21,false,false,clean,easy
7b2999efc3b7,Article 4 Protocol 4,2024-04-09,2024-09-30,2023-08-31,2024-08-31,apps:24622/22,PASQUINELLI AND OTHERS v. SAN MARINO,24622/22,001-235475,1,HEJUD,Remainder inadmissible (Art. 35) Admissibility criteria;(Art. 35-3-a) Manifestly ill-founded;(Art. 35-3-a) Ratione materiae;(Art. 35-3-a) Ratione personae;No violation of Article 8 - Right to respect for private and family life (Article 8-1 - Respect for private life),35|35-3-a|8|8-1|8-2,2024,negative,published_in_window_not_added_to_guide,apps:24622/22,false,false,clean,easy
7b2999efc3b7,Article 4 Protocol 4,2024-04-09,2024-09-30,2023-08-31,2024-08-31,apps:44681/21,TSULUKIDZE AND RUSULASHVILI v. GEORGIA,44681/21|17256/22,001-235473,3,HEJUD,Violation of Article 6 - Right to a fair trial (Article 6 - Civil proceedings;Article 6-1 - Impartial tribunal);Pecuniary damage - claim dismissed (Article 41 - Pecuniary damage;Just satisfaction);Non-pecuniary damage - award (Article 41 - Non-pecuniary damage;Just satisfaction),6|6-1|41,2024,negative,published_in_window_not_added_to_guide,apps:44681/21|17256/22,false,false,clean,easy
7b2999efc3b7,Article 4 Protocol 4,2024-04-09,2024-09-30,2023-08-31,2024-08-31,apps:33394/12,THE MEDIA RIGHTS INSTITUTE v. AZERBAIJAN,33394/12,001-236074,4,HEDEC,Inadmissible,6|6-1|10|35,2024,negative,published_in_window_not_added_to_guide,apps:33394/12,false,false,clean,easy
7b2999efc3b7,Article 4 Protocol 4,2024-04-09,2024-09-30,2023-08-31,2024-08-31,apps:28540/20,AHMED v. THE UNITED KINGDOM,28540/20,001-236079,4,HEDEC,Inadmissible,8|14|14+8|35,2024,negative,published_in_window_not_added_to_guide,apps:28540/20,false,false,clean,easy
7b2999efc3b7,Article 4 Protocol 4,2024-04-09,2024-09-30,2023-08-31,2024-08-31,apps:50058/12,B.D. v. BELGIUM,50058/12,001-235698,4,HEJUD,Violation of Article 5 - Right to liberty and security (Article 5-4 - Review of lawfulness of detention);Violation of Article 5 - Right to liberty and security (Article 5-1 - Lawful arrest or detention),5|5-4|5-1,2024,negative,published_in_window_not_added_to_guide,apps:50058/12,false,false,clean,easy
7b2999efc3b7,Article 4 Protocol 4,2024-04-09,2024-09-30,2023-08-31,2024-08-31,apps:20007/22,BIELAU v. AUSTRIA,20007/22,001-235470,3,HEJUD,No violation of Article 10 - Freedom of expression - {general},10|10-2|2|8,2024,negative,published_in_window_not_added_to_guide,apps:20007/22,false,false,clean,easy
7b2999efc3b7,Article 4 Protocol 4,2024-04-09,2024-09-30,2023-08-31,2024-08-31,apps:15028/16,HRACHYA HARUTYUNYAN v. ARMENIA,15028/16,001-235467,3,HEJUD,Violation of Article 10 - Freedom of expression - {general} (Article 10-1 - Freedom of expression);Pecuniary damage - reserved (Article 41 - Pecuniary damage;Just satisfaction);Non-pecuniary damage - award (Article 41 - Non-pecuniary damage;Just satisfaction),10|10-1|10-2|41,2024,negative,published_in_window_not_added_to_guide,apps:15028/16,false,false,clean,easy
7b2999efc3b7,Article 4 Protocol 4,2024-04-09,2024-09-30,2023-08-31,2024-08-31,apps:32887/19,İ.G. v. TÜRKİYE,32887/19,001-235468,3,HEJUD,Preliminary objection joined to merits and dismissed (Art. 34) Individual applications;(Art. 34) Victim;Violation of Article 3 - Prohibition of torture (Article 3 - Effective investigation;Positive obligations) (Procedural aspect),34|3,2024,negative,published_in_window_not_added_to_guide,apps:32887/19,false,false,clean,easy
7b2999efc3b7,Article 4 Protocol 4,2024-04-09,2024-09-30,2023-08-31,2024-08-31,apps:28791/10,NAMIK YÜKSEL v. TÜRKİYE,28791/10,001-235465,3,HEJUD,No violation of Article 8 - Right to respect for private and family life (Article 8-1 - Respect for family life),8|8-1|8-2,2024,negative,published_in_window_not_added_to_guide,apps:28791/10,false,false,clean,easy
7b2999efc3b7,Article 4 Protocol 4,2024-04-09,2024-09-30,2023-08-31,2024-08-31,apps:989/18,W.R. v. THE NETHERLANDS,989/18,001-235346,4,HEJUD,No violation of Article 6 - Right to a fair trial (Article 6-1 - Fair hearing;Article 6-3-c - Defence through legal assistance),6|6-1|6-3-c,2024,negative,published_in_window_not_added_to_guide,apps:989/18,false,false,clean,easy
7b2999efc3b7,Article 4 Protocol 4,2024-04-09,2024-09-30,2023-08-31,2024-08-31,apps:17389/20,YASAK v. TÜRKİYE,17389/20,001-235709,3,HEJUD,Remainder inadmissible (Art. 35) Admissibility criteria;(Art. 35-1) Exhaustion of domestic remedies;No violation of Article 3 - Prohibition of torture (Article 3 - Degrading treatment;Inhuman treatment) (Substantive aspect);No violation of Article 7 - No punishment without law (Article 7-1 - Nulla poena sine lege;Nullum crimen sine lege),35|35-1|3|7|7-1,2024,negative,published_in_window_not_added_to_guide,apps:17389/20,false,false,clean,easy
7b2999efc3b7,Article 4 Protocol 4,2024-04-09,2024-09-30,2023-08-31,2024-08-31,apps:35780/18,LONGO v. ITALY,35780/18,001-235959,4,HEDEC,Inadmissible,6|6-1|7|7-1|P1-1|35,2024,negative,published_in_window_not_added_to_guide,apps:35780/18,false,false,clean,easy
7b2999efc3b7,Article 4 Protocol 4,2024-04-09,2024-09-30,2023-08-31,2024-08-31,apps:22463/17,S.B. AND OTHERS v. SERBIA,22463/17,001-236075,4,HEDEC,Inadmissible,3|5|5-1|5-2|35,2024,negative,published_in_window_not_added_to_guide,apps:22463/17,false,false,clean,easy
7b2999efc3b7,Article 4 Protocol 4,2024-04-09,2024-09-30,2023-08-31,2024-08-31,apps:2327/20,COUSO PERMUY v. SPAIN,2327/20,001-235144,3,HEJUD,No violation of Article 6 - Right to a fair trial (Article 6 - Civil proceedings;Article 6-1 - Access to court),6|6-1|1,2024,negative,published_in_window_not_added_to_guide,apps:2327/20,false,false,clean,easy
7b2999efc3b7,Article 4 Protocol 4,2024-04-09,2024-09-30,2023-08-31,2024-08-31,apps:34210/19,D.H. AND OTHERS v. SWEDEN,34210/19,001-235142,3,HEJUD,Remainder inadmissible (Art. 35) Admissibility criteria;(Art. 35-3-a) Manifestly ill-founded;(Art. 35-3-a) Ratione materiae;No violation of Article 8 - Right to respect for private and family life (Article 8 - Positive obligations;Article 8-1 - Respect for family life),35|35-3-a|8|8-1,2024,negative,published_in_window_not_added_to_guide,apps:34210/19,false,false,clean,easy
7b2999efc3b7,Article 4 Protocol 4,2024-04-09,2024-09-30,2023-08-31,2024-08-31,apps:63664/19,M.A. AND OTHERS v. FRANCE,63664/19|64450/19|24387/20|24391/20|24393/20,001-235426,1,HEJUD,No violation of Article 8 - Right to respect for private and family life (Article 8-1 - Respect for private life),8|8-1|8-2,2024,negative,published_in_window_not_added_to_guide,apps:63664/19,false,false,clean,easy
7b2999efc3b7,Article 4 Protocol 4,2024-04-09,2024-09-30,2023-08-31,2024-08-31,apps:49755/18,OKUBAMICHAEL DEBRU v. SWEDEN,49755/18,001-235141,3,HEJUD,Remainder inadmissible (Art. 35) Admissibility criteria;(Art. 35-3-a) Manifestly ill-founded;No violation of Article 8 - Right to respect for private and family life (Article 8 - Positive obligations;Article 8-1 - Respect for family life),35|35-3-a|8|8-1,2024,negative,published_in_window_not_added_to_guide,apps:49755/18,false,false,clean,easy
7b2999efc3b7,Article 4 Protocol 4,2024-04-09,2024-09-30,2023-08-31,2024-08-31,apps:42221/18,ŽDANOKA v. LATVIA (No. 2),42221/18,001-235140,3,HEJUD,No violation of Article 3 of Protocol No. 1 - Right to free elections - {general} (Article 3 of Protocol No. 1 - Stand for election),P1-3,2024,negative,published_in_window_not_added_to_guide,apps:42221/18,false,false,clean,easy
7b2999efc3b7,Article 4 Protocol 4,2024-04-09,2024-09-30,2023-08-31,2024-08-31,apps:50374/21,BELOMESTNOV AND OTHERS v. RUSSIA,50374/21|32325/22|43965/22|44447/22|45200/22|45494/22|46001/22|47937/22|48301/22|48357/22|48359/22|48360/22|48600/22|49050/22|49973/22|50877/22|50899/22|50992/22|51408/22|51516/22|52115/22|52377/22|53829/22|54951/22|55875/22|57351/22|57553/22|57587/22|57728/22|7559/23|7565/23|8026/23,001-235028,4,HEJUD,Violation of Article 11 - Freedom of assembly and association (Article 11-1 - Freedom of peaceful assembly);Violation of Article 8 - Right to respect for private and family life (Article 8-1 - Respect for home);Violation of Article 5 - Right to liberty and security (Article 5-1 - Lawful arrest or detention);Violation of Article 6 - Right to a fair trial (Article 6 - Administrative proceedings;Article 6-1 - Impartial tribunal);Violation of Article 10 - Freedom of expression - {general} (Article 10-1 - Freedom of expression),11|11-1|8|8-1|5|5-1|6|6-1|10|10-1,2024,negative,published_in_window_not_added_to_guide,apps:50374/21,false,false,clean,easy
7b2999efc3b7,Article 4 Protocol 4,2024-04-09,2024-09-30,2023-08-31,2024-08-31,apps:28467/18,BUGLOV AND OTHERS v. UKRAINE,28467/18|19199/23|28939/23|32742/23|32936/23|38251/23|41227/23,001-235045,4,HEJUD,Violation of Article 6 - Right to a fair trial (Article 6 - Civil proceedings;Article 6-1 - Reasonable time);Violation of Article 13+6-1 - Right to an effective remedy (Article 13 - Effective remedy) (Article 6 - Right to a fair trial;Civil proceedings;Article 6-1 - Reasonable time),6|6-1|13|13+6-1,2024,negative,published_in_window_not_added_to_guide,apps:28467/18,false,false,clean,easy
7b2999efc3b7,Article 4 Protocol 4,2024-04-09,2024-09-30,2023-08-31,2024-08-31,apps:23734/21,DATSKO AND STEPANOV v. RUSSIA,23734/21|26987/21,001-235021,4,HEJUD,Violation of Article 6 - Right to a fair trial (Article 6 - Civil proceedings;Article 6-1 - Fair hearing),6|6-1,2024,negative,published_in_window_not_added_to_guide,apps:23734/21,false,false,clean,easy
7b2999efc3b7,Article 4 Protocol 4,2024-04-09,2024-09-30,2023-08-31,2024-08-31,apps:205/22,DERGACH AND FILIPPOV v. UKRAINE,205/22|27823/23,001-235046,4,HEJUD,Violation of Article 5 - Right to liberty and security (Article 5-3 - Length of pre-trial detention);Violation of Article 6 - Right to a fair trial (Article 6 - Criminal proceedings;Article 6-1 - Reasonable time);Violation of Article 13+6-1 - Right to an effective remedy (Article 13 - Effective remedy) (Article 6 - Right to a fair trial;Criminal proceedings;Article 6-1 - Reasonable time),5|5-3|6|6-1|13|13+6-1,2024,negative,published_in_window_not_added_to_guide,apps:205/22,false,false,clean,easy
7b2999efc3b7,Article 4 Protocol 4,2024-04-09,2024-09-30,2023-08-31,2024-08-31,apps:4325/22,DERIGLAZOV AND OTHERS v. UKRAINE,4325/22|33044/22|30740/23|33309/23|33445/23|37667/23|38261/23,001-235047,4,HEJUD,Violation of Article 6 - Right to a fair trial (Article 6 - Civil proceedings;Article 6-1 - Reasonable time);Violation of Article 13+6-1 - Right to an effective remedy (Article 13 - Effective remedy) (Article 6 - Right to a fair trial;Civil proceedings;Article 6-1 - Reasonable time),6|6-1|13|13+6-1,2024,negative,published_in_window_not_added_to_guide,apps:4325/22,false,false,clean,easy
7b2999efc3b7,Article 4 Protocol 4,2024-04-09,2024-09-30,2023-08-31,2024-08-31,apps:50942/20,DJERI AND OTHERS v. LATVIA,50942/20|2022/21,001-235015,3,HEJUD,Remainder inadmissible (Article 35-1 - Exhaustion of domestic remedies;Article 35-3-a - Ratione materiae);No violation of Article 14+P1-2 - Prohibition of discrimination (Article 14 - Discrimination) (Article 2 of Protocol No. 1 - Right to education - {general}),35|35-1|35-3-a|14|14+P1-2|P1-2,2024,negative,published_in_window_not_added_to_guide,apps:50942/20|2022/21,false,false,clean,easy
7b2999efc3b7,Article 4 Protocol 4,2024-04-09,2024-09-30,2023-08-31,2024-08-31,apps:40861/22,HANOVS v. LATVIA,40861/22,001-235016,3,HEJUD,Preliminary objection dismissed (Art. 35) Admissibility criteria;(Art. 35-1) Exhaustion of domestic remedies;Violation of Article 14+3 - Prohibition of discrimination (Article 14 - Discrimination) (Article 3 - Prohibition of torture;Effective investigation;Positive obligations);Violation of Article 14+8 - Prohibition of discrimination (Article 14 - Discrimination) (Article 8 - Right to respect for private and family life;Positive obligations;Article 8-1 - Respect for private life);Non-pecuniary damage - award (Article 41 - Non-pecuniary damage;Just satisfaction),14|14+3|3|14+8|8|8-1|41|35|35-1,2024,negative,published_in_window_not_added_to_guide,apps:40861/22,false,false,clean,easy
7b2999efc3b7,Article 4 Protocol 4,2024-04-09,2024-09-30,2023-08-31,2024-08-31,apps:6823/19,KONDRATYUK AND OTHERS v. RUSSIA,6823/19|8343/19|16932/19|15145/21,001-235029,4,HEJUD,Violation of Article 6+6-3-d - Right to a fair trial (Article 6 - Criminal proceedings;Article 6-1 - Fair hearing) (Article 6 - Right to a fair trial;Article 6-3-d - Examination of witnesses),6|6+6-3-d|6-3-d|6-1,2024,negative,published_in_window_not_added_to_guide,apps:6823/19,false,false,clean,easy
7b2999efc3b7,Article 4 Protocol 4,2024-04-09,2024-09-30,2023-08-31,2024-08-31,apps:50764/18,KRAYNEV AND OTHERS v. RUSSIA,50764/18|6236/19|58135/19|2153/23|10307/23|34914/23|36701/23,001-235019,4,HEJUD,Violation of Article 3 - Prohibition of torture (Article 3 - Degrading treatment) (Substantive aspect),3,2024,negative,published_in_window_not_added_to_guide,apps:50764/18,false,false,clean,easy
acdaf72cea98,Article 3,2024-02-23,2024-09-30,2023-08-31,2024-08-31,apps:40776/16,GANUSHCHAK v. UKRAINE,40776/16,001-235471,4,HEJUD,Violation of Article 1 of Protocol No. 1 - Protection of property (Article 1 para. 1 of Protocol No. 1 - Peaceful enjoyment of possessions),P1-1|P1-1-1,2024,negative,published_in_window_not_added_to_guide,apps:40776/16,false,false,clean,easy
acdaf72cea98,Article 3,2024-02-23,2024-09-30,2023-08-31,2024-08-31,apps:59464/21,KHACHAPURIDZE AND KHACHIDZE v. GEORGIA,59464/21|13079/22,001-235474,3,HEJUD,Remainder inadmissible (Art. 35) Admissibility criteria;(Art. 35-3-a) Manifestly ill-founded;Violation of Article 6+6-3 - Right to a fair trial (Article 6 - Criminal proceedings;Article 6-1 - Fair hearing) (Article 6 - Right to a fair trial;Article 6-3 - Rights of defence;Article 6-3-c - Defence in person;Article 6-3-d - Examination of witnesses;Obtain attendance of witnesses);Non-pecuniary damage - award (Article 41 - Non-pecuniary damage;Just satisfaction),35|35-3-a|6|6+6-3|6-3|6-3-c|6-3-d|6-1|41,2024,negative,published_in_window_not_added_to_guide,apps:59464/21|13079/22,false,false,clean,easy
acdaf72cea98,Article 3,2024-02-23,2024-09-30,2023-08-31,2024-08-31,apps:12767/21,LEFEBVRE v. FRANCE,12767/21,001-235724,4,HEJUD,No violation of Article 10 - Freedom of expression - {general} (Article 10-1 - Freedom of expression),10|10-1,2024,negative,published_in_window_not_added_to_guide,apps:12767/21,false,false,clean,easy
acdaf72cea98,Article 3,2024-02-23,2024-09-30,2023-08-31,2024-08-31,apps:24622/22,PASQUINELLI AND OTHERS v. SAN MARINO,24622/22,001-235475,1,HEJUD,Remainder inadmissible (Art. 35) Admissibility criteria;(Art. 35-3-a) Manifestly ill-founded;(Art. 35-3-a) Ratione materiae;(Art. 35-3-a) Ratione personae;No violation of Article 8 - Right to respect for private and family life (Article 8-1 - Respect for private life),35|35-3-a|8|8-1|8-2,2024,negative,published_in_window_not_added_to_guide,apps:24622/22,false,false,clean,easy
acdaf72cea98,Article 3,2024-02-23,2024-09-30,2023-08-31,2024-08-31,apps:44681/21,TSULUKIDZE AND RUSULASHVILI v. GEORGIA,44681/21|17256/22,001-235473,3,HEJUD,Violation of Article 6 - Right to a fair trial (Article 6 - Civil proceedings;Article 6-1 - Impartial tribunal);Pecuniary damage - claim dismissed (Article 41 - Pecuniary damage;Just satisfaction);Non-pecuniary damage - award (Article 41 - Non-pecuniary damage;Just satisfaction),6|6-1|41,2024,negative,published_in_window_not_added_to_guide,apps:44681/21|17256/22,false,false,clean,easy
acdaf72cea98,Article 3,2024-02-23,2024-09-30,2023-08-31,2024-08-31,apps:33394/12,THE MEDIA RIGHTS INSTITUTE v. AZERBAIJAN,33394/12,001-236074,4,HEDEC,Inadmissible,6|6-1|10|35,2024,negative,published_in_window_not_added_to_guide,apps:33394/12,false,false,clean,easy
acdaf72cea98,Article 3,2024-02-23,2024-09-30,2023-08-31,2024-08-31,apps:28540/20,AHMED v. THE UNITED KINGDOM,28540/20,001-236079,4,HEDEC,Inadmissible,8|14|14+8|35,2024,negative,published_in_window_not_added_to_guide,apps:28540/20,false,false,clean,easy
acdaf72cea98,Article 3,2024-02-23,2024-09-30,2023-08-31,2024-08-31,apps:50058/12,B.D. v. BELGIUM,50058/12,001-235698,4,HEJUD,Violation of Article 5 - Right to liberty and security (Article 5-4 - Review of lawfulness of detention);Violation of Article 5 - Right to liberty and security (Article 5-1 - Lawful arrest or detention),5|5-4|5-1,2024,negative,published_in_window_not_added_to_guide,apps:50058/12,false,false,clean,easy
acdaf72cea98,Article 3,2024-02-23,2024-09-30,2023-08-31,2024-08-31,apps:20007/22,BIELAU v. AUSTRIA,20007/22,001-235470,3,HEJUD,No violation of Article 10 - Freedom of expression - {general},10|10-2|2|8,2024,negative,published_in_window_not_added_to_guide,apps:20007/22,false,false,clean,easy
acdaf72cea98,Article 3,2024-02-23,2024-09-30,2023-08-31,2024-08-31,apps:15028/16,HRACHYA HARUTYUNYAN v. ARMENIA,15028/16,001-235467,3,HEJUD,Violation of Article 10 - Freedom of expression - {general} (Article 10-1 - Freedom of expression);Pecuniary damage - reserved (Article 41 - Pecuniary damage;Just satisfaction);Non-pecuniary damage - award (Article 41 - Non-pecuniary damage;Just satisfaction),10|10-1|10-2|41,2024,negative,published_in_window_not_added_to_guide,apps:15028/16,false,false,clean,easy
acdaf72cea98,Article 3,2024-02-23,2024-09-30,2023-08-31,2024-08-31,apps:32887/19,İ.G. v. TÜRKİYE,32887/19,001-235468,3,HEJUD,Preliminary objection joined to merits and dismissed (Art. 34) Individual applications;(Art. 34) Victim;Violation of Article 3 - Prohibition of torture (Article 3 - Effective investigation;Positive obligations) (Procedural aspect),34|3,2024,negative,published_in_window_not_added_to_guide,apps:32887/19,false,false,clean,easy
acdaf72cea98,Article 3,2024-02-23,2024-09-30,2023-08-31,2024-08-31,apps:28791/10,NAMIK YÜKSEL v. TÜRKİYE,28791/10,001-235465,3,HEJUD,No violation of Article 8 - Right to respect for private and family life (Article 8-1 - Respect for family life),8|8-1|8-2,2024,negative,published_in_window_not_added_to_guide,apps:28791/10,false,false,clean,easy
acdaf72cea98,Article 3,2024-02-23,2024-09-30,2023-08-31,2024-08-31,apps:989/18,W.R. v. THE NETHERLANDS,989/18,001-235346,4,HEJUD,No violation of Article 6 - Right to a fair trial (Article 6-1 - Fair hearing;Article 6-3-c - Defence through legal assistance),6|6-1|6-3-c,2024,negative,published_in_window_not_added_to_guide,apps:989/18,false,false,clean,easy
acdaf72cea98,Article 3,2024-02-23,2024-09-30,2023-08-31,2024-08-31,apps:17389/20,YASAK v. TÜRKİYE,17389/20,001-235709,3,HEJUD,Remainder inadmissible (Art. 35) Admissibility criteria;(Art. 35-1) Exhaustion of domestic remedies;No violation of Article 3 - Prohibition of torture (Article 3 - Degrading treatment;Inhuman treatment) (Substantive aspect);No violation of Article 7 - No punishment without law (Article 7-1 - Nulla poena sine lege;Nullum crimen sine lege),35|35-1|3|7|7-1,2024,negative,published_in_window_not_added_to_guide,apps:17389/20,false,false,clean,easy
acdaf72cea98,Article 3,2024-02-23,2024-09-30,2023-08-31,2024-08-31,apps:35780/18,LONGO v. ITALY,35780/18,001-235959,4,HEDEC,Inadmissible,6|6-1|7|7-1|P1-1|35,2024,negative,published_in_window_not_added_to_guide,apps:35780/18,false,false,clean,easy
acdaf72cea98,Article 3,2024-02-23,2024-09-30,2023-08-31,2024-08-31,apps:22463/17,S.B. AND OTHERS v. SERBIA,22463/17,001-236075,4,HEDEC,Inadmissible,3|5|5-1|5-2|35,2024,negative,published_in_window_not_added_to_guide,apps:22463/17,false,false,clean,easy
acdaf72cea98,Article 3,2024-02-23,2024-09-30,2023-08-31,2024-08-31,apps:2327/20,COUSO PERMUY v. SPAIN,2327/20,001-235144,3,HEJUD,No violation of Article 6 - Right to a fair trial (Article 6 - Civil proceedings;Article 6-1 - Access to court),6|6-1|1,2024,negative,published_in_window_not_added_to_guide,apps:2327/20,false,false,clean,easy
acdaf72cea98,Article 3,2024-02-23,2024-09-30,2023-08-31,2024-08-31,apps:34210/19,D.H. AND OTHERS v. SWEDEN,34210/19,001-235142,3,HEJUD,Remainder inadmissible (Art. 35) Admissibility criteria;(Art. 35-3-a) Manifestly ill-founded;(Art. 35-3-a) Ratione materiae;No violation of Article 8 - Right to respect for private and family life (Article 8 - Positive obligations;Article 8-1 - Respect for family life),35|35-3-a|8|8-1,2024,negative,published_in_window_not_added_to_guide,apps:34210/19,false,false,clean,easy
acdaf72cea98,Article 3,2024-02-23,2024-09-30,2023-08-31,2024-08-31,apps:63664/19,M.A. AND OTHERS v. FRANCE,63664/19|64450/19|24387/20|24391/20|24393/20,001-235426,1,HEJUD,No violation of Article 8 - Right to respect for private and family life (Article 8-1 - Respect for private life),8|8-1|8-2,2024,negative,published_in_window_not_added_to_guide,apps:63664/19,false,false,clean,easy
acdaf72cea98,Article 3,2024-02-23,2024-09-30,2023-08-31,2024-08-31,apps:49755/18,OKUBAMICHAEL DEBRU v. SWEDEN,49755/18,001-235141,3,HEJUD,Remainder inadmissible (Art. 35) Admissibility criteria;(Art. 35-3-a) Manifestly ill-founded;No violation of Article 8 - Right to respect for private and family life (Article 8 - Positive obligations;Article 8-1 - Respect for family life),35|35-3-a|8|8-1,2024,negative,published_in_window_not_added_to_guide,apps:49755/18,false,false,clean,easy
acdaf72cea98,Article 3,2024-02-23,2024-09-30,2023-08-31,2024-08-31,apps:42221/18,ŽDANOKA v. LATVIA (No. 2),42221/18,001-235140,3,HEJUD,No violation of Article 3 of Protocol No. 1 - Right to free elections - {general} (Article 3 of Protocol No. 1 - Stand for election),P1-3,2024,negative,published_in_window_not_added_to_guide,apps:42221/18,false,false,clean,easy
acdaf72cea98,Article 3,2024-02-23,2024-09-30,2023-08-31,2024-08-31,apps:50374/21,BELOMESTNOV AND OTHERS v. RUSSIA,50374/21|32325/22|43965/22|44447/22|45200/22|45494/22|46001/22|47937/22|48301/22|48357/22|48359/22|48360/22|48600/22|49050/22|49973/22|50877/22|50899/22|50992/22|51408/22|51516/22|52115/22|52377/22|53829/22|54951/22|55875/22|57351/22|57553/22|57587/22|57728/22|7559/23|7565/23|8026/23,001-235028,4,HEJUD,Violation of Article 11 - Freedom of assembly and association (Article 11-1 - Freedom of peaceful assembly);Violation of Article 8 - Right to respect for private and family life (Article 8-1 - Respect for home);Violation of Article 5 - Right to liberty and security (Article 5-1 - Lawful arrest or detention);Violation of Article 6 - Right to a fair trial (Article 6 - Administrative proceedings;Article 6-1 - Impartial tribunal);Violation of Article 10 - Freedom of expression - {general} (Article 10-1 - Freedom of expression),11|11-1|8|8-1|5|5-1|6|6-1|10|10-1,2024,negative,published_in_window_not_added_to_guide,apps:50374/21,false,false,clean,easy
acdaf72cea98,Article 3,2024-02-23,2024-09-30,2023-08-31,2024-08-31,apps:28467/18,BUGLOV AND OTHERS v. UKRAINE,28467/18|19199/23|28939/23|32742/23|32936/23|38251/23|41227/23,001-235045,4,HEJUD,Violation of Article 6 - Right to a fair trial (Article 6 - Civil proceedings;Article 6-1 - Reasonable time);Violation of Article 13+6-1 - Right to an effective remedy (Article 13 - Effective remedy) (Article 6 - Right to a fair trial;Civil proceedings;Article 6-1 - Reasonable time),6|6-1|13|13+6-1,2024,negative,published_in_window_not_added_to_guide,apps:28467/18,false,false,clean,easy
acdaf72cea98,Article 3,2024-02-23,2024-09-30,2023-08-31,2024-08-31,apps:23734/21,DATSKO AND STEPANOV v. RUSSIA,23734/21|26987/21,001-235021,4,HEJUD,Violation of Article 6 - Right to a fair trial (Article 6 - Civil proceedings;Article 6-1 - Fair hearing),6|6-1,2024,negative,published_in_window_not_added_to_guide,apps:23734/21,false,false,clean,easy
acdaf72cea98,Article 3,2024-02-23,2024-09-30,2023-08-31,2024-08-31,apps:205/22,DERGACH AND FILIPPOV v. UKRAINE,205/22|27823/23,001-235046,4,HEJUD,Violation of Article 5 - Right to liberty and security (Article 5-3 - Length of pre-trial detention);Violation of Article 6 - Right to a fair trial (Article 6 - Criminal proceedings;Article 6-1 - Reasonable time);Violation of Article 13+6-1 - Right to an effective remedy (Article 13 - Effective remedy) (Article 6 - Right to a fair trial;Criminal proceedings;Article 6-1 - Reasonable time),5|5-3|6|6-1|13|13+6-1,2024,negative,published_in_window_not_added_to_guide,apps:205/22,false,false,clean,easy
acdaf72cea98,Article 3,2024-02-23,2024-09-30,2023-08-31,2024-08-31,apps:4325/22,DERIGLAZOV AND OTHERS v. UKRAINE,4325/22|33044/22|30740/23|33309/23|33445/23|37667/23|38261/23,001-235047,4,HEJUD,Violation of Article 6 - Right to a fair trial (Article 6 - Civil proceedings;Article 6-1 - Reasonable time);Violation of Article 13+6-1 - Right to an effective remedy (Article 13 - Effective remedy) (Article 6 - Right to a fair trial;Civil proceedings;Article 6-1 - Reasonable time),6|6-1|13|13+6-1,2024,negative,published_in_window_not_added_to_guide,apps:4325/22,false,false,clean,easy
acdaf72cea98,Article 3,2024-02-23,2024-09-30,2023-08-31,2024-08-31,apps:50942/20,DJERI AND OTHERS v. LATVIA,50942/20|2022/21,001-235015,3,HEJUD,Remainder inadmissible (Article 35-1 - Exhaustion of domestic remedies;Article 35-3-a - Ratione materiae);No violation of Article 14+P1-2 - Prohibition of discrimination (Article 14 - Discrimination) (Article 2 of Protocol No. 1 - Right to education - {general}),35|35-1|35-3-a|14|14+P1-2|P1-2,2024,negative,published_in_window_not_added_to_guide,apps:50942/20|2022/21,false,false,clean,easy
acdaf72cea98,Article 3,2024-02-23,2024-09-30,2023-08-31,2024-08-31,apps:40861/22,HANOVS v. LATVIA,40861/22,001-235016,3,HEJUD,Preliminary objection dismissed (Art. 35) Admissibility criteria;(Art. 35-1) Exhaustion of domestic remedies;Violation of Article 14+3 - Prohibition of discrimination (Article 14 - Discrimination) (Article 3 - Prohibition of torture;Effective investigation;Positive obligations);Violation of Article 14+8 - Prohibition of discrimination (Article 14 - Discrimination) (Article 8 - Right to respect for private and family life;Positive obligations;Article 8-1 - Respect for private life);Non-pecuniary damage - award (Article 41 - Non-pecuniary damage;Just satisfaction),14|14+3|3|14+8|8|8-1|41|35|35-1,2024,negative,published_in_window_not_added_to_guide,apps:40861/22,false,false,clean,easy
acdaf72cea98,Article 3,2024-02-23,2024-09-30,2023-08-31,2024-08-31,apps:6823/19,KONDRATYUK AND OTHERS v. RUSSIA,6823/19|8343/19|16932/19|15145/21,001-235029,4,HEJUD,Violation of Article 6+6-3-d - Right to a fair trial (Article 6 - Criminal proceedings;Article 6-1 - Fair hearing) (Article 6 - Right to a fair trial;Article 6-3-d - Examination of witnesses),6|6+6-3-d|6-3-d|6-1,2024,negative,published_in_window_not_added_to_guide,apps:6823/19,false,false,clean,easy
acdaf72cea98,Article 3,2024-02-23,2024-09-30,2023-08-31,2024-08-31,apps:50764/18,KRAYNEV AND OTHERS v. RUSSIA,50764/18|6236/19|58135/19|2153/23|10307/23|34914/23|36701/23,001-235019,4,HEJUD,Violation of Article 3 - Prohibition of torture (Article 3 - Degrading treatment) (Substantive aspect),3,2024,negative,published_in_window_not_added_to_guide,apps:50764/18,false,false,clean,easy
ed0ed05ac958,Article 46,2024-02-16,2024-09-30,2023-08-31,2024-08-31,apps:40776/16,GANUSHCHAK v. UKRAINE,40776/16,001-235471,4,HEJUD,Violation of Article 1 of Protocol No. 1 - Protection of property (Article 1 para. 1 of Protocol No. 1 - Peaceful enjoyment of possessions),P1-1|P1-1-1,2024,negative,published_in_window_not_added_to_guide,apps:40776/16,false,false,clean,easy
ed0ed05ac958,Article 46,2024-02-16,2024-09-30,2023-08-31,2024-08-31,apps:59464/21,KHACHAPURIDZE AND KHACHIDZE v. GEORGIA,59464/21|13079/22,001-235474,3,HEJUD,Remainder inadmissible (Art. 35) Admissibility criteria;(Art. 35-3-a) Manifestly ill-founded;Violation of Article 6+6-3 - Right to a fair trial (Article 6 - Criminal proceedings;Article 6-1 - Fair hearing) (Article 6 - Right to a fair trial;Article 6-3 - Rights of defence;Article 6-3-c - Defence in person;Article 6-3-d - Examination of witnesses;Obtain attendance of witnesses);Non-pecuniary damage - award (Article 41 - Non-pecuniary damage;Just satisfaction),35|35-3-a|6|6+6-3|6-3|6-3-c|6-3-d|6-1|41,2024,negative,published_in_window_not_added_to_guide,apps:59464/21|13079/22,false,false,clean,easy
ed0ed05ac958,Article 46,2024-02-16,2024-09-30,2023-08-31,2024-08-31,apps:12767/21,LEFEBVRE v. FRANCE,12767/21,001-235724,4,HEJUD,No violation of Article 10 - Freedom of expression - {general} (Article 10-1 - Freedom of expression),10|10-1,2024,negative,published_in_window_not_added_to_guide,apps:12767/21,false,false,clean,easy
ed0ed05ac958,Article 46,2024-02-16,2024-09-30,2023-08-31,2024-08-31,apps:24622/22,PASQUINELLI AND OTHERS v. SAN MARINO,24622/22,001-235475,1,HEJUD,Remainder inadmissible (Art. 35) Admissibility criteria;(Art. 35-3-a) Manifestly ill-founded;(Art. 35-3-a) Ratione materiae;(Art. 35-3-a) Ratione personae;No violation of Article 8 - Right to respect for private and family life (Article 8-1 - Respect for private life),35|35-3-a|8|8-1|8-2,2024,negative,published_in_window_not_added_to_guide,apps:24622/22,false,false,clean,easy
ed0ed05ac958,Article 46,2024-02-16,2024-09-30,2023-08-31,2024-08-31,apps:44681/21,TSULUKIDZE AND RUSULASHVILI v. GEORGIA,44681/21|17256/22,001-235473,3,HEJUD,Violation of Article 6 - Right to a fair trial (Article 6 - Civil proceedings;Article 6-1 - Impartial tribunal);Pecuniary damage - claim dismissed (Article 41 - Pecuniary damage;Just satisfaction);Non-pecuniary damage - award (Article 41 - Non-pecuniary damage;Just satisfaction),6|6-1|41,2024,negative,published_in_window_not_added_to_guide,apps:44681/21|17256/22,false,false,clean,easy
ed0ed05ac958,Article 46,2024-02-16,2024-09-30,2023-08-31,2024-08-31,apps:33394/12,THE MEDIA RIGHTS INSTITUTE v. AZERBAIJAN,33394/12,001-236074,4,HEDEC,Inadmissible,6|6-1|10|35,2024,negative,published_in_window_not_added_to_guide,apps:33394/12,false,false,clean,easy
ed0ed05ac958,Article 46,2024-02-16,2024-09-30,2023-08-31,2024-08-31,apps:28540/20,AHMED v. THE UNITED KINGDOM,28540/20,001-236079,4,HEDEC,Inadmissible,8|14|14+8|35,2024,negative,published_in_window_not_added_to_guide,apps:28540/20,false,false,clean,easy
ed0ed05ac958,Article 46,2024-02-16,2024-09-30,2023-08-31,2024-08-31,apps:50058/12,B.D. v. BELGIUM,50058/12,001-235698,4,HEJUD,Violation of Article 5 - Right to liberty and security (Article 5-4 - Review of lawfulness of detention);Violation of Article 5 - Right to liberty and security (Article 5-1 - Lawful arrest or detention),5|5-4|5-1,2024,negative,published_in_window_not_added_to_guide,apps:50058/12,false,false,clean,easy
ed0ed05ac958,Article 46,2024-02-16,2024-09-30,2023-08-31,2024-08-31,apps:20007/22,BIELAU v. AUSTRIA,20007/22,001-235470,3,HEJUD,No violation of Article 10 - Freedom of expression - {general},10|10-2|2|8,2024,negative,published_in_window_not_added_to_guide,apps:20007/22,false,false,clean,easy
ed0ed05ac958,Article 46,2024-02-16,2024-09-30,2023-08-31,2024-08-31,apps:15028/16,HRACHYA HARUTYUNYAN v. ARMENIA,15028/16,001-235467,3,HEJUD,Violation of Article 10 - Freedom of expression - {general} (Article 10-1 - Freedom of expression);Pecuniary damage - reserved (Article 41 - Pecuniary damage;Just satisfaction);Non-pecuniary damage - award (Article 41 - Non-pecuniary damage;Just satisfaction),10|10-1|10-2|41,2024,negative,published_in_window_not_added_to_guide,apps:15028/16,false,false,clean,easy
ed0ed05ac958,Article 46,2024-02-16,2024-09-30,2023-08-31,2024-08-31,apps:32887/19,İ.G. v. TÜRKİYE,32887/19,001-235468,3,HEJUD,Preliminary objection joined to merits and dismissed (Art. 34) Individual applications;(Art. 34) Victim;Violation of Article 3 - Prohibition of torture (Article 3 - Effective investigation;Positive obligations) (Procedural aspect),34|3,2024,negative,published_in_window_not_added_to_guide,apps:32887/19,false,false,clean,easy
ed0ed05ac958,Article 46,2024-02-16,2024-09-30,2023-08-31,2024-08-31,apps:28791/10,NAMIK YÜKSEL v. TÜRKİYE,28791/10,001-235465,3,HEJUD,No violation of Article 8 - Right to respect for private and family life (Article 8-1 - Respect for family life),8|8-1|8-2,2024,negative,published_in_window_not_added_to_guide,apps:28791/10,false,false,clean,easy
ed0ed05ac958,Article 46,2024-02-16,2024-09-30,2023-08-31,2024-08-31,apps:989/18,W.R. v. THE NETHERLANDS,989/18,001-235346,4,HEJUD,No violation of Article 6 - Right to a fair trial (Article 6-1 - Fair hearing;Article 6-3-c - Defence through legal assistance),6|6-1|6-3-c,2024,negative,published_in_window_not_added_to_guide,apps:989/18,false,false,clean,easy
ed0ed05ac958,Article 46,2024-02-16,2024-09-30,2023-08-31,2024-08-31,apps:17389/20,YASAK v. TÜRKİYE,17389/20,001-235709,3,HEJUD,Remainder inadmissible (Art. 35) Admissibility criteria;(Art. 35-1) Exhaustion of domestic remedies;No violation of Article 3 - Prohibition of torture (Article 3 - Degrading treatment;Inhuman treatment) (Substantive aspect);No violation of Article 7 - No punishment without law (Article 7-1 - Nulla poena sine lege;Nullum crimen sine lege),35|35-1|3|7|7-1,2024,negative,published_in_window_not_added_to_guide,apps:17389/20,false,false,clean,easy
ed0ed05ac958,Article 46,2024-02-16,2024-09-30,2023-08-31,2024-08-31,apps:35780/18,LONGO v. ITALY,35780/18,001-235959,4,HEDEC,Inadmissible,6|6-1|7|7-1|P1-1|35,2024,negative,published_in_window_not_added_to_guide,apps:35780/18,false,false,clean,easy
ed0ed05ac958,Article 46,2024-02-16,2024-09-30,2023-08-31,2024-08-31,apps:22463/17,S.B. AND OTHERS v. SERBIA,22463/17,001-236075,4,HEDEC,Inadmissible,3|5|5-1|5-2|35,2024,negative,published_in_window_not_added_to_guide,apps:22463/17,false,false,clean,easy
ed0ed05ac958,Article 46,2024-02-16,2024-09-30,2023-08-31,2024-08-31,apps:2327/20,COUSO PERMUY v. SPAIN,2327/20,001-235144,3,HEJUD,No violation of Article 6 - Right to a fair trial (Article 6 - Civil proceedings;Article 6-1 - Access to court),6|6-1|1,2024,negative,published_in_window_not_added_to_guide,apps:2327/20,false,false,clean,easy
ed0ed05ac958,Article 46,2024-02-16,2024-09-30,2023-08-31,2024-08-31,apps:34210/19,D.H. AND OTHERS v. SWEDEN,34210/19,001-235142,3,HEJUD,Remainder inadmissible (Art. 35) Admissibility criteria;(Art. 35-3-a) Manifestly ill-founded;(Art. 35-3-a) Ratione materiae;No violation of Article 8 - Right to respect for private and family life (Article 8 - Positive obligations;Article 8-1 - Respect for family life),35|35-3-a|8|8-1,2024,negative,published_in_window_not_added_to_guide,apps:34210/19,false,false,clean,easy
ed0ed05ac958,Article 46,2024-02-16,2024-09-30,2023-08-31,2024-08-31,apps:63664/19,M.A. AND OTHERS v. FRANCE,63664/19|64450/19|24387/20|24391/20|24393/20,001-235426,1,HEJUD,No violation of Article 8 - Right to respect for private and family life (Article 8-1 - Respect for private life),8|8-1|8-2,2024,negative,published_in_window_not_added_to_guide,apps:63664/19,false,false,clean,easy
ed0ed05ac958,Article 46,2024-02-16,2024-09-30,2023-08-31,2024-08-31,apps:49755/18,OKUBAMICHAEL DEBRU v. SWEDEN,49755/18,001-235141,3,HEJUD,Remainder inadmissible (Art. 35) Admissibility criteria;(Art. 35-3-a) Manifestly ill-founded;No violation of Article 8 - Right to respect for private and family life (Article 8 - Positive obligations;Article 8-1 - Respect for family life),35|35-3-a|8|8-1,2024,negative,published_in_window_not_added_to_guide,apps:49755/18,false,false,clean,easy
ed0ed05ac958,Article 46,2024-02-16,2024-09-30,2023-08-31,2024-08-31,apps:42221/18,ŽDANOKA v. LATVIA (No. 2),42221/18,001-235140,3,HEJUD,No violation of Article 3 of Protocol No. 1 - Right to free elections - {general} (Article 3 of Protocol No. 1 - Stand for election),P1-3,2024,negative,published_in_window_not_added_to_guide,apps:42221/18,false,false,clean,easy
ed0ed05ac958,Article 46,2024-02-16,2024-09-30,2023-08-31,2024-08-31,apps:50374/21,BELOMESTNOV AND OTHERS v. RUSSIA,50374/21|32325/22|43965/22|44447/22|45200/22|45494/22|46001/22|47937/22|48301/22|48357/22|48359/22|48360/22|48600/22|49050/22|49973/22|50877/22|50899/22|50992/22|51408/22|51516/22|52115/22|52377/22|53829/22|54951/22|55875/22|57351/22|57553/22|57587/22|57728/22|7559/23|7565/23|8026/23,001-235028,4,HEJUD,Violation of Article 11 - Freedom of assembly and association (Article 11-1 - Freedom of peaceful assembly);Violation of Article 8 - Right to respect for private and family life (Article 8-1 - Respect for home);Violation of Article 5 - Right to liberty and security (Article 5-1 - Lawful arrest or detention);Violation of Article 6 - Right to a fair trial (Article 6 - Administrative proceedings;Article 6-1 - Impartial tribunal);Violation of Article 10 - Freedom of expression - {general} (Article 10-1 - Freedom of expression),11|11-1|8|8-1|5|5-1|6|6-1|10|10-1,2024,negative,published_in_window_not_added_to_guide,apps:50374/21,false,false,clean,easy
ed0ed05ac958,Article 46,2024-02-16,2024-09-30,2023-08-31,2024-08-31,apps:28467/18,BUGLOV AND OTHERS v. UKRAINE,28467/18|19199/23|28939/23|32742/23|32936/23|38251/23|41227/23,001-235045,4,HEJUD,Violation of Article 6 - Right to a fair trial (Article 6 - Civil proceedings;Article 6-1 - Reasonable time);Violation of Article 13+6-1 - Right to an effective remedy (Article 13 - Effective remedy) (Article 6 - Right to a fair trial;Civil proceedings;Article 6-1 - Reasonable time),6|6-1|13|13+6-1,2024,negative,published_in_window_not_added_to_guide,apps:28467/18,false,false,clean,easy
ed0ed05ac958,Article 46,2024-02-16,2024-09-30,2023-08-31,2024-08-31,apps:23734/21,DATSKO AND STEPANOV v. RUSSIA,23734/21|26987/21,001-235021,4,HEJUD,Violation of Article 6 - Right to a fair trial (Article 6 - Civil proceedings;Article 6-1 - Fair hearing),6|6-1,2024,negative,published_in_window_not_added_to_guide,apps:23734/21,false,false,clean,easy
ed0ed05ac958,Article 46,2024-02-16,2024-09-30,2023-08-31,2024-08-31,apps:205/22,DERGACH AND FILIPPOV v. UKRAINE,205/22|27823/23,001-235046,4,HEJUD,Violation of Article 5 - Right to liberty and security (Article 5-3 - Length of pre-trial detention);Violation of Article 6 - Right to a fair trial (Article 6 - Criminal proceedings;Article 6-1 - Reasonable time);Violation of Article 13+6-1 - Right to an effective remedy (Article 13 - Effective remedy) (Article 6 - Right to a fair trial;Criminal proceedings;Article 6-1 - Reasonable time),5|5-3|6|6-1|13|13+6-1,2024,negative,published_in_window_not_added_to_guide,apps:205/22,false,false,clean,easy
ed0ed05ac958,Article 46,2024-02-16,2024-09-30,2023-08-31,2024-08-31,apps:4325/22,DERIGLAZOV AND OTHERS v. UKRAINE,4325/22|33044/22|30740/23|33309/23|33445/23|37667/23|38261/23,001-235047,4,HEJUD,Violation of Article 6 - Right to a fair trial (Article 6 - Civil proceedings;Article 6-1 - Reasonable time);Violation of Article 13+6-1 - Right to an effective remedy (Article 13 - Effective remedy) (Article 6 - Right to a fair trial;Civil proceedings;Article 6-1 - Reasonable time),6|6-1|13|13+6-1,2024,negative,published_in_window_not_added_to_guide,apps:4325/22,false,false,clean,easy
ed0ed05ac958,Article 46,2024-02-16,2024-09-30,2023-08-31,2024-08-31,apps:50942/20,DJERI AND OTHERS v. LATVIA,50942/20|2022/21,001-235015,3,HEJUD,Remainder inadmissible (Article 35-1 - Exhaustion of domestic remedies;Article 35-3-a - Ratione materiae);No violation of Article 14+P1-2 - Prohibition of discrimination (Article 14 - Discrimination) (Article 2 of Protocol No. 1 - Right to education - {general}),35|35-1|35-3-a|14|14+P1-2|P1-2,2024,negative,published_in_window_not_added_to_guide,apps:50942/20|2022/21,false,false,clean,easy
ed0ed05ac958,Article 46,2024-02-16,2024-09-30,2023-08-31,2024-08-31,apps:40861/22,HANOVS v. LATVIA,40861/22,001-235016,3,HEJUD,Preliminary objection dismissed (Art. 35) Admissibility criteria;(Art. 35-1) Exhaustion of domestic remedies;Violation of Article 14+3 - Prohibition of discrimination (Article 14 - Discrimination) (Article 3 - Prohibition of torture;Effective investigation;Positive obligations);Violation of Article 14+8 - Prohibition of discrimination (Article 14 - Discrimination) (Article 8 - Right to respect for private and family life;Positive obligations;Article 8-1 - Respect for private life);Non-pecuniary damage - award (Article 41 - Non-pecuniary damage;Just satisfaction),14|14+3|3|14+8|8|8-1|41|35|35-1,2024,negative,published_in_window_not_added_to_guide,apps:40861/22,false,false,clean,easy
ed0ed05ac958,Article 46,2024-02-16,2024-09-30,2023-08-31,2024-08-31,apps:6823/19,KONDRATYUK AND OTHERS v. RUSSIA,6823/19|8343/19|16932/19|15145/21,001-235029,4,HEJUD,Violation of Article 6+6-3-d - Right to a fair trial (Article 6 - Criminal proceedings;Article 6-1 - Fair hearing) (Article 6 - Right to a fair trial;Article 6-3-d - Examination of witnesses),6|6+6-3-d|6-3-d|6-1,2024,negative,published_in_window_not_added_to_guide,apps:6823/19,false,false,clean,easy
ed0ed05ac958,Article 46,2024-02-16,2024-09-30,2023-08-31,2024-08-31,apps:50764/18,KRAYNEV AND OTHERS v. RUSSIA,50764/18|6236/19|58135/19|2153/23|10307/23|34914/23|36701/23,001-235019,4,HEJUD,Violation of Article 3 - Prohibition of torture (Article 3 - Degrading treatment) (Substantive aspect),3,2024,negative,published_in_window_not_added_to_guide,apps:50764/18,false,false,clean,easy
0bd62693ae9f,Article 3 Protocol 1,2024-08-07,2024-10-30,2024-02-29,2024-08-31,apps:40776/16,GANUSHCHAK v. UKRAINE,40776/16,001-235471,4,HEJUD,Violation of Article 1 of Protocol No. 1 - Protection of property (Article 1 para. 1 of Protocol No. 1 - Peaceful enjoyment of possessions),P1-1|P1-1-1,2024,negative,published_in_window_not_added_to_guide,apps:40776/16,false,false,clean,easy
0bd62693ae9f,Article 3 Protocol 1,2024-08-07,2024-10-30,2024-02-29,2024-08-31,apps:59464/21,KHACHAPURIDZE AND KHACHIDZE v. GEORGIA,59464/21|13079/22,001-235474,3,HEJUD,Remainder inadmissible (Art. 35) Admissibility criteria;(Art. 35-3-a) Manifestly ill-founded;Violation of Article 6+6-3 - Right to a fair trial (Article 6 - Criminal proceedings;Article 6-1 - Fair hearing) (Article 6 - Right to a fair trial;Article 6-3 - Rights of defence;Article 6-3-c - Defence in person;Article 6-3-d - Examination of witnesses;Obtain attendance of witnesses);Non-pecuniary damage - award (Article 41 - Non-pecuniary damage;Just satisfaction),35|35-3-a|6|6+6-3|6-3|6-3-c|6-3-d|6-1|41,2024,negative,published_in_window_not_added_to_guide,apps:59464/21|13079/22,false,false,clean,easy
0bd62693ae9f,Article 3 Protocol 1,2024-08-07,2024-10-30,2024-02-29,2024-08-31,apps:12767/21,LEFEBVRE v. FRANCE,12767/21,001-235724,4,HEJUD,No violation of Article 10 - Freedom of expression - {general} (Article 10-1 - Freedom of expression),10|10-1,2024,negative,published_in_window_not_added_to_guide,apps:12767/21,false,false,clean,easy
0bd62693ae9f,Article 3 Protocol 1,2024-08-07,2024-10-30,2024-02-29,2024-08-31,apps:24622/22,PASQUINELLI AND OTHERS v. SAN MARINO,24622/22,001-235475,1,HEJUD,Remainder inadmissible (Art. 35) Admissibility criteria;(Art. 35-3-a) Manifestly ill-founded;(Art. 35-3-a) Ratione materiae;(Art. 35-3-a) Ratione personae;No violation of Article 8 - Right to respect for private and family life (Article 8-1 - Respect for private life),35|35-3-a|8|8-1|8-2,2024,negative,published_in_window_not_added_to_guide,apps:24622/22,false,false,clean,easy
0bd62693ae9f,Article 3 Protocol 1,2024-08-07,2024-10-30,2024-02-29,2024-08-31,apps:44681/21,TSULUKIDZE AND RUSULASHVILI v. GEORGIA,44681/21|17256/22,001-235473,3,HEJUD,Violation of Article 6 - Right to a fair trial (Article 6 - Civil proceedings;Article 6-1 - Impartial tribunal);Pecuniary damage - claim dismissed (Article 41 - Pecuniary damage;Just satisfaction);Non-pecuniary damage - award (Article 41 - Non-pecuniary damage;Just satisfaction),6|6-1|41,2024,negative,published_in_window_not_added_to_guide,apps:44681/21|17256/22,false,false,clean,easy
0bd62693ae9f,Article 3 Protocol 1,2024-08-07,2024-10-30,2024-02-29,2024-08-31,apps:33394/12,THE MEDIA RIGHTS INSTITUTE v. AZERBAIJAN,33394/12,001-236074,4,HEDEC,Inadmissible,6|6-1|10|35,2024,negative,published_in_window_not_added_to_guide,apps:33394/12,false,false,clean,easy
0bd62693ae9f,Article 3 Protocol 1,2024-08-07,2024-10-30,2024-02-29,2024-08-31,apps:28540/20,AHMED v. THE UNITED KINGDOM,28540/20,001-236079,4,HEDEC,Inadmissible,8|14|14+8|35,2024,negative,published_in_window_not_added_to_guide,apps:28540/20,false,false,clean,easy
0bd62693ae9f,Article 3 Protocol 1,2024-08-07,2024-10-30,2024-02-29,2024-08-31,apps:50058/12,B.D. v. BELGIUM,50058/12,001-235698,4,HEJUD,Violation of Article 5 - Right to liberty and security (Article 5-4 - Review of lawfulness of detention);Violation of Article 5 - Right to liberty and security (Article 5-1 - Lawful arrest or detention),5|5-4|5-1,2024,negative,published_in_window_not_added_to_guide,apps:50058/12,false,false,clean,easy
0bd62693ae9f,Article 3 Protocol 1,2024-08-07,2024-10-30,2024-02-29,2024-08-31,apps:20007/22,BIELAU v. AUSTRIA,20007/22,001-235470,3,HEJUD,No violation of Article 10 - Freedom of expression - {general},10|10-2|2|8,2024,negative,published_in_window_not_added_to_guide,apps:20007/22,false,false,clean,easy
0bd62693ae9f,Article 3 Protocol 1,2024-08-07,2024-10-30,2024-02-29,2024-08-31,apps:15028/16,HRACHYA HARUTYUNYAN v. ARMENIA,15028/16,001-235467,3,HEJUD,Violation of Article 10 - Freedom of expression - {general} (Article 10-1 - Freedom of expression);Pecuniary damage - reserved (Article 41 - Pecuniary damage;Just satisfaction);Non-pecuniary damage - award (Article 41 - Non-pecuniary damage;Just satisfaction),10|10-1|10-2|41,2024,negative,published_in_window_not_added_to_guide,apps:15028/16,false,false,clean,easy
0bd62693ae9f,Article 3 Protocol 1,2024-08-07,2024-10-30,2024-02-29,2024-08-31,apps:32887/19,İ.G. v. TÜRKİYE,32887/19,001-235468,3,HEJUD,Preliminary objection joined to merits and dismissed (Art. 34) Individual applications;(Art. 34) Victim;Violation of Article 3 - Prohibition of torture (Article 3 - Effective investigation;Positive obligations) (Procedural aspect),34|3,2024,negative,published_in_window_not_added_to_guide,apps:32887/19,false,false,clean,easy
0bd62693ae9f,Article 3 Protocol 1,2024-08-07,2024-10-30,2024-02-29,2024-08-31,apps:28791/10,NAMIK YÜKSEL v. TÜRKİYE,28791/10,001-235465,3,HEJUD,No violation of Article 8 - Right to respect for private and family life (Article 8-1 - Respect for family life),8|8-1|8-2,2024,negative,published_in_window_not_added_to_guide,apps:28791/10,false,false,clean,easy
0bd62693ae9f,Article 3 Protocol 1,2024-08-07,2024-10-30,2024-02-29,2024-08-31,apps:989/18,W.R. v. THE NETHERLANDS,989/18,001-235346,4,HEJUD,No violation of Article 6 - Right to a fair trial (Article 6-1 - Fair hearing;Article 6-3-c - Defence through legal assistance),6|6-1|6-3-c,2024,negative,published_in_window_not_added_to_guide,apps:989/18,false,false,clean,easy
0bd62693ae9f,Article 3 Protocol 1,2024-08-07,2024-10-30,2024-02-29,2024-08-31,apps:17389/20,YASAK v. TÜRKİYE,17389/20,001-235709,3,HEJUD,Remainder inadmissible (Art. 35) Admissibility criteria;(Art. 35-1) Exhaustion of domestic remedies;No violation of Article 3 - Prohibition of torture (Article 3 - Degrading treatment;Inhuman treatment) (Substantive aspect);No violation of Article 7 - No punishment without law (Article 7-1 - Nulla poena sine lege;Nullum crimen sine lege),35|35-1|3|7|7-1,2024,negative,published_in_window_not_added_to_guide,apps:17389/20,false,false,clean,easy
0bd62693ae9f,Article 3 Protocol 1,2024-08-07,2024-10-30,2024-02-29,2024-08-31,apps:35780/18,LONGO v. ITALY,35780/18,001-235959,4,HEDEC,Inadmissible,6|6-1|7|7-1|P1-1|35,2024,negative,published_in_window_not_added_to_guide,apps:35780/18,false,false,clean,easy
0bd62693ae9f,Article 3 Protocol 1,2024-08-07,2024-10-30,2024-02-29,2024-08-31,apps:22463/17,S.B. AND OTHERS v. SERBIA,22463/17,001-236075,4,HEDEC,Inadmissible,3|5|5-1|5-2|35,2024,negative,published_in_window_not_added_to_guide,apps:22463/17,false,false,clean,easy
0bd62693ae9f,Article 3 Protocol 1,2024-08-07,2024-10-30,2024-02-29,2024-08-31,apps:2327/20,COUSO PERMUY v. SPAIN,2327/20,001-235144,3,HEJUD,No violation of Article 6 - Right to a fair trial (Article 6 - Civil proceedings;Article 6-1 - Access to court),6|6-1|1,2024,negative,published_in_window_not_added_to_guide,apps:2327/20,false,false,clean,easy
0bd62693ae9f,Article 3 Protocol 1,2024-08-07,2024-10-30,2024-02-29,2024-08-31,apps:34210/19,D.H. AND OTHERS v. SWEDEN,34210/19,001-235142,3,HEJUD,Remainder inadmissible (Art. 35) Admissibility criteria;(Art. 35-3-a) Manifestly ill-founded;(Art. 35-3-a) Ratione materiae;No violation of Article 8 - Right to respect for private and family life (Article 8 - Positive obligations;Article 8-1 - Respect for family life),35|35-3-a|8|8-1,2024,negative,published_in_window_not_added_to_guide,apps:34210/19,false,false,clean,easy
0bd62693ae9f,Article 3 Protocol 1,2024-08-07,2024-10-30,2024-02-29,2024-08-31,apps:63664/19,M.A. AND OTHERS v. FRANCE,63664/19|64450/19|24387/20|24391/20|24393/20,001-235426,1,HEJUD,No violation of Article 8 - Right to respect for private and family life (Article 8-1 - Respect for private life),8|8-1|8-2,2024,negative,published_in_window_not_added_to_guide,apps:63664/19,false,false,clean,easy
0bd62693ae9f,Article 3 Protocol 1,2024-08-07,2024-10-30,2024-02-29,2024-08-31,apps:49755/18,OKUBAMICHAEL DEBRU v. SWEDEN,49755/18,001-235141,3,HEJUD,Remainder inadmissible (Art. 35) Admissibility criteria;(Art. 35-3-a) Manifestly ill-founded;No violation of Article 8 - Right to respect for private and family life (Article 8 - Positive obligations;Article 8-1 - Respect for family life),35|35-3-a|8|8-1,2024,negative,published_in_window_not_added_to_guide,apps:49755/18,false,false,clean,easy
0bd62693ae9f,Article 3 Protocol 1,2024-08-07,2024-10-30,2024-02-29,2024-08-31,apps:50374/21,BELOMESTNOV AND OTHERS v. RUSSIA,50374/21|32325/22|43965/22|44447/22|45200/22|45494/22|46001/22|47937/22|48301/22|48357/22|48359/22|48360/22|48600/22|49050/22|49973/22|50877/22|50899/22|50992/22|51408/22|51516/22|52115/22|52377/22|53829/22|54951/22|55875/22|57351/22|57553/22|57587/22|57728/22|7559/23|7565/23|8026/23,001-235028,4,HEJUD,Violation of Article 11 - Freedom of assembly and association (Article 11-1 - Freedom of peaceful assembly);Violation of Article 8 - Right to respect for private and family life (Article 8-1 - Respect for home);Violation of Article 5 - Right to liberty and security (Article 5-1 - Lawful arrest or detention);Violation of Article 6 - Right to a fair trial (Article 6 - Administrative proceedings;Article 6-1 - Impartial tribunal);Violation of Article 10 - Freedom of expression - {general} (Article 10-1 - Freedom of expression),11|11-1|8|8-1|5|5-1|6|6-1|10|10-1,2024,negative,published_in_window_not_added_to_guide,apps:50374/21,false,false,clean,easy
0bd62693ae9f,Article 3 Protocol 1,2024-08-07,2024-10-30,2024-02-29,2024-08-31,apps:28467/18,BUGLOV AND OTHERS v. UKRAINE,28467/18|19199/23|28939/23|32742/23|32936/23|38251/23|41227/23,001-235045,4,HEJUD,Violation of Article 6 - Right to a fair trial (Article 6 - Civil proceedings;Article 6-1 - Reasonable time);Violation of Article 13+6-1 - Right to an effective remedy (Article 13 - Effective remedy) (Article 6 - Right to a fair trial;Civil proceedings;Article 6-1 - Reasonable time),6|6-1|13|13+6-1,2024,negative,published_in_window_not_added_to_guide,apps:28467/18,false,false,clean,easy
0bd62693ae9f,Article 3 Protocol 1,2024-08-07,2024-10-30,2024-02-29,2024-08-31,apps:23734/21,DATSKO AND STEPANOV v. RUSSIA,23734/21|26987/21,001-235021,4,HEJUD,Violation of Article 6 - Right to a fair trial (Article 6 - Civil proceedings;Article 6-1 - Fair hearing),6|6-1,2024,negative,published_in_window_not_added_to_guide,apps:23734/21,false,false,clean,easy
0bd62693ae9f,Article 3 Protocol 1,2024-08-07,2024-10-30,2024-02-29,2024-08-31,apps:205/22,DERGACH AND FILIPPOV v. UKRAINE,205/22|27823/23,001-235046,4,HEJUD,Violation of Article 5 - Right to liberty and security (Article 5-3 - Length of pre-trial detention);Violation of Article 6 - Right to a fair trial (Article 6 - Criminal proceedings;Article 6-1 - Reasonable time);Violation of Article 13+6-1 - Right to an effective remedy (Article 13 - Effective remedy) (Article 6 - Right to a fair trial;Criminal proceedings;Article 6-1 - Reasonable time),5|5-3|6|6-1|13|13+6-1,2024,negative,published_in_window_not_added_to_guide,apps:205/22,false,false,clean,easy
0bd62693ae9f,Article 3 Protocol 1,2024-08-07,2024-10-30,2024-02-29,2024-08-31,apps:4325/22,DERIGLAZOV AND OTHERS v. UKRAINE,4325/22|33044/22|30740/23|33309/23|33445/23|37667/23|38261/23,001-235047,4,HEJUD,Violation of Article 6 - Right to a fair trial (Article 6 - Civil proceedings;Article 6-1 - Reasonable time);Violation of Article 13+6-1 - Right to an effective remedy (Article 13 - Effective remedy) (Article 6 - Right to a fair trial;Civil proceedings;Article 6-1 - Reasonable time),6|6-1|13|13+6-1,2024,negative,published_in_window_not_added_to_guide,apps:4325/22,false,false,clean,easy
0bd62693ae9f,Article 3 Protocol 1,2024-08-07,2024-10-30,2024-02-29,2024-08-31,apps:50942/20,DJERI AND OTHERS v. LATVIA,50942/20|2022/21,001-235015,3,HEJUD,Remainder inadmissible (Article 35-1 - Exhaustion of domestic remedies;Article 35-3-a - Ratione materiae);No violation of Article 14+P1-2 - Prohibition of discrimination (Article 14 - Discrimination) (Article 2 of Protocol No. 1 - Right to education - {general}),35|35-1|35-3-a|14|14+P1-2|P1-2,2024,negative,published_in_window_not_added_to_guide,apps:50942/20|2022/21,false,false,clean,easy
0bd62693ae9f,Article 3 Protocol 1,2024-08-07,2024-10-30,2024-02-29,2024-08-31,apps:40861/22,HANOVS v. LATVIA,40861/22,001-235016,3,HEJUD,Preliminary objection dismissed (Art. 35) Admissibility criteria;(Art. 35-1) Exhaustion of domestic remedies;Violation of Article 14+3 - Prohibition of discrimination (Article 14 - Discrimination) (Article 3 - Prohibition of torture;Effective investigation;Positive obligations);Violation of Article 14+8 - Prohibition of discrimination (Article 14 - Discrimination) (Article 8 - Right to respect for private and family life;Positive obligations;Article 8-1 - Respect for private life);Non-pecuniary damage - award (Article 41 - Non-pecuniary damage;Just satisfaction),14|14+3|3|14+8|8|8-1|41|35|35-1,2024,negative,published_in_window_not_added_to_guide,apps:40861/22,false,false,clean,easy
0bd62693ae9f,Article 3 Protocol 1,2024-08-07,2024-10-30,2024-02-29,2024-08-31,apps:6823/19,KONDRATYUK AND OTHERS v. RUSSIA,6823/19|8343/19|16932/19|15145/21,001-235029,4,HEJUD,Violation of Article 6+6-3-d - Right to a fair trial (Article 6 - Criminal proceedings;Article 6-1 - Fair hearing) (Article 6 - Right to a fair trial;Article 6-3-d - Examination of witnesses),6|6+6-3-d|6-3-d|6-1,2024,negative,published_in_window_not_added_to_guide,apps:6823/19,false,false,clean,easy
0bd62693ae9f,Article 3 Protocol 1,2024-08-07,2024-10-30,2024-02-29,2024-08-31,apps:50764/18,KRAYNEV AND OTHERS v. RUSSIA,50764/18|6236/19|58135/19|2153/23|10307/23|34914/23|36701/23,001-235019,4,HEJUD,Violation of Article 3 - Prohibition of torture (Article 3 - Degrading treatment) (Substantive aspect),3,2024,negative,published_in_window_not_added_to_guide,apps:50764/18,false,false,clean,easy
0bd62693ae9f,Article 3 Protocol 1,2024-08-07,2024-10-30,2024-02-29,2024-08-31,apps:16174/19,MESTETSKIY AND OTHERS v. RUSSIA,16174/19|32307/19|41196/20|2872/21|13712/21|17138/21|53091/21|58322/21|27161/22|34710/22|35417/22|39555/22|41109/22|41116/22|41434/22|43151/22|43533/22|329/23,001-235032,4,HEJUD,Violation of Article 10 - Freedom of expression - {general} (Article 10-1 - Freedom of expression);Violation of Article 5 - Right to liberty and security (Article 5-1 - Lawful arrest or detention);Violation of Article 6 - Right to a fair trial (Article 6 - Administrative proceedings;Article 6-1 - Impartial tribunal);Violation of Article 11 - Freedom of assembly and association (Article 11-1 - Freedom of peaceful assembly);Violation of Article 2 of Protocol No. 7 - Right of appeal in criminal matters (Article 2 of Protocol No. 7 - Review of conviction),10|10-1|5|5-1|6|6-1|11|11-1|P7-2,2024,negative,published_in_window_not_added_to_guide,apps:16174/19,false,false,clean,easy
4026b1621d4a,Article 6 Criminal,2024-04-09,2024-09-30,2024-02-29,2024-08-31,apps:40776/16,GANUSHCHAK v. UKRAINE,40776/16,001-235471,4,HEJUD,Violation of Article 1 of Protocol No. 1 - Protection of property (Article 1 para. 1 of Protocol No. 1 - Peaceful enjoyment of possessions),P1-1|P1-1-1,2024,negative,published_in_window_not_added_to_guide,apps:40776/16,false,false,clean,easy
4026b1621d4a,Article 6 Criminal,2024-04-09,2024-09-30,2024-02-29,2024-08-31,apps:12767/21,LEFEBVRE v. FRANCE,12767/21,001-235724,4,HEJUD,No violation of Article 10 - Freedom of expression - {general} (Article 10-1 - Freedom of expression),10|10-1,2024,negative,published_in_window_not_added_to_guide,apps:12767/21,false,false,clean,easy
4026b1621d4a,Article 6 Criminal,2024-04-09,2024-09-30,2024-02-29,2024-08-31,apps:24622/22,PASQUINELLI AND OTHERS v. SAN MARINO,24622/22,001-235475,1,HEJUD,Remainder inadmissible (Art. 35) Admissibility criteria;(Art. 35-3-a) Manifestly ill-founded;(Art. 35-3-a) Ratione materiae;(Art. 35-3-a) Ratione personae;No violation of Article 8 - Right to respect for private and family life (Article 8-1 - Respect for private life),35|35-3-a|8|8-1|8-2,2024,negative,published_in_window_not_added_to_guide,apps:24622/22,false,false,clean,easy
4026b1621d4a,Article 6 Criminal,2024-04-09,2024-09-30,2024-02-29,2024-08-31,apps:33394/12,THE MEDIA RIGHTS INSTITUTE v. AZERBAIJAN,33394/12,001-236074,4,HEDEC,Inadmissible,6|6-1|10|35,2024,negative,published_in_window_not_added_to_guide,apps:33394/12,false,false,clean,easy
4026b1621d4a,Article 6 Criminal,2024-04-09,2024-09-30,2024-02-29,2024-08-31,apps:28540/20,AHMED v. THE UNITED KINGDOM,28540/20,001-236079,4,HEDEC,Inadmissible,8|14|14+8|35,2024,negative,published_in_window_not_added_to_guide,apps:28540/20,false,false,clean,easy
4026b1621d4a,Article 6 Criminal,2024-04-09,2024-09-30,2024-02-29,2024-08-31,apps:50058/12,B.D. v. BELGIUM,50058/12,001-235698,4,HEJUD,Violation of Article 5 - Right to liberty and security (Article 5-4 - Review of lawfulness of detention);Violation of Article 5 - Right to liberty and security (Article 5-1 - Lawful arrest or detention),5|5-4|5-1,2024,negative,published_in_window_not_added_to_guide,apps:50058/12,false,false,clean,easy
4026b1621d4a,Article 6 Criminal,2024-04-09,2024-09-30,2024-02-29,2024-08-31,apps:20007/22,BIELAU v. AUSTRIA,20007/22,001-235470,3,HEJUD,No violation of Article 10 - Freedom of expression - {general},10|10-2|2|8,2024,negative,published_in_window_not_added_to_guide,apps:20007/22,false,false,clean,easy
4026b1621d4a,Article 6 Criminal,2024-04-09,2024-09-30,2024-02-29,2024-08-31,apps:15028/16,HRACHYA HARUTYUNYAN v. ARMENIA,15028/16,001-235467,3,HEJUD,Violation of Article 10 - Freedom of expression - {general} (Article 10-1 - Freedom of expression);Pecuniary damage - reserved (Article 41 - Pecuniary damage;Just satisfaction);Non-pecuniary damage - award (Article 41 - Non-pecuniary damage;Just satisfaction),10|10-1|10-2|41,2024,negative,published_in_window_not_added_to_guide,apps:15028/16,false,false,clean,easy
4026b1621d4a,Article 6 Criminal,2024-04-09,2024-09-30,2024-02-29,2024-08-31,apps:32887/19,İ.G. v. TÜRKİYE,32887/19,001-235468,3,HEJUD,Preliminary objection joined to merits and dismissed (Art. 34) Individual applications;(Art. 34) Victim;Violation of Article 3 - Prohibition of torture (Article 3 - Effective investigation;Positive obligations) (Procedural aspect),34|3,2024,negative,published_in_window_not_added_to_guide,apps:32887/19,false,false,clean,easy
4026b1621d4a,Article 6 Criminal,2024-04-09,2024-09-30,2024-02-29,2024-08-31,apps:28791/10,NAMIK YÜKSEL v. TÜRKİYE,28791/10,001-235465,3,HEJUD,No violation of Article 8 - Right to respect for private and family life (Article 8-1 - Respect for family life),8|8-1|8-2,2024,negative,published_in_window_not_added_to_guide,apps:28791/10,false,false,clean,easy
4026b1621d4a,Article 6 Criminal,2024-04-09,2024-09-30,2024-02-29,2024-08-31,apps:989/18,W.R. v. THE NETHERLANDS,989/18,001-235346,4,HEJUD,No violation of Article 6 - Right to a fair trial (Article 6-1 - Fair hearing;Article 6-3-c - Defence through legal assistance),6|6-1|6-3-c,2024,negative,published_in_window_not_added_to_guide,apps:989/18,false,false,clean,easy
4026b1621d4a,Article 6 Criminal,2024-04-09,2024-09-30,2024-02-29,2024-08-31,apps:17389/20,YASAK v. TÜRKİYE,17389/20,001-235709,3,HEJUD,Remainder inadmissible (Art. 35) Admissibility criteria;(Art. 35-1) Exhaustion of domestic remedies;No violation of Article 3 - Prohibition of torture (Article 3 - Degrading treatment;Inhuman treatment) (Substantive aspect);No violation of Article 7 - No punishment without law (Article 7-1 - Nulla poena sine lege;Nullum crimen sine lege),35|35-1|3|7|7-1,2024,negative,published_in_window_not_added_to_guide,apps:17389/20,false,false,clean,easy
4026b1621d4a,Article 6 Criminal,2024-04-09,2024-09-30,2024-02-29,2024-08-31,apps:35780/18,LONGO v. ITALY,35780/18,001-235959,4,HEDEC,Inadmissible,6|6-1|7|7-1|P1-1|35,2024,negative,published_in_window_not_added_to_guide,apps:35780/18,false,false,clean,easy
4026b1621d4a,Article 6 Criminal,2024-04-09,2024-09-30,2024-02-29,2024-08-31,apps:22463/17,S.B. AND OTHERS v. SERBIA,22463/17,001-236075,4,HEDEC,Inadmissible,3|5|5-1|5-2|35,2024,negative,published_in_window_not_added_to_guide,apps:22463/17,false,false,clean,easy
4026b1621d4a,Article 6 Criminal,2024-04-09,2024-09-30,2024-02-29,2024-08-31,apps:2327/20,COUSO PERMUY v. SPAIN,2327/20,001-235144,3,HEJUD,No violation of Article 6 - Right to a fair trial (Article 6 - Civil proceedings;Article 6-1 - Access to court),6|6-1|1,2024,negative,published_in_window_not_added_to_guide,apps:2327/20,false,false,clean,easy
4026b1621d4a,Article 6 Criminal,2024-04-09,2024-09-30,2024-02-29,2024-08-31,apps:34210/19,D.H. AND OTHERS v. SWEDEN,34210/19,001-235142,3,HEJUD,Remainder inadmissible (Art. 35) Admissibility criteria;(Art. 35-3-a) Manifestly ill-founded;(Art. 35-3-a) Ratione materiae;No violation of Article 8 - Right to respect for private and family life (Article 8 - Positive obligations;Article 8-1 - Respect for family life),35|35-3-a|8|8-1,2024,negative,published_in_window_not_added_to_guide,apps:34210/19,false,false,clean,easy
4026b1621d4a,Article 6 Criminal,2024-04-09,2024-09-30,2024-02-29,2024-08-31,apps:63664/19,M.A. AND OTHERS v. FRANCE,63664/19|64450/19|24387/20|24391/20|24393/20,001-235426,1,HEJUD,No violation of Article 8 - Right to respect for private and family life (Article 8-1 - Respect for private life),8|8-1|8-2,2024,negative,published_in_window_not_added_to_guide,apps:63664/19,false,false,clean,easy
4026b1621d4a,Article 6 Criminal,2024-04-09,2024-09-30,2024-02-29,2024-08-31,apps:49755/18,OKUBAMICHAEL DEBRU v. SWEDEN,49755/18,001-235141,3,HEJUD,Remainder inadmissible (Art. 35) Admissibility criteria;(Art. 35-3-a) Manifestly ill-founded;No violation of Article 8 - Right to respect for private and family life (Article 8 - Positive obligations;Article 8-1 - Respect for family life),35|35-3-a|8|8-1,2024,negative,published_in_window_not_added_to_guide,apps:49755/18,false,false,clean,easy
4026b1621d4a,Article 6 Criminal,2024-04-09,2024-09-30,2024-02-29,2024-08-31,apps:42221/18,ŽDANOKA v. LATVIA (No. 2),42221/18,001-235140,3,HEJUD,No violation of Article 3 of Protocol No. 1 - Right to free elections - {general} (Article 3 of Protocol No. 1 - Stand for election),P1-3,2024,negative,published_in_window_not_added_to_guide,apps:42221/18,false,false,clean,easy
4026b1621d4a,Article 6 Criminal,2024-04-09,2024-09-30,2024-02-29,2024-08-31,apps:50374/21,BELOMESTNOV AND OTHERS v. RUSSIA,50374/21|32325/22|43965/22|44447/22|45200/22|45494/22|46001/22|47937/22|48301/22|48357/22|48359/22|48360/22|48600/22|49050/22|49973/22|50877/22|50899/22|50992/22|51408/22|51516/22|52115/22|52377/22|53829/22|54951/22|55875/22|57351/22|57553/22|57587/22|57728/22|7559/23|7565/23|8026/23,001-235028,4,HEJUD,Violation of Article 11 - Freedom of assembly and association (Article 11-1 - Freedom of peaceful assembly);Violation of Article 8 - Right to respect for private and family life (Article 8-1 - Respect for home);Violation of Article 5 - Right to liberty and security (Article 5-1 - Lawful arrest or detention);Violation of Article 6 - Right to a fair trial (Article 6 - Administrative proceedings;Article 6-1 - Impartial tribunal);Violation of Article 10 - Freedom of expression - {general} (Article 10-1 - Freedom of expression),11|11-1|8|8-1|5|5-1|6|6-1|10|10-1,2024,negative,published_in_window_not_added_to_guide,apps:50374/21,false,false,clean,easy
4026b1621d4a,Article 6 Criminal,2024-04-09,2024-09-30,2024-02-29,2024-08-31,apps:28467/18,BUGLOV AND OTHERS v. UKRAINE,28467/18|19199/23|28939/23|32742/23|32936/23|38251/23|41227/23,001-235045,4,HEJUD,Violation of Article 6 - Right to a fair trial (Article 6 - Civil proceedings;Article 6-1 - Reasonable time);Violation of Article 13+6-1 - Right to an effective remedy (Article 13 - Effective remedy) (Article 6 - Right to a fair trial;Civil proceedings;Article 6-1 - Reasonable time),6|6-1|13|13+6-1,2024,negative,published_in_window_not_added_to_guide,apps:28467/18,false,false,clean,easy
4026b1621d4a,Article 6 Criminal,2024-04-09,2024-09-30,2024-02-29,2024-08-31,apps:23734/21,DATSKO AND STEPANOV v. RUSSIA,23734/21|26987/21,001-235021,4,HEJUD,Violation of Article 6 - Right to a fair trial (Article 6 - Civil proceedings;Article 6-1 - Fair hearing),6|6-1,2024,negative,published_in_window_not_added_to_guide,apps:23734/21,false,false,clean,easy
4026b1621d4a,Article 6 Criminal,2024-04-09,2024-09-30,2024-02-29,2024-08-31,apps:205/22,DERGACH AND FILIPPOV v. UKRAINE,205/22|27823/23,001-235046,4,HEJUD,Violation of Article 5 - Right to liberty and security (Article 5-3 - Length of pre-trial detention);Violation of Article 6 - Right to a fair trial (Article 6 - Criminal proceedings;Article 6-1 - Reasonable time);Violation of Article 13+6-1 - Right to an effective remedy (Article 13 - Effective remedy) (Article 6 - Right to a fair trial;Criminal proceedings;Article 6-1 - Reasonable time),5|5-3|6|6-1|13|13+6-1,2024,negative,published_in_window_not_added_to_guide,apps:205/22,false,false,clean,easy
4026b1621d4a,Article 6 Criminal,2024-04-09,2024-09-30,2024-02-29,2024-08-31,apps:4325/22,DERIGLAZOV AND OTHERS v. UKRAINE,4325/22|33044/22|30740/23|33309/23|33445/23|37667/23|38261/23,001-235047,4,HEJUD,Violation of Article 6 - Right to a fair trial (Article 6 - Civil proceedings;Article 6-1 - Reasonable time);Violation of Article 13+6-1 - Right to an effective remedy (Article 13 - Effective remedy) (Article 6 - Right to a fair trial;Civil proceedings;Article 6-1 - Reasonable time),6|6-1|13|13+6-1,2024,negative,published_in_window_not_added_to_guide,apps:4325/22,false,false,clean,easy
4026b1621d4a,Article 6 Criminal,2024-04-09,2024-09-30,2024-02-29,2024-08-31,apps:50942/20,DJERI AND OTHERS v. LATVIA,50942/20|2022/21,001-235015,3,HEJUD,Remainder inadmissible (Article 35-1 - Exhaustion of domestic remedies;Article 35-3-a - Ratione materiae);No violation of Article 14+P1-2 - Prohibition of discrimination (Article 14 - Discrimination) (Article 2 of Protocol No. 1 - Right to education - {general}),35|35-1|35-3-a|14|14+P1-2|P1-2,2024,negative,published_in_window_not_added_to_guide,apps:50942/20|2022/21,false,false,clean,easy
4026b1621d4a,Article 6 Criminal,2024-04-09,2024-09-30,2024-02-29,2024-08-31,apps:40861/22,HANOVS v. LATVIA,40861/22,001-235016,3,HEJUD,Preliminary objection dismissed (Art. 35) Admissibility criteria;(Art. 35-1) Exhaustion of domestic remedies;Violation of Article 14+3 - Prohibition of discrimination (Article 14 - Discrimination) (Article 3 - Prohibition of torture;Effective investigation;Positive obligations);Violation of Article 14+8 - Prohibition of discrimination (Article 14 - Discrimination) (Article 8 - Right to respect for private and family life;Positive obligations;Article 8-1 - Respect for private life);Non-pecuniary damage - award (Article 41 - Non-pecuniary damage;Just satisfaction),14|14+3|3|14+8|8|8-1|41|35|35-1,2024,negative,published_in_window_not_added_to_guide,apps:40861/22,false,false,clean,easy
4026b1621d4a,Article 6 Criminal,2024-04-09,2024-09-30,2024-02-29,2024-08-31,apps:6823/19,KONDRATYUK AND OTHERS v. RUSSIA,6823/19|8343/19|16932/19|15145/21,001-235029,4,HEJUD,Violation of Article 6+6-3-d - Right to a fair trial (Article 6 - Criminal proceedings;Article 6-1 - Fair hearing) (Article 6 - Right to a fair trial;Article 6-3-d - Examination of witnesses),6|6+6-3-d|6-3-d|6-1,2024,negative,published_in_window_not_added_to_guide,apps:6823/19,false,false,clean,easy
4026b1621d4a,Article 6 Criminal,2024-04-09,2024-09-30,2024-02-29,2024-08-31,apps:50764/18,KRAYNEV AND OTHERS v. RUSSIA,50764/18|6236/19|58135/19|2153/23|10307/23|34914/23|36701/23,001-235019,4,HEJUD,Violation of Article 3 - Prohibition of torture (Article 3 - Degrading treatment) (Substantive aspect),3,2024,negative,published_in_window_not_added_to_guide,apps:50764/18,false,false,clean,easy
4026b1621d4a,Article 6 Criminal,2024-04-09,2024-09-30,2024-02-29,2024-08-31,apps:16174/19,MESTETSKIY AND OTHERS v. RUSSIA,16174/19|32307/19|41196/20|2872/21|13712/21|17138/21|53091/21|58322/21|27161/22|34710/22|35417/22|39555/22|41109/22|41116/22|41434/22|43151/22|43533/22|329/23,001-235032,4,HEJUD,Violation of Article 10 - Freedom of expression - {general} (Article 10-1 - Freedom of expression);Violation of Article 5 - Right to liberty and security (Article 5-1 - Lawful arrest or detention);Violation of Article 6 - Right to a fair trial (Article 6 - Administrative proceedings;Article 6-1 - Impartial tribunal);Violation of Article 11 - Freedom of assembly and association (Article 11-1 - Freedom of peaceful assembly);Violation of Article 2 of Protocol No. 7 - Right of appeal in criminal matters (Article 2 of Protocol No. 7 - Review of conviction),10|10-1|5|5-1|6|6-1|11|11-1|P7-2,2024,negative,published_in_window_not_added_to_guide,apps:16174/19,false,false,clean,easy
4026b1621d4a,Article 6 Criminal,2024-04-09,2024-09-30,2024-02-29,2024-08-31,apps:48859/16,MOLIBOGA AND OTHERS v. RUSSIA,48859/16|21830/18|42078/18|44110/18|49338/18|6336/19|8791/19|13507/19|14669/19|18545/19|21186/19|29373/19|32446/19|48507/19|18832/23,001-235030,4,HEJUD,Violation of Article 10 - Freedom of expression - {general} (Article 10-1 - Freedom of expression);Violation of Article 5 - Right to liberty and security (Article 5-1 - Lawful arrest or detention);Violation of Article 6 - Right to a fair trial (Article 6 - Administrative proceedings;Article 6-1 - Impartial tribunal),10|10-1|5|5-1|6|6-1,2024,negative,published_in_window_not_added_to_guide,apps:48859/16,false,false,clean,easy
7ff3d5fc46dd,Prisoners' rights,2024-04-05,2024-09-28,2024-02-29,2024-08-31,apps:40776/16,GANUSHCHAK v. UKRAINE,40776/16,001-235471,4,HEJUD,Violation of Article 1 of Protocol No. 1 - Protection of property (Article 1 para. 1 of Protocol No. 1 - Peaceful enjoyment of possessions),P1-1|P1-1-1,2024,negative,published_in_window_not_added_to_guide,apps:40776/16,false,false,clean,easy
7ff3d5fc46dd,Prisoners' rights,2024-04-05,2024-09-28,2024-02-29,2024-08-31,apps:59464/21,KHACHAPURIDZE AND KHACHIDZE v. GEORGIA,59464/21|13079/22,001-235474,3,HEJUD,Remainder inadmissible (Art. 35) Admissibility criteria;(Art. 35-3-a) Manifestly ill-founded;Violation of Article 6+6-3 - Right to a fair trial (Article 6 - Criminal proceedings;Article 6-1 - Fair hearing) (Article 6 - Right to a fair trial;Article 6-3 - Rights of defence;Article 6-3-c - Defence in person;Article 6-3-d - Examination of witnesses;Obtain attendance of witnesses);Non-pecuniary damage - award (Article 41 - Non-pecuniary damage;Just satisfaction),35|35-3-a|6|6+6-3|6-3|6-3-c|6-3-d|6-1|41,2024,negative,published_in_window_not_added_to_guide,apps:59464/21|13079/22,false,false,clean,easy
7ff3d5fc46dd,Prisoners' rights,2024-04-05,2024-09-28,2024-02-29,2024-08-31,apps:12767/21,LEFEBVRE v. FRANCE,12767/21,001-235724,4,HEJUD,No violation of Article 10 - Freedom of expression - {general} (Article 10-1 - Freedom of expression),10|10-1,2024,negative,published_in_window_not_added_to_guide,apps:12767/21,false,false,clean,easy
7ff3d5fc46dd,Prisoners' rights,2024-04-05,2024-09-28,2024-02-29,2024-08-31,apps:24622/22,PASQUINELLI AND OTHERS v. SAN MARINO,24622/22,001-235475,1,HEJUD,Remainder inadmissible (Art. 35) Admissibility criteria;(Art. 35-3-a) Manifestly ill-founded;(Art. 35-3-a) Ratione materiae;(Art. 35-3-a) Ratione personae;No violation of Article 8 - Right to respect for private and family life (Article 8-1 - Respect for private life),35|35-3-a|8|8-1|8-2,2024,negative,published_in_window_not_added_to_guide,apps:24622/22,false,false,clean,easy
7ff3d5fc46dd,Prisoners' rights,2024-04-05,2024-09-28,2024-02-29,2024-08-31,apps:44681/21,TSULUKIDZE AND RUSULASHVILI v. GEORGIA,44681/21|17256/22,001-235473,3,HEJUD,Violation of Article 6 - Right to a fair trial (Article 6 - Civil proceedings;Article 6-1 - Impartial tribunal);Pecuniary damage - claim dismissed (Article 41 - Pecuniary damage;Just satisfaction);Non-pecuniary damage - award (Article 41 - Non-pecuniary damage;Just satisfaction),6|6-1|41,2024,negative,published_in_window_not_added_to_guide,apps:44681/21|17256/22,false,false,clean,easy
7ff3d5fc46dd,Prisoners' rights,2024-04-05,2024-09-28,2024-02-29,2024-08-31,apps:33394/12,THE MEDIA RIGHTS INSTITUTE v. AZERBAIJAN,33394/12,001-236074,4,HEDEC,Inadmissible,6|6-1|10|35,2024,negative,published_in_window_not_added_to_guide,apps:33394/12,false,false,clean,easy
7ff3d5fc46dd,Prisoners' rights,2024-04-05,2024-09-28,2024-02-29,2024-08-31,apps:28540/20,AHMED v. THE UNITED KINGDOM,28540/20,001-236079,4,HEDEC,Inadmissible,8|14|14+8|35,2024,negative,published_in_window_not_added_to_guide,apps:28540/20,false,false,clean,easy
7ff3d5fc46dd,Prisoners' rights,2024-04-05,2024-09-28,2024-02-29,2024-08-31,apps:50058/12,B.D. v. BELGIUM,50058/12,001-235698,4,HEJUD,Violation of Article 5 - Right to liberty and security (Article 5-4 - Review of lawfulness of detention);Violation of Article 5 - Right to liberty and security (Article 5-1 - Lawful arrest or detention),5|5-4|5-1,2024,negative,published_in_window_not_added_to_guide,apps:50058/12,false,false,clean,easy
7ff3d5fc46dd,Prisoners' rights,2024-04-05,2024-09-28,2024-02-29,2024-08-31,apps:20007/22,BIELAU v. AUSTRIA,20007/22,001-235470,3,HEJUD,No violation of Article 10 - Freedom of expression - {general},10|10-2|2|8,2024,negative,published_in_window_not_added_to_guide,apps:20007/22,false,false,clean,easy
7ff3d5fc46dd,Prisoners' rights,2024-04-05,2024-09-28,2024-02-29,2024-08-31,apps:15028/16,HRACHYA HARUTYUNYAN v. ARMENIA,15028/16,001-235467,3,HEJUD,Violation of Article 10 - Freedom of expression - {general} (Article 10-1 - Freedom of expression);Pecuniary damage - reserved (Article 41 - Pecuniary damage;Just satisfaction);Non-pecuniary damage - award (Article 41 - Non-pecuniary damage;Just satisfaction),10|10-1|10-2|41,2024,negative,published_in_window_not_added_to_guide,apps:15028/16,false,false,clean,easy
7ff3d5fc46dd,Prisoners' rights,2024-04-05,2024-09-28,2024-02-29,2024-08-31,apps:32887/19,İ.G. v. TÜRKİYE,32887/19,001-235468,3,HEJUD,Preliminary objection joined to merits and dismissed (Art. 34) Individual applications;(Art. 34) Victim;Violation of Article 3 - Prohibition of torture (Article 3 - Effective investigation;Positive obligations) (Procedural aspect),34|3,2024,negative,published_in_window_not_added_to_guide,apps:32887/19,false,false,clean,easy
7ff3d5fc46dd,Prisoners' rights,2024-04-05,2024-09-28,2024-02-29,2024-08-31,apps:989/18,W.R. v. THE NETHERLANDS,989/18,001-235346,4,HEJUD,No violation of Article 6 - Right to a fair trial (Article 6-1 - Fair hearing;Article 6-3-c - Defence through legal assistance),6|6-1|6-3-c,2024,negative,published_in_window_not_added_to_guide,apps:989/18,false,false,clean,easy
7ff3d5fc46dd,Prisoners' rights,2024-04-05,2024-09-28,2024-02-29,2024-08-31,apps:35780/18,LONGO v. ITALY,35780/18,001-235959,4,HEDEC,Inadmissible,6|6-1|7|7-1|P1-1|35,2024,negative,published_in_window_not_added_to_guide,apps:35780/18,false,false,clean,easy
7ff3d5fc46dd,Prisoners' rights,2024-04-05,2024-09-28,2024-02-29,2024-08-31,apps:22463/17,S.B. AND OTHERS v. SERBIA,22463/17,001-236075,4,HEDEC,Inadmissible,3|5|5-1|5-2|35,2024,negative,published_in_window_not_added_to_guide,apps:22463/17,false,false,clean,easy
7ff3d5fc46dd,Prisoners' rights,2024-04-05,2024-09-28,2024-02-29,2024-08-31,apps:2327/20,COUSO PERMUY v. SPAIN,2327/20,001-235144,3,HEJUD,No violation of Article 6 - Right to a fair trial (Article 6 - Civil proceedings;Article 6-1 - Access to court),6|6-1|1,2024,negative,published_in_window_not_added_to_guide,apps:2327/20,false,false,clean,easy
7ff3d5fc46dd,Prisoners' rights,2024-04-05,2024-09-28,2024-02-29,2024-08-31,apps:34210/19,D.H. AND OTHERS v. SWEDEN,34210/19,001-235142,3,HEJUD,Remainder inadmissible (Art. 35) Admissibility criteria;(Art. 35-3-a) Manifestly ill-founded;(Art. 35-3-a) Ratione materiae;No violation of Article 8 - Right to respect for private and family life (Article 8 - Positive obligations;Article 8-1 - Respect for family life),35|35-3-a|8|8-1,2024,negative,published_in_window_not_added_to_guide,apps:34210/19,false,false,clean,easy
7ff3d5fc46dd,Prisoners' rights,2024-04-05,2024-09-28,2024-02-29,2024-08-31,apps:63664/19,M.A. AND OTHERS v. FRANCE,63664/19|64450/19|24387/20|24391/20|24393/20,001-235426,1,HEJUD,No violation of Article 8 - Right to respect for private and family life (Article 8-1 - Respect for private life),8|8-1|8-2,2024,negative,published_in_window_not_added_to_guide,apps:63664/19,false,false,clean,easy
7ff3d5fc46dd,Prisoners' rights,2024-04-05,2024-09-28,2024-02-29,2024-08-31,apps:49755/18,OKUBAMICHAEL DEBRU v. SWEDEN,49755/18,001-235141,3,HEJUD,Remainder inadmissible (Art. 35) Admissibility criteria;(Art. 35-3-a) Manifestly ill-founded;No violation of Article 8 - Right to respect for private and family life (Article 8 - Positive obligations;Article 8-1 - Respect for family life),35|35-3-a|8|8-1,2024,negative,published_in_window_not_added_to_guide,apps:49755/18,false,false,clean,easy
7ff3d5fc46dd,Prisoners' rights,2024-04-05,2024-09-28,2024-02-29,2024-08-31,apps:42221/18,ŽDANOKA v. LATVIA (No. 2),42221/18,001-235140,3,HEJUD,No violation of Article 3 of Protocol No. 1 - Right to free elections - {general} (Article 3 of Protocol No. 1 - Stand for election),P1-3,2024,negative,published_in_window_not_added_to_guide,apps:42221/18,false,false,clean,easy
7ff3d5fc46dd,Prisoners' rights,2024-04-05,2024-09-28,2024-02-29,2024-08-31,apps:50374/21,BELOMESTNOV AND OTHERS v. RUSSIA,50374/21|32325/22|43965/22|44447/22|45200/22|45494/22|46001/22|47937/22|48301/22|48357/22|48359/22|48360/22|48600/22|49050/22|49973/22|50877/22|50899/22|50992/22|51408/22|51516/22|52115/22|52377/22|53829/22|54951/22|55875/22|57351/22|57553/22|57587/22|57728/22|7559/23|7565/23|8026/23,001-235028,4,HEJUD,Violation of Article 11 - Freedom of assembly and association (Article 11-1 - Freedom of peaceful assembly);Violation of Article 8 - Right to respect for private and family life (Article 8-1 - Respect for home);Violation of Article 5 - Right to liberty and security (Article 5-1 - Lawful arrest or detention);Violation of Article 6 - Right to a fair trial (Article 6 - Administrative proceedings;Article 6-1 - Impartial tribunal);Violation of Article 10 - Freedom of expression - {general} (Article 10-1 - Freedom of expression),11|11-1|8|8-1|5|5-1|6|6-1|10|10-1,2024,negative,published_in_window_not_added_to_guide,apps:50374/21,false,false,clean,easy
7ff3d5fc46dd,Prisoners' rights,2024-04-05,2024-09-28,2024-02-29,2024-08-31,apps:28467/18,BUGLOV AND OTHERS v. UKRAINE,28467/18|19199/23|28939/23|32742/23|32936/23|38251/23|41227/23,001-235045,4,HEJUD,Violation of Article 6 - Right to a fair trial (Article 6 - Civil proceedings;Article 6-1 - Reasonable time);Violation of Article 13+6-1 - Right to an effective remedy (Article 13 - Effective remedy) (Article 6 - Right to a fair trial;Civil proceedings;Article 6-1 - Reasonable time),6|6-1|13|13+6-1,2024,negative,published_in_window_not_added_to_guide,apps:28467/18,false,false,clean,easy
7ff3d5fc46dd,Prisoners' rights,2024-04-05,2024-09-28,2024-02-29,2024-08-31,apps:23734/21,DATSKO AND STEPANOV v. RUSSIA,23734/21|26987/21,001-235021,4,HEJUD,Violation of Article 6 - Right to a fair trial (Article 6 - Civil proceedings;Article 6-1 - Fair hearing),6|6-1,2024,negative,published_in_window_not_added_to_guide,apps:23734/21,false,false,clean,easy
7ff3d5fc46dd,Prisoners' rights,2024-04-05,2024-09-28,2024-02-29,2024-08-31,apps:205/22,DERGACH AND FILIPPOV v. UKRAINE,205/22|27823/23,001-235046,4,HEJUD,Violation of Article 5 - Right to liberty and security (Article 5-3 - Length of pre-trial detention);Violation of Article 6 - Right to a fair trial (Article 6 - Criminal proceedings;Article 6-1 - Reasonable time);Violation of Article 13+6-1 - Right to an effective remedy (Article 13 - Effective remedy) (Article 6 - Right to a fair trial;Criminal proceedings;Article 6-1 - Reasonable time),5|5-3|6|6-1|13|13+6-1,2024,negative,published_in_window_not_added_to_guide,apps:205/22,false,false,clean,easy
7ff3d5fc46dd,Prisoners' rights,2024-04-05,2024-09-28,2024-02-29,2024-08-31,apps:4325/22,DERIGLAZOV AND OTHERS v. UKRAINE,4325/22|33044/22|30740/23|33309/23|33445/23|37667/23|38261/23,001-235047,4,HEJUD,Violation of Article 6 - Right to a fair trial (Article 6 - Civil proceedings;Article 6-1 - Reasonable time);Violation of Article 13+6-1 - Right to an effective remedy (Article 13 - Effective remedy) (Article 6 - Right to a fair trial;Civil proceedings;Article 6-1 - Reasonable time),6|6-1|13|13+6-1,2024,negative,published_in_window_not_added_to_guide,apps:4325/22,false,false,clean,easy
7ff3d5fc46dd,Prisoners' rights,2024-04-05,2024-09-28,2024-02-29,2024-08-31,apps:50942/20,DJERI AND OTHERS v. LATVIA,50942/20|2022/21,001-235015,3,HEJUD,Remainder inadmissible (Article 35-1 - Exhaustion of domestic remedies;Article 35-3-a - Ratione materiae);No violation of Article 14+P1-2 - Prohibition of discrimination (Article 14 - Discrimination) (Article 2 of Protocol No. 1 - Right to education - {general}),35|35-1|35-3-a|14|14+P1-2|P1-2,2024,negative,published_in_window_not_added_to_guide,apps:50942/20|2022/21,false,false,clean,easy
7ff3d5fc46dd,Prisoners' rights,2024-04-05,2024-09-28,2024-02-29,2024-08-31,apps:40861/22,HANOVS v. LATVIA,40861/22,001-235016,3,HEJUD,Preliminary objection dismissed (Art. 35) Admissibility criteria;(Art. 35-1) Exhaustion of domestic remedies;Violation of Article 14+3 - Prohibition of discrimination (Article 14 - Discrimination) (Article 3 - Prohibition of torture;Effective investigation;Positive obligations);Violation of Article 14+8 - Prohibition of discrimination (Article 14 - Discrimination) (Article 8 - Right to respect for private and family life;Positive obligations;Article 8-1 - Respect for private life);Non-pecuniary damage - award (Article 41 - Non-pecuniary damage;Just satisfaction),14|14+3|3|14+8|8|8-1|41|35|35-1,2024,negative,published_in_window_not_added_to_guide,apps:40861/22,false,false,clean,easy
7ff3d5fc46dd,Prisoners' rights,2024-04-05,2024-09-28,2024-02-29,2024-08-31,apps:6823/19,KONDRATYUK AND OTHERS v. RUSSIA,6823/19|8343/19|16932/19|15145/21,001-235029,4,HEJUD,Violation of Article 6+6-3-d - Right to a fair trial (Article 6 - Criminal proceedings;Article 6-1 - Fair hearing) (Article 6 - Right to a fair trial;Article 6-3-d - Examination of witnesses),6|6+6-3-d|6-3-d|6-1,2024,negative,published_in_window_not_added_to_guide,apps:6823/19,false,false,clean,easy
7ff3d5fc46dd,Prisoners' rights,2024-04-05,2024-09-28,2024-02-29,2024-08-31,apps:50764/18,KRAYNEV AND OTHERS v. RUSSIA,50764/18|6236/19|58135/19|2153/23|10307/23|34914/23|36701/23,001-235019,4,HEJUD,Violation of Article 3 - Prohibition of torture (Article 3 - Degrading treatment) (Substantive aspect),3,2024,negative,published_in_window_not_added_to_guide,apps:50764/18,false,false,clean,easy
7ff3d5fc46dd,Prisoners' rights,2024-04-05,2024-09-28,2024-02-29,2024-08-31,apps:16174/19,MESTETSKIY AND OTHERS v. RUSSIA,16174/19|32307/19|41196/20|2872/21|13712/21|17138/21|53091/21|58322/21|27161/22|34710/22|35417/22|39555/22|41109/22|41116/22|41434/22|43151/22|43533/22|329/23,001-235032,4,HEJUD,Violation of Article 10 - Freedom of expression - {general} (Article 10-1 - Freedom of expression);Violation of Article 5 - Right to liberty and security (Article 5-1 - Lawful arrest or detention);Violation of Article 6 - Right to a fair trial (Article 6 - Administrative proceedings;Article 6-1 - Impartial tribunal);Violation of Article 11 - Freedom of assembly and association (Article 11-1 - Freedom of peaceful assembly);Violation of Article 2 of Protocol No. 7 - Right of appeal in criminal matters (Article 2 of Protocol No. 7 - Review of conviction),10|10-1|5|5-1|6|6-1|11|11-1|P7-2,2024,negative,published_in_window_not_added_to_guide,apps:16174/19,false,false,clean,easy
7ff3d5fc46dd,Prisoners' rights,2024-04-05,2024-09-28,2024-02-29,2024-08-31,apps:48859/16,MOLIBOGA AND OTHERS v. RUSSIA,48859/16|21830/18|42078/18|44110/18|49338/18|6336/19|8791/19|13507/19|14669/19|18545/19|21186/19|29373/19|32446/19|48507/19|18832/23,001-235030,4,HEJUD,Violation of Article 10 - Freedom of expression - {general} (Article 10-1 - Freedom of expression);Violation of Article 5 - Right to liberty and security (Article 5-1 - Lawful arrest or detention);Violation of Article 6 - Right to a fair trial (Article 6 - Administrative proceedings;Article 6-1 - Impartial tribunal),10|10-1|5|5-1|6|6-1,2024,negative,published_in_window_not_added_to_guide,apps:48859/16,false,false,clean,easy
d24a9ac722de,ECHR / EU,2024-06-18,2024-11-11,2024-02-29,2024-08-31,apps:40776/16,GANUSHCHAK v. UKRAINE,40776/16,001-235471,4,HEJUD,Violation of Article 1 of Protocol No. 1 - Protection of property (Article 1 para. 1 of Protocol No. 1 - Peaceful enjoyment of possessions),P1-1|P1-1-1,2024,negative,published_in_window_not_added_to_guide,apps:40776/16,false,false,clean,easy
d24a9ac722de,ECHR / EU,2024-06-18,2024-11-11,2024-02-29,2024-08-31,apps:59464/21,KHACHAPURIDZE AND KHACHIDZE v. GEORGIA,59464/21|13079/22,001-235474,3,HEJUD,Remainder inadmissible (Art. 35) Admissibility criteria;(Art. 35-3-a) Manifestly ill-founded;Violation of Article 6+6-3 - Right to a fair trial (Article 6 - Criminal proceedings;Article 6-1 - Fair hearing) (Article 6 - Right to a fair trial;Article 6-3 - Rights of defence;Article 6-3-c - Defence in person;Article 6-3-d - Examination of witnesses;Obtain attendance of witnesses);Non-pecuniary damage - award (Article 41 - Non-pecuniary damage;Just satisfaction),35|35-3-a|6|6+6-3|6-3|6-3-c|6-3-d|6-1|41,2024,negative,published_in_window_not_added_to_guide,apps:59464/21|13079/22,false,false,clean,easy
d24a9ac722de,ECHR / EU,2024-06-18,2024-11-11,2024-02-29,2024-08-31,apps:12767/21,LEFEBVRE v. FRANCE,12767/21,001-235724,4,HEJUD,No violation of Article 10 - Freedom of expression - {general} (Article 10-1 - Freedom of expression),10|10-1,2024,negative,published_in_window_not_added_to_guide,apps:12767/21,false,false,clean,easy
d24a9ac722de,ECHR / EU,2024-06-18,2024-11-11,2024-02-29,2024-08-31,apps:24622/22,PASQUINELLI AND OTHERS v. SAN MARINO,24622/22,001-235475,1,HEJUD,Remainder inadmissible (Art. 35) Admissibility criteria;(Art. 35-3-a) Manifestly ill-founded;(Art. 35-3-a) Ratione materiae;(Art. 35-3-a) Ratione personae;No violation of Article 8 - Right to respect for private and family life (Article 8-1 - Respect for private life),35|35-3-a|8|8-1|8-2,2024,negative,published_in_window_not_added_to_guide,apps:24622/22,false,false,clean,easy
d24a9ac722de,ECHR / EU,2024-06-18,2024-11-11,2024-02-29,2024-08-31,apps:44681/21,TSULUKIDZE AND RUSULASHVILI v. GEORGIA,44681/21|17256/22,001-235473,3,HEJUD,Violation of Article 6 - Right to a fair trial (Article 6 - Civil proceedings;Article 6-1 - Impartial tribunal);Pecuniary damage - claim dismissed (Article 41 - Pecuniary damage;Just satisfaction);Non-pecuniary damage - award (Article 41 - Non-pecuniary damage;Just satisfaction),6|6-1|41,2024,negative,published_in_window_not_added_to_guide,apps:44681/21|17256/22,false,false,clean,easy
d24a9ac722de,ECHR / EU,2024-06-18,2024-11-11,2024-02-29,2024-08-31,apps:33394/12,THE MEDIA RIGHTS INSTITUTE v. AZERBAIJAN,33394/12,001-236074,4,HEDEC,Inadmissible,6|6-1|10|35,2024,negative,published_in_window_not_added_to_guide,apps:33394/12,false,false,clean,easy
d24a9ac722de,ECHR / EU,2024-06-18,2024-11-11,2024-02-29,2024-08-31,apps:28540/20,AHMED v. THE UNITED KINGDOM,28540/20,001-236079,4,HEDEC,Inadmissible,8|14|14+8|35,2024,negative,published_in_window_not_added_to_guide,apps:28540/20,false,false,clean,easy
d24a9ac722de,ECHR / EU,2024-06-18,2024-11-11,2024-02-29,2024-08-31,apps:50058/12,B.D. v. BELGIUM,50058/12,001-235698,4,HEJUD,Violation of Article 5 - Right to liberty and security (Article 5-4 - Review of lawfulness of detention);Violation of Article 5 - Right to liberty and security (Article 5-1 - Lawful arrest or detention),5|5-4|5-1,2024,negative,published_in_window_not_added_to_guide,apps:50058/12,false,false,clean,easy
d24a9ac722de,ECHR / EU,2024-06-18,2024-11-11,2024-02-29,2024-08-31,apps:20007/22,BIELAU v. AUSTRIA,20007/22,001-235470,3,HEJUD,No violation of Article 10 - Freedom of expression - {general},10|10-2|2|8,2024,negative,published_in_window_not_added_to_guide,apps:20007/22,false,false,clean,easy
d24a9ac722de,ECHR / EU,2024-06-18,2024-11-11,2024-02-29,2024-08-31,apps:15028/16,HRACHYA HARUTYUNYAN v. ARMENIA,15028/16,001-235467,3,HEJUD,Violation of Article 10 - Freedom of expression - {general} (Article 10-1 - Freedom of expression);Pecuniary damage - reserved (Article 41 - Pecuniary damage;Just satisfaction);Non-pecuniary damage - award (Article 41 - Non-pecuniary damage;Just satisfaction),10|10-1|10-2|41,2024,negative,published_in_window_not_added_to_guide,apps:15028/16,false,false,clean,easy
d24a9ac722de,ECHR / EU,2024-06-18,2024-11-11,2024-02-29,2024-08-31,apps:32887/19,İ.G. v. TÜRKİYE,32887/19,001-235468,3,HEJUD,Preliminary objection joined to merits and dismissed (Art. 34) Individual applications;(Art. 34) Victim;Violation of Article 3 - Prohibition of torture (Article 3 - Effective investigation;Positive obligations) (Procedural aspect),34|3,2024,negative,published_in_window_not_added_to_guide,apps:32887/19,false,false,clean,easy
d24a9ac722de,ECHR / EU,2024-06-18,2024-11-11,2024-02-29,2024-08-31,apps:28791/10,NAMIK YÜKSEL v. TÜRKİYE,28791/10,001-235465,3,HEJUD,No violation of Article 8 - Right to respect for private and family life (Article 8-1 - Respect for family life),8|8-1|8-2,2024,negative,published_in_window_not_added_to_guide,apps:28791/10,false,false,clean,easy
d24a9ac722de,ECHR / EU,2024-06-18,2024-11-11,2024-02-29,2024-08-31,apps:989/18,W.R. v. THE NETHERLANDS,989/18,001-235346,4,HEJUD,No violation of Article 6 - Right to a fair trial (Article 6-1 - Fair hearing;Article 6-3-c - Defence through legal assistance),6|6-1|6-3-c,2024,negative,published_in_window_not_added_to_guide,apps:989/18,false,false,clean,easy
d24a9ac722de,ECHR / EU,2024-06-18,2024-11-11,2024-02-29,2024-08-31,apps:17389/20,YASAK v. TÜRKİYE,17389/20,001-235709,3,HEJUD,Remainder inadmissible (Art. 35) Admissibility criteria;(Art. 35-1) Exhaustion of domestic remedies;No violation of Article 3 - Prohibition of torture (Article 3 - Degrading treatment;Inhuman treatment) (Substantive aspect);No violation of Article 7 - No punishment without law (Article 7-1 - Nulla poena sine lege;Nullum crimen sine lege),35|35-1|3|7|7-1,2024,negative,published_in_window_not_added_to_guide,apps:17389/20,false,false,clean,easy
d24a9ac722de,ECHR / EU,2024-06-18,2024-11-11,2024-02-29,2024-08-31,apps:35780/18,LONGO v. ITALY,35780/18,001-235959,4,HEDEC,Inadmissible,6|6-1|7|7-1|P1-1|35,2024,negative,published_in_window_not_added_to_guide,apps:35780/18,false,false,clean,easy
d24a9ac722de,ECHR / EU,2024-06-18,2024-11-11,2024-02-29,2024-08-31,apps:22463/17,S.B. AND OTHERS v. SERBIA,22463/17,001-236075,4,HEDEC,Inadmissible,3|5|5-1|5-2|35,2024,negative,published_in_window_not_added_to_guide,apps:22463/17,false,false,clean,easy
d24a9ac722de,ECHR / EU,2024-06-18,2024-11-11,2024-02-29,2024-08-31,apps:2327/20,COUSO PERMUY v. SPAIN,2327/20,001-235144,3,HEJUD,No violation of Article 6 - Right to a fair trial (Article 6 - Civil proceedings;Article 6-1 - Access to court),6|6-1|1,2024,negative,published_in_window_not_added_to_guide,apps:2327/20,false,false,clean,easy
d24a9ac722de,ECHR / EU,2024-06-18,2024-11-11,2024-02-29,2024-08-31,apps:34210/19,D.H. AND OTHERS v. SWEDEN,34210/19,001-235142,3,HEJUD,Remainder inadmissible (Art. 35) Admissibility criteria;(Art. 35-3-a) Manifestly ill-founded;(Art. 35-3-a) Ratione materiae;No violation of Article 8 - Right to respect for private and family life (Article 8 - Positive obligations;Article 8-1 - Respect for family life),35|35-3-a|8|8-1,2024,negative,published_in_window_not_added_to_guide,apps:34210/19,false,false,clean,easy
d24a9ac722de,ECHR / EU,2024-06-18,2024-11-11,2024-02-29,2024-08-31,apps:63664/19,M.A. AND OTHERS v. FRANCE,63664/19|64450/19|24387/20|24391/20|24393/20,001-235426,1,HEJUD,No violation of Article 8 - Right to respect for private and family life (Article 8-1 - Respect for private life),8|8-1|8-2,2024,negative,published_in_window_not_added_to_guide,apps:63664/19,false,false,clean,easy
d24a9ac722de,ECHR / EU,2024-06-18,2024-11-11,2024-02-29,2024-08-31,apps:49755/18,OKUBAMICHAEL DEBRU v. SWEDEN,49755/18,001-235141,3,HEJUD,Remainder inadmissible (Art. 35) Admissibility criteria;(Art. 35-3-a) Manifestly ill-founded;No violation of Article 8 - Right to respect for private and family life (Article 8 - Positive obligations;Article 8-1 - Respect for family life),35|35-3-a|8|8-1,2024,negative,published_in_window_not_added_to_guide,apps:49755/18,false,false,clean,easy
d24a9ac722de,ECHR / EU,2024-06-18,2024-11-11,2024-02-29,2024-08-31,apps:42221/18,ŽDANOKA v. LATVIA (No. 2),42221/18,001-235140,3,HEJUD,No violation of Article 3 of Protocol No. 1 - Right to free elections - {general} (Article 3 of Protocol No. 1 - Stand for election),P1-3,2024,negative,published_in_window_not_added_to_guide,apps:42221/18,false,false,clean,easy
d24a9ac722de,ECHR / EU,2024-06-18,2024-11-11,2024-02-29,2024-08-31,apps:50374/21,BELOMESTNOV AND OTHERS v. RUSSIA,50374/21|32325/22|43965/22|44447/22|45200/22|45494/22|46001/22|47937/22|48301/22|48357/22|48359/22|48360/22|48600/22|49050/22|49973/22|50877/22|50899/22|50992/22|51408/22|51516/22|52115/22|52377/22|53829/22|54951/22|55875/22|57351/22|57553/22|57587/22|57728/22|7559/23|7565/23|8026/23,001-235028,4,HEJUD,Violation of Article 11 - Freedom of assembly and association (Article 11-1 - Freedom of peaceful assembly);Violation of Article 8 - Right to respect for private and family life (Article 8-1 - Respect for home);Violation of Article 5 - Right to liberty and security (Article 5-1 - Lawful arrest or detention);Violation of Article 6 - Right to a fair trial (Article 6 - Administrative proceedings;Article 6-1 - Impartial tribunal);Violation of Article 10 - Freedom of expression - {general} (Article 10-1 - Freedom of expression),11|11-1|8|8-1|5|5-1|6|6-1|10|10-1,2024,negative,published_in_window_not_added_to_guide,apps:50374/21,false,false,clean,easy
d24a9ac722de,ECHR / EU,2024-06-18,2024-11-11,2024-02-29,2024-08-31,apps:28467/18,BUGLOV AND OTHERS v. UKRAINE,28467/18|19199/23|28939/23|32742/23|32936/23|38251/23|41227/23,001-235045,4,HEJUD,Violation of Article 6 - Right to a fair trial (Article 6 - Civil proceedings;Article 6-1 - Reasonable time);Violation of Article 13+6-1 - Right to an effective remedy (Article 13 - Effective remedy) (Article 6 - Right to a fair trial;Civil proceedings;Article 6-1 - Reasonable time),6|6-1|13|13+6-1,2024,negative,published_in_window_not_added_to_guide,apps:28467/18,false,false,clean,easy
d24a9ac722de,ECHR / EU,2024-06-18,2024-11-11,2024-02-29,2024-08-31,apps:23734/21,DATSKO AND STEPANOV v. RUSSIA,23734/21|26987/21,001-235021,4,HEJUD,Violation of Article 6 - Right to a fair trial (Article 6 - Civil proceedings;Article 6-1 - Fair hearing),6|6-1,2024,negative,published_in_window_not_added_to_guide,apps:23734/21,false,false,clean,easy
d24a9ac722de,ECHR / EU,2024-06-18,2024-11-11,2024-02-29,2024-08-31,apps:205/22,DERGACH AND FILIPPOV v. UKRAINE,205/22|27823/23,001-235046,4,HEJUD,Violation of Article 5 - Right to liberty and security (Article 5-3 - Length of pre-trial detention);Violation of Article 6 - Right to a fair trial (Article 6 - Criminal proceedings;Article 6-1 - Reasonable time);Violation of Article 13+6-1 - Right to an effective remedy (Article 13 - Effective remedy) (Article 6 - Right to a fair trial;Criminal proceedings;Article 6-1 - Reasonable time),5|5-3|6|6-1|13|13+6-1,2024,negative,published_in_window_not_added_to_guide,apps:205/22,false,false,clean,easy
d24a9ac722de,ECHR / EU,2024-06-18,2024-11-11,2024-02-29,2024-08-31,apps:4325/22,DERIGLAZOV AND OTHERS v. UKRAINE,4325/22|33044/22|30740/23|33309/23|33445/23|37667/23|38261/23,001-235047,4,HEJUD,Violation of Article 6 - Right to a fair trial (Article 6 - Civil proceedings;Article 6-1 - Reasonable time);Violation of Article 13+6-1 - Right to an effective remedy (Article 13 - Effective remedy) (Article 6 - Right to a fair trial;Civil proceedings;Article 6-1 - Reasonable time),6|6-1|13|13+6-1,2024,negative,published_in_window_not_added_to_guide,apps:4325/22,false,false,clean,easy
d24a9ac722de,ECHR / EU,2024-06-18,2024-11-11,2024-02-29,2024-08-31,apps:50942/20,DJERI AND OTHERS v. LATVIA,50942/20|2022/21,001-235015,3,HEJUD,Remainder inadmissible (Article 35-1 - Exhaustion of domestic remedies;Article 35-3-a - Ratione materiae);No violation of Article 14+P1-2 - Prohibition of discrimination (Article 14 - Discrimination) (Article 2 of Protocol No. 1 - Right to education - {general}),35|35-1|35-3-a|14|14+P1-2|P1-2,2024,negative,published_in_window_not_added_to_guide,apps:50942/20|2022/21,false,false,clean,easy
d24a9ac722de,ECHR / EU,2024-06-18,2024-11-11,2024-02-29,2024-08-31,apps:40861/22,HANOVS v. LATVIA,40861/22,001-235016,3,HEJUD,Preliminary objection dismissed (Art. 35) Admissibility criteria;(Art. 35-1) Exhaustion of domestic remedies;Violation of Article 14+3 - Prohibition of discrimination (Article 14 - Discrimination) (Article 3 - Prohibition of torture;Effective investigation;Positive obligations);Violation of Article 14+8 - Prohibition of discrimination (Article 14 - Discrimination) (Article 8 - Right to respect for private and family life;Positive obligations;Article 8-1 - Respect for private life);Non-pecuniary damage - award (Article 41 - Non-pecuniary damage;Just satisfaction),14|14+3|3|14+8|8|8-1|41|35|35-1,2024,negative,published_in_window_not_added_to_guide,apps:40861/22,false,false,clean,easy
d24a9ac722de,ECHR / EU,2024-06-18,2024-11-11,2024-02-29,2024-08-31,apps:6823/19,KONDRATYUK AND OTHERS v. RUSSIA,6823/19|8343/19|16932/19|15145/21,001-235029,4,HEJUD,Violation of Article 6+6-3-d - Right to a fair trial (Article 6 - Criminal proceedings;Article 6-1 - Fair hearing) (Article 6 - Right to a fair trial;Article 6-3-d - Examination of witnesses),6|6+6-3-d|6-3-d|6-1,2024,negative,published_in_window_not_added_to_guide,apps:6823/19,false,false,clean,easy
d24a9ac722de,ECHR / EU,2024-06-18,2024-11-11,2024-02-29,2024-08-31,apps:50764/18,KRAYNEV AND OTHERS v. RUSSIA,50764/18|6236/19|58135/19|2153/23|10307/23|34914/23|36701/23,001-235019,4,HEJUD,Violation of Article 3 - Prohibition of torture (Article 3 - Degrading treatment) (Substantive aspect),3,2024,negative,published_in_window_not_added_to_guide,apps:50764/18,false,false,clean,easy
0a61f8f7ceb0,Rights of LGBTI persons,2023-09-23,2024-04-05,,,apps:54029/17,SHEROV AND OTHERS v. POLAND,54029/17|54117/17|54128/17|54255/17,001-231867,3,HEJUD,,3|P4-4|13|41,2024,negative,published_in_window_not_added_to_guide_importance_1_3,apps:54029/17,false,false,clean,hard
0a61f8f7ceb0,Rights of LGBTI persons,2023-09-23,2024-04-05,,,apps:17131/19,TAMAZOUNT AND OTHERS v. FRANCE,17131/19|19242/19|28794/21|28830/21|55810/20,001-233093,3,HEJUD,,34|35|35-1|6|6-1|3|8|8-1|P1-1|P1-1-1|41|35-3-a,2024,negative,published_in_window_not_added_to_guide_importance_1_3,apps:17131/19,false,false,clean,hard
0a61f8f7ceb0,Rights of LGBTI persons,2023-09-23,2024-04-05,,,apps:49049/18,ZÖLDI v. HUNGARY,49049/18,001-231872,3,HEJUD,,10|10-1|10-2|41,2024,negative,published_in_window_not_added_to_guide_importance_1_3,apps:49049/18,false,false,clean,hard
0a61f8f7ceb0,Rights of LGBTI persons,2023-09-23,2024-04-05,,,apps:19664/20,VERHOEVEN v. FRANCE,19664/20,001-233090,3,HEJUD,,8|8-1|8-2,2024,negative,published_in_window_not_added_to_guide_importance_1_3,apps:19664/20,false,false,clean,hard
0a61f8f7ceb0,Rights of LGBTI persons,2023-09-23,2024-04-05,,,apps:54699/14,KARTAL v. TÜRKİYE,54699/14,001-231738,3,HEJUD,,6|6-1|41,2024,negative,published_in_window_not_added_to_guide_importance_1_3,apps:54699/14,false,false,clean,hard
0a61f8f7ceb0,Rights of LGBTI persons,2023-09-23,2024-04-05,,,apps:38963/18,V.I. v. THE REPUBLIC OF MOLDOVA,38963/18,001-231739,3,HEJUD,,3|14|14+3|13|46|46-2|41,2024,negative,published_in_window_not_added_to_guide_importance_1_3,apps:38963/18,false,false,clean,hard
0a61f8f7ceb0,Rights of LGBTI persons,2023-09-23,2024-04-05,,,apps:10103/20,SIEĆ OBYWATELSKA WATCHDOG POLSKA v. POLAND,10103/20,001-231616,3,HEJUD,,10|10-1|10-2,2024,negative,published_in_window_not_added_to_guide_importance_1_3,apps:10103/20,false,false,clean,hard
0a61f8f7ceb0,Rights of LGBTI persons,2023-09-23,2024-04-05,,,apps:47238/19,ALMEIDA ARROJA v. PORTUGAL,47238/19,001-231606,3,HEJUD,,10|10-1|10-2|41,2024,negative,published_in_window_not_added_to_guide_importance_1_3,apps:47238/19,false,false,clean,hard
0a61f8f7ceb0,Rights of LGBTI persons,2023-09-23,2024-04-05,,,apps:15284/19,B.T. v. RUSSIA,15284/19,001-231604,3,HEJUD,,14|14+8|8|8-1|58,2024,negative,published_in_window_not_added_to_guide_importance_1_3,apps:15284/19,false,false,clean,hard
0a61f8f7ceb0,Rights of LGBTI persons,2023-09-23,2024-04-05,,,apps:84388/17,KURAL v. TÜRKİYE,84388/17,001-231603,3,HEJUD,,35|35-3-a|6|6-1|41,2024,negative,published_in_window_not_added_to_guide_importance_1_3,apps:84388/17,false,false,clean,hard
0a61f8f7ceb0,Rights of LGBTI persons,2023-09-23,2024-04-05,,,apps:26821/17,ASSOCIATION OF PEOPLE OF SILESIAN NATIONALITY (IN LIQUIDATION) v. POLAND,26821/17,001-231550,3,HEJUD,,11|11-1|11-2,2024,negative,published_in_window_not_added_to_guide_importance_1_3,apps:26821/17,false,false,clean,hard
0a61f8f7ceb0,Rights of LGBTI persons,2023-09-23,2024-04-05,,,apps:62020/14,MOLDOVAN v. UKRAINE,62020/14,001-231547,3,HEJUD,,8|8-1|41,2024,negative,published_in_window_not_added_to_guide_importance_1_3,apps:62020/14,false,false,clean,hard
0a61f8f7ceb0,Rights of LGBTI persons,2023-09-23,2024-04-05,,,apps:18382/15,KANATLI v. TÜRKİYE,18382/15,001-231650,3,HEJUD,,9|9-1|41,2024,negative,published_in_window_not_added_to_guide_importance_1_3,apps:18382/15,false,false,clean,hard
0a61f8f7ceb0,Rights of LGBTI persons,2023-09-23,2024-04-05,,,apps:48309/17,ORHAN ŞAHİN v. TÜRKİYE,48309/17,001-231543,3,HEJUD,,35|35-1|35-2-b|6|6-1|41,2024,negative,published_in_window_not_added_to_guide_importance_1_3,apps:48309/17,false,false,clean,hard
0a61f8f7ceb0,Rights of LGBTI persons,2024-04-05,2024-06-13,,,apps:615/21,CVIKOVÁ v. SLOVAKIA,36765/21|615/21|9427/21,001-234143,3,HEJUD,,35|35-3-a|5|5-1|5-1-c|5-3|5-4|41|6|6-1,2024,negative,published_in_window_not_added_to_guide_importance_1_3,apps:615/21,false,false,clean,hard
0a61f8f7ceb0,Rights of LGBTI persons,2024-04-05,2024-06-13,,,apps:32312/23,DÁNIEL KARSAI v. HUNGARY,32312/23,001-234151,1,HEJUD,,35|35-3-a|8|8-1|8-2|14|14+8|2|2-1,2024,negative,published_in_window_not_added_to_guide_importance_1_3,apps:32312/23,false,false,clean,hard
0a61f8f7ceb0,Rights of LGBTI persons,2024-04-05,2024-06-13,,,apps:56138/18,RFE/RL INC. AND OTHERS v. AZERBAIJAN,48735/19|51207/19|56138/18|58694/19,001-234138,3,HEJUD,,10|10-1|10-2|41,2024,negative,published_in_window_not_added_to_guide_importance_1_3,apps:56138/18,false,false,clean,hard
0a61f8f7ceb0,Rights of LGBTI persons,2024-04-05,2024-06-13,,,apps:55159/16,KOKËDHIMA v. ALBANIA,55159/16,001-234125,3,HEJUD,,35|35-3-a|P1-3,2024,negative,published_in_window_not_added_to_guide_importance_1_3,apps:55159/16,false,false,clean,hard
0a61f8f7ceb0,Rights of LGBTI persons,2024-04-05,2024-06-13,,,apps:32483/19|35049/19,NEALON AND HALLAM v. THE UNITED KINGDOM,32483/19|35049/19,001-234468,1,HEJUD,,6|6-2|6-1|P7-4|P7-3,2024,negative,published_in_window_not_added_to_guide_importance_1_3,apps:32483/19|35049/19,false,false,clean,hard
0a61f8f7ceb0,Rights of LGBTI persons,2024-04-05,2024-06-13,,,apps:47909/19,T.V. v. CROATIA,47909/19,001-234129,3,HEJUD,,2|2-1|2-2|41,2024,negative,published_in_window_not_added_to_guide_importance_1_3,apps:47909/19,false,false,clean,hard
0a61f8f7ceb0,Rights of LGBTI persons,2024-04-05,2024-06-13,,,apps:36559/19,BERSHEDA AND RYBOLOVLEV v. MONACO,36559/19|36570/19,001-234410,3,HEJUD,,35|35-3-a|8|8-1|8-2,2024,negative,published_in_window_not_added_to_guide_importance_1_3,apps:36559/19,false,false,clean,hard
0a61f8f7ceb0,Rights of LGBTI persons,2024-04-05,2024-06-13,,,apps:19358/17,CRAMESTETER v. ITALY,19358/17,001-234381,3,HEJUD,,34|35|35-1|5|5-1|5-1-e|5-5|41,2024,negative,published_in_window_not_added_to_guide_importance_1_3,apps:19358/17,false,false,clean,hard
0a61f8f7ceb0,Rights of LGBTI persons,2024-04-05,2024-06-13,,,apps:13459/15,L.T. v. UKRAINE,13459/15,001-233993,3,HEJUD,,6|6+6-3-c|6-3-c|6-1|6-3|41,2024,negative,published_in_window_not_added_to_guide_importance_1_3,apps:13459/15,false,false,clean,hard
0a61f8f7ceb0,Rights of LGBTI persons,2024-04-05,2024-06-13,,,apps:2832/21,ALPASLAN v. TÜRKİYE,2832/21,001-234359,3,HEJUD,,P1-1|P1-1-1,2024,negative,published_in_window_not_added_to_guide_importance_1_3,apps:2832/21,false,false,clean,hard
0a61f8f7ceb0,Rights of LGBTI persons,2024-04-05,2024-06-13,,,apps:62199/19,BOSEV v. BULGARIA,62199/19,001-234362,3,HEJUD,,6|6-1|10|10-1|10-2|41,2024,negative,published_in_window_not_added_to_guide_importance_1_3,apps:62199/19,false,false,clean,hard
0a61f8f7ceb0,Rights of LGBTI persons,2024-04-05,2024-06-13,,,apps:28794/18,PISANSKI v. CROATIA,28794/18,001-233985,3,HEJUD,,10|10-1|10-2,2024,negative,published_in_window_not_added_to_guide_importance_1_3,apps:28794/18,false,false,clean,hard
0a61f8f7ceb0,Rights of LGBTI persons,2024-04-05,2024-06-13,,,apps:48998/14,VARYAN v. ARMENIA,48998/14,001-233983,3,HEJUD,,35|35-1|2|2-1|13|13+2-1|41|1,2024,negative,published_in_window_not_added_to_guide_importance_1_3,apps:48998/14,false,false,clean,hard
0a61f8f7ceb0,Rights of LGBTI persons,2024-04-05,2024-06-13,,,apps:22321/19,WICK v. GERMANY,22321/19,001-234272,3,HEJUD,,6|6-1,2024,negative,published_in_window_not_added_to_guide_importance_1_3,apps:22321/19,false,false,clean,hard
0a61f8f7ceb0,Rights of LGBTI persons,2024-04-05,2024-06-13,,,apps:57246/21,ZOUBOULIDIS v. GREECE (No. 3),57246/21,001-233990,3,HEJUD,,6|6-1|41,2024,negative,published_in_window_not_added_to_guide_importance_1_3,apps:57246/21,false,false,clean,hard
0a61f8f7ceb0,Rights of LGBTI persons,2024-04-05,2024-06-13,,,apps:41678/20,FUTORNYAK v. UKRAINE,41678/20,001-235004,3,HEDEC,,35|35-3-a|34|P1-1|P1-1-1,2024,negative,published_in_window_not_added_to_guide_importance_1_3,apps:41678/20,false,false,clean,hard
0a61f8f7ceb0,Rights of LGBTI persons,2024-04-05,2024-06-13,,,apps:72038/17|25237/18,PIETRZAK AND BYCHAWSKA-SINIARSKA AND OTHERS v. POLAND,25237/18|72038/17,001-234175,3,HEJUD,,8|8-1,2024,negative,published_in_window_not_added_to_guide_importance_1_3,apps:72038/17|25237/18,false,false,clean,hard
0a61f8f7ceb0,Rights of LGBTI persons,2024-04-05,2024-06-13,,,apps:2507/19,CONTRADA v. ITALY (No. 4),2507/19,001-234091,3,HEJUD,,35|35-1|8|8-1|8-2|41,2024,negative,published_in_window_not_added_to_guide_importance_1_3,apps:2507/19,false,false,clean,hard
0a61f8f7ceb0,Rights of LGBTI persons,2024-04-05,2024-06-13,,,apps:37943/17,PATRICOLO AND OTHERS v. ITALY,20655/19|37943/17|54009/18,001-233737,3,HEJUD,,35|35-3-a|6|6-1|41,2024,negative,published_in_window_not_added_to_guide_importance_1_3,apps:37943/17,false,false,clean,hard
0a61f8f7ceb0,Rights of LGBTI persons,2024-04-05,2024-06-13,,,apps:52855/19,RYTIKOV v. UKRAINE,52855/19,001-233738,3,HEJUD,,35|35-1|5|5-1|5-5|41,2024,negative,published_in_window_not_added_to_guide_importance_1_3,apps:52855/19,false,false,clean,hard
0a61f8f7ceb0,Rights of LGBTI persons,2024-04-05,2024-06-13,,,apps:6232/20|22394/20,SAAKASHVILI v. GEORGIA,22394/20|6232/20,001-233761,3,HEJUD,,35|35-3-a|6|6-1|6+6-3-d|6-3|6-3-d|7|7-1,2024,negative,published_in_window_not_added_to_guide_importance_1_3,apps:6232/20|22394/20,false,false,clean,hard
0a61f8f7ceb0,Rights of LGBTI persons,2024-04-05,2024-06-13,,,apps:57002/11,MANDEV AND OTHERS v. BULGARIA,46024/12|57002/11|61872/11|6430/13|67333/13,001-233736,3,HEJUD,,34|35|35-1|35-3-a|P1-1|P1-1-1|P1-1-2|41|6|6-1,2024,negative,published_in_window_not_added_to_guide_importance_1_3,apps:57002/11,false,false,clean,hard
0a61f8f7ceb0,Rights of LGBTI persons,2024-04-05,2024-06-13,,,apps:44002/22,DIAN v. DENMARK,44002/22,001-234499,1,HEDEC,,8|8-1|35|35-3-a,2024,negative,published_in_window_not_added_to_guide_importance_1_3,apps:44002/22,false,false,clean,hard
0a61f8f7ceb0,Rights of LGBTI persons,2024-04-05,2024-06-13,,,apps:39801/23,ZELENIKA v. CROATIA,39801/23,001-234530,3,HEDEC,,35|35-1|35-3-a|6|6-1,2024,negative,published_in_window_not_added_to_guide_importance_1_3,apps:39801/23,false,false,clean,hard
0bd62693ae9f,Article 3 Protocol 1,2023-09-23,2024-08-07,,,apps:40861/22,HANOVS v. LATVIA,40861/22,001-235016,3,HEJUD,,14|14+3|3|14+8|8|8-1|41|35|35-1,2024,negative,published_in_window_not_added_to_guide_importance_1_3,apps:40861/22,false,false,clean,hard
0bd62693ae9f,Article 3 Protocol 1,2024-08-07,2024-10-30,,,apps:1766/23,J.B. AND OTHERS v. MALTA,1766/23,001-237438,3,HEJUD,,3|13|13+3|5|5-1|5-1-f|5-4|46|41,2024,negative,published_in_window_not_added_to_guide_importance_1_3,apps:1766/23,false,false,clean,hard
0bd62693ae9f,Article 3 Protocol 1,2024-08-07,2024-10-30,,,apps:16310/20,S.M. v. ITALY,16310/20,001-236192,3,HEJUD,,35|35-1|35-3-a|3,2024,negative,published_in_window_not_added_to_guide_importance_1_3,apps:16310/20,false,false,clean,hard
0bd62693ae9f,Article 3 Protocol 1,2024-08-07,2024-10-30,,,apps:13337/19,H.T. v. GERMANY AND GREECE,13337/19,001-237290,3,HEJUD,,3|5|5-1|5-1-f|5-4|41,2024,negative,published_in_window_not_added_to_guide_importance_1_3,apps:13337/19,false,false,clean,hard
0bd62693ae9f,Article 3 Protocol 1,2024-08-07,2024-10-30,,,apps:12058/21,ELDAR HASANOV v. AZERBAIJAN,12058/21,001-236197,3,HEJUD,,35|35-3-a|3|5|5-3|34|41,2024,negative,published_in_window_not_added_to_guide_importance_1_3,apps:12058/21,false,false,clean,hard
0bd62693ae9f,Article 3 Protocol 1,2024-08-07,2024-10-30,,,apps:7453/23,MEDVID v. UKRAINE,7453/23,001-236205,3,HEJUD,,3|41,2024,negative,published_in_window_not_added_to_guide_importance_1_3,apps:7453/23,false,false,clean,hard
0bd62693ae9f,Article 3 Protocol 1,2024-08-07,2024-10-30,,,apps:42202/20,İŞİK v. TÜRKİYE,42202/20,001-236142,3,HEJUD,,35|35-3-a|3|41,2024,negative,published_in_window_not_added_to_guide_importance_1_3,apps:42202/20,false,false,clean,hard
0bd62693ae9f,Article 3 Protocol 1,2024-08-07,2024-10-30,,,apps:39090/20,M.A. AND Z.R. v. CYPRUS,39090/20,001-236141,3,HEJUD,,35|35-1|3|P4-4|13|41|1,2024,negative,published_in_window_not_added_to_guide_importance_1_3,apps:39090/20,false,false,clean,hard
154b01c3289a,Article 34/35,2023-06-27,2023-10-27,,,apps:52641/16,K.P. v. POLAND,52641/16,001-228374,3,HEJUD,,37|37-1|37-1-c|35|35-3-a|5|5-3|41|34,2023,negative,published_in_window_not_added_to_guide_importance_1_3,apps:52641/16,false,false,clean,hard
154b01c3289a,Article 34/35,2023-06-27,2023-10-27,,,apps:42429/16,MEMEDOVA AND OTHERS v. NORTH MACEDONIA,42429/16|8934/18|9886/18,001-228661,3,HEJUD,,34|35|35-3-a|P4-2|P4-2-2|14|14+P4-2|41|P4-2-3,2023,negative,published_in_window_not_added_to_guide_importance_1_3,apps:42429/16,false,false,clean,hard
154b01c3289a,Article 34/35,2023-06-27,2023-10-27,,,apps:14684/18,EFGAN ÇETİN AND OTHERS v. TÜRKİYE,14684/18,001-227718,3,HEJUD,,6|6-1|34,2023,negative,published_in_window_not_added_to_guide_importance_1_3,apps:14684/18,false,false,clean,hard
154b01c3289a,Article 34/35,2023-10-27,2023-12-12,,,apps:24225/19,GEORGIAN MUSLIM RELATIONS AND OTHERS v. GEORGIA,24225/19,001-229159,3,HEJUD,,34|14|14+8|8|8-1|14+9|9|9-1|P1-1|P1-1-1|41|3,2023,negative,published_in_window_not_added_to_guide_importance_1_3,apps:24225/19,false,false,clean,hard
154b01c3289a,Article 34/35,2023-10-27,2023-12-12,,,apps:3501/20,SCHMIDT AND ŠMIGOL v. ESTONIA,3501/20|43128/21|45907/20,001-229133,1,HEJUD,,34|35|35-1|3|41,2023,negative,published_in_window_not_added_to_guide_importance_1_3,apps:3501/20,false,false,clean,hard
154b01c3289a,Article 34/35,2023-10-27,2023-12-12,,,apps:50849/21,WAŁĘSA v. POLAND,50849/21,001-229366,1,HEJUD,,35|35-1|35-3-a|6|6-1|8|8-1|8-2|46|41|34|18,2023,negative,published_in_window_not_added_to_guide_importance_1_3,apps:50849/21,false,false,clean,hard
1900da194ee4,Article 10,2023-09-12,2024-09-30,,,apps:21286/15,DIANOVA AND OTHERS v. RUSSIA,13140/16|13162/16|20802/16|21286/15|24703/16,001-235602,3,HEJUD,,11|11-1|11-2|10|10-1|10-2|5|5-1|6|6-1|41|1,2024,negative,published_in_window_not_added_to_guide_importance_1_3,apps:21286/15,false,false,clean,hard
1b1f8de345be,Article 1 Protocol 1,2024-02-17,2024-08-28,,,apps:2327/20,COUSO PERMUY v. SPAIN,2327/20,001-235144,3,HEJUD,,6|6-1|1,2024,negative,published_in_window_not_added_to_guide_importance_1_3,apps:2327/20,false,false,clean,hard
1b1f8de345be,Article 1 Protocol 1,2024-02-17,2024-08-28,,,apps:16206/19,SAVINOVSKIKH AND OTHERS v. RUSSIA,16206/19,001-234795,3,HEJUD,,34|8|8-1|8-2|41|1|14,2024,negative,published_in_window_not_added_to_guide_importance_1_3,apps:16206/19,false,false,clean,hard
22935893a6e6,Article 5,2023-09-23,2024-04-09,,,apps:39611/18,GEORGIA v. RUSSIA (IV),39611/18,001-232000,3,HEJUD,,2|2-1|2-2|3|5|5-1|5-1-a|5-1-c|P4-2|P4-2-1|P4-2-3|8|8-1|8-2|P1-1|P1-1-1|P1-2|41|33|58,2024,negative,published_in_window_not_added_to_guide_importance_1_3,apps:39611/18,false,false,clean,hard
4026b1621d4a,Article 6 Criminal,2023-09-11,2024-04-09,,,apps:73532/16,SÖZEN v. TÜRKİYE,73532/16,001-233176,3,HEJUD,,6|6-1|41,2024,negative,published_in_window_not_added_to_guide_importance_1_3,apps:73532/16,false,false,clean,hard
4026b1621d4a,Article 6 Criminal,2023-09-11,2024-04-09,,,apps:53600/20,VEREIN KLIMASENIORINNEN SCHWEIZ AND OTHERS v. SWITZERLAND,53600/20,001-233206,1,HEJUD,,34|35|35-1|35-3-a|8|8-1|6|6-1|46|46-2|1|2|19,2024,negative,published_in_window_not_added_to_guide_importance_1_3,apps:53600/20,false,false,clean,hard
4026b1621d4a,Article 6 Criminal,2023-09-11,2024-04-09,,,apps:17131/19,TAMAZOUNT AND OTHERS v. FRANCE,17131/19|19242/19|28794/21|28830/21|55810/20,001-233093,3,HEJUD,,34|35|35-1|6|6-1|3|8|8-1|P1-1|P1-1-1|41|35-3-a,2024,negative,published_in_window_not_added_to_guide_importance_1_3,apps:17131/19,false,false,clean,hard
4026b1621d4a,Article 6 Criminal,2023-09-11,2024-04-09,,,apps:54699/14,KARTAL v. TÜRKİYE,54699/14,001-231738,3,HEJUD,,6|6-1|41,2024,negative,published_in_window_not_added_to_guide_importance_1_3,apps:54699/14,false,false,clean,hard
4026b1621d4a,Article 6 Criminal,2023-09-11,2024-04-09,,,apps:84388/17,KURAL v. TÜRKİYE,84388/17,001-231603,3,HEJUD,,35|35-3-a|6|6-1|41,2024,negative,published_in_window_not_added_to_guide_importance_1_3,apps:84388/17,false,false,clean,hard
4026b1621d4a,Article 6 Criminal,2024-04-09,2024-09-30,,,apps:6319/21,FABBRI AND OTHERS v. SAN MARINO,6319/21|6321/21|9227/21,001-237239,1,HEJUD,,35|35-1|35-3-a|6|6-1|13|2|3|4,2024,negative,published_in_window_not_added_to_guide_importance_1_3,apps:6319/21,false,false,clean,hard
4026b1621d4a,Article 6 Criminal,2024-04-09,2024-09-30,,,apps:21286/15,DIANOVA AND OTHERS v. RUSSIA,13140/16|13162/16|20802/16|21286/15|24703/16,001-235602,3,HEJUD,,11|11-1|11-2|10|10-1|10-2|5|5-1|6|6-1|41|1,2024,negative,published_in_window_not_added_to_guide_importance_1_3,apps:21286/15,false,false,clean,hard
4026b1621d4a,Article 6 Criminal,2024-04-09,2024-09-30,,,apps:2327/20,COUSO PERMUY v. SPAIN,2327/20,001-235144,3,HEJUD,,6|6-1|1,2024,negative,published_in_window_not_added_to_guide_importance_1_3,apps:2327/20,false,false,clean,hard
415c8994e0ed,Article 2,2023-09-23,2023-12-18,,,apps:34323/21,ȘTEFAN-GABRIEL MOCANU AND OTHERS v. ROMANIA,30168/21|31914/21|31924/21|32936/21|34323/21|34336/21|34877/21|34900/21|35510/21,001-229642,3,HEJUD,,37|37-1-c|2|2-1|3|41|46,2023,negative,published_in_window_not_added_to_guide_importance_1_3,apps:34323/21,false,false,clean,hard
54e38e09f96e,Article 2 Protocol 1,2023-09-23,2023-12-06,,,apps:42749/19,ERDAL MUHAMMET ARSLAN AND OTHERS v. TÜRKİYE,42749/19,001-229253,3,HEJUD,,2|2-1,2023,negative,published_in_window_not_added_to_guide_importance_1_3,apps:42749/19,false,false,clean,hard
54e38e09f96e,Article 2 Protocol 1,2023-09-23,2023-12-06,,,apps:49902/20,N.A. AND OTHERS v. RUSSIA,13837/20|40452/20|48523/19|49533/19|49902/20,001-228989,3,HEJUD,,35|35-1|2|2-1|3|5|5-1|13|13+2|41|58,2023,negative,published_in_window_not_added_to_guide_importance_1_3,apps:49902/20,false,false,clean,hard
684d373b17e9,Article 11,2024-04-05,2024-09-30,,,apps:32648/22,SHLOSBERG v. RUSSIA,32648/22,001-235795,3,HEJUD,,P1-3|41|11|11-1|58,2024,negative,published_in_window_not_added_to_guide_importance_1_3,apps:32648/22,false,false,clean,hard
762f0abff297,Article 4,2023-09-23,2024-09-30,,,apps:6319/21,FABBRI AND OTHERS v. SAN MARINO,6319/21|6321/21|9227/21,001-237239,1,HEJUD,,35|35-1|35-3-a|6|6-1|13|2|3|4,2024,negative,published_in_window_not_added_to_guide_importance_1_3,apps:6319/21,false,false,clean,hard
7b2999efc3b7,Article 4 Protocol 4,2024-04-09,2024-09-30,,,apps:6319/21,FABBRI AND OTHERS v. SAN MARINO,6319/21|6321/21|9227/21,001-237239,1,HEJUD,,35|35-1|35-3-a|6|6-1|13|2|3|4,2024,negative,published_in_window_not_added_to_guide_importance_1_3,apps:6319/21,false,false,clean,hard
7ff3d5fc46dd,Prisoners' rights,2023-09-23,2024-04-05,,,apps:54029/17,SHEROV AND OTHERS v. POLAND,54029/17|54117/17|54128/17|54255/17,001-231867,3,HEJUD,,3|P4-4|13|41,2024,negative,published_in_window_not_added_to_guide_importance_1_3,apps:54029/17,false,false,clean,hard
7ff3d5fc46dd,Prisoners' rights,2023-09-23,2024-04-05,,,apps:17131/19,TAMAZOUNT AND OTHERS v. FRANCE,17131/19|19242/19|28794/21|28830/21|55810/20,001-233093,3,HEJUD,,34|35|35-1|6|6-1|3|8|8-1|P1-1|P1-1-1|41|35-3-a,2024,negative,published_in_window_not_added_to_guide_importance_1_3,apps:17131/19,false,false,clean,hard
7ff3d5fc46dd,Prisoners' rights,2023-09-23,2024-04-05,,,apps:49049/18,ZÖLDI v. HUNGARY,49049/18,001-231872,3,HEJUD,,10|10-1|10-2|41,2024,negative,published_in_window_not_added_to_guide_importance_1_3,apps:49049/18,false,false,clean,hard
7ff3d5fc46dd,Prisoners' rights,2023-09-23,2024-04-05,,,apps:19664/20,VERHOEVEN v. FRANCE,19664/20,001-233090,3,HEJUD,,8|8-1|8-2,2024,negative,published_in_window_not_added_to_guide_importance_1_3,apps:19664/20,false,false,clean,hard
7ff3d5fc46dd,Prisoners' rights,2023-09-23,2024-04-05,,,apps:54699/14,KARTAL v. TÜRKİYE,54699/14,001-231738,3,HEJUD,,6|6-1|41,2024,negative,published_in_window_not_added_to_guide_importance_1_3,apps:54699/14,false,false,clean,hard
7ff3d5fc46dd,Prisoners' rights,2023-09-23,2024-04-05,,,apps:38963/18,V.I. v. THE REPUBLIC OF MOLDOVA,38963/18,001-231739,3,HEJUD,,3|14|14+3|13|46|46-2|41,2024,negative,published_in_window_not_added_to_guide_importance_1_3,apps:38963/18,false,false,clean,hard
7ff3d5fc46dd,Prisoners' rights,2023-09-23,2024-04-05,,,apps:10103/20,SIEĆ OBYWATELSKA WATCHDOG POLSKA v. POLAND,10103/20,001-231616,3,HEJUD,,10|10-1|10-2,2024,negative,published_in_window_not_added_to_guide_importance_1_3,apps:10103/20,false,false,clean,hard
7ff3d5fc46dd,Prisoners' rights,2023-09-23,2024-04-05,,,apps:47238/19,ALMEIDA ARROJA v. PORTUGAL,47238/19,001-231606,3,HEJUD,,10|10-1|10-2|41,2024,negative,published_in_window_not_added_to_guide_importance_1_3,apps:47238/19,false,false,clean,hard
7ff3d5fc46dd,Prisoners' rights,2023-09-23,2024-04-05,,,apps:15284/19,B.T. v. RUSSIA,15284/19,001-231604,3,HEJUD,,14|14+8|8|8-1|58,2024,negative,published_in_window_not_added_to_guide_importance_1_3,apps:15284/19,false,false,clean,hard
7ff3d5fc46dd,Prisoners' rights,2023-09-23,2024-04-05,,,apps:84388/17,KURAL v. TÜRKİYE,84388/17,001-231603,3,HEJUD,,35|35-3-a|6|6-1|41,2024,negative,published_in_window_not_added_to_guide_importance_1_3,apps:84388/17,false,false,clean,hard
7ff3d5fc46dd,Prisoners' rights,2023-09-23,2024-04-05,,,apps:26821/17,ASSOCIATION OF PEOPLE OF SILESIAN NATIONALITY (IN LIQUIDATION) v. POLAND,26821/17,001-231550,3,HEJUD,,11|11-1|11-2,2024,negative,published_in_window_not_added_to_guide_importance_1_3,apps:26821/17,false,false,clean,hard
7ff3d5fc46dd,Prisoners' rights,2023-09-23,2024-04-05,,,apps:62020/14,MOLDOVAN v. UKRAINE,62020/14,001-231547,3,HEJUD,,8|8-1|41,2024,negative,published_in_window_not_added_to_guide_importance_1_3,apps:62020/14,false,false,clean,hard
7ff3d5fc46dd,Prisoners' rights,2023-09-23,2024-04-05,,,apps:18382/15,KANATLI v. TÜRKİYE,18382/15,001-231650,3,HEJUD,,9|9-1|41,2024,negative,published_in_window_not_added_to_guide_importance_1_3,apps:18382/15,false,false,clean,hard
7ff3d5fc46dd,Prisoners' rights,2023-09-23,2024-04-05,,,apps:48309/17,ORHAN ŞAHİN v. TÜRKİYE,48309/17,001-231543,3,HEJUD,,35|35-1|35-2-b|6|6-1|41,2024,negative,published_in_window_not_added_to_guide_importance_1_3,apps:48309/17,false,false,clean,hard
7ff3d5fc46dd,Prisoners' rights,2024-04-05,2024-09-28,,,apps:44715/20|47930/21,A.L. AND E.J. v. FRANCE,44715/20|47930/21,001-239007,1,HEDEC,,,2024,negative,published_in_window_not_added_to_guide_importance_1_3,apps:44715/20|47930/21,false,false,clean,hard
7ff3d5fc46dd,Prisoners' rights,2024-04-05,2024-09-28,,,apps:6319/21,FABBRI AND OTHERS v. SAN MARINO,6319/21|6321/21|9227/21,001-237239,1,HEJUD,,35|35-1|35-3-a|6|6-1|13|2|3|4,2024,negative,published_in_window_not_added_to_guide_importance_1_3,apps:6319/21,false,false,clean,hard
7ff3d5fc46dd,Prisoners' rights,2024-04-05,2024-09-28,,,apps:60778/19,M.D. AND OTHERS v. HUNGARY,60778/19,001-236076,3,HEJUD,,P4-4|41,2024,negative,published_in_window_not_added_to_guide_importance_1_3,apps:60778/19,false,false,clean,hard
7ff3d5fc46dd,Prisoners' rights,2024-04-05,2024-09-28,,,apps:5488/22,TRAPITSYNA AND ISAEVA v. HUNGARY,5488/22,001-236078,3,HEJUD,,8|8-1|8-2|41,2024,negative,published_in_window_not_added_to_guide_importance_1_3,apps:5488/22,false,false,clean,hard
7ff3d5fc46dd,Prisoners' rights,2024-04-05,2024-09-28,,,apps:16678/22,C.O. v. GERMANY,16678/22,001-236052,3,HEJUD,,6|6-2,2024,negative,published_in_window_not_added_to_guide_importance_1_3,apps:16678/22,false,false,clean,hard
7ff3d5fc46dd,Prisoners' rights,2024-04-05,2024-09-28,,,apps:15541/20,PINDO MULLA v. SPAIN,15541/20,001-236065,1,HEJUD,,34|35|35-1|8|9|9-1|8-1|8-2|41|2|2-1,2024,negative,published_in_window_not_added_to_guide_importance_1_3,apps:15541/20,false,false,clean,hard
7ff3d5fc46dd,Prisoners' rights,2024-04-05,2024-09-28,,,apps:15887/15,YAYLALI v. SERBIA,15887/15,001-235694,3,HEJUD,,P1-1|P1-1-1|41,2024,negative,published_in_window_not_added_to_guide_importance_1_3,apps:15887/15,false,false,clean,hard
7ff3d5fc46dd,Prisoners' rights,2024-04-05,2024-09-28,,,apps:21286/15,DIANOVA AND OTHERS v. RUSSIA,13140/16|13162/16|20802/16|21286/15|24703/16,001-235602,3,HEJUD,,11|11-1|11-2|10|10-1|10-2|5|5-1|6|6-1|41|1,2024,negative,published_in_window_not_added_to_guide_importance_1_3,apps:21286/15,false,false,clean,hard
7ff3d5fc46dd,Prisoners' rights,2024-04-05,2024-09-28,,,apps:39503/17,MUKHTARLI v. AZERBAIJAN AND GEORGIA,39503/17,001-235491,3,HEJUD,,3|3+5|5|5-1|5-1-c|5-3|8|8-1|8-2|41,2024,negative,published_in_window_not_added_to_guide_importance_1_3,apps:39503/17,false,false,clean,hard
7ff3d5fc46dd,Prisoners' rights,2024-04-05,2024-09-28,,,apps:32648/22,SHLOSBERG v. RUSSIA,32648/22,001-235795,3,HEJUD,,P1-3|41|11|11-1|58,2024,negative,published_in_window_not_added_to_guide_importance_1_3,apps:32648/22,false,false,clean,hard
7ff3d5fc46dd,Prisoners' rights,2024-04-05,2024-09-28,,,apps:59464/21|13079/22,KHACHAPURIDZE AND KHACHIDZE v. GEORGIA,13079/22|59464/21,001-235474,3,HEJUD,,35|35-3-a|6|6+6-3|6-3|6-3-c|6-3-d|6-1|41,2024,negative,published_in_window_not_added_to_guide_importance_1_3,apps:59464/21|13079/22,false,false,clean,hard
7ff3d5fc46dd,Prisoners' rights,2024-04-05,2024-09-28,,,apps:24622/22,PASQUINELLI AND OTHERS v. SAN MARINO,24622/22,001-235475,1,HEJUD,,35|35-3-a|8|8-1|8-2,2024,negative,published_in_window_not_added_to_guide_importance_1_3,apps:24622/22,false,false,clean,hard
7ff3d5fc46dd,Prisoners' rights,2024-04-05,2024-09-28,,,apps:44681/21|17256/22,TSULUKIDZE AND RUSULASHVILI v. GEORGIA,17256/22|44681/21,001-235473,3,HEJUD,,6|6-1|41,2024,negative,published_in_window_not_added_to_guide_importance_1_3,apps:44681/21|17256/22,false,false,clean,hard
7ff3d5fc46dd,Prisoners' rights,2024-04-05,2024-09-28,,,apps:20007/22,BIELAU v. AUSTRIA,20007/22,001-235470,3,HEJUD,,10|10-2|2|8,2024,negative,published_in_window_not_added_to_guide_importance_1_3,apps:20007/22,false,false,clean,hard
7ff3d5fc46dd,Prisoners' rights,2024-04-05,2024-09-28,,,apps:15028/16,HRACHYA HARUTYUNYAN v. ARMENIA,15028/16,001-235467,3,HEJUD,,10|10-1|10-2|41,2024,negative,published_in_window_not_added_to_guide_importance_1_3,apps:15028/16,false,false,clean,hard
7ff3d5fc46dd,Prisoners' rights,2024-04-05,2024-09-28,,,apps:32887/19,İ.G. v. TÜRKİYE,32887/19,001-235468,3,HEJUD,,34|3,2024,negative,published_in_window_not_added_to_guide_importance_1_3,apps:32887/19,false,false,clean,hard
7ff3d5fc46dd,Prisoners' rights,2024-04-05,2024-09-28,,,apps:2327/20,COUSO PERMUY v. SPAIN,2327/20,001-235144,3,HEJUD,,6|6-1|1,2024,negative,published_in_window_not_added_to_guide_importance_1_3,apps:2327/20,false,false,clean,hard
7ff3d5fc46dd,Prisoners' rights,2024-04-05,2024-09-28,,,apps:34210/19,D.H. AND OTHERS v. SWEDEN,34210/19,001-235142,3,HEJUD,,35|35-3-a|8|8-1,2024,negative,published_in_window_not_added_to_guide_importance_1_3,apps:34210/19,false,false,clean,hard
7ff3d5fc46dd,Prisoners' rights,2024-04-05,2024-09-28,,,apps:63664/19,M.A. AND OTHERS v. FRANCE,24387/20|24391/20|24393/20|63664/19|64450/19,001-235426,1,HEJUD,,8|8-1|8-2,2024,negative,published_in_window_not_added_to_guide_importance_1_3,apps:63664/19,false,false,clean,hard
7ff3d5fc46dd,Prisoners' rights,2024-04-05,2024-09-28,,,apps:49755/18,OKUBAMICHAEL DEBRU v. SWEDEN,49755/18,001-235141,3,HEJUD,,35|35-3-a|8|8-1,2024,negative,published_in_window_not_added_to_guide_importance_1_3,apps:49755/18,false,false,clean,hard
7ff3d5fc46dd,Prisoners' rights,2024-04-05,2024-09-28,,,apps:42221/18,ŽDANOKA v. LATVIA (No. 2),42221/18,001-235140,3,HEJUD,,P1-3,2024,negative,published_in_window_not_added_to_guide_importance_1_3,apps:42221/18,false,false,clean,hard
7ff3d5fc46dd,Prisoners' rights,2024-04-05,2024-09-28,,,apps:50942/20|2022/21,DJERI AND OTHERS v. LATVIA,2022/21|50942/20,001-235015,3,HEJUD,,35|35-1|35-3-a|14|14+P1-2|P1-2,2024,negative,published_in_window_not_added_to_guide_importance_1_3,apps:50942/20|2022/21,false,false,clean,hard
7ff3d5fc46dd,Prisoners' rights,2024-04-05,2024-09-28,,,apps:40861/22,HANOVS v. LATVIA,40861/22,001-235016,3,HEJUD,,14|14+3|3|14+8|8|8-1|41|35|35-1,2024,negative,published_in_window_not_added_to_guide_importance_1_3,apps:40861/22,false,false,clean,hard
96d370a07ab1,Article 6 Civil,2024-02-18,2024-09-30,,,apps:16678/22,C.O. v. GERMANY,16678/22,001-236052,3,HEJUD,,6|6-2,2024,negative,published_in_window_not_added_to_guide_importance_1_3,apps:16678/22,false,false,clean,hard
96d370a07ab1,Article 6 Civil,2024-02-18,2024-09-30,,,apps:21286/15,DIANOVA AND OTHERS v. RUSSIA,13140/16|13162/16|20802/16|21286/15|24703/16,001-235602,3,HEJUD,,11|11-1|11-2|10|10-1|10-2|5|5-1|6|6-1|41|1,2024,negative,published_in_window_not_added_to_guide_importance_1_3,apps:21286/15,false,false,clean,hard
96d370a07ab1,Article 6 Civil,2024-02-18,2024-09-30,,,apps:59464/21|13079/22,KHACHAPURIDZE AND KHACHIDZE v. GEORGIA,13079/22|59464/21,001-235474,3,HEJUD,,35|35-3-a|6|6+6-3|6-3|6-3-c|6-3-d|6-1|41,2024,negative,published_in_window_not_added_to_guide_importance_1_3,apps:59464/21|13079/22,false,false,clean,hard
99cd2ce32cf8,Article 8,2023-09-23,2024-02-17,,,apps:19920/20,ŠKOBERNE v. SLOVENIA,19920/20,001-230885,3,HEJUD,,6|6+6-3-d|6-3|6-3-d|6-1|8|8-1|8-2|41,2024,negative,published_in_window_not_added_to_guide_importance_1_3,apps:19920/20,false,false,clean,hard
99cd2ce32cf8,Article 8,2023-09-23,2024-02-17,,,apps:38588/21,X v. GREECE,38588/21,001-230857,3,HEJUD,,3|8|8-1|41,2024,negative,published_in_window_not_added_to_guide_importance_1_3,apps:38588/21,false,false,clean,hard
99cd2ce32cf8,Article 8,2023-09-23,2024-02-17,,,apps:12510/18|62235/12|57725/12|13341/14,DABO v. SWEDEN,12510/18,001-230292,3,HEJUD,,8|8-1,2024,negative,published_in_window_not_added_to_guide_importance_1_3,apps:12510/18|62235/12|57725/12|13341/14,false,false,clean,hard
99cd2ce32cf8,Article 8,2024-02-17,2024-06-18,,,apps:58737/14,A.P. v. ARMENIA,58737/14,001-234259,3,HEJUD,,3|8|8-1|8-2|13|13+3|41,2024,negative,published_in_window_not_added_to_guide_importance_1_3,apps:58737/14,false,false,clean,hard
99cd2ce32cf8,Article 8,2024-02-17,2024-06-18,,,apps:36559/19,BERSHEDA AND RYBOLOVLEV v. MONACO,36559/19|36570/19,001-234410,3,HEJUD,,35|35-3-a|8|8-1|8-2,2024,negative,published_in_window_not_added_to_guide_importance_1_3,apps:36559/19,false,false,clean,hard
99cd2ce32cf8,Article 8,2024-02-17,2024-06-18,,,apps:72038/17|25237/18,PIETRZAK AND BYCHAWSKA-SINIARSKA AND OTHERS v. POLAND,25237/18|72038/17,001-234175,3,HEJUD,,8|8-1,2024,negative,published_in_window_not_added_to_guide_importance_1_3,apps:72038/17|25237/18,false,false,clean,hard
a94e3bc7e2bf,Article 13,2024-02-17,2024-04-09,,,apps:54029/17,SHEROV AND OTHERS v. POLAND,54029/17|54117/17|54128/17|54255/17,001-231867,3,HEJUD,,3|P4-4|13|41,2024,negative,published_in_window_not_added_to_guide_importance_1_3,apps:54029/17,false,false,clean,hard
a94e3bc7e2bf,Article 13,2024-02-17,2024-04-09,,,apps:38963/18,V.I. v. THE REPUBLIC OF MOLDOVA,38963/18,001-231739,3,HEJUD,,3|14|14+3|13|46|46-2|41,2024,negative,published_in_window_not_added_to_guide_importance_1_3,apps:38963/18,false,false,clean,hard
acdaf72cea98,Article 3,2023-09-11,2024-02-23,,,apps:40926/16|73942/17,LYPOVCHENKO AND HALABUDENCO v. THE REPUBLIC OF MOLDOVA AND RUSSIA,40926/16|73942/17,001-231078,3,HEJUD,,35|35-1|35-3-a|3|5|5-1|5-1-a|6|6-1|P1-1|P1-1-2|P4-2|13|34|41|58|1,2024,negative,published_in_window_not_added_to_guide_importance_1_3,apps:40926/16|73942/17,false,false,clean,hard
acdaf72cea98,Article 3,2023-09-11,2024-02-23,,,apps:53254/20,U v. FRANCE,53254/20,001-231252,3,HEJUD,,35|35-1|3,2024,negative,published_in_window_not_added_to_guide_importance_1_3,apps:53254/20,false,false,clean,hard
acdaf72cea98,Article 3,2023-09-11,2024-02-23,,,apps:38588/21,X v. GREECE,38588/21,001-230857,3,HEJUD,,3|8|8-1|41,2024,negative,published_in_window_not_added_to_guide_importance_1_3,apps:38588/21,false,false,clean,hard
acdaf72cea98,Article 3,2023-09-11,2024-02-23,,,apps:4312/13,TARRICONE v. ITALY,4312/13,001-231188,3,HEJUD,,35|35-1|3,2024,negative,published_in_window_not_added_to_guide_importance_1_3,apps:4312/13,false,false,clean,hard
acdaf72cea98,Article 3,2023-09-11,2024-02-23,,,apps:80206/17,J.A. AND A.A. v. TÜRKİYE,80206/17,001-230708,3,HEJUD,,2|3|41,2024,negative,published_in_window_not_added_to_guide_importance_1_3,apps:80206/17,false,false,clean,hard
acdaf72cea98,Article 3,2023-09-11,2024-02-23,,,apps:35943/18,PINTUS v. ITALY,35943/18,001-230998,3,HEJUD,,2|2-1|3,2024,negative,published_in_window_not_added_to_guide_importance_1_3,apps:35943/18,false,false,clean,hard
acdaf72cea98,Article 3,2023-09-11,2024-02-23,,,apps:34015/17|26896/18,SARDAR BABAYEV v. AZERBAIJAN,26896/18|34015/17,001-230628,3,HEJUD,,3|5|5-3|9|9-1|9-2|41,2024,negative,published_in_window_not_added_to_guide_importance_1_3,apps:34015/17|26896/18,false,false,clean,hard
acdaf72cea98,Article 3,2024-02-23,2024-09-30,,,apps:6319/21,FABBRI AND OTHERS v. SAN MARINO,6319/21|6321/21|9227/21,001-237239,1,HEJUD,,35|35-1|35-3-a|6|6-1|13|2|3|4,2024,negative,published_in_window_not_added_to_guide_importance_1_3,apps:6319/21,false,false,clean,hard
acdaf72cea98,Article 3,2024-02-23,2024-09-30,,,apps:39503/17,MUKHTARLI v. AZERBAIJAN AND GEORGIA,39503/17,001-235491,3,HEJUD,,3|3+5|5|5-1|5-1-c|5-3|8|8-1|8-2|41,2024,negative,published_in_window_not_added_to_guide_importance_1_3,apps:39503/17,false,false,clean,hard
acdaf72cea98,Article 3,2024-02-23,2024-09-30,,,apps:32887/19,İ.G. v. TÜRKİYE,32887/19,001-235468,3,HEJUD,,34|3,2024,negative,published_in_window_not_added_to_guide_importance_1_3,apps:32887/19,false,false,clean,hard
acdaf72cea98,Article 3,2024-02-23,2024-09-30,,,apps:17389/20,YASAK v. TÜRKİYE,17389/20,001-235709,3,HEJUD,,35|35-1|3|7|7-1,2024,negative,published_in_window_not_added_to_guide_importance_1_3,apps:17389/20,false,false,clean,hard
acdaf72cea98,Article 3,2024-02-23,2024-09-30,,,apps:40861/22,HANOVS v. LATVIA,40861/22,001-235016,3,HEJUD,,14|14+3|3|14+8|8|8-1|41|35|35-1,2024,negative,published_in_window_not_added_to_guide_importance_1_3,apps:40861/22,false,false,clean,hard
b8a991ab1181,Mass protests,2023-09-23,2023-12-06,,,apps:71200/17,BRAZAUSKIENĖ v. LITHUANIA,71200/17,001-230446,3,HEDEC,,P1-1|P1-1-1|14|14+P1-1-1|35|35-3-a|37|37-1|37-1-b,2023,negative,published_in_window_not_added_to_guide_importance_1_3,apps:71200/17,false,false,clean,hard
b8a991ab1181,Mass protests,2023-09-23,2023-12-06,,,apps:8857/16,F.S. v. CROATIA,8857/16,001-229317,3,HEJUD,,35|35-1|P7-1|P7-1-1|41,2023,negative,published_in_window_not_added_to_guide_importance_1_3,apps:8857/16,false,false,clean,hard
b8a991ab1181,Mass protests,2023-09-23,2023-12-06,,,apps:30919/20,H.A. v. THE UNITED KINGDOM,30919/20,001-229321,3,HEJUD,,3,2023,negative,published_in_window_not_added_to_guide_importance_1_3,apps:30919/20,false,false,clean,hard
b8a991ab1181,Mass protests,2023-09-23,2023-12-06,,,apps:35614/19,İLERDE AND OTHERS v. TÜRKİYE,10977/20|11422/20|14798/20|16554/20|16577/20|18001/20|35614/19|40294/20|5885/20|6489/20|7540/20,001-229320,3,HEJUD,,35|35-1|3|8|8-1|8-2|41,2023,negative,published_in_window_not_added_to_guide_importance_1_3,apps:35614/19,false,false,clean,hard
b8a991ab1181,Mass protests,2023-09-23,2023-12-06,,,apps:70267/17,ŢÎMPĂU v. ROMANIA,70267/17,001-229318,3,HEJUD,,35|35-3-a|8|8-1|8-2,2023,negative,published_in_window_not_added_to_guide_importance_1_3,apps:70267/17,false,false,clean,hard
b8a991ab1181,Mass protests,2023-09-23,2023-12-06,,,apps:24225/19,GEORGIAN MUSLIM RELATIONS AND OTHERS v. GEORGIA,24225/19,001-229159,3,HEJUD,,34|14|14+8|8|8-1|14+9|9|9-1|P1-1|P1-1-1|41|3,2023,negative,published_in_window_not_added_to_guide_importance_1_3,apps:24225/19,false,false,clean,hard
b8a991ab1181,Mass protests,2023-09-23,2023-12-06,,,apps:46201/16|47379/18,ASSOCIATIONS OF COMMUNALLY-OWNED FORESTRY PROPRIETORS PORCENI PLEȘA AND PICIORUL BĂTRÂN BANCIU v. ROMANIA,46201/16|47379/18,001-229430,3,HEJUD,,P1-1|P1-1-1|41,2023,negative,published_in_window_not_added_to_guide_importance_1_3,apps:46201/16|47379/18,false,false,clean,hard
b8a991ab1181,Mass protests,2023-09-23,2023-12-06,,,apps:25551/18,DRAGO TADIĆ v. CROATIA,25551/18,001-229130,3,HEJUD,,6|6-1|6+6-2|6-2,2023,negative,published_in_window_not_added_to_guide_importance_1_3,apps:25551/18,false,false,clean,hard
b8a991ab1181,Mass protests,2023-09-23,2023-12-06,,,apps:18269/18,KRACHUNOVA v. BULGARIA,18269/18,001-229129,1,HEJUD,,35|35-3-a|4|4-1|41,2023,negative,published_in_window_not_added_to_guide_importance_1_3,apps:18269/18,false,false,clean,hard
b8a991ab1181,Mass protests,2023-09-23,2023-12-06,,,apps:10299/15,MARIYA ALEKHINA AND OTHERS v. RUSSIA (No. 2),10299/15,001-229126,3,HEJUD,,11|11-1|11-2|41|1,2023,negative,published_in_window_not_added_to_guide_importance_1_3,apps:10299/15,false,false,clean,hard
b8a991ab1181,Mass protests,2023-09-23,2023-12-06,,,apps:3501/20,SCHMIDT AND ŠMIGOL v. ESTONIA,3501/20|43128/21|45907/20,001-229133,1,HEJUD,,34|35|35-1|3|41,2023,negative,published_in_window_not_added_to_guide_importance_1_3,apps:3501/20,false,false,clean,hard
b8a991ab1181,Mass protests,2023-09-23,2023-12-06,,,apps:21881/20,COMMUNAUTÉ GENEVOISE D'ACTION SYNDICALE (CGAS) v. SWITZERLAND,21881/20,001-229376,1,HEJUD,,35|35-1|11|11-1|34,2023,negative,published_in_window_not_added_to_guide_importance_1_3,apps:21881/20,false,false,clean,hard
b8a991ab1181,Mass protests,2023-09-23,2023-12-06,,,apps:50849/21,WAŁĘSA v. POLAND,50849/21,001-229366,1,HEJUD,,35|35-1|35-3-a|6|6-1|8|8-1|8-2|46|41|34|18,2023,negative,published_in_window_not_added_to_guide_importance_1_3,apps:50849/21,false,false,clean,hard
b8a991ab1181,Mass protests,2023-09-23,2023-12-06,,,apps:42749/19,ERDAL MUHAMMET ARSLAN AND OTHERS v. TÜRKİYE,42749/19,001-229253,3,HEJUD,,2|2-1,2023,negative,published_in_window_not_added_to_guide_importance_1_3,apps:42749/19,false,false,clean,hard
b8a991ab1181,Mass protests,2023-09-23,2023-12-06,,,apps:49902/20,N.A. AND OTHERS v. RUSSIA,13837/20|40452/20|48523/19|49533/19|49902/20,001-228989,3,HEJUD,,35|35-1|2|2-1|3|5|5-1|13|13+2|41|58,2023,negative,published_in_window_not_added_to_guide_importance_1_3,apps:49902/20,false,false,clean,hard
b8a991ab1181,Mass protests,2023-09-23,2023-12-06,,,apps:25240/20,GYULUMYAN AND OTHERS v. ARMENIA,25240/20,001-229606,3,HEDEC,,6|6-1|8|8-1|14|18|35|35-3-a|P1-1|P1-1-1,2023,negative,published_in_window_not_added_to_guide_importance_1_3,apps:25240/20,false,false,clean,hard
b8a991ab1181,Mass protests,2023-09-23,2023-12-06,,,apps:18911/17,A.E. AND OTHERS v. ITALY,18911/17|18941/17|18959/17,001-228836,3,HEJUD,,35|35-1|35-3-a|3|5|5+5|5-2|5-4|5-1|5-1-f|41,2023,negative,published_in_window_not_added_to_guide_importance_1_3,apps:18911/17,false,false,clean,hard
b8a991ab1181,Mass protests,2023-09-23,2023-12-06,,,apps:225/20,DŽIBUTI AND OTHERS v. LATVIA,11642/20|21815/20|225/20,001-228839,3,HEJUD,,35|35-1|35-3-a|14|14+P1-2|P1-2,2023,negative,published_in_window_not_added_to_guide_importance_1_3,apps:225/20,false,false,clean,hard
b8a991ab1181,Mass protests,2023-09-23,2023-12-06,,,apps:28232/22,FIGURKA v. UKRAINE,28232/22,001-228845,3,HEJUD,,6|6-1,2023,negative,published_in_window_not_added_to_guide_importance_1_3,apps:28232/22,false,false,clean,hard
b8a991ab1181,Mass protests,2023-09-23,2023-12-06,,,apps:3041/19,G.T.B. v. SPAIN,3041/19,001-228837,1,HEJUD,,8|8-1|41,2023,negative,published_in_window_not_added_to_guide_importance_1_3,apps:3041/19,false,false,clean,hard
b8a991ab1181,Mass protests,2023-09-23,2023-12-06,,,apps:18787/17,W.A. AND OTHERS v. ITALY,18787/17,001-228835,3,HEJUD,,35|35-3-a|3,2023,negative,published_in_window_not_added_to_guide_importance_1_3,apps:18787/17,false,false,clean,hard
cfca8cb0bbc6,Social rights,2023-09-23,2023-11-27,,,apps:21881/20,COMMUNAUTÉ GENEVOISE D'ACTION SYNDICALE (CGAS) v. SWITZERLAND,21881/20,001-229376,1,HEJUD,,35|35-1|11|11-1|34,2023,negative,published_in_window_not_added_to_guide_importance_1_3,apps:21881/20,false,false,clean,hard
cfca8cb0bbc6,Social rights,2023-09-23,2023-11-27,,,apps:50849/21,WAŁĘSA v. POLAND,50849/21,001-229366,1,HEJUD,,35|35-1|35-3-a|6|6-1|8|8-1|8-2|46|41|34|18,2023,negative,published_in_window_not_added_to_guide_importance_1_3,apps:50849/21,false,false,clean,hard
cfca8cb0bbc6,Social rights,2023-09-23,2023-11-27,,,apps:42749/19,ERDAL MUHAMMET ARSLAN AND OTHERS v. TÜRKİYE,42749/19,001-229253,3,HEJUD,,2|2-1,2023,negative,published_in_window_not_added_to_guide_importance_1_3,apps:42749/19,false,false,clean,hard
cfca8cb0bbc6,Social rights,2023-09-23,2023-11-27,,,apps:56896/17,LAURIJSEN AND OTHERS v. THE NETHERLANDS,56896/17|56910/17|56914/17|56917/17|57307/17,001-228986,3,HEJUD,,11|11-1|11-2|41|35|35-3-a,2023,negative,published_in_window_not_added_to_guide_importance_1_3,apps:56896/17,false,false,clean,hard
cfca8cb0bbc6,Social rights,2023-09-23,2023-11-27,,,apps:49902/20,N.A. AND OTHERS v. RUSSIA,13837/20|40452/20|48523/19|49533/19|49902/20,001-228989,3,HEJUD,,35|35-1|2|2-1|3|5|5-1|13|13+2|41|58,2023,negative,published_in_window_not_added_to_guide_importance_1_3,apps:49902/20,false,false,clean,hard
cfca8cb0bbc6,Social rights,2023-09-23,2023-11-27,,,apps:25240/20,GYULUMYAN AND OTHERS v. ARMENIA,25240/20,001-229606,3,HEDEC,,6|6-1|8|8-1|14|18|35|35-3-a|P1-1|P1-1-1,2023,negative,published_in_window_not_added_to_guide_importance_1_3,apps:25240/20,false,false,clean,hard
cfca8cb0bbc6,Social rights,2023-09-23,2023-11-27,,,apps:18911/17,A.E. AND OTHERS v. ITALY,18911/17|18941/17|18959/17,001-228836,3,HEJUD,,35|35-1|35-3-a|3|5|5+5|5-2|5-4|5-1|5-1-f|41,2023,negative,published_in_window_not_added_to_guide_importance_1_3,apps:18911/17,false,false,clean,hard
cfca8cb0bbc6,Social rights,2023-09-23,2023-11-27,,,apps:225/20,DŽIBUTI AND OTHERS v. LATVIA,11642/20|21815/20|225/20,001-228839,3,HEJUD,,35|35-1|35-3-a|14|14+P1-2|P1-2,2023,negative,published_in_window_not_added_to_guide_importance_1_3,apps:225/20,false,false,clean,hard
cfca8cb0bbc6,Social rights,2023-09-23,2023-11-27,,,apps:28232/22,FIGURKA v. UKRAINE,28232/22,001-228845,3,HEJUD,,6|6-1,2023,negative,published_in_window_not_added_to_guide_importance_1_3,apps:28232/22,false,false,clean,hard
cfca8cb0bbc6,Social rights,2023-09-23,2023-11-27,,,apps:3041/19,G.T.B. v. SPAIN,3041/19,001-228837,1,HEJUD,,8|8-1|41,2023,negative,published_in_window_not_added_to_guide_importance_1_3,apps:3041/19,false,false,clean,hard
cfca8cb0bbc6,Social rights,2023-09-23,2023-11-27,,,apps:18787/17,W.A. AND OTHERS v. ITALY,18787/17,001-228835,3,HEJUD,,35|35-3-a|3,2023,negative,published_in_window_not_added_to_guide_importance_1_3,apps:18787/17,false,false,clean,hard
cfca8cb0bbc6,Social rights,2023-09-23,2023-11-27,,,apps:19961/17,C.Y. v. BELGIUM,19961/17,001-229120,3,HEJUD,,35|35-3-a|P7-4,2023,negative,published_in_window_not_added_to_guide_importance_1_3,apps:19961/17,false,false,clean,hard
cfca8cb0bbc6,Social rights,2023-09-23,2023-11-27,,,apps:48173/18,CANGI AND OTHERS v. TÜRKİYE,48173/18,001-228853,3,HEJUD,,35|35-3-a|6|6-1|41,2023,negative,published_in_window_not_added_to_guide_importance_1_3,apps:48173/18,false,false,clean,hard
cfca8cb0bbc6,Social rights,2023-09-23,2023-11-27,,,apps:1049/17,NIKA v. ALBANIA,1049/17,001-228850,3,HEJUD,,35|35-1|2|2-1|2-2|46|46-2,2023,negative,published_in_window_not_added_to_guide_importance_1_3,apps:1049/17,false,false,clean,hard
cfca8cb0bbc6,Social rights,2023-09-23,2023-11-27,,,apps:37522/16,VUKUŠIĆ v. CROATIA,37522/16,001-228849,3,HEJUD,,35|35-3-a|3|41,2023,negative,published_in_window_not_added_to_guide_importance_1_3,apps:37522/16,false,false,clean,hard
cfca8cb0bbc6,Social rights,2023-09-23,2023-11-27,,,apps:72173/17,LEGROS AND OTHERS v. FRANCE,25625/20|26768/20|31317/20|38287/18|38296/18|38308/18|38330/18|38331/18|38408/18|38436/18|38447/18|38456/18|38457/18|38465/18|38659/18|47881/18|72173/17|81453/17,001-228974,3,HEJUD,,6|6-1|P1-1|P1-1-1|41,2023,negative,published_in_window_not_added_to_guide_importance_1_3,apps:72173/17,false,false,clean,hard
cfca8cb0bbc6,Social rights,2023-09-23,2023-11-27,,,apps:46131/19,TOIVANEN v. FINLAND,46131/19,001-228681,3,HEJUD,,6|6-1,2023,negative,published_in_window_not_added_to_guide_importance_1_3,apps:46131/19,false,false,clean,hard
d24a9ac722de,ECHR / EU,2024-06-18,2024-11-11,,,apps:20592/21,BAKRADZE v. GEORGIA,20592/21,001-237811,3,HEJUD,,14|14+10-1|10|10-1|14+11-1|11|11-1|41,2024,negative,published_in_window_not_added_to_guide_importance_1_3,apps:20592/21,false,false,clean,hard
d24a9ac722de,ECHR / EU,2024-06-18,2024-11-11,,,apps:8436/21,LAVORGNA v. ITALY,8436/21,001-237810,3,HEJUD,,3|41,2024,negative,published_in_window_not_added_to_guide_importance_1_3,apps:8436/21,false,false,clean,hard
d24a9ac722de,ECHR / EU,2024-06-18,2024-11-11,,,apps:18037/19,"RYBÁŘSTVÍ TŘEBOŇ A.S. AND RYBÁŘSTVÍ TŘEBOŇ HLD. A.S. v. THE CZECH REPUBLIC

v. THE CZECH REPUBLIC
",18037/19|33175/22,001-237808,3,HEJUD,,P1-1|P1-1-1,2024,negative,published_in_window_not_added_to_guide_importance_1_3,apps:18037/19,false,false,clean,hard
d24a9ac722de,ECHR / EU,2024-06-18,2024-11-11,,,apps:37614/22,S. v. THE CZECH REPUBLIC,37614/22,001-238085,3,HEJUD,,35|35-3-a|14|14+P1-2|P1-2,2024,negative,published_in_window_not_added_to_guide_importance_1_3,apps:37614/22,false,false,clean,hard
d24a9ac722de,ECHR / EU,2024-06-18,2024-11-11,,,apps:25578/11,CASARINI v. ITALY,25578/11,001-238444,3,HEDEC,,35|35-1|35-3-a|8|8-1|34,2024,negative,published_in_window_not_added_to_guide_importance_1_3,apps:25578/11,false,false,clean,hard
d24a9ac722de,ECHR / EU,2024-06-18,2024-11-11,,,apps:25636/22,LINDHOLM AND THE ESTATE AFTER LEIF LINDHOLM v. DENMARK,25636/22,001-237795,3,HEJUD,,35|35-3-a|8|9|9-1|8-1|8-2,2024,negative,published_in_window_not_added_to_guide_importance_1_3,apps:25636/22,false,false,clean,hard
d24a9ac722de,ECHR / EU,2024-06-18,2024-11-11,,,apps:37324/16,MIRON v. ROMANIA,37324/16,001-238052,3,HEJUD,,6|6-1,2024,negative,published_in_window_not_added_to_guide_importance_1_3,apps:37324/16,false,false,clean,hard
d24a9ac722de,ECHR / EU,2024-06-18,2024-11-11,,,apps:53081/14,HARUTYUN KARAPETYAN v. ARMENIA,53081/14,001-237706,3,HEJUD,,2|2-1,2024,negative,published_in_window_not_added_to_guide_importance_1_3,apps:53081/14,false,false,clean,hard
d24a9ac722de,ECHR / EU,2024-06-18,2024-11-11,,,apps:48587/21,B.B. v. SLOVAKIA,48587/21,001-237439,3,HEJUD,,35|35-3-a|4|4-1|41,2024,negative,published_in_window_not_added_to_guide_importance_1_3,apps:48587/21,false,false,clean,hard
d24a9ac722de,ECHR / EU,2024-06-18,2024-11-11,,,apps:27849/15|33358/15,DROZDYK AND MIKULA v. UKRAINE,27849/15|33358/15,001-237618,3,HEJUD,,P1-1|P1-1-1|46|46-2|41,2024,negative,published_in_window_not_added_to_guide_importance_1_3,apps:27849/15|33358/15,false,false,clean,hard
d24a9ac722de,ECHR / EU,2024-06-18,2024-11-11,,,apps:56270/21,ECKERT v. FRANCE,56270/21,001-237934,3,HEJUD,,11|11-1|11-2,2024,negative,published_in_window_not_added_to_guide_importance_1_3,apps:56270/21,false,false,clean,hard
d24a9ac722de,ECHR / EU,2024-06-18,2024-11-11,,,apps:1766/23,J.B. AND OTHERS v. MALTA,1766/23,001-237438,3,HEJUD,,3|13|13+3|5|5-1|5-1-f|5-4|46|41,2024,negative,published_in_window_not_added_to_guide_importance_1_3,apps:1766/23,false,false,clean,hard
d24a9ac722de,ECHR / EU,2024-06-18,2024-11-11,,,apps:39446/16,KOBALIYA AND OTHERS v. RUSSIA,10368/23|11264/20|12583/22|13076/23|14380/18|14412/20|14449/20|15236/18|16148/19|16359/20|18098/22|18995/17|19154/19|19160/21|19172/23|19394/23|19395/23|19423/23|19659/21|19848/23|2115/21|21409/18|21786/23|21869/21|22965/23|25731/23|26751/22|27215/17|27354/23|27601/23|27874/19|27996/22|28810/23|28961/23|29705/23|29707/23|30434/23|30514/18|30554/22|31314/22|31356/23|32172/23|32180/23|32185/23|32187/23|33021/20|33050/23|33130/23|33425/23|33592/23|33749/23|34158/22|34412/20|34737/22|34740/22|34910/20|35746/23|35754/23|35774/23|35789/23|35793/23|36373/22|36457/23|36815/22|37062/23|37418/23|39446/16|40140/23|40243/23|40319/22|40943/20|4100/19|41296/22|41298/22|41349/20|41535/17|41570/23|41598/23|41797/23|42200/23|42416/19|44137/19|45031/22|46439/22|46839/21|47149/22|47602/22|49411/21|49654/20|49822/22|51487/18|52486/22|53756/20|54396/22|55462/22|56066/22|57022/22|578/24|591/24|595/24|614/24|61521/21|618/24|64060/19|7995/18|889/23,001-237425,3,HEJUD,,35|35-1|10|10-1|10-2|11|11-1|11-2|8|8-1|8-2|41|58,2024,negative,published_in_window_not_added_to_guide_importance_1_3,apps:39446/16,false,false,clean,hard
d24a9ac722de,ECHR / EU,2024-06-18,2024-11-11,,,apps:50527/20,AMERISOC CENTER S.R.L. v. LUXEMBOURG,50527/20,001-237781,3,HEJUD,,35|35-1|P1-1|P1-1-2|41,2024,negative,published_in_window_not_added_to_guide_importance_1_3,apps:50527/20,false,false,clean,hard
d24a9ac722de,ECHR / EU,2024-06-18,2024-11-11,,,apps:49363/20,CENTRAL UNITARIA DE TRABALLADORES/AS v. SPAIN,49363/20,001-237296,3,HEJUD,,11|11-1|11-2|2|2-1|8|8-1,2024,negative,published_in_window_not_added_to_guide_importance_1_3,apps:49363/20,false,false,clean,hard
d24a9ac722de,ECHR / EU,2024-06-18,2024-11-11,,,apps:71250/16,CESARANO v. ITALY,71250/16,001-237295,3,HEJUD,,7|7-1|6|6-1,2024,negative,published_in_window_not_added_to_guide_importance_1_3,apps:71250/16,false,false,clean,hard
d24a9ac722de,ECHR / EU,2024-06-18,2024-11-11,,,apps:16310/20,S.M. v. ITALY,16310/20,001-236192,3,HEJUD,,35|35-1|35-3-a|3,2024,negative,published_in_window_not_added_to_guide_importance_1_3,apps:16310/20,false,false,clean,hard
d24a9ac722de,ECHR / EU,2024-06-18,2024-11-11,,,apps:51427/18,GADZHIYEV AND GOSTEV v. RUSSIA,51427/18|73585/14,001-237727,3,HEJUD,,10|10-1|10-2|41|58,2024,negative,published_in_window_not_added_to_guide_importance_1_3,apps:51427/18,false,false,clean,hard
d24a9ac722de,ECHR / EU,2024-06-18,2024-11-11,,,apps:13337/19,H.T. v. GERMANY AND GREECE,13337/19,001-237290,3,HEJUD,,3|5|5-1|5-1-f|5-4|41,2024,negative,published_in_window_not_added_to_guide_importance_1_3,apps:13337/19,false,false,clean,hard
d24a9ac722de,ECHR / EU,2024-06-18,2024-11-11,,,apps:59476/21,HAUGEN v. NORWAY,59476/21,001-237292,3,HEJUD,,35|35-1|2|2-1|13|13+2|41,2024,negative,published_in_window_not_added_to_guide_importance_1_3,apps:59476/21,false,false,clean,hard
d24a9ac722de,ECHR / EU,2024-06-18,2024-11-11,,,apps:60272/21,MOSKALJ v. CROATIA,60272/21,001-237293,3,HEJUD,,6|6-1|41,2024,negative,published_in_window_not_added_to_guide_importance_1_3,apps:60272/21,false,false,clean,hard
d24a9ac722de,ECHR / EU,2024-06-18,2024-11-11,,,apps:27985/19,NSINGI v. GREECE,27985/19,001-237760,3,HEJUD,,35|35-1|5|5-1|5-1-a|5-5|41,2024,negative,published_in_window_not_added_to_guide_importance_1_3,apps:27985/19,false,false,clean,hard
d24a9ac722de,ECHR / EU,2024-06-18,2024-11-11,,,apps:9375/20,BAGIROVA v. AZERBAIJAN,9375/20,001-236191,3,HEJUD,,2|2-1|2-2|41,2024,negative,published_in_window_not_added_to_guide_importance_1_3,apps:9375/20,false,false,clean,hard
d24a9ac722de,ECHR / EU,2024-06-18,2024-11-11,,,apps:12058/21,ELDAR HASANOV v. AZERBAIJAN,12058/21,001-236197,3,HEJUD,,35|35-3-a|3|5|5-3|34|41,2024,negative,published_in_window_not_added_to_guide_importance_1_3,apps:12058/21,false,false,clean,hard
d24a9ac722de,ECHR / EU,2024-06-18,2024-11-11,,,apps:42760/16,MACHALICKÝ v. THE CZECH REPUBLIC,42760/16,001-236186,3,HEJUD,,35|35-1|6|6-2|41,2024,negative,published_in_window_not_added_to_guide_importance_1_3,apps:42760/16,false,false,clean,hard
d24a9ac722de,ECHR / EU,2024-06-18,2024-11-11,,,apps:7453/23,MEDVID v. UKRAINE,7453/23,001-236205,3,HEJUD,,3|41,2024,negative,published_in_window_not_added_to_guide_importance_1_3,apps:7453/23,false,false,clean,hard
d24a9ac722de,ECHR / EU,2024-06-18,2024-11-11,,,apps:3339/23,RYASKA v. UKRAINE,3339/23,001-236203,3,HEJUD,,46|46-2|6|6-1|37|37-1|37-1-c,2024,negative,published_in_window_not_added_to_guide_importance_1_3,apps:3339/23,false,false,clean,hard
d24a9ac722de,ECHR / EU,2024-06-18,2024-11-11,,,apps:22512/21,T.V. v. SPAIN,22512/21,001-236200,3,HEJUD,,35|35-3-a|4|4-1|4-2|41,2024,negative,published_in_window_not_added_to_guide_importance_1_3,apps:22512/21,false,false,clean,hard
d24a9ac722de,ECHR / EU,2024-06-18,2024-11-11,,,apps:31970/20,"VALIDITY FOUNDATION ON BEHALF OF T. J. v. HUNGARY
",31970/20,001-236193,3,HEJUD,,34|2|2-1,2024,negative,published_in_window_not_added_to_guide_importance_1_3,apps:31970/20,false,false,clean,hard
d24a9ac722de,ECHR / EU,2024-06-18,2024-11-11,,,apps:17475/09,VARVARA v. ITALY,17475/09,001-237610,3,HEJUD,,41,2024,negative,published_in_window_not_added_to_guide_importance_1_3,apps:17475/09,false,false,clean,hard
d5256ad78e38,Data protection,2023-09-23,2024-03-31,,,apps:19664/20,VERHOEVEN v. FRANCE,19664/20,001-233090,3,HEJUD,,8|8-1|8-2,2024,negative,published_in_window_not_added_to_guide_importance_1_3,apps:19664/20,false,false,clean,hard
d5256ad78e38,Data protection,2023-09-23,2024-03-31,,,apps:54699/14,KARTAL v. TÜRKİYE,54699/14,001-231738,3,HEJUD,,6|6-1|41,2024,negative,published_in_window_not_added_to_guide_importance_1_3,apps:54699/14,false,false,clean,hard
d5256ad78e38,Data protection,2023-09-23,2024-03-31,,,apps:38963/18,V.I. v. THE REPUBLIC OF MOLDOVA,38963/18,001-231739,3,HEJUD,,3|14|14+3|13|46|46-2|41,2024,negative,published_in_window_not_added_to_guide_importance_1_3,apps:38963/18,false,false,clean,hard
d5256ad78e38,Data protection,2023-09-23,2024-03-31,,,apps:10103/20,SIEĆ OBYWATELSKA WATCHDOG POLSKA v. POLAND,10103/20,001-231616,3,HEJUD,,10|10-1|10-2,2024,negative,published_in_window_not_added_to_guide_importance_1_3,apps:10103/20,false,false,clean,hard
d5256ad78e38,Data protection,2023-09-23,2024-03-31,,,apps:47238/19,ALMEIDA ARROJA v. PORTUGAL,47238/19,001-231606,3,HEJUD,,10|10-1|10-2|41,2024,negative,published_in_window_not_added_to_guide_importance_1_3,apps:47238/19,false,false,clean,hard
d5256ad78e38,Data protection,2023-09-23,2024-03-31,,,apps:15284/19,B.T. v. RUSSIA,15284/19,001-231604,3,HEJUD,,14|14+8|8|8-1|58,2024,negative,published_in_window_not_added_to_guide_importance_1_3,apps:15284/19,false,false,clean,hard
d5256ad78e38,Data protection,2023-09-23,2024-03-31,,,apps:84388/17,KURAL v. TÜRKİYE,84388/17,001-231603,3,HEJUD,,35|35-3-a|6|6-1|41,2024,negative,published_in_window_not_added_to_guide_importance_1_3,apps:84388/17,false,false,clean,hard
d5256ad78e38,Data protection,2023-09-23,2024-03-31,,,apps:26821/17,ASSOCIATION OF PEOPLE OF SILESIAN NATIONALITY (IN LIQUIDATION) v. POLAND,26821/17,001-231550,3,HEJUD,,11|11-1|11-2,2024,negative,published_in_window_not_added_to_guide_importance_1_3,apps:26821/17,false,false,clean,hard
d5256ad78e38,Data protection,2023-09-23,2024-03-31,,,apps:18382/15,KANATLI v. TÜRKİYE,18382/15,001-231650,3,HEJUD,,9|9-1|41,2024,negative,published_in_window_not_added_to_guide_importance_1_3,apps:18382/15,false,false,clean,hard
d5256ad78e38,Data protection,2023-09-23,2024-03-31,,,apps:48309/17,ORHAN ŞAHİN v. TÜRKİYE,48309/17,001-231543,3,HEJUD,,35|35-1|35-2-b|6|6-1|41,2024,negative,published_in_window_not_added_to_guide_importance_1_3,apps:48309/17,false,false,clean,hard
d5256ad78e38,Data protection,2023-09-23,2024-03-31,,,apps:9525/19,VAGDALT v. HUNGARY,9525/19,001-231341,3,HEJUD,,8|8-1|41,2024,negative,published_in_window_not_added_to_guide_importance_1_3,apps:9525/19,false,false,clean,hard
d5256ad78e38,Data protection,2023-09-23,2024-03-31,,,apps:37364/10,BOŠKOĆEVIĆ v. SERBIA,37364/10,001-231336,3,HEJUD,,35|35-1|34|35-3-a,2024,negative,published_in_window_not_added_to_guide_importance_1_3,apps:37364/10,false,false,clean,hard
d5256ad78e38,Data protection,2023-09-23,2024-03-31,,,apps:64220/19,FÖDERATION DER ALEVITEN GEMEINDEN IN ÖSTERREICH v. AUSTRIA,64220/19,001-231337,3,HEJUD,,35|35-3-a|9|9-1|9-2|41,2024,negative,published_in_window_not_added_to_guide_importance_1_3,apps:64220/19,false,false,clean,hard
d5256ad78e38,Data protection,2023-09-23,2024-03-31,,,apps:60569/09,LEKA v. ALBANIA,60569/09,001-231335,3,HEJUD,,6|6-1|6+6-3|6-3|6-3-a|6-3-b|6+6-3-c|6-3-c,2024,negative,published_in_window_not_added_to_guide_importance_1_3,apps:60569/09,false,false,clean,hard
d5256ad78e38,Data protection,2023-09-23,2024-03-31,,,apps:20256/20,DOLENC v. SLOVENIA,20256/20,001-231100,3,HEJUD,,41,2024,negative,published_in_window_not_added_to_guide_importance_1_3,apps:20256/20,false,false,clean,hard
d5256ad78e38,Data protection,2024-03-31,2024-06-13,,,apps:615/21,CVIKOVÁ v. SLOVAKIA,36765/21|615/21|9427/21,001-234143,3,HEJUD,,35|35-3-a|5|5-1|5-1-c|5-3|5-4|41|6|6-1,2024,negative,published_in_window_not_added_to_guide_importance_1_3,apps:615/21,false,false,clean,hard
d5256ad78e38,Data protection,2024-03-31,2024-06-13,,,apps:32312/23,DÁNIEL KARSAI v. HUNGARY,32312/23,001-234151,1,HEJUD,,35|35-3-a|8|8-1|8-2|14|14+8|2|2-1,2024,negative,published_in_window_not_added_to_guide_importance_1_3,apps:32312/23,false,false,clean,hard
d5256ad78e38,Data protection,2024-03-31,2024-06-13,,,apps:56138/18,RFE/RL INC. AND OTHERS v. AZERBAIJAN,48735/19|51207/19|56138/18|58694/19,001-234138,3,HEJUD,,10|10-1|10-2|41,2024,negative,published_in_window_not_added_to_guide_importance_1_3,apps:56138/18,false,false,clean,hard
d5256ad78e38,Data protection,2024-03-31,2024-06-13,,,apps:55159/16,KOKËDHIMA v. ALBANIA,55159/16,001-234125,3,HEJUD,,35|35-3-a|P1-3,2024,negative,published_in_window_not_added_to_guide_importance_1_3,apps:55159/16,false,false,clean,hard
d5256ad78e38,Data protection,2024-03-31,2024-06-13,,,apps:32483/19|35049/19,NEALON AND HALLAM v. THE UNITED KINGDOM,32483/19|35049/19,001-234468,1,HEJUD,,6|6-2|6-1|P7-4|P7-3,2024,negative,published_in_window_not_added_to_guide_importance_1_3,apps:32483/19|35049/19,false,false,clean,hard
d5256ad78e38,Data protection,2024-03-31,2024-06-13,,,apps:47909/19,T.V. v. CROATIA,47909/19,001-234129,3,HEJUD,,2|2-1|2-2|41,2024,negative,published_in_window_not_added_to_guide_importance_1_3,apps:47909/19,false,false,clean,hard
d5256ad78e38,Data protection,2024-03-31,2024-06-13,,,apps:36559/19,BERSHEDA AND RYBOLOVLEV v. MONACO,36559/19|36570/19,001-234410,3,HEJUD,,35|35-3-a|8|8-1|8-2,2024,negative,published_in_window_not_added_to_guide_importance_1_3,apps:36559/19,false,false,clean,hard
d5256ad78e38,Data protection,2024-03-31,2024-06-13,,,apps:19358/17,CRAMESTETER v. ITALY,19358/17,001-234381,3,HEJUD,,34|35|35-1|5|5-1|5-1-e|5-5|41,2024,negative,published_in_window_not_added_to_guide_importance_1_3,apps:19358/17,false,false,clean,hard
d5256ad78e38,Data protection,2024-03-31,2024-06-13,,,apps:13459/15,L.T. v. UKRAINE,13459/15,001-233993,3,HEJUD,,6|6+6-3-c|6-3-c|6-1|6-3|41,2024,negative,published_in_window_not_added_to_guide_importance_1_3,apps:13459/15,false,false,clean,hard
d5256ad78e38,Data protection,2024-03-31,2024-06-13,,,apps:2832/21,ALPASLAN v. TÜRKİYE,2832/21,001-234359,3,HEJUD,,P1-1|P1-1-1,2024,negative,published_in_window_not_added_to_guide_importance_1_3,apps:2832/21,false,false,clean,hard
d5256ad78e38,Data protection,2024-03-31,2024-06-13,,,apps:62199/19,BOSEV v. BULGARIA,62199/19,001-234362,3,HEJUD,,6|6-1|10|10-1|10-2|41,2024,negative,published_in_window_not_added_to_guide_importance_1_3,apps:62199/19,false,false,clean,hard
d5256ad78e38,Data protection,2024-03-31,2024-06-13,,,apps:28794/18,PISANSKI v. CROATIA,28794/18,001-233985,3,HEJUD,,10|10-1|10-2,2024,negative,published_in_window_not_added_to_guide_importance_1_3,apps:28794/18,false,false,clean,hard
d5256ad78e38,Data protection,2024-03-31,2024-06-13,,,apps:48998/14,VARYAN v. ARMENIA,48998/14,001-233983,3,HEJUD,,35|35-1|2|2-1|13|13+2-1|41|1,2024,negative,published_in_window_not_added_to_guide_importance_1_3,apps:48998/14,false,false,clean,hard
d5256ad78e38,Data protection,2024-03-31,2024-06-13,,,apps:22321/19,WICK v. GERMANY,22321/19,001-234272,3,HEJUD,,6|6-1,2024,negative,published_in_window_not_added_to_guide_importance_1_3,apps:22321/19,false,false,clean,hard
d5256ad78e38,Data protection,2024-03-31,2024-06-13,,,apps:57246/21,ZOUBOULIDIS v. GREECE (No. 3),57246/21,001-233990,3,HEJUD,,6|6-1|41,2024,negative,published_in_window_not_added_to_guide_importance_1_3,apps:57246/21,false,false,clean,hard
d5256ad78e38,Data protection,2024-03-31,2024-06-13,,,apps:41678/20,FUTORNYAK v. UKRAINE,41678/20,001-235004,3,HEDEC,,35|35-3-a|34|P1-1|P1-1-1,2024,negative,published_in_window_not_added_to_guide_importance_1_3,apps:41678/20,false,false,clean,hard
d5256ad78e38,Data protection,2024-03-31,2024-06-13,,,apps:2507/19,CONTRADA v. ITALY (No. 4),2507/19,001-234091,3,HEJUD,,35|35-1|8|8-1|8-2|41,2024,negative,published_in_window_not_added_to_guide_importance_1_3,apps:2507/19,false,false,clean,hard
d5256ad78e38,Data protection,2024-03-31,2024-06-13,,,apps:37943/17,PATRICOLO AND OTHERS v. ITALY,20655/19|37943/17|54009/18,001-233737,3,HEJUD,,35|35-3-a|6|6-1|41,2024,negative,published_in_window_not_added_to_guide_importance_1_3,apps:37943/17,false,false,clean,hard
d5256ad78e38,Data protection,2024-03-31,2024-06-13,,,apps:52855/19,RYTIKOV v. UKRAINE,52855/19,001-233738,3,HEJUD,,35|35-1|5|5-1|5-5|41,2024,negative,published_in_window_not_added_to_guide_importance_1_3,apps:52855/19,false,false,clean,hard
d5256ad78e38,Data protection,2024-03-31,2024-06-13,,,apps:6232/20|22394/20,SAAKASHVILI v. GEORGIA,22394/20|6232/20,001-233761,3,HEJUD,,35|35-3-a|6|6-1|6+6-3-d|6-3|6-3-d|7|7-1,2024,negative,published_in_window_not_added_to_guide_importance_1_3,apps:6232/20|22394/20,false,false,clean,hard
d5256ad78e38,Data protection,2024-03-31,2024-06-13,,,apps:57002/11,MANDEV AND OTHERS v. BULGARIA,46024/12|57002/11|61872/11|6430/13|67333/13,001-233736,3,HEJUD,,34|35|35-1|35-3-a|P1-1|P1-1-1|P1-1-2|41|6|6-1,2024,negative,published_in_window_not_added_to_guide_importance_1_3,apps:57002/11,false,false,clean,hard
d5256ad78e38,Data protection,2024-03-31,2024-06-13,,,apps:44002/22,DIAN v. DENMARK,44002/22,001-234499,1,HEDEC,,8|8-1|35|35-3-a,2024,negative,published_in_window_not_added_to_guide_importance_1_3,apps:44002/22,false,false,clean,hard
d5256ad78e38,Data protection,2024-03-31,2024-06-13,,,apps:39801/23,ZELENIKA v. CROATIA,39801/23,001-234530,3,HEDEC,,35|35-1|35-3-a|6|6-1,2024,negative,published_in_window_not_added_to_guide_importance_1_3,apps:39801/23,false,false,clean,hard
dbfbd08a4477,Article 2 Protocol 4,2023-09-23,2024-02-17,,,apps:80206/17,J.A. AND A.A. v. TÜRKİYE,80206/17,001-230708,3,HEJUD,,2|3|41,2024,negative,published_in_window_not_added_to_guide_importance_1_3,apps:80206/17,false,false,clean,hard
dbfbd08a4477,Article 2 Protocol 4,2023-09-23,2024-02-17,,,apps:35943/18,PINTUS v. ITALY,35943/18,001-230998,3,HEJUD,,2|2-1|3,2024,negative,published_in_window_not_added_to_guide_importance_1_3,apps:35943/18,false,false,clean,hard
dbfbd08a4477,Article 2 Protocol 4,2023-09-23,2024-02-17,,,apps:34358/16,AKHMEDNABIYEV AND KAMALOV v. RUSSIA,34358/16|58535/16,001-230625,3,HEJUD,,2|2-1|41|58,2024,negative,published_in_window_not_added_to_guide_importance_1_3,apps:34358/16,false,false,clean,hard
dbfbd08a4477,Article 2 Protocol 4,2024-02-17,2024-09-30,,,apps:6319/21,FABBRI AND OTHERS v. SAN MARINO,6319/21|6321/21|9227/21,001-237239,1,HEJUD,,35|35-1|35-3-a|6|6-1|13|2|3|4,2024,negative,published_in_window_not_added_to_guide_importance_1_3,apps:6319/21,false,false,clean,hard
dbfbd08a4477,Article 2 Protocol 4,2024-02-17,2024-09-30,,,apps:15541/20,PINDO MULLA v. SPAIN,15541/20,001-236065,1,HEJUD,,34|35|35-1|8|9|9-1|8-1|8-2|41|2|2-1,2024,negative,published_in_window_not_added_to_guide_importance_1_3,apps:15541/20,false,false,clean,hard
dbfbd08a4477,Article 2 Protocol 4,2024-02-17,2024-09-30,,,apps:20007/22,BIELAU v. AUSTRIA,20007/22,001-235470,3,HEJUD,,10|10-2|2|8,2024,negative,published_in_window_not_added_to_guide_importance_1_3,apps:20007/22,false,false,clean,hard
e12c697e461c,Article 14,2023-09-23,2024-03-30,,,apps:15284/19,B.T. v. RUSSIA,15284/19,001-231604,3,HEJUD,,14|14+8|8|8-1|58,2024,negative,published_in_window_not_added_to_guide_importance_1_3,apps:15284/19,false,false,clean,hard
e12c697e461c,Article 14,2024-03-30,2024-09-30,,,apps:50942/20|2022/21,DJERI AND OTHERS v. LATVIA,2022/21|50942/20,001-235015,3,HEJUD,,35|35-1|35-3-a|14|14+P1-2|P1-2,2024,negative,published_in_window_not_added_to_guide_importance_1_3,apps:50942/20|2022/21,false,false,clean,hard
e12c697e461c,Article 14,2024-03-30,2024-09-30,,,apps:40861/22,HANOVS v. LATVIA,40861/22,001-235016,3,HEJUD,,14|14+3|3|14+8|8|8-1|41|35|35-1,2024,negative,published_in_window_not_added_to_guide_importance_1_3,apps:40861/22,false,false,clean,hard
e19a063de5b3,Immigration,2023-09-23,2024-03-31,,,apps:19664/20,VERHOEVEN v. FRANCE,19664/20,001-233090,3,HEJUD,,8|8-1|8-2,2024,negative,published_in_window_not_added_to_guide_importance_1_3,apps:19664/20,false,false,clean,hard
e19a063de5b3,Immigration,2023-09-23,2024-03-31,,,apps:54699/14,KARTAL v. TÜRKİYE,54699/14,001-231738,3,HEJUD,,6|6-1|41,2024,negative,published_in_window_not_added_to_guide_importance_1_3,apps:54699/14,false,false,clean,hard
e19a063de5b3,Immigration,2023-09-23,2024-03-31,,,apps:38963/18,V.I. v. THE REPUBLIC OF MOLDOVA,38963/18,001-231739,3,HEJUD,,3|14|14+3|13|46|46-2|41,2024,negative,published_in_window_not_added_to_guide_importance_1_3,apps:38963/18,false,false,clean,hard
e19a063de5b3,Immigration,2023-09-23,2024-03-31,,,apps:10103/20,SIEĆ OBYWATELSKA WATCHDOG POLSKA v. POLAND,10103/20,001-231616,3,HEJUD,,10|10-1|10-2,2024,negative,published_in_window_not_added_to_guide_importance_1_3,apps:10103/20,false,false,clean,hard
e19a063de5b3,Immigration,2023-09-23,2024-03-31,,,apps:47238/19,ALMEIDA ARROJA v. PORTUGAL,47238/19,001-231606,3,HEJUD,,10|10-1|10-2|41,2024,negative,published_in_window_not_added_to_guide_importance_1_3,apps:47238/19,false,false,clean,hard
e19a063de5b3,Immigration,2023-09-23,2024-03-31,,,apps:15284/19,B.T. v. RUSSIA,15284/19,001-231604,3,HEJUD,,14|14+8|8|8-1|58,2024,negative,published_in_window_not_added_to_guide_importance_1_3,apps:15284/19,false,false,clean,hard
e19a063de5b3,Immigration,2023-09-23,2024-03-31,,,apps:84388/17,KURAL v. TÜRKİYE,84388/17,001-231603,3,HEJUD,,35|35-3-a|6|6-1|41,2024,negative,published_in_window_not_added_to_guide_importance_1_3,apps:84388/17,false,false,clean,hard
e19a063de5b3,Immigration,2023-09-23,2024-03-31,,,apps:26821/17,ASSOCIATION OF PEOPLE OF SILESIAN NATIONALITY (IN LIQUIDATION) v. POLAND,26821/17,001-231550,3,HEJUD,,11|11-1|11-2,2024,negative,published_in_window_not_added_to_guide_importance_1_3,apps:26821/17,false,false,clean,hard
e19a063de5b3,Immigration,2023-09-23,2024-03-31,,,apps:62020/14,MOLDOVAN v. UKRAINE,62020/14,001-231547,3,HEJUD,,8|8-1|41,2024,negative,published_in_window_not_added_to_guide_importance_1_3,apps:62020/14,false,false,clean,hard
e19a063de5b3,Immigration,2023-09-23,2024-03-31,,,apps:18382/15,KANATLI v. TÜRKİYE,18382/15,001-231650,3,HEJUD,,9|9-1|41,2024,negative,published_in_window_not_added_to_guide_importance_1_3,apps:18382/15,false,false,clean,hard
e19a063de5b3,Immigration,2023-09-23,2024-03-31,,,apps:48309/17,ORHAN ŞAHİN v. TÜRKİYE,48309/17,001-231543,3,HEJUD,,35|35-1|35-2-b|6|6-1|41,2024,negative,published_in_window_not_added_to_guide_importance_1_3,apps:48309/17,false,false,clean,hard
e19a063de5b3,Immigration,2023-09-23,2024-03-31,,,apps:9525/19,VAGDALT v. HUNGARY,9525/19,001-231341,3,HEJUD,,8|8-1|41,2024,negative,published_in_window_not_added_to_guide_importance_1_3,apps:9525/19,false,false,clean,hard
e19a063de5b3,Immigration,2023-09-23,2024-03-31,,,apps:37364/10,BOŠKOĆEVIĆ v. SERBIA,37364/10,001-231336,3,HEJUD,,35|35-1|34|35-3-a,2024,negative,published_in_window_not_added_to_guide_importance_1_3,apps:37364/10,false,false,clean,hard
e19a063de5b3,Immigration,2023-09-23,2024-03-31,,,apps:64220/19,FÖDERATION DER ALEVITEN GEMEINDEN IN ÖSTERREICH v. AUSTRIA,64220/19,001-231337,3,HEJUD,,35|35-3-a|9|9-1|9-2|41,2024,negative,published_in_window_not_added_to_guide_importance_1_3,apps:64220/19,false,false,clean,hard
e19a063de5b3,Immigration,2023-09-23,2024-03-31,,,apps:60569/09,LEKA v. ALBANIA,60569/09,001-231335,3,HEJUD,,6|6-1|6+6-3|6-3|6-3-a|6-3-b|6+6-3-c|6-3-c,2024,negative,published_in_window_not_added_to_guide_importance_1_3,apps:60569/09,false,false,clean,hard
e19a063de5b3,Immigration,2023-09-23,2024-03-31,,,apps:20256/20,DOLENC v. SLOVENIA,20256/20,001-231100,3,HEJUD,,41,2024,negative,published_in_window_not_added_to_guide_importance_1_3,apps:20256/20,false,false,clean,hard
e19a063de5b3,Immigration,2024-03-31,2024-09-04,,,apps:32648/22,SHLOSBERG v. RUSSIA,32648/22,001-235795,3,HEJUD,,P1-3|41|11|11-1|58,2024,negative,published_in_window_not_added_to_guide_importance_1_3,apps:32648/22,false,false,clean,hard
e19a063de5b3,Immigration,2024-03-31,2024-09-04,,,apps:59464/21|13079/22,KHACHAPURIDZE AND KHACHIDZE v. GEORGIA,13079/22|59464/21,001-235474,3,HEJUD,,35|35-3-a|6|6+6-3|6-3|6-3-c|6-3-d|6-1|41,2024,negative,published_in_window_not_added_to_guide_importance_1_3,apps:59464/21|13079/22,false,false,clean,hard
e19a063de5b3,Immigration,2024-03-31,2024-09-04,,,apps:24622/22,PASQUINELLI AND OTHERS v. SAN MARINO,24622/22,001-235475,1,HEJUD,,35|35-3-a|8|8-1|8-2,2024,negative,published_in_window_not_added_to_guide_importance_1_3,apps:24622/22,false,false,clean,hard
e19a063de5b3,Immigration,2024-03-31,2024-09-04,,,apps:44681/21|17256/22,TSULUKIDZE AND RUSULASHVILI v. GEORGIA,17256/22|44681/21,001-235473,3,HEJUD,,6|6-1|41,2024,negative,published_in_window_not_added_to_guide_importance_1_3,apps:44681/21|17256/22,false,false,clean,hard
e19a063de5b3,Immigration,2024-03-31,2024-09-04,,,apps:20007/22,BIELAU v. AUSTRIA,20007/22,001-235470,3,HEJUD,,10|10-2|2|8,2024,negative,published_in_window_not_added_to_guide_importance_1_3,apps:20007/22,false,false,clean,hard
e19a063de5b3,Immigration,2024-03-31,2024-09-04,,,apps:15028/16,HRACHYA HARUTYUNYAN v. ARMENIA,15028/16,001-235467,3,HEJUD,,10|10-1|10-2|41,2024,negative,published_in_window_not_added_to_guide_importance_1_3,apps:15028/16,false,false,clean,hard
e19a063de5b3,Immigration,2024-03-31,2024-09-04,,,apps:32887/19,İ.G. v. TÜRKİYE,32887/19,001-235468,3,HEJUD,,34|3,2024,negative,published_in_window_not_added_to_guide_importance_1_3,apps:32887/19,false,false,clean,hard
e19a063de5b3,Immigration,2024-03-31,2024-09-04,,,apps:28791/10,NAMIK YÜKSEL v. TÜRKİYE,28791/10,001-235465,3,HEJUD,,8|8-1|8-2,2024,negative,published_in_window_not_added_to_guide_importance_1_3,apps:28791/10,false,false,clean,hard
e19a063de5b3,Immigration,2024-03-31,2024-09-04,,,apps:17389/20,YASAK v. TÜRKİYE,17389/20,001-235709,3,HEJUD,,35|35-1|3|7|7-1,2024,negative,published_in_window_not_added_to_guide_importance_1_3,apps:17389/20,false,false,clean,hard
e19a063de5b3,Immigration,2024-03-31,2024-09-04,,,apps:2327/20,COUSO PERMUY v. SPAIN,2327/20,001-235144,3,HEJUD,,6|6-1|1,2024,negative,published_in_window_not_added_to_guide_importance_1_3,apps:2327/20,false,false,clean,hard
e19a063de5b3,Immigration,2024-03-31,2024-09-04,,,apps:63664/19,M.A. AND OTHERS v. FRANCE,24387/20|24391/20|24393/20|63664/19|64450/19,001-235426,1,HEJUD,,8|8-1|8-2,2024,negative,published_in_window_not_added_to_guide_importance_1_3,apps:63664/19,false,false,clean,hard
e19a063de5b3,Immigration,2024-03-31,2024-09-04,,,apps:42221/18,ŽDANOKA v. LATVIA (No. 2),42221/18,001-235140,3,HEJUD,,P1-3,2024,negative,published_in_window_not_added_to_guide_importance_1_3,apps:42221/18,false,false,clean,hard
e19a063de5b3,Immigration,2024-03-31,2024-09-04,,,apps:50942/20|2022/21,DJERI AND OTHERS v. LATVIA,2022/21|50942/20,001-235015,3,HEJUD,,35|35-1|35-3-a|14|14+P1-2|P1-2,2024,negative,published_in_window_not_added_to_guide_importance_1_3,apps:50942/20|2022/21,false,false,clean,hard
e19a063de5b3,Immigration,2024-03-31,2024-09-04,,,apps:40861/22,HANOVS v. LATVIA,40861/22,001-235016,3,HEJUD,,14|14+3|3|14+8|8|8-1|41|35|35-1,2024,negative,published_in_window_not_added_to_guide_importance_1_3,apps:40861/22,false,false,clean,hard
e19a063de5b3,Immigration,2024-03-31,2024-09-04,,,apps:41373/21|48801/21,MELI AND SWINKELS FAMILY BREWERS N.V. v. ALBANIA,41373/21|48801/21,001-235014,3,HEJUD,,6|6-1|41|35|35-1,2024,negative,published_in_window_not_added_to_guide_importance_1_3,apps:41373/21|48801/21,false,false,clean,hard
e19a063de5b3,Immigration,2024-03-31,2024-09-04,,,apps:35402/20,SAHRAOUI AND OTHERS v. FRANCE,35402/20,001-235145,3,HEJUD,,2|2-1,2024,negative,published_in_window_not_added_to_guide_importance_1_3,apps:35402/20,false,false,clean,hard
e19a063de5b3,Immigration,2024-03-31,2024-09-04,,,apps:31842/20,W.W. v. POLAND,31842/20,001-234807,3,HEJUD,,34|8|8-1|8-2|41,2024,negative,published_in_window_not_added_to_guide_importance_1_3,apps:31842/20,false,false,clean,hard
e19a063de5b3,Immigration,2024-03-31,2024-09-04,,,apps:16206/19,SAVINOVSKIKH AND OTHERS v. RUSSIA,16206/19,001-234795,3,HEJUD,,34|8|8-1|8-2|41|1|14,2024,negative,published_in_window_not_added_to_guide_importance_1_3,apps:16206/19,false,false,clean,hard
e19a063de5b3,Immigration,2024-03-31,2024-09-04,,,apps:23093/20,SELÇUK v. TÜRKİYE,23093/20,001-235187,3,HEJUD,,2|2-1,2024,negative,published_in_window_not_added_to_guide_importance_1_3,apps:23093/20,false,false,clean,hard
e19a063de5b3,Immigration,2024-03-31,2024-09-04,,,apps:21714/22,MAMIĆ AND OTHERS v. CROATIA,21714/22|25102/22|25367/22,001-235673,3,HEDEC,,6|6-1|17|35|35-3-a,2024,negative,published_in_window_not_added_to_guide_importance_1_3,apps:21714/22,false,false,clean,hard
e19a063de5b3,Immigration,2024-03-31,2024-09-04,,,apps:7621/19,OGHLISHVILI v. GEORGIA,7621/19,001-234522,3,HEJUD,,35|35-1|2|2-1|41,2024,negative,published_in_window_not_added_to_guide_importance_1_3,apps:7621/19,false,false,clean,hard
e19a063de5b3,Immigration,2024-03-31,2024-09-04,,,apps:24460/16,RUSTAMKHANLI v. AZERBAIJAN,24460/16,001-234520,3,HEJUD,,8|8-1|8-2|P1-1|P1-1-2|41,2024,negative,published_in_window_not_added_to_guide_importance_1_3,apps:24460/16,false,false,clean,hard
e19a063de5b3,Immigration,2024-03-31,2024-09-04,,,apps:41701/16,Y.T. v. BULGARIA,41701/16,001-235115,3,HEJUD,,35|35-3-a|8|8-1,2024,negative,published_in_window_not_added_to_guide_importance_1_3,apps:41701/16,false,false,clean,hard
e751e8063f8b,Environment,2023-09-23,2024-04-09,,,apps:12471/20,E.L. v. LITHUANIA,12471/20,001-232002,3,HEJUD,,3|41,2024,negative,published_in_window_not_added_to_guide_importance_1_3,apps:12471/20,false,false,clean,hard
e751e8063f8b,Environment,2023-09-23,2024-04-09,,,apps:39611/18,GEORGIA v. RUSSIA (IV),39611/18,001-232000,3,HEJUD,,2|2-1|2-2|3|5|5-1|5-1-a|5-1-c|P4-2|P4-2-1|P4-2-3|8|8-1|8-2|P1-1|P1-1-1|P1-2|41|33|58,2024,negative,published_in_window_not_added_to_guide_importance_1_3,apps:39611/18,false,false,clean,hard
e751e8063f8b,Environment,2023-09-23,2024-04-09,,,apps:20183/21,LAZĂR v. ROMANIA,20183/21,001-232006,3,HEJUD,,35|35-3-a|5|5-1|5-1-f,2024,negative,published_in_window_not_added_to_guide_importance_1_3,apps:20183/21,false,false,clean,hard
e751e8063f8b,Environment,2023-09-23,2024-04-09,,,apps:19124/21|20085/21,MATTHEWS AND JOHNSON v. ROMANIA,19124/21|20085/21,001-232005,3,HEJUD,,35|35-3-a|5|5-1|5-1-f,2024,negative,published_in_window_not_added_to_guide_importance_1_3,apps:19124/21|20085/21,false,false,clean,hard
e751e8063f8b,Environment,2023-09-23,2024-04-09,,,apps:73532/16,SÖZEN v. TÜRKİYE,73532/16,001-233176,3,HEJUD,,6|6-1|41,2024,negative,published_in_window_not_added_to_guide_importance_1_3,apps:73532/16,false,false,clean,hard
e751e8063f8b,Environment,2023-09-23,2024-04-09,,,apps:54029/17,SHEROV AND OTHERS v. POLAND,54029/17|54117/17|54128/17|54255/17,001-231867,3,HEJUD,,3|P4-4|13|41,2024,negative,published_in_window_not_added_to_guide_importance_1_3,apps:54029/17,false,false,clean,hard
e751e8063f8b,Environment,2023-09-23,2024-04-09,,,apps:17131/19,TAMAZOUNT AND OTHERS v. FRANCE,17131/19|19242/19|28794/21|28830/21|55810/20,001-233093,3,HEJUD,,34|35|35-1|6|6-1|3|8|8-1|P1-1|P1-1-1|41|35-3-a,2024,negative,published_in_window_not_added_to_guide_importance_1_3,apps:17131/19,false,false,clean,hard
e751e8063f8b,Environment,2023-09-23,2024-04-09,,,apps:49049/18,ZÖLDI v. HUNGARY,49049/18,001-231872,3,HEJUD,,10|10-1|10-2|41,2024,negative,published_in_window_not_added_to_guide_importance_1_3,apps:49049/18,false,false,clean,hard
e751e8063f8b,Environment,2023-09-23,2024-04-09,,,apps:19664/20,VERHOEVEN v. FRANCE,19664/20,001-233090,3,HEJUD,,8|8-1|8-2,2024,negative,published_in_window_not_added_to_guide_importance_1_3,apps:19664/20,false,false,clean,hard
e751e8063f8b,Environment,2023-09-23,2024-04-09,,,apps:54699/14,KARTAL v. TÜRKİYE,54699/14,001-231738,3,HEJUD,,6|6-1|41,2024,negative,published_in_window_not_added_to_guide_importance_1_3,apps:54699/14,false,false,clean,hard
e751e8063f8b,Environment,2023-09-23,2024-04-09,,,apps:38963/18,V.I. v. THE REPUBLIC OF MOLDOVA,38963/18,001-231739,3,HEJUD,,3|14|14+3|13|46|46-2|41,2024,negative,published_in_window_not_added_to_guide_importance_1_3,apps:38963/18,false,false,clean,hard
e751e8063f8b,Environment,2023-09-23,2024-04-09,,,apps:10103/20,SIEĆ OBYWATELSKA WATCHDOG POLSKA v. POLAND,10103/20,001-231616,3,HEJUD,,10|10-1|10-2,2024,negative,published_in_window_not_added_to_guide_importance_1_3,apps:10103/20,false,false,clean,hard
e751e8063f8b,Environment,2023-09-23,2024-04-09,,,apps:47238/19,ALMEIDA ARROJA v. PORTUGAL,47238/19,001-231606,3,HEJUD,,10|10-1|10-2|41,2024,negative,published_in_window_not_added_to_guide_importance_1_3,apps:47238/19,false,false,clean,hard
e751e8063f8b,Environment,2023-09-23,2024-04-09,,,apps:15284/19,B.T. v. RUSSIA,15284/19,001-231604,3,HEJUD,,14|14+8|8|8-1|58,2024,negative,published_in_window_not_added_to_guide_importance_1_3,apps:15284/19,false,false,clean,hard
e751e8063f8b,Environment,2023-09-23,2024-04-09,,,apps:84388/17,KURAL v. TÜRKİYE,84388/17,001-231603,3,HEJUD,,35|35-3-a|6|6-1|41,2024,negative,published_in_window_not_added_to_guide_importance_1_3,apps:84388/17,false,false,clean,hard
e751e8063f8b,Environment,2023-09-23,2024-04-09,,,apps:26821/17,ASSOCIATION OF PEOPLE OF SILESIAN NATIONALITY (IN LIQUIDATION) v. POLAND,26821/17,001-231550,3,HEJUD,,11|11-1|11-2,2024,negative,published_in_window_not_added_to_guide_importance_1_3,apps:26821/17,false,false,clean,hard
e751e8063f8b,Environment,2023-09-23,2024-04-09,,,apps:62020/14,MOLDOVAN v. UKRAINE,62020/14,001-231547,3,HEJUD,,8|8-1|41,2024,negative,published_in_window_not_added_to_guide_importance_1_3,apps:62020/14,false,false,clean,hard
ed0ed05ac958,Article 46,2023-09-11,2024-02-16,,,apps:4976/20,JANN-ZWICKER AND JANN v. SWITZERLAND,4976/20,001-230856,3,HEJUD,,6|6-1|41|46|46-2,2024,negative,published_in_window_not_added_to_guide_importance_1_3,apps:4976/20,false,false,clean,hard
f1175c0d1e5c,Article 1 Protocol 7,2023-09-23,2023-12-06,,,apps:10299/15,MARIYA ALEKHINA AND OTHERS v. RUSSIA (No. 2),10299/15,001-229126,3,HEJUD,,11|11-1|11-2|41|1,2023,negative,published_in_window_not_added_to_guide_importance_1_3,apps:10299/15,false,false,clean,hard
