guide_id,guide_title,from_snapshot_date,to_snapshot_date,case_key,case_name,application_numbers,citation_text,hudoc_importance_level,linked_sections,linked_change_types,pre_text,post_text,annotator_A_novelty,annotator_B_novelty,adjudicated_novelty,notes
154b01c3289a,Article 34/35,2023-06-27,2023-10-27,apps:38358/22,Orhan v. Türkiye (dec.),38358/22,"Orhan v. Türkiye (dec.), no. 38358/22, 6 December 2022",1,I.B.1: Purpose of the rule,minor_edit,"Before the entry into force of Protocol No. 15 to the Convention (1 August 2021), Article 35 § 1 of the Convention referred to a period of six months. Article 4 of Protocol No. 15 has amended Article 35 § 1 to reduce the period from six to four 5 months. According to the transitional provisions of the Protocol (Article 8 § 3), this amendment applies only after a period of six months following the entry into force of the Protocol (as from 1 February 2022), in order to allow potential applicants to become fully aware of the new deadline. Furthermore, the new time limit does not have a retroactive effect, since it does not apply to applications in respect of which the final decision within the meaning of Article 35 § 1 of the Convention was taken prior to the date of entry into force of the new rule (see the Explanatory Report to Protocol No.15, § 22). Although the judgments and decisions pre-dating Protocol No. 15 mentioned in this section referred to the ""six - month period"" or ""six - month rule"", those terms have been replaced in this guide by the terms ""four -month period"" and ""four - month rule"", in order to reflect the new time-limit established in the Convention. The general principles in the Court's case-law on how the former rule operated remain valid for the operation of the new time limit ( Saakashvili v. Georgia (dec.), § 46).","Before the entry into force of Protocol No. 15 to the Convention (1 August 2021), Article 35 § 1 of the Convention referred to a period of six months. Article 4 of Protocol No. 15 has amended Article 35 § 1 to reduce the period from six to four 5 months. According to the transitional provisions of the Protocol (Article 8 § 3), this amendment applies only after a period of six months following the entry into force of the Protocol (as from 1 February 2022), in order to allow potential applicants to become fully aware of the new deadline. Furthermore, the new time limit does not have a retroactive effect, since it does not apply to applications in respect of which the final decision within the meaning of Article 35 § 1 of the Convention was taken prior to the date of entry into force of the new rule (see the Explanatory Report to Protocol No.15, § 22). If the final decision within the meaning of Article 35 § 1 was taken before the entry into force of Protocol no. 15 but notified to the applicant after 1 August 2021, the applicable time-limit is still that of six months; however, it starts to run from the day following the notification of the final decision ( Orhan v. Türkiye (dec.), 2022, §§ 23-47).",,,,
154b01c3289a,Article 34/35,2023-10-27,2023-12-12,apps:4704/19,Chennouf and Others v. France (dec.),4704/19,"Chennouf and Others v. France (dec.), no. 4704/19, 20 June 2023",4,§1.A.3.e: Loss of victim status,minor_edit,"Moreover, the redress afforded must be appropriate and sufficient. This will depend on all the circumstances of the case, with particular regard to the nature of the Convention violation in issue ( Gäfgen v. Germany [GC], 2010, § 116; Bivolaru v. Romania (no. 2), 2018, § 170).","Moreover, the redress afforded must be appropriate and sufficient. This will depend on all the circumstances of the case, with particular regard to the nature of the Convention violation in issue ( Gäfgen v. Germany [GC], 2010, § 116; Bivolaru v. Romania (no. 2), 2018, § 170). However, if the applicant has agreed to the terms of a friendly settlement at domestic level, he or she cannot complain that the monetary compensation received under that settlement was not sufficient ( Chennouf and Others v. France (dec.), 2023, § 39).",,,,
154b01c3289a,Article 34/35,2023-10-27,2023-12-12,apps:54421/21,Szaxon v. Hungary (dec.),54421/21,"Szaxon v. Hungary (dec.), no. 54421/21, 21 March 2023",3,I.A.6: Creation of new remedies,minor_edit,"The assessment of whether domestic remedies have been exhausted is normally carried out with reference to the state of the proceedings on the date on which the application was lodged with the Court. This rule is, however, subject to exceptions following the creation of new remedies ( İçyer v. Turkey (dec.), 2006, §§ 72 et seq.). The Court has departed from this rule in particular in cases concerning the length of proceedings ( Predil Anstalt v. Italy (dec.), 2002; Bottaro v. Italy (dec.), 2002; Andrášik and Others v. Slovakia (dec.), 2002; Nogolica v. Croatia (dec.), 2002; Brusco v. Italy (dec.), 2001; Korenjak v. Slovenia (dec.), 2007, §§ 66-71; Techniki Olympiaki A.E. v. Greece (dec.), 2013) or concerning a new compensatory remedy in respect of interferences with property rights ( Charzyński v. Poland (dec.), 2005; Michalak v. Poland (dec.), 2005; Demopoulos and Others v. Turkey (dec.) [GC], 2010; Beshiri and Others v. Albania (dec.), § 177 and §§ 216-218; Olkhovik and Others v. Russia (dec.), 2022, §§ 34-41); or failure to execute domestic judgments ( Nagovitsyn and Nalgiyev v. Russia (dec.), 2010, §§ 36-40; Balan v. Moldova (dec.), 2012); or prison overcrowding ( Łatak v. Poland (dec.), 2010; Stella and Others v. Italy (dec.), 2014, §§ 42-45); or improper conditions of detention ( Shmelev and Others v. Russia (dec.), 2020, §§ 123-131).","The assessment of whether domestic remedies have been exhausted is normally carried out with reference to the state of the proceedings on the date on which the application was lodged with the Court. This rule is, however, subject to exceptions following the creation of new remedies ( İçyer v. Turkey (dec.), 2006, §§ 72 et seq.). The Court has departed from this rule in particular in cases concerning the length of proceedings ( Predil Anstalt v. Italy (dec.), 2002; Bottaro v. Italy (dec.), 2002; Andrášik and Others v. Slovakia (dec.), 2002; Nogolica v. Croatia (dec.), 2002; Brusco v. Italy (dec.), 2001; Korenjak v. Slovenia (dec.), 2007, §§ 66-71; Techniki Olympiaki A.E. v. Greece (dec.), 2013; Szaxon v. Hungary (dec.), 2023, §§ 42-48) or concerning a new compensatory remedy in respect of interferences with property rights ( Charzyński v. Poland (dec.), 2005; Michalak v. Poland (dec.), 2005; Demopoulos and Others v. Turkey (dec.) [GC], 2010; Beshiri and Others v. Albania (dec.), § 177 and §§ 216-218; Olkhovik and Others v. Russia (dec.), 2022, §§ 34-41); or failure to execute domestic judgments ( Nagovitsyn and Nalgiyev v. Russia (dec.), 2010, §§ 36-40; Balan v. Moldova (dec.), 2012); or prison overcrowding ( Łatak v. Poland (dec.), 2010; Stella and Others v. Italy (dec.), 2014, §§ 42-45); or improper conditions of detention ( Shmelev and Others v. Russia (dec.), 2020, §§ 123-131).",,,,
154b01c3289a,Article 34/35,2025-01-26,2025-04-13,apps:21881/20,Communauté genevoise d'action syndicale (CGAS) v. Switzerland [GC],21881/20,"Communauté genevoise d'action syndicale (CGAS) v. Switzerland [GC], no. 21881/20, 27 November 2023",3,I.A.2.f: Availability and effectiveness|§1.A.3.b: Direct victim,minor_edit,"The Court must take realistic account not only of formal remedies available in the domestic legal system, but also of the general legal and political context in which they operate as well as the personal circumstances of the applicant ( Akdivar and Others v. Turkey, 1996, §§ 68-69; Khashiyev and Akayeva v. Russia, 2005, §§ 116-117; Chiragov and Others v. Armenia [GC], 2015, § 119; Sargsyan v. Azerbaijan [GC], 2015, §§ 117-119). It must examine whether, in all the circumstances of the case, the applicant did everything that could reasonably be expected of him or her to exhaust domestic remedies ( D.H. and Others v. the Czech Republic [GC], 2007, §§ 116-122). For instance, an applicant has not exhausted domestic remedies when he failed to use the remedy - which could not be regarded as obviously futile - suggested by the domestic court, which guided him as to the further concrete steps to be taken ( P. v. Ukraine (dec.), 2019, §§ 52-55). In a case where the enforcement of a judgment ordering urgent rehousing was delayed and achieved after the requisite deadline, an action for damages against the State in order to challenge the lengthy non-enforcement of the judgment can be considered an effective remedy even if it was enforced after the application had been lodged with the Court ( Bouhamla v. France (dec.), 2019, §§ 35-44).

In order to be able to lodge an application in accordance with Article 34, an applicant must be able to show that he or she was ""directly affected"" by the measure complained of ( Tănase v. Moldova [GC], 2010, § 104; Burden v. the United Kingdom [GC], 2008, § 33; Lambert and Others v. France [GC], 2015, § 89). This is indispensable for putting the protection mechanism of the Convention into motion ( Hristozov and Others v. Bulgaria, 2012, § 73), although this criterion is not to be applied in a rigid, mechanical and inflexible way throughout the proceedings ( Micallef v. Malta [GC], 2009, § 45; Karner v. Austria, 2003, § 25; Aksu v. Turkey [GC], 2012, § 51). For instance, a person cannot complain of a violation of his or her rights in proceedings to which he or she was not a party ( Centro Europa 7 S.r.l. and Di Stefano v. Italy [GC], 2012, § 92). However, in Margulev v. Russia, 2019, the Court considered the applicant to be a direct victim of defamation proceedings although he was only admitted as a third party to the proceedings. Since domestic law granted the status of third party to proceedings where ""the judgment may affect the third party' s rights and obligations vis-à- vis the claimant or defendant"", the Court considered that the domestic courts had tacitly accepted that the applicant's rights might have been affected by the outcome of the defamation proceedings (§ 36; see also Khural and Zeynalov v. Azerbaijan (no. 2), 2023, §§ 31-32) . In Mukhin v. Russia, 2021, the Court recognised that the editor- in-chief of a newspaper could claim to be a victim of the domestic courts'decisions divesting that newspaper of its media-outlet status and annulling the document certifying its registration (§§ 158-160). Further, in some specific circumstances, direct victims who had not participated in the domestic proceedings were accepted as applicants before the Court ( Beizaras and Levickas v. Lithuania, 2020, §§ 78-81). Standing in domestic proceedings is therefo re not decisive, as the notion of ""victim"" is interpreted autonomously in the Convention system (see, for instance, Kalfagiannis and Pospert v. Greece (dec.), 2020, §§ 44-48, concerning the financial administrator of a public service broadcaster whose victim status was accepted by the domestic courts but not by the Court).","The Court must take realistic account not only of formal remedies available in the domestic legal system, but also of the general legal and political context in which they operate as well as the personal circumstances of the applicant ( Akdivar and Others v. Turkey, 1996, §§ 68-69; Khashiyev and Akayeva v. Russia, 2005, §§ 116-117; Chiragov and Others v. Armenia [GC], 2015, § 119; Sargsyan v. Azerbaijan [GC], 2015, §§ 117-119 ; Communauté genevoise d'action syndicale (CGAS) v. Switzerland [GC], 2023, §§ 162-163). It must examine whether, in all the circumstances of the case, the applicant did everything that could reasonably be expected of him or her to exhaust domestic remedies ( D.H. and Others v. the Czech Republic [GC], 2007, §§ 116-122). For instance, an applicant has not exhausted domestic remedies when he failed to use the remedy - which could not be regarded as obviously futile - suggested by the domestic court, which guided him as to the further concrete steps to be taken ( P. v. Ukraine (dec.), 2019, §§ 52-55). In a case where the enforcement of a judgment ordering urgent rehousing was delayed and achieved after the requisite deadline, an action for damages against the State in order to challenge the lengthy non-enforcement of the judgment can be considered an effective remedy even if it was enforced after the application had been lodged with the Court ( Bouhamla v. France (dec.), 2019, §§ 35-44).

In order to be able to lodge an application in accordance with Article 34, an applicant must be able to show that he or she was ""directly affected"" by the measure complained of ( Tănase v. Moldova [GC], 2010, § 104; Burden v. the United Kingdom [GC], 2008, § 33; Lambert and Others v. France [GC], 2015, § 89; Communauté genevoise d'action syndicale (CGAS) v. Switzerland [GC], 2023, §§ 115, 125). This is indispensable for putting the protection mechanism of the Convention into motion ( Hristozov and Others v. Bulgaria, 2012, § 73), although this criterion is not to be applied in a rigid, mechanical and inflexible way throughout the proceedings ( Micallef v. Malta [GC], 2009, § 45; Karner v. Austria, 2003, § 25; Aksu v. Turkey [GC], 2012, § 51). For instance, a person cannot complain of a violation of his or her rights in proceedings to which he or she was not a party ( Centro Europa 7 S.r.l. and Di Stefano v. Italy [GC], 2012, § 92). However, in Margulev v. Russia, 2019, the Court considered the applicant to be a direct victim of defamation proceedings although he was only admitted as a third party to the proceedings. Since domestic law granted the status of third party to proceedings where ""the judgment may affect the third party's rights and obligations vis-à- vis the claimant or defendant"", the Court considered that the domestic courts had tacitly accepted that the applicant's rights might have been affected by the outcome of the defamation proceedings (§ 36; see also Khural and Zeynalov v. Azerbaijan (no. 2), 2023, §§ 31-32) . In Mukhin v. Russia, 2021, the Court recognised that the editor- in-chief of a newspaper could claim to be a victim of the domestic courts'decisions divesting that newspaper of its media-outlet status and annulling the document certifying its registration (§§ 158-160). Further, in some specific circumstances, direct victims who had not participated in the domestic proceedings were accepted as applicants before the Court ( Beizaras and Levickas v. Lithuania, 2020, §§ 78-81). Standing in domestic proceedings is therefo re not decisive, as the notion of ""victim"" is interpreted autonomously in the Convention system (see, for instance, Kalfagiannis and Pospert v. Greece (dec.), 2020, §§ 44-48, concerning the financial administrator of a public service broadcaster whose victim status was accepted by the domestic courts but not by the Court).",,,,
154b01c3289a,Article 34/35,2025-04-13,2025-06-04,apps:25373/16,E.T. v. the Republic of Moldova,25373/16,"E.T. v. the Republic of Moldova, no. 25373/16, 12 November 2024",3,§1.A.3.f: Death of the applicant,minor_edit,"Where applicants choose to be represented under Rule 36 § 1 of the Rules of Court, rather than lodging the application themselves, Rule 45 § 3 requires them to produce a written authority to act, duly signed. It is essential for representatives to demonstrate that they have received specific and explicit instructions from the alleged victim within the meaning of Article 34 on whose behalf they purport to act before the Court ( Post v. the Netherlands (dec.), 2009; Centre for Legal Resources on behalf of Valentin Câmpeanu v. Romania [GC], 2014, § 102 - see also Oliyevskyy v. Ukraine (dec.), 2020, §§ 16-22 and V.M. and Others v. Belgium (striking out) [GC], §§ 32-41, where the applicants did not maintain contact with their representative and contrast with N.D. and N.T. v. Spain [GC], 2020, §§ 69-79, and the references therein, where the representative remained in contact with both applicants via telephone and WhatsApp, and the existence of special circumstances regarding respect for human rights as defined in the Convention and the Protocols thereto requiring the Court to continue the examination of the application (Article 37 § 1 in fine )). On the validity of an authority to act, see Aliev v. Georgia, 2009, §§ 44-49; on the authenticity of an application, see Velikova v. Bulgaria, 2000, §§ 48-52.","Where applicants choose to be represented under Rule 36 § 1 of the Rules of Court, rather than lodging the application themselves, Rule 45 § 3 requires them to produce a written authority to act, duly signed. It is essential for representatives to demonstrate that they have received specific and explicit instructions from the alleged victim within the meaning of Article 34 on whose behalf they purport to act before the Court ( Post v. the Netherlands (dec.), 2009; Centre for Legal Resources on behalf of Valentin Câmpeanu v. Romania [GC], 2014, § 102 - see also Oliyevskyy v. Ukraine (dec.), 2020, §§ 16-22 and V.M. and Others v. Belgium (striking out) [GC], §§ 32-41, where the applicants did not maintain contact with their representative and contrast with N.D. and N.T. v. Spain [GC], 2020, §§ 69-79, and the references therein, where the representative remained in contact with both applicants via telephone and WhatsApp, and the existence of special circumstances regarding respect for human rights as defined in the Convention and the Protocols thereto requiring the Court to continue the examination of the application (Article 37 § 1 in fine )). On the validity of an authority to act, see Aliev v. Georgia, 2009, §§ 44-49; on the authenticity of an application, see Velikova v. Bulgaria, 2000, §§ 48-52 and, as concerns a particular vulnerable applicant, see E.T. v. the Republic of Moldova, 2024, §§ 31-33).",,,,
154b01c3289a,Article 34/35,2025-04-13,2025-06-04,apps:56658/22,Secară v. Romania (dec.),56658/22,"Secară v. Romania (dec.), no. 56658/22, 28 January 2025",3,I.A.1: Purpose of the rule|I.A.2.e: Existence and appropriateness|I.B.2.a: Final decision,minor_edit,"Determining whether a domestic procedure constitutes an effective remedy within the meaning of Article 35 § 1, which an applicant must exhaust and which should therefore be taken into account for the purposes of the four-month time-limit, depends on a number of factors, notably the applicant's complaint, the scope of the obligations of the State under that particular Convention provision, the available remedies in the respondent State and the specific circumstances of the case ( Lopes de Sousa Fernandes v. Portugal [GC], 2017, § 134; see, also, Kozacıoğlu v. Turkey [GC], 2009, § 40 and D.H. and Others v. the Czech Republic [GC], 2007, § 116).

Applicants are only obliged to exhaust domestic remedies which are available in theory and in practice at the relevant time and which they can directly institute themselves - that is to say, remedies that are accessible, capable of providing redress in respect of their complaints and offering reasonable prospects of success ( Sejdovic v. Italy [GC], 2006, § 46; Paksas v. Lithuania [GC], 2011, § 75; see also the Court's subsidiary consideration in S.A.S. v. France [GC], 2014, § 61, regarding reasonable prospects of success of an appeal on points of law on the basis of Article 9 of the Convention).

Discretionary or extraordinary remedies need not be used, for example requesting a court to review its decision ( Çınar v. Turkey (dec.), 2003; Prystavska v. Ukraine (dec.), 2002), or requesting the reopening of proceedings, except in special circumstances where, for example, it is established under domestic law that such a request does in fact constitute an effective remedy ( K.S. and K.S. AG v. Switzerland, Commission decision, 1994; Shibendra Dev v. Sweden (dec.), 2014, §§ 41-43, 45 and 48), or where the quashing of a judgment that has acquired legal force is the only means by which the respondent State can put matters right through its own legal system ( Kiiskinen and Kovalainen v. Finland (dec.), 1999; Nikula v. Finland (dec.), 2000; Dinchev v. Bulgaria (dec.), 2017, §§ 27-29). Similarly, an appeal to a higher authority does not constitute an effective remedy ( Horvat v. Croatia, 2001, § 47; Hartman v. the Czech Republic, 2003, § 66); nor does a remedy that is not directly accessible to the applicant but is dependent on the exercise of discretion by an intermediary ( Tănase v. Moldova [GC], 2010, § 122). In particular, in criminal matters, an appeal to a higher prosecutor is an effective remedy only if it is not merely a hierarchical appeal and if the person making it has a personal right to have it examined ( Aspiotis v. Greece (dec.), 2022, § 52, and, a contrario, Belevitskiy c. Russia, 2007, §§ 59-60). A complaint to the Ministry amounts to a hierarchical complaint and is not considered an effective remedy ( Polyakh and Others v. Ukraine, 2019, § 135; Milovanović v. Serbia, 2019, § 104). Regarding the effectiveness in the case in question of an appeal that does not in principle have to be used (Ombudsman), see the reasoning in Egmez v. Cyprus, 2000, §§ 66-73. Lastly, a domestic remedy which is not subject to any precise time-limit and thus creates uncertainty cannot be regarded as effective ( Williams v. the United Kingdom (dec.), 2009, and the references cited therein; Nicholas v. Cyprus, 2018, §§ 38-39).

Determining whether a domestic procedure constitutes an effective remedy, which an applicant must exhaust and which should therefore be taken into account for the purposes of the four-month time-limit, depends on a number of factors, notably the applicant's complaint, the scope of the obligations of the State under that particular Convention provision, the available remedies in the respondent State and the specific circumstances of the case. For example, it will differ in cases concerning unlawful use of force by State agents compared to cases concerning medical negligence ( Lopes de Sousa Fernandes v. Portugal [GC], 2017, §§ 134-137). For a case concerning covert surveillance measures, see Hambardzumyan v. Armenia, 2019, §§ 52-53.

As a rule Article 35 § 1 does not require applicants to have applied for the reopening of proceedings or to have used similar extraordinary remedies and does not allow the four-month time- limit to be extended on the grounds that such remedies have been used ( Berdzenishvili v. Russia (dec.), 2004; Tucka v. the United Kingdom (no. 1) (dec.), 2011; Haász and Szabó v. Hungary, 2015, §§ 36-37). However, if an extraordinary remedy is the only judicial remedy available to the applicant, the four- month time-limit may be calculated from the date of the decision given regarding that remedy ( Ahtinen v. Finland (dec.), 2005; Tomaszewscy v. Poland, 2014, §§ 117-119).","Determining whether a domestic procedure constitutes an effective remedy within the meaning of Article 35 § 1, which an applicant must exhaust and which should therefore be taken into account for the purposes of the four-month time-limit, depends on a number of factors, notably the applicant's complaint, the scope of the obligations of the State under that particular Convention provision, the available remedies in the respondent State and the specific circumstances of the case ( Lopes de Sousa Fernandes v. Portugal [GC], 2017, § 134; see, also, Kozacıoğlu v. Turkey [GC], 2009, § 40 and D.H. and Others v. the Czech Republic [GC], 2007, § 116; Secară v. Romania (dec.), 2025, §§ 30-38).

Applicants are only obliged to exhaust domestic remedies which are available in theory and in practice at the relevant time and which they can directly institute themselves - that is to say, remedies that are accessible, capable of providing redress in respect of their complaints and offering reasonable prospects of success ( Sejdovic v. Italy [GC], 2006, § 46; Paksas v. Lithuania [GC], 2011, § 75; see also the Court's subsidiary consideration in S.A.S. v. France [GC], 2014, § 61, regarding reasonable prospects of success of an appeal on points of law on the basis of Article 9 of the Convention; and, as concerns the relevance of an appeal on points of law on the basis of Article 6 of the Convention, Secară v. Romania (dec.), 2025, § 35).

Discretionary or extraordinary remedies need not be used, for example requesting a court to review its decision ( Çınar v. Turkey (dec.), 2003; Prystavska v. Ukraine (dec.), 2002), or requesting the reopening of proceedings, except in special circumstances where, for example, it is established under domestic law that such a request does in fact constitute an effective remedy ( K.S. and K.S. AG v. Switzerland, Commission decision, 1994; Shibendra Dev v. Sweden (dec.), 2014, §§ 41-43, 45 and 48), or where the quashing of a judgment that has acquired legal force is the only means by which the respondent State can put matters right through its own legal system ( Kiiskinen and Kovalainen v. Finland (dec.), 1999; Nikula v. Finland (dec.), 2000; Dinchev v. Bulgaria (dec.), 2017, §§ 27-29). On the other hand, the characterisation of the remedy in the domestic legal system as an extraordinary remedy does not necessarily render it ineffective, its relevance for the purposes of Article 35 § 1 depending on the specific circumstances of the case ( Secară v. Romania (dec.), 2025, §§ 31-36). Similarly, an appeal to a higher authority does not constitute an effective remedy ( Horvat v. Croatia, 2001, § 47; Hartman v. the Czech Republic, 2003, § 66); nor does a remedy that is not directly accessible to the applicant but is dependent on the exercise of discretion by an intermediary ( Tănas e v. Moldova [GC], 2010, § 122). In particular, in criminal matters, an appeal to a higher prosecutor is an effective remedy only if it is not merely a hierarchical appeal and if the person making it has a personal right to have it examined ( Aspiotis v. Greece (dec.), 2022, § 52, and, a contrario, Belevitskiy c. Russia, 2007, §§ 59-60). A complaint to the Ministry amounts to a hierarchical complaint and is not considered an effective remedy ( Polyakh and Others v. Ukraine, 2019, § 135; Milovanović v. Serbia, 2019, § 104). Regarding the effectiveness in the case in question of an appeal that does not in principle have to be used (Ombudsman), see the reasoning in Egmez v. Cyprus, 2000, §§ 66-73. Lastly, a domestic remedy which is not subject to any precise time-limit and thus creates uncertainty cannot be regarded as effective ( Williams v. the United Kingdom (dec.), 2009, and the references cited therein; Nicholas v. Cyprus, 2018, §§ 38-39).

Determining whether a domestic procedure constitutes an effective remedy, which an applicant must exhaust and which should therefore be taken into account for the purposes of the four-month time-limit, depends on a number of factors, notably the applicant's complaint, the scope of the obligations of the State under that particular Convention provision, the available remedies in the respondent State and the specific circumstances of the case ( Secară v. Romania (dec.), 2025, §§ 35-36). For example, it will differ in cases concerning unlawful use of force by State agents compared to cases concerning medical negligence ( Lopes de Sousa Fernandes v. Portugal [GC], 2017, §§ 134-137). For a case concerning covert surveillance measures, see Hambardzumyan v. Armenia, 2019, §§ 52-53.

As a rule Article 35 § 1 does not require applicants to have applied for the reopening of proceedings or to have used similar extraordinary remedies and does not allow the four-month time- limit to be extended on the grounds that such remedies have been used ( Berdzenishvili v. Russia (dec.), 2004; Tucka v. the United Kingdom (no. 1) (dec.), 2011; Haász and Szabó v. Hungary, 2015, §§ 36-37; see also for an extraordinary remedy intended solely to rectify situations of manifest unlawfulness and strictly limited to five grounds of appeal, Secară v. Romania (dec.), 2025, §§ 32-38). However, if an extraordinary remedy is the only judicial remedy available to the applicant, the four-month time- limit may be calculated from the date of the decision given regarding that remedy ( Ahtinen v. Finland (dec.), 2005; Tomaszewscy v. Poland, 2014, §§ 117-119).",,,,
154b01c3289a,Article 34/35,2025-04-13,2025-06-04,apps:64387/14,Stoyanov and Tabakov v. Bulgaria (no. 2),64387/14,"Stoyanov and Tabakov v. Bulgaria (no. 2), no. 64387/14, 7 December 2021,",3,I.D.1: Substantially the same as a matter that has been examined by the Court,minor_edit,"The Court examines whether the two applications brought before it by the applicants relate essentially to the same persons, the same facts and the same complaints ( Vojnović v. Croatia (dec.), 2012, § 28; Verein gegen Tierfabriken Schweiz (VgT) v. Switzerland (no. 2) [GC], 2009, § 63; Amarandei and Others v. Romania, 2016, §§ 106-111; Leon Madrid v. Spain, 2021, § 44). In order to determine whether an application or a complaint is substantially the same in terms of Article 35 § 2 (b) of the Convention, the complaint is always characterised by the facts alleged in it ( Radomilja and Others v. Croatia [GC], 2018, § 120).","The Court examines whether the two applications brought before it by the applicants relate essentially to the same persons, the same facts and the same complaints ( Vojnović v. Croatia (dec.), 2012, § 28; Verein gegen Tierfabriken Schweiz (VgT) v. Switzerland (no. 2) [GC], 2009, § 63; Amarandei and Others v. Romania, 2016, §§ 106-111; Leon Madrid v. Spain, 2021, § 44; Stoyanov and Tabakov v. Bulgaria (no. 2), 2021, § 30). In order to determine whether an application or a complaint is substantially the same in terms of Article 35 § 2 (b) of the Convention, the complaint is always characterised by the facts alleged in it ( Radomilja and Others v. Croatia [GC], 2018, § 120).",,,,
154b01c3289a,Article 34/35,2025-04-13,2025-06-04,apps:15830/16,Tverdokhlebova v. Ukraine,15830/16,"Tverdokhlebova v. Ukraine, no. 15830/16, 16 January 2025",4,I.E.2: Misleading the Court,minor_edit,"An intention to mislead the Court must always be established with sufficient certainty ( Melnik v. Ukraine, 2006, §§ 58-60; Nold v. Germany, 2006, § 87; Miszczyński v. Poland (dec.), 2011; Gross v. Switzerland [GC], 2014, § 28; S.L. and J.L. v. Croatia, 2015, §§ 48-49; Bagdonavicius and Others v. Russia, 2016, §§ 64-65; Yusufeli İlçesini Güzelleştirme Yaşatma Kültür Varlıklarını Koruma Derneği v. Turkey (dec.), 2021, §§ 29-30). Parties can submit arguments which are rejected by the Court without such contentious submissions being regarded as an abuse of the right of individual application ( Hoti v. Croatia ), 2018, § 92.","An intention to mislead the Court must always be established with sufficient certainty ( Melnik v. Ukraine, 2006, §§ 58-60; Nold v. Germany, 2006, § 87; Miszczyński v. Poland (dec.), 2011; Gross v. Switzerland [GC], 2014, § 28; S.L. and J.L. v. Croatia, 2015, §§ 48-49; Bagdonavicius and Others v. Russia, 2016, §§ 64-65; Y usufeli İlçesini Güzelleştirme Yaşatma Kültür Varlıklarını Koruma Derneği v. Turkey (dec.), 2021, §§ 29-30; Tverdokhlebova v. Ukraine,* 2025, § 33). Parties can submit arguments which are rejected by the Court without such contentious submissions being regarded as an abuse of the right of individual application ( Hoti v. Croatia ), 2018, § 92.",,,,
154b01c3289a,Article 34/35,2025-06-04,2025-12-02,apps:65087/19,Cangı and Others v. Türkiye (no. 2),65087/19,"Cangı and Others v. Türkiye (no. 2), no. 65087/19, 8 July 2025",3,§1.A.3.b: Direct victim,minor_edit,"In the specific context of complaints concerning harm or risk of harm resulting from alleged failures by the State to combat climate change, having regard to the special features of climate change and to the principle of exclusion of actio popularis under the Convention, the Court ruled that applicants needed to show that they were personally and directly affected by the impugned failures. That depends on two key criteria for which the threshold is especially high. Firstly, the applicant must be subject to a high intensity of exposure to the adverse effects of climate change, that is, the level and severity of (the risk of) adverse consequences of governmental action or inaction affecting the applicant must be significant. Secondly, there must be a pressing need to ensure the applicant's individual protection, owing to the absence or inadequacy of any reasonable measures to reduce harm ( Verein KlimaSeniorinnen Schweiz and Others v. Switzerland [GC], 2024, §§ 487-488). In that case, having carefully considered, inter alia, the nature and scope of the individual applicants'complaints and the material submitted by them, the degree of likelihood and/or probability of the adverse effects of climate change in time, the specific impact on each individual applicant's life, health or well-being, the magnitude and duration of the harmful effects, the scope of the risk (localised or general), and the nature of the applicants'vulnerability, the Court found that the four individual applicants did not fulfil the relevant criteria so as to constitute victims within the meaning of Article 34 (§§ 527-536). Applying the same criteria, the Court refused to recognise the victim status of the former mayor of a French municipality who alleged that the relevant territory ran the risk of climate-change induced flooding in the future but who had left that municipality and did not have any property or other relevant link to it ( Carême v. France (dec.) [GC], 2024, § 83).","In the specific context of complaints concerning harm or risk of harm resulting from alleged failures by the State to combat climate change, having regard to the special features of climate change and to the principle of exclusion of actio popularis under the Convention, the Court ruled that applicants needed to show that they were personally and directly affected by the impugned failures. That depends on two key criteria for which the threshold is especially high. Firstly, the applicant must be subject to a high intensity of exposure to the adverse effects of climate change, that is, the level and severity of (the risk of) adverse consequences of governmental action or inaction affecting the applicant must be significant. Secondly, there must be a pressing need to ensure the applicant's individual protection, owing to the absence or inadequacy of any reasonable measures to reduce harm ( Verein KlimaSeniorinnen Schweiz and Others v. Switzerland [GC], 2024, §§ 487-488). In that case, having carefully considered, inter alia, the nature and scope of the individual applicants'complaints and the material submitted by them, the degree of likelihood and/or probability of the adverse effects of climate change in time, the specific impact on each individual applicant's life, health or well-being, the magnitude and duration of the harmful effects, the scope of the risk (localised or general), and the nature of the applicants'vulnerability, the Court found that the four individual applicants did not fulfil the relevant criteria so as to constitute victims within the meaning of Article 34 (§§ 527-536). Applying the same criteria, the Court refused to recognise the victim status of the former mayor of a French municipality who alleged that the relevant territory ran the risk of climate-change induced flooding in the future but who had left that municipality and did not have any property or other relevant link to it ( Carême v. France (dec.) [GC], 2024, § 83). In Cangı and Others v. Türkiye (no. 2), 2025, § 31, the Court clarified that the high threshold set out in Verein KlimaSeniorinnen Schweiz and Others v. Switzerland (GC], 2024, § 613, with regard to the victim status of natural persons under Articles 6 and 8 of the Convention, is confined to cases concerning the issue of climate change.",,,,
154b01c3289a,Article 34/35,2025-06-04,2025-12-02,apps:7535/21|58894/21,Darko Špehar v. Croatia and Danijel Gojković v. Croatia (dec.),7535/21|58894/21,"Darko Špehar v. Croatia and Danijel Gojković v. Croatia (dec.), nos. 7535/21 and 58894/21, 8 July 2025",4,§1.A.3.f: Death of the applicant,minor_edit,"Where applicants choose to be represented under Rule 36 § 1 of the Rules of Court, rather than lodging the application themselves, Rule 45 § 3 requires them to produce a written authority to act, duly signed. It is essential for representatives to demonstrate that they have received specific and explicit instructions from the alleged victim within the meaning of Article 34 on whose behalf they purport to act before the Court ( Post v. the Netherlands (dec.), 2009; Centre for Legal Resources on behalf of Valentin Câmpeanu v. Romania [GC], 2014, § 102 - see also Oliyevskyy v. Ukraine (dec.), 2020, §§ 16-22 and V.M. and Others v. Belgium (striking out) [GC], §§ 32-41, where the applicants did not maintain contact with their representative and contrast with N.D. and N.T. v. Spain [GC], 2020, §§ 69-79, and the references therein, where the representative remained in contact with both applicants via telephone and WhatsApp, and the existence of special circumstances regarding respect for human rights as defined in the Convention and the Protocols thereto requiring the Court to continue the examination of the application (Article 37 § 1 in fine )). On the validity of an authority to act, see Aliev v. Georgia, 2009, §§ 44-49; on the authenticity of an application, see Velikova v. Bulgaria, 2000, §§ 48-52 and, as concerns a particular vulnerable applicant, see E.T. v. the Republic of Moldova, 2024, §§ 31-33).","Where applicants choose to be represented under Rule 36 § 1 of the Rules of Court, rather than lodging the application themselves, Rule 45 § 3 requires them to produce a written authority to act, duly signed. It is essential for representatives to demonstrate that they have received specific and explicit instructions from the alleged victim within the meaning of Article 34 on whose behalf they purport to act before the Court ( Post v. the Netherlands (dec.), 2009; Centre for Legal Resources on behalf of Valentin Câmpeanu v. Romania [GC], 2014, § 102 - see also Oliyevskyy v. Ukraine (dec.), 2020, §§ 16-22 and V.M. and Others v. Belgium (striking out) [GC], §§ 32-41, where the applicants did not maintain contact with their representative and contrast with N.D. and N.T. v. Spain [GC], 2020, §§ 69-79, and the references therein, where the representative remained in contact with both applicants via telephone and WhatsApp, and the existence of special circumstances regarding respect for human rights as defined in the Convention and the Protocols thereto requiring the Court to continue the examination of the application (Article 37 § 1 in fine )). On the validity of an authority to act, see Aliev v. Georgia, 2009, §§ 44-49; on the authenticity of an application, see Velikova v. Bulgaria, 2000, §§ 48-52, as concerns a particular vulnerable applicant, see E.T. v. the Republic of Moldova, 2024, §§ 31-33, and, as concerns the applicants'lawyer's failure to maintain contact with his clients and to inform the Court of their respective deaths in a timely manner, see Darko Špehar v. Croatia and Danijel Gojković v. Croatia (dec.), 2025, §§ 21-27.",,,,
154b01c3289a,Article 34/35,2025-06-04,2025-12-02,apps:3473/19,Gündüz v. Türkiye (dec.),3473/19,"Gündüz v. Türkiye (dec.), no. 3473/19, 29 April 2025",4,§1.A.3.e: Loss of victim status,minor_edit,"In some other cases whether an individual remains a victim may also depend on the amount of compensation awarded by the domestic courts or at least on the possibility of seeking and obtaining compensation for the damage sustained, having regard to the facts about which he or she complains before the Court and the effectiveness (including the promptness) of the remedy affording the award ( Normann v. Denmark (dec.), 2001; Scordino v. Italy (no. 1) [GC], 2006, § 202; see also Jensen and Rasmussen v. Denmark (dec.), 2003; Kurić and Others v. Slovenia [GC], 2012, § 262; J.B. and Others v. Hungary (dec.), 2018, § 59). With regard to the sufficiency of compensation awarded to an association representing several individuals, see Društvo za varstvo upnikov v. Slovenia (dec.), 2017, §§ 48-64. The express acknowledgment at the domestic level of a violation of an applicant's right to a fair trial within a reasonable time in criminal proceedings may not be sufficient to remove that applicant's victims status, in the absence of any award of compensation or reduction of the sentence ( Tempel v. the Czech Republic, 2021, §§ 77-83). Conversely, in the case of a lawyer whose lawyer-client privilege had been breached by intercepting his telephone conversation and by forcing him to appear as a witness at his client's trial, an implicit acknowledgment of the violation by excluding the respective evidence from the file together with the possibility, for that lawyer, to seek compensation by filing a civil claim, were deemed to be sufficient to deprive him of his victim status in relation to Article 8 of the Convention ( Mateuț v. Romania (dec.), 2022, §§ 33-39).","In some other cases whether an individual remains a victim may also depend on the amount of compensation awarded by the domestic courts or at least on the possibility of seeking and obtaining compensation for the damage sustained, having regard to the facts about which he or she complains before the Court and the effectiveness (including the promptness) of the remedy affording the award ( Normann v. Denmark (dec.), 2001; Scordino v. Italy (no. 1) [GC], 2006, § 202; see also Jensen and Rasmussen v. Denmark (dec.), 2003; Kurić and Others v. Slovenia [GC], 2012, § 262; J.B. and Others v. Hungary (dec.), 2018, § 59). With regard to the sufficiency of compensation awarded to an association representing several individuals, see Društvo za varstvo upnikov v. Slovenia (dec.), 2017, §§ 48-64. The express acknowledgment at the domestic level of a violation of an applicant's right to a fair trial within a reasonable time in criminal proceedings may not be sufficient to remove that applicant's victims status, in the absence of any award of compensation or reduction of the sentence ( Tempel v. the Czech Republic, 2021, §§ 77-83). Conversely, in the case of a lawyer whose lawyer-client privilege had been breached by intercepting his telephone conversation and by forcing him to appear as a witness at his client's trial, an implicit acknowledgment of the violation by excluding the respective evidence from the file together with the possibility, for that lawyer, to seek compensation by filing a civil claim, were deemed to be sufficient to deprive him of his victim status in relation to Article 8 of the Convention ( Mateuț v. Romania (dec.), 2022, §§ 33-39). In respect of a complaint under the criminal limb of Article 6 § 1 regarding the right to a reasoned judgment, an express acknowledgment by the Constitutional Court of a breach of the applicant's right, together with the reopening of the criminal proceedings ending in the applicant's release and final acquittal and the possibility to lodge a claim for compensation for wrongful conviction, were deemed to be sufficient to deprive him of his victim status in relation to Article 6 of the Convention even in the absence of actual compensation ( Gündüz v. Türkiye (dec.), 2025, §§ 50-57).",,,,
154b01c3289a,Article 34/35,2025-06-04,2025-12-02,apps:56605/19|25424/23,Kotnik and Jukič v. Slovenia (dec.),56605/19|25424/23,"Kotnik and Jukič v. Slovenia (dec.), nos. 56605/19 and 25424/23, 11 February 2025",3,I.A.6: Creation of new remedies,minor_edit,"The assessment of whether domestic remedies have been exhausted is normally carried out with reference to the state of the proceedings on the date on which the application was lodged with the Court. This rule is, however, subject to exceptions following the creation of new remedies ( İçyer v. Turkey (dec.), 2006, §§ 72 et seq.). The Court has departed from this rule in particular in cases concerning the length of proceedings ( Predil Anstalt v. Italy (dec.), 2002; Bottaro v. Italy (dec.), 2002; Andrášik and Others v. Slovakia (dec.), 2002; Nogolica v. Croatia (dec.), 2002; Brusco v. Italy (dec.), 2001; Korenjak v. Slovenia (dec.), 2007, §§ 66-71; Techniki Olympiaki A.E. v. Greece (dec.), 2013; Szaxon v. Hungary (dec.), 2023, §§ 42-48) or concerning a new compensatory remedy in respect of interferences with property rights ( Charzyński v. Poland (dec.), 2005; Michalak v. Poland (dec.), 2005; Demopoulos and Others v. Turkey (dec.) [GC], 2010; Beshiri and Others v. Albania (dec.), § 177 and §§ 216-218; Olkhovik and Others v. Russia (dec.), 2022, §§ 34-41); or failure to execute domestic judgments ( Nagovitsyn and Nalgiyev v. Russia (dec.), 2010, §§ 36-40; Balan v. Moldova (dec.), 2012); or prison overcrowding ( Łatak v. Poland (dec.), 2010; Stella and Others v. Italy (dec.), 2014, §§ 42-45); or improper conditions of detention ( Shmelev and Others v. Russia (dec.), 2020, §§ 123-131).","The assessment of whether domestic remedies have been exhausted is normally carried out with reference to the state of the proceedings on the date on which the application was lodged with the Court. This rule is, however, subject to exceptions following the creation of new remedies ( İçyer v. Turkey (dec.), 2006, §§ 72 et seq.). The Court has departed from this rule in particular in cases concerning the length of proceedings ( Predil Anstalt v. Italy (dec.), 2002; Bottaro v. Italy (dec.), 2002; Andrášik and Others v. Slovakia (dec.), 2002; Nogolica v. Croatia (dec.), 2002; Brusco v. Italy (dec.), 2001; Korenjak v. Slovenia (dec.), 2007, §§ 66-71; Techniki Olympiaki A.E. v. Greece (dec.), 2013; Szaxon v. Hungary (dec.), 2023, §§ 42-48) or concerning a new compensatory remedy in respect of interferences with property rights ( Charzyński v. Poland (dec.), 2005; Michalak v. Poland (dec.), 2005; Demopoulos and Others v. Turkey (dec.) [GC], 2010; Beshiri and Others v. Albania (dec.), § 177 and §§ 216-218; Olkhovik and Others v. Russia (dec.), 2022, §§ 34-41); or failure to execute domestic judgments ( Nagovitsyn and Nalgiyev v. Russia (dec.), 2010, §§ 36-40; Balan v. Moldova (dec.), 2012); or prison overcrowding ( Łatak v. Poland (dec.), 2010; Stella and Others v. Italy (dec.), 2014, §§ 42-45); or improper conditions of detention ( Shmelev and Others v. Russia (dec.), 2020, §§ 123-131) or in respect of the national bank's extraordinary measures cancelling shares and bonds ( Kotnik and Jukič v. Slovenia (dec.), 2025, §§ 59-67).",,,,
154b01c3289a,Article 34/35,2025-06-04,2025-12-02,apps:3613/19,Lembergs v. Latvia (dec.),3613/19,"Lembergs v. Latvia (dec.), no. 3613/19, 6 May 2025",4,I.A.2.f: Availability and effectiveness,minor_edit,"As concerns the presumption of innocence (Article 6 § 2), a remedy under civil law can, in principle, be considered effective against alleged violations. In several cases the Court found remedies under civil law, offering the possibility of obtaining monetary compensation, together with various other procedures for acknowledgment of or putting an end to the infringement of the presumption of innocence, to be effective within the meaning of the Convention (see Januškevičienė v. Lithuania, 2019, §§ 58-62 and the references cited therein, as well as Narbutas v. Lithuania, 2023, §§ 214-217, where the applicants could have lodged a civil claim to obtain monetary compensation for the breach of their honour and dignity).","As concerns the presumption of innocence (Article 6 § 2), a remedy under civil law can, in principle, be considered effective against alleged violations. In several cases the Court found remedies under civil law, offering the possibility of obtaining monetary compensation, together with various other procedures for acknowledgment of or putting an end to the infringement of the presumption of innocence, to be effective within the meaning of the Convention (see Januškevičienė v. Lithuania, 2019, §§ 58-62 and the references cited therein, as well as Narbutas v. Lithuania, 2023, §§ 214-217, where the applicants could have lodged a civil claim to obtain monetary compensation for the breach of their honour and dignity). However, the question of which remedies need to be exhausted in respect of allegations of a violation of presumption of innocence depends inevitably on the particular facts and the domestic law applicable to the case ( Lembergs v. Latvia (dec.), 2025, § 35). In that case, the Court considered that an ordinary civil action for defamation was not an effective remedy in respect of a claim of an alleged breach of presumption of innocence by persons not involved in the criminal proceedings and that the applicant should have used a special remedy provided for such cases by the Criminal Procedure Act, allowing the plaintiff to obtain an official acknowledgment of a breach of presumption of innocence and then to seek compensatory redress before civil courts ( ibid., §§ 41-44).",,,,
154b01c3289a,Article 34/35,2025-06-04,2025-12-02,apps:79549/16,Taşdemir v. Türkiye (dec.),79549/16,"Taşdemir v. Türkiye (dec.), no. 79549/16, 25 March 2025",4,I.E.2: Misleading the Court,minor_edit,"An application is an abuse of the right of application if it is knowingly based on untrue facts with a view to deceiving the Court ( X and Others v. Bulgaria [GC], 2021, § 145; Varbanov v. Bulgaria, 2000, § 36; Gogitidze and Others v. Georgia, 2015, § 76). The most serious and blatant examples of such abuses are, firstly, the submission of an application under a false identity ( Drijfhout v. the Netherlands (dec.), 2011, §§ 27-29), and, secondly, the falsification of documents sent to the Court ( Jian v. Romania (dec.), 2004; Bagheri and Maliki v. the Netherlands (dec.), 2007; Poznanski and Others v. Germany (dec.), 2007; Gogitidze and Others v. Georgia, 2015, §§ 77-78; Mamić v. Croatia (dec.), 2024, §§ 123-124). In a case concerning detention pending expulsion, the Court has found that there was an abuse of the right of application when an applicant had misled both the domestic authorities and the Court about his nationality (see Bencheref v. Sweden (dec.), 2017, § 39). The Court has also deemed an application abusive when the applicant had made, before the Court, a factual allegation contrary to his own testimony in domestic proceedings on a point relevant for the outcome of the case ( Povilonis v. Lithuania (dec.), 2022, §§ 92-101), or when the applicants had used vague and undefined terms in order to make the circumstances of the case appear similar to another case where the Court had found a violation ( Kongresna Narodna Stranka and Others v. Bosnia and Herzegovina (dec.), 2016, §§ 13 and 15-19).","An application is an abuse of the right of application if it is knowingly based on untrue facts with a view to deceiving the Court ( X and Others v. Bulgaria [GC], 2021, § 145; Varbanov v. Bulgaria, 2000, § 36; Gogitidze and Others v. Georgia, 2015, § 76). The most serious and blatant examples of such abuses are, firstly, the submission of an application under a false identity ( Drijfhout v. the Netherlands (dec.), 2011, §§ 27-29), and, secondly, the falsification of documents sent to the Court ( Jian v. Romania (dec.), 2004; Bagheri and Maliki v. the Netherlands (dec.), 2007; Poznanski and Others v. Germany (dec.), 2007; Gogitidze and Others v. Georgia, 2015, §§ 77-78; Mamić v. Croatia (dec.), 2024, §§ 123-124). The Court has found that there was an abuse of the right of application when an applicant had misled both the domestic authorities and the Court (see Bencheref v. Sweden (dec.), 2017, § 39, concerning a detention pending expulsion where the applicant had given misleading information about his nationality, and Taşdemir v. Türkiye (dec.), 2025, §§ 42-43, concerning the right to education, where the applicant had withheld significant information). The Court has also deemed an application abusive when the applicant had made, before the Court, a factual allegation contrary to his own testimony in domestic proceedings on a point relevant for the outcome of the case ( Povilonis v. Lithuania (dec.), 2022, §§ 92-101), or when the applicants had used vague and undefined terms in order to make the circumstances of the case appear similar to another case where the Court had found a violation ( Kongresna Narodna Stranka and Others v. Bosnia and Herzegovina (dec.), 2016, §§ 13 and 15-19).",,,,
1900da194ee4,Article 10,2024-09-30,2025-01-15,apps:42442/08,Mura v. Poland (dec.),42442/08,"Mura v. Poland (dec.), no. 42442/08, 9 May 2016",4,II.B.3: Absence of significant disadvantage (Article 35 § 3 (b)).,minor_edit,"In contrast, in some other cases, the Court accepted this objection, still emphasising the importance of freedom of expression and the need for careful scrutiny by the Court in the application of this criterion. Such scrutiny should focus on elements such as the contribution made to a debate of general interest and whether the case involves the press or other news media ( Sylka v. Poland (dec.), §§ 25-39; Mura v. Poland (dec.), §§ 20-32; Savelyev v. Russia (dec.), §§ 24-35, see also the Committee decision in Anthony France and Others v. the United Kingdom (dec.) [committee], 2017).","In contrast, in some other cases, the Court accepted this objection, still emphasising the importance of freedom of expression and the need for careful scrutiny by the Court in the application of this criterion. Such scrutiny should focus on elements such as the contribution made to a debate of general interest and whether the case involves the press or other news media ( Sylka v. Poland (dec.), 2014, §§ 25-39; Mura v. Poland (dec.), 2016, §§ 20-32; Savelyev v. Russia (dec.), 2019, §§ 24-35, see also the Committee decision in Anthony France and Others v. the United Kingdom (dec.) [committee], 2017).",,,,
1900da194ee4,Article 10,2024-09-30,2025-01-15,apps:15379/13,National Youth Council of Moldova v. the Republic of Moldova,15379/13,"National Youth Council of Moldova v. the Republic of Moldova, no. 15379/13, 25 June 2024",3,V.A: The role of watchdog|XI.B.2: The nature and content of the speech and its potential impact: analysis of the text in its context,minor_edit|citation_added,"Although the press is at the origin of the concept of ""public watchdog"", the Court also recognises that NGOs play the same role ( Animal Defenders International v. the United Kingdom [GC], 2013, § 103; Medžlis Islamske Zajednice Brčko and Others v. Bosnia and Herzegovina [GC], § 86; Cangi v. Turkey, 2019, § 35). In particular, the Court considers that the public watchdog role played by NGOs is ""of similar importance to that of the press"" ( Animal Defenders International v. the United Kingdom [GC], 2013, § 103; Steel and Morris v. the United Kingdom, § 89; Magyar Helsinki Bizottság v. Hungary [GC], § 166). In the Court's view, in a comparable way to the press, an NGO performing a public watchdog role is likely to have greater impact when reporting on irregularities of public officials, and will often dispose of greater means of verifying and corroborating the veracity of criticism than would be the case of an individual reporting on what he or she has observed personally ( Medžlis Islamske Zajednice Brčko and Others v. Bosnia and Herzegovina [GC], § 87).

Another factor has been whether the statements, fairly construed and seen in their immediate or wider context, could be seen as a direct or indirect call for violence or as a justification of violence, hatred or intolerance ( Perinçek v. Switzerland [GC], § 206; see, inter alia, Incal v. Turkey, 1998, § 50; Sürek v. Turkey (no. 1) [GC], § 62; Özgür Gündem v. Turkey, § 64; Gündüz v. Turkey, 2003, §§ 48 and 51; Soulas and Others v. France, §§ 39-41 and 43; Balsytė - Lideikienė v. Lithuania, 2008, §§ 79-80; Féret v. Belgium, 2009, §§ 69-73 and 78; Hizb ut-Tahrir and Others v. Germany (dec.), 2012, § 73; Kasymakhunov and Saybatalov v. Russia, 2013, §§ 107-112; Fáber v. Hungary, 2012, §§ 52 and 56-58; Vona v. Hungary, §§ 64-67; Lilliendal v. Iceland (dec.), §§ 36-39).","Although the press is at the origin of the concept of ""public watchdog"", the Court also recognises that NGOs play the same role ( Animal Defenders International v. the United Kingdom [GC], 2013, § 103; Medžlis Islamske Zajednice Brčko and Others v. Bosnia and Herzegovina [GC], 2017, § 86; Cangi v. Turkey, 2019, § 35; National Youth Council of Moldova v. the Republic of Moldova, 2024, § 73). In particular, the Court considers that the public watchdog role played by NGOs is ""of similar importance to that of the press"" ( Animal Defenders International v. the United Kingdom [GC], 2013, § 103; Steel and Morris v. the United Kingdom, 2005, § 89; Magyar Helsinki Bizottság v. Hungary [GC], 2016, § 166). In the Court's view, in a comparable way to the press, an NGO performing a public watchdog role is likely to have greater impact when reporting on irregularities of public officials, and will often dispose of greater means of verifying and corroborating the veracity of criticism than would be the case of an individual reporting on what he or she has observed personally ( Medžlis Islamske Zajednice Brčko and Others v. Bosnia and Herzegovina [GC], 2017, § 87).

Another factor has been whether the statements, fairly construed and seen in their immediate or wider context, could be seen as a direct or indirect call for violence or as a justification of violence, hatred or intolerance ( Perinçek v. Switzerland [GC], 2015, § 206; see, inter alia, Incal v. Turkey, 1998, § 50; Sürek v. Turkey (no. 1) [GC], 1999, § 62; Özgür Gündem v. Turkey, 2000, § 64; Gündüz v. Turkey, 2003, §§ 48 and 51; Soulas and Others v. France, 2008, §§ 39-41 and 43; Balsytė - Lideikienė v. Lithuania, 2008, §§ 79-80; Féret v. Belgium, 2009, §§ 69-73 and 78; Hizb ut-Tahrir and Others v. Germany (dec.), 2012, § 73; Kasymakhunov and Saybatalov v. Russia, 2013, §§ 107-112; Fáber v. Hungary, 2012, §§ 52 and 56-58; Vona v. Hungary, 2013, §§ 64-67; Lilliendal v. Iceland (dec.), 2020, §§ 36-39). In particular, in the case of a purportedly offensive billboard advertisement published by an NGO, the Court has stated that it is important to look at the broader social context in which the advertisement was published. In this case, the Court found that there was no incitement to hatred or intolerance conveyed by the advertisement, and that it contained an intelligible albeit exaggerated anti-discrimination message ( National Youth Council of Moldova v. the Republic of Moldova, 2024, §§ 78-79).",,,,
1900da194ee4,Article 10,2024-09-30,2025-01-15,apps:42982/08,Savelyev v. Russia (dec.),42982/08,"Savelyev v. Russia (dec.), no. 42982/08, 21 May 2019",4,II.B.3: Absence of significant disadvantage (Article 35 § 3 (b)).,minor_edit,"In contrast, in some other cases, the Court accepted this objection, still emphasising the importance of freedom of expression and the need for careful scrutiny by the Court in the application of this criterion. Such scrutiny should focus on elements such as the contribution made to a debate of general interest and whether the case involves the press or other news media ( Sylka v. Poland (dec.), §§ 25-39; Mura v. Poland (dec.), §§ 20-32; Savelyev v. Russia (dec.), §§ 24-35, see also the Committee decision in Anthony France and Others v. the United Kingdom (dec.) [committee], 2017).","In contrast, in some other cases, the Court accepted this objection, still emphasising the importance of freedom of expression and the need for careful scrutiny by the Court in the application of this criterion. Such scrutiny should focus on elements such as the contribution made to a debate of general interest and whether the case involves the press or other news media ( Sylka v. Poland (dec.), 2014, §§ 25-39; Mura v. Poland (dec.), 2016, §§ 20-32; Savelyev v. Russia (dec.), 2019, §§ 24-35, see also the Committee decision in Anthony France and Others v. the United Kingdom (dec.) [committee], 2017).",,,,
1900da194ee4,Article 10,2025-01-15,2025-09-18,apps:29780/20,Costa i Rosselló and Others v. Spain (dec.),29780/20,"Costa i Rosselló and Others v. Spain (dec.), nos. 29780/20 and 3 other applications, 11 February 2025",4,XI.A: General principles|XI.B.2.a: Separatist discourse and publications from illegal organisations|§1.6: Article 3 of Protocol No. 1,minor_edit,"According to the Court, in a democratic society based on the rule of law, political ideas which challenge the existing order and whose realisation is advocated by peaceful means must be afforded a proper opportunity of expression ( Eğitim ve Bilim Emekçileri Sendikası v. Turkey, 2012, § 70).

Generally speaking, the Court considers that it is of the essence of democracy to allow diverse political programmes to be proposed and debated, even those that call into question the way a State is currently organised, provided that they do not harm democracy itself ( Socialist Party and Others v. Turkey, 1998, § 47).

The Court has repeatedly emphasised the interdependence in a democratic society between freedom of expression and the right to free elections. In particular, it held in the case of Orlovskaya Iskra v. Russia, 2017, that it was appropriate to consider the applicant's right to freedom of expression in the light of the right to free elections, protected by Article 3 of Protocol No. 1, which are crucial to establishing and maintaining the foundations of an effective and meaningful democracy governed by the rule of law (§ 110; see also Hirst v. the United Kingdom (no. 2) [GC], 2005, § 58).","According to the Court, in a democratic society based on the rule of law, political ideas which challenge the existing order and whose realisation is advocated by peaceful means must be afforded a proper opportunity of expression ( Eğitim ve Bilim Emekçileri Sendikası v. Turkey, 2012, § 70; Costa i Rosselló and Others v. Spain (dec.), 2025, § 134).

Generally speaking, the Court considers that it is of the essence of democracy to allow diverse political programmes to be proposed and debated, even those that call into question the way a State is currently organised, provided that they do not harm democracy itself ( Socialist Party and Others v. Turkey, 1998, § 47; Costa i Rosselló and Others v. Spain (dec.), 2025, § 135).

The Court has repeatedly emphasised the interdependence in a democratic society between freedom of expression and the right to free elections ( Costa i Rosselló and Others v. Spain (dec.), 2025, § 122). In particular, it held in the case of Orlovskaya Iskra v. Russia, 2017, that it was appropriate to consider the applicant's right to freedom of expression in the light of the right to free elections, protected by Article 3 of Protocol No. 1, which are crucial to establishing and maintaining the foundations of an effective and meaningful democracy governed by the rule of law (§ 110; see also Hirst v. the United Kingdom (no. 2) [GC], 2005, § 58).",,,,
1b1f8de345be,Article 1 Protocol 1,2024-02-17,2024-08-28,apps:4558/20,"BCR Banca pentru locuințe S.A. v. Romania, (dec.)",4558/20,"BCR Banca pentru locuințe S.A. v. Romania, (dec.), no. 4558/20, 11 January 2024",4,II.A.1.i: Legitimate expectations,minor_edit,"No legitimate expectation arises in a situation where the applicant relies on the mere fact that members of the respondent Government made political statements favourable to the applicant's restitution claims ( Bata v. Czech Republic (dec.), 2008, § 77), or on a programmatic statement in a statute, referring to a future statute which ultimately was not adopted ( Zamoyski-Brisson v. Poland (dec.), 2017, § 78) or in relation to the applicants'claim for financial aid, as the relevant national law clearly made the ""right"" to obtain financial aid conditional on the availability of sufficient emergency funds, without providing for any rules on the amounts to be granted and the distribution of the emergency fund's limited financial resources ( Traina Berto and Alfonsetti v. Italy (dec.), 2022, §§ 45-46).","No legitimate expectation arises in a situation where the applicant relies on the mere fact that members of the respondent Government made political statements favourable to the applicant's restitution claims ( Bata v. Czech Republic (dec.), 2008, § 77), or on a programmatic statement in a statute, referring to a future statute which ultimately was not adopted ( Zamoyski-Brisson v. Poland (dec.), 2017, § 78) or in relation to the applicants' claim for financial aid, as the relevant national law clearly made the ""right"" to obtain financial aid conditional on the availability of sufficient emergency funds, without providing for any rules on the amounts to be granted and the distribution of the Traina Berto and Alfonsetti v. Italy emergency fund's limited financial resources ( (dec.), 2022, §§ 45-46). Similarly, no legitimate expectation arises in relation to State aid unlawfully distributed to private individuals via a building society ( BCR Banca pentru locuințe S.A. v. Romania (dec.), 2024, §§ 127-139).",,,,
1b1f8de345be,Article 1 Protocol 1,2024-08-28,2025-06-12,apps:75088/17,Energyworks Cartagena S.L. v. Spain (dec.),75088/17,"Energyworks Cartagena S.L. v. Spain (dec.), no. 75088/17, 26 mars 2024",4,II.B.2: Principle of lawfulness,minor_edit,"However, in certain circumstances, the retrospective application of legislation whose effect is to deprive someone of a pre-existing ""asset"" that was part of his or her ""possessions"" may constitute interference that is liable to upset the fair balance between the demands of the general interest on the one hand and the protection of the right to peaceful enjoyment of ""possessions"" on the other ( Maurice v. France [GC], 2005, §§ 90 and 93). This also applies to cases in which the dispute is between private individuals and the State is not itself a party to the proceedings ( Kamoy Radyo Televizyon Yayincilik ve Organizasyon A.S. v. Turkey, 2019, § 40).","However, in certain circumstances, the retrospective application of legislation whose effect is to deprive someone of a pre- existing ""asset"" that was part of his or her ""possessions"" may constitute interference that is liable to upset the fair balance between the demands of the general interest on the one hand and the protection of the right to peaceful enjoyment of ""possessions"" on the other ( Maurice v. France [GC], 2005, §§ 90 and 93). This also applies to cases in which the dispute is between private individuals and the State is not itself a party to the proceedings ( Kamoy Radyo Televizyon Yayincilik ve Organizasyon A.S. v. Turkey, 2019, § 40). On the contrary, no retrospective deprivation of possessions was found in a case where the new legal framework on the remuneration system of electric companies included specific safeguards preventing the reimbursement of subsidies received prior to its adoption ( Energyworks Cartagena S.L. v. Spain (dec.), 2024, § 44).",,,,
1b1f8de345be,Article 1 Protocol 1,2024-08-28,2025-06-12,apps:25311/17,Immoreks Makedonija Doo Skopje v. North Macedonia (dec.),25311/17,"Immoreks Makedonija Doo Skopje v. North Macedonia (dec.), no. 25311/17, 24 September 2024",4,II.A.1.i: Legitimate expectations,minor_edit,"No legitimate expectation arises in a situation where the applicant relies on the mere fact that members of the respondent Government made political statements favourable to the applicant's restitution claims ( Bata v. Czech Republic (dec.), 2008, § 77), or on a programmatic statement in a statute, referring to a future statute which ultimately was not adopted ( Zamoyski-Brisson v. Poland (dec.), 2017, § 78) or in relation to the applicants' claim for financial aid, as the relevant national law clearly made the ""right"" to obtain financial aid conditional on the availability of sufficient emergency funds, without providing for any rules on the amounts to be granted and the distribution of the Traina Berto and Alfonsetti v. Italy emergency fund's limited financial resources ( (dec.), 2022, §§ 45-46). Similarly, no legitimate expectation arises in relation to State aid unlawfully distributed to private individuals via a building society ( BCR Banca pentru locuințe S.A. v. Romania (dec.), 2024, §§ 127-139).","No legitimate expectation arises in a situation where the applicant relies on the mere fact that members of the respondent Government made political statements favourable to the applicant's restitution claims ( Bata v. Czech Republic (dec.), 2008, § 77), or on a programmatic statement in a statute, referring to a future statute which ultimately was not adopted ( Zamoyski-Brisson v. Poland (dec.), 2017, § 78) or in relation to the applicants'claim for financial aid, as the relevant national law clearly made the ""right"" to obtain financial aid conditional on the availability of sufficient emergency funds, without providing for any rules on the amounts to be granted and the distribution Guide on Article 1 of Protocol No. 1 - Protection of property of the emergency fund's limited financial resources ( Traina Berto and Alfonsetti v. Italy (dec.), 2022, §§ 45-46). Similarly, no legitimate expectation arises in relation to State aid unlawfully distributed to private individuals via a building society ( BCR Banca pentru locuințe S.A. v. Romania (dec.), 2024, §§ 127-139). Lastly, there is no legitimate expectation of a deduction of VAT previously paid by an applicant company to its suppliers when the applicant company had knowledge of their failure to comply with their VAT-relate d obligations and had the means to enforce the suppliers' compliance, regardless of whether or not the applicant company fully complied with its own VAT-related obligations ( Immoreks Makedonija Doo Skopje v. North Macedonia (dec.), 2024, §§ 32-35 and 41).",,,,
1b1f8de345be,Article 1 Protocol 1,2024-08-28,2025-06-12,apps:61721/19,Kubát and Others v. the Czech Republic,61721/19,"Kubát and Others v. the Czech Republic, nos. 61721/19 and 5 others, 22 June 2023.",3,III.M: Austerity measures,minor_edit,"Furthermore, in Kubát and Others v. the Czech Republic, 2023, §§ 89-92 and 95-96, the salaries of judges were reduced for the period 2011-14, in line with amendments to the Salaries Act. These legislative amendments were later found to be unconstitutional by the Constitutional Court which pro futuro decided to give effect to its decision. Considering that the exceptional circumstances might justify the delivery of a repealing judgment with ex nunc/pro future effect constituted a different matter from that of a reduction of judges' salaries, the Court found no violation as regards the refusal of retroactive payment of the difference in judges' salaries during the financial crisis. However, it observed that the level of judges' remuneration should be fixed so as to shield them from pressures aimed at influencing their decisions and, more generally, their behaviour, and that a failure to ensure that judges are paid the judicial benefits to which they are entitled by law constitutes a circumstance liable to impede the exercise of their judicial functions with the necessary dedication.","Furthermore, in Kubát and Others v. the Czech Republic, 2023, §§ 89-92 and 95-96, the salaries of judges were reduced for the period 2011-14, in line with amendments to the Salaries Act. These legislative amendments were later found to be unconstitutional by the Constitutional Court which decided to give pro futuro effect to its decision. Considering that the exceptional circumstances might justify the delivery of a repealing judgment with ex nunc/pro future effect constituted a different matter from that of a reduction of judges'salaries, the Court found no violation as regards the refusal of retroactive payment of the difference in judges'salaries during the financial crisis. However, it observed that the level of judges'remuneration should be fixed so as to shield them from pressures aimed at influencing their decisions and, more generally, their behaviour, and that a failure to ensure that judges are paid the judicial benefits to which they are entitled by law constitutes a circumstance liable to impede the exercise of their judicial functions with the necessary dedication.",,,,
1d874b186d3e,Terrorism,2023-09-23,2025-10-25,apps:34749/16|79607/17,Domenjoud v. France,34749/16|79607/17,"Domenjoud v. France, nos. 34749/16 and 79607/17, 16 May 2024",1,VI: Derogations in emergency situations,minor_edit,"The Court had ruled that terrorism in Northern Ireland constituted a public emergency because it had for a number of years represented ""a particularly far -reaching and acute danger for the territorial integrity of the United Kingdom, the institutions of the six counties and the lives of the province 's inhabitants"" ( Ireland v. the United Kingdom, 1978, §§ 205 and 212; Brannigan and McBride v. the United Kingdom, 1993, § 48; Marshall v. the United Kingdom (dec.), 2001). It reached the same conclusions in respect to the PKK's terrorist actions in south-eastern Turkey ( Aksoy v. Turkey, 1996, § 70), the imminent threat of serious terrorist attacks in the United Kingdom after 11 September 2001 ( A. and Others v. the United Kingdom [GC], 2009, § 181) and the attempted military coup in Turkey in 2016 ( Mehmet Hasan Altan v. Turkey, 2018, §§ 91-93; Şahin Alpay v. Turkey, 2018, §§ 75-77). It further specified that the requirement of imminence cannot be interpreted so narrowly as to require a State to wait for disaster to strike before taking measures to deal with it ( A. and Others v. the United Kingdom [GC], 2009, § 177). We should also point out that in November 2015 the French authorities informed the Secretary General of the Council of Europe of their decision to derogate from the Convention pursuant to Article 15 thereof in the framework of the state of emergency introduced following the large-sale terrorist attacks perpetrated in Paris.","The Court had ruled that terrorism in Northern Ireland constituted a public emergency because it had for a number of years represented ""a particularly far -reaching and acute danger for the territorial integrity of the United Kingdom, the institutions of the six counties and the lives of the province 's inhabitants"" ( Ireland v. the United Kingdom, 1978, §§ 205 and 212; Brannigan and McBride v. the United Kingdom, 1993, § 48; Marshall v. the United Kingdom (dec.), 2001). It reached the same conclusions in respect to the PKK's terrorist actions in south-eastern Turkey ( Aksoy v. Turkey, 1996, § 70), the imminent threat of serious terrorist attacks in the United Kingdom after 11 September 2001 ( A. and Others v. the United Kingdom [GC], 2009, § 181) and the attempted military coup in Turkey in 2016 ( Mehmet Hasan Altan v. Turkey, 2018, §§ 91-93; Şahin Alpay v. Turkey, 2018, §§ 75-77). It further specified that the requirement of imminence cannot be interpreted so narrowly as to require a State to wait for disaster to strike before taking measures to deal with it ( A. and Others v. the United Kingdom [GC], 2009, § 177). We should also point out that in November 2015 the French authorities informed the Secretary General of the Council of Europe of their decision to derogate from the Convention pursuant to Article 15 thereof in the framework of the state of emergency introduced following the large-sale terrorist attacks perpetrated in Paris. In Domenjoud v. France the Court was asked to assess a situation where an individual measure was implemented for reasons different from those that justified declaring the state of emergency. It clarified that emergency laws could not be used by domestic authorities to impose restrictions on freedoms unless they were directly related to the circumstances that prompted the enactment of that legislation. However, it acknowledged that authorities might need to make operational decisions during an emergency situation to fulfill their responsibilities. Thus, there could be an indirect link between the aim pursued when declaring a state of emergency, and the justification for measures taken on the basis thereof, provided that the link was strong enough to eliminate any possibility of abuse. Furthermore, the Court emphasised the importance of ensuring that protection against arbitrariness had been effective in this case, particularly by reviewing the adequacy of the link between the measures and the state of emergency framework.",,,,
22935893a6e6,Article 5,2024-04-09,2025-11-28,apps:42975/19,Coulibaly v. Belgium*,42975/19,"Coulibaly v. Belgium*, no. 42975/19, 24 July 2025",3,IV.D.2: Applicability of the provision,minor_edit,"While Article 5 § 4 normally contemplates situations in which an individual takes proceedings while in detention, the provision could also apply where the individual is no longer in detention during appeal proceedings the outcome of which is crucial in determining the lawfulness of the individual's detention ( Oravec v. Croatia, 2017, § 65). While the guarantee of speediness is no longer relevant for the purpose of Article 5 § 4 after the person's release, the guarantee of effectiveness of the review continues to apply even thereafter since a former detainee may well have a legitimate interest in the determination of the lawfulness of his or her detention even after having been released ( Kováčik v. Slovakia, 2011, § 77; Osmanović v. Croatia, 2012, § 49). In particular, a decision on the issue of lawfulness may affect the ""enforceable right to compensation"" under Article 5 § 5 of the Convention ( S.T.S. v. the Netherlands, 2011, § 61).","While Article 5 § 4 normally contemplates situations in which an individual takes proceedings while in detention, the provision could also apply where the individual is no longer in detention during appeal proceedings the outcome of which is crucial in determining the lawfulness of the individual's detention ( Oravec v. Croatia, 2017, § 65). While the guarantee of speediness is no longer relevant for the purpose of Article 5 § 4 after the person's release, the guarantee of effectiveness of the review continues to apply even thereafter since a former detainee may well have a legitimate interest in the determination of the lawfulness of his or her detention even after having been released ( Kováčik v. Slovakia, 2011, § 77; Osmanović v. Croatia, 2012, § 49). In particular, a decision on the issue of lawfulness may affect the ""enforceable right to compensation"" under Article 5 § 5 of the Convention ( S.T.S. v. the Netherlands, 2011, § 61). The mere fact of declaring an appeal moot fo llowing a detainee's release does not necessarily contravene Article 5 § 4 ( Coulibaly v. Belgium *, 2025, §§ 47-51, where a foreign national was repatriated before the lawfulness of his administrative detention could be determined by a final judicial instance, but he still had the possibility of claiming compensation for the allegedly unlawful detention).",,,,
22935893a6e6,Article 5,2024-04-09,2025-11-28,apps:13609/20,Selahattin Demirtaş v. Türkiye (no. 4)*,13609/20,"Selahattin Demirtaş v. Türkiye (no. 4)*, no. 13609/20, 8 July 2025",3,III.C.2: Meaning of “reasonable suspicion”|IV.D.4: Procedural guarantees|IV.D.5.b: Relevant factors to be taken into consideration when assessing speediness,citation_added|minor_edit,"In assessing whether the minimum standard for the reasonableness of a suspicion required for an individual's arrest has been met, the Court has regard to the general context of the facts of a particular case including the applicant's status, the sequence of the events, the manner in which the investigations were carried out and the authorities' conduct ( Ibrahimov and Mammadov v. Azerbaijan, 2020, §§ 113-131). The minimum standard was not met when the applicants' arrest and detention on suspicion of having committed the crime of mass disorder were tainted by arbitrariness and formed part of a strategy of the authorities to hinder and put an end to peaceful protests ( Shmorgunov and Others v. Ukraine, 2021, §§ 464-477).

The proceedings must be adversarial and must always ensure ""equality of arms"" between the Reinprecht v. Austria A. and Others v. the United Kingdom parties (, 2005, § 31; [GC], 2009, § 204). In remand cases, since the persistence of a reasonable suspicion that the accused person has committed an offence is a condition sine qua non for the lawfulness of the continued detention, the detainee must be given an opportunity effectively to challenge the basis of the allegations against him. This may require the court to hear witnesses whose testimony appears to have a bearing on the continuing lawfulness of the detention ( Ţurcan v. Moldova, 2007, §§ 67-70). Equality of arms is not ensured if the applicant, or his counsel, is denied access to those documents in the investigation file which are essential in order effectively to challenge the lawfulness of his detention ( Ragıp Zarakolu v. Turkey, 2020, §§ 59-61; Ovsjannikov v. Estonia, 2014, § 72; Fodale v. Italy, 2006, § 41; and Korneykova v. Ukraine, 2012, § 68). Even if the detainee has not been allowed unlimited access to the investigation file, Article 5 § 4 has been found to have been complied with when the detainee had sufficient knowledge of the content of those items of evidence that formed the basis for his pre-trial detention and thus had an opportunity to effectively challenge his detention ( Atilla Taş v. Turkey, 2021, §§ 151-154, with further references). It may also be essential that the individual concerned should not only have the opportunity to be heard in person but that he should also have the effective assistance of his lawyer ( Cernák v. Slovakia, 2013, § 78).

In exceptional situations, the complexity of the case may justify the length of periods which in an ordinary context cannot be considered as ""speedy"" ( Mehmet Hasan Altan v. Turkey, 2018, § 165-167, and Şahin Alpay v. Turkey, 2018, §§ 137-139, where the Court found no violation of Article 5 § 4 in respect of the proceedings before the Constitutional Court lasting for periods between fourteen and sixteen months, concerning new and complicated issues under the state of emergency; see also Ilnseher v. Germany [GC], 2018, §§ 265-275, where a period of eight months and twenty-three days of proceedings before the Federal Constitutional Court was found to comply with the speediness requirement, having regard in particular to the complexity of the issues raised by a new system of preventive detention).","In assessing whether the minimum standard for the reasonableness of a suspicion required for an individual's arrest has been met, the Court has regard to the general context of the facts of a particular case including the applicant's status, the sequence of the events, the manner in which the investigations were carried out and the authorities'conduct ( Ibrahimov and Mammadov v. Azerbaijan, 2020, §§ 113-131; see also Selahattin Demirtaş v. Türkiye (no. 4), 2025, §§ 207-208 for a public disorder context). The minimum standard was not met when the applicants'arrest and detention on suspicion of having committed the crime of mass disorder were tainted by arbitrariness and formed part of a strategy of the authorities to hinder and put an end to peaceful protests ( Shmorgunov and Others v. Ukraine, 2021, §§ 464-477). No reasonable suspicion was found to exist where the applicant was a victim of an arrest conducted en masse without any individualised assessment of the criminality of his actions ( Ishkhanyan v. Armenia, 2025, §§ 158-162).

The proceedings must be adversarial and must always ensure ""equality of arms"" between the parties ( Reinprecht v. Austria, 2005, § 31; A. and Others v. the United Kingdom [GC], 2009, § 204). In remand cases, since the persistence of a reasonable suspicion that the accused person has committed an offence is a condition sine qua non for the lawfulness of the continued detention, the detainee must be given an opportunity effectively to challenge the basis of the allegations against him. This may require the court to hear witnesses whose testimony appears to have a bearing on the continuing lawfulness of the detention ( Ţurcan v. Moldova, 2007, §§ 67-70). Equality of arms is not ensured if the applicant, or his counsel, is denied access to those documents in the investigation file which are essential in order effectively to challenge the lawfulness of his detention ( Selahattin Demirtaş v. Türkiye (no. 4) *, 2025, §§ 281-283; Ragıp Zarakolu v. Turkey, 2020, §§ 59-61; Ovsjannikov v. Estonia, 2014, § 72; Fodale v. Italy, 2006, § 41; and Korneykova v. Ukraine, 2012, § 68). Even if the detainee has not been allowed unlimited access to the investigation file, Article 5 § 4 has been found to have been complied with when the detainee had sufficient knowledge of the content of those items of evidence that formed the basis for his pre-trial detention and thus had an opportunity to effectively challenge his detention ( Atilla Taş v. Turkey, 2021, §§ 151-154, with further references). It may also be essential that the individual concerned should not only have the opportunity to be heard in person but that he should also have the effective assistance of his lawyer ( Cernák v. Slovakia, 2013, § 78).

In exceptional situations, the complexity of the case may justify the length of periods which in an ordinary context cannot be considered as ""speedy"" ( Mehmet Hasan Altan v. Turkey, 2018, § 165-167, and Şahin Alpay v. Turkey, 2018, §§ 137-139, where the Court found no violation of Article 5 § 4 in respect of the proceedings before the Constitutional Court lasting for periods between fourteen and sixteen months, concerning new and complicated issues under the state of emergency; see also Ilnseher v. Germany [GC], 2018, §§ 265-275, where a period of eight months and twenty-three days of proceedings before the Federal Constitutional Court was found to comply with the speediness requirement, having regard in particular to the complexity of the issues raised by a new system of preventive detention). However, the excessive workload of the Constitutional Court cannot be used as a perpetual justification for excessively long procedures ( Selahattin Demirtaş v. Türkiye (no. 4) *, 2025, § 152, where a period of four years could not be regarded as ""speedy"").",,,,
2fbc08fc30bd,Article 9,2024-09-13,2025-05-06,apps:50681/20,Mikyas and Others v. Belgium (dec.),50681/20,"Mikyas and Others v. Belgium (dec.), no. 50681/20, 9 April 2024",3,II.B.4: Wearing of religious clothing and symbols,minor_edit,"As regards the second hypothesis of wearing religious symbols and clothing in State educational institutions, the Court has always emphasised that States enjoy a very extensive margin of appreciation in this field. It is not possible to discern throughout Europe a uniform conception of the significance of religion in society, and the meaning or impact of the public expression of a religious belief will differ according to time and context. Rules in this sphere will consequently vary from one country to another according to national traditions and the requirements imposed by the need to protect the rights and freedoms of others and to maintain public order. Accordingly, the choice of the extent and form such regulations should take must inevitably be left, up to a point, to the State concerned, as it will depend on the specific domestic context ( Leyla Şahin v. Turkey [GC], 2005, § 109). The cases which have been assessed by the Court from this point of view break down into two different categories based on whether the applicant demanding the right to wear religious clothing was a teacher or a student (or pupil).

As regards pupils and students, the Court found no violation of Article 9 or manifest ill- foundedness vis-à-vis the complaints raised in the following cases: ▪ a prohibition on a medical student in a Turkish State university wearing the Islamic headscarf in class. In view of the specific history of Turkey and its particular constitutional system, the Court recognised the legitimacy of the efforts expended by the national authorities to maintain the principle of secularism, one of the fundamental principles of the Turkish State as interpreted by the Turkish Constitutional Court. The Court considered this notion of secularism to be consistent with the values underpinning the Convention and compatible with the rule of law and respect for human rights and democracy. In finding no violation of Article 9, the Court drew on the following considerations: the Turkish constitutional system emphasised gender equality, one of the fundamental principles underpinning the Convention and one of the goals pursued by the member States of the Council of Europe; the issue of the Islamic headscarf could not be assessed in the context of Turkey without considering the potential impact of this symbol, presented or perceived as a mandatory religious duty, on those who did not wear it; according to the Turkish courts wearing the headscarf had taken on a political meaning in the country; Turkey had extremist movements endeavouring to impose on society as a whole their religious symbols and conception of a society founded on religious precepts. Against such a background, the impugned regulations constituted a measure geared to attaining the aforementioned legitimate aims and thereby preserving pluralism in the university ( Leyla Şahin v. Turkey [GC], 2005); ▪ a prohibition on pupils at "" İmam -Hatip "" secondary schools (Turkish State -funded religious secondary schools) wearing the Islamic headscarf outside of Koran classes and a ban on class attendance by pupils wearing the headscarf. The Court noted that the relevant Turkish regulations required all secondary school pupils to wear a uniform and to attend school bare- headed; in the "" İmam -Hatip "" schools there was one exception, to the effect that girls could cover their heads during Koran lessons. Consequently, the impugned regulations comprised provisions of a general nature applicable to all pupils regardless of their religious beliefs; the provisions pursued the legitimate aim of preserving the neutrality of secondary education for teenagers liable to be exposed to a risk of pressure ( Köse and Others v. Turkey (dec.), 2006); ▪ the refusal by French State secondary schools to admit pupils wearing headscarves to physical education and sports classes and their subsequent exclusion from school for non- compliance with compulsory school attendance. While acknowledging the compatibility of the French secular model with the values underpinning the Convention, the Court took account of domestic case-law from which it transpired that the wearing of religious signs was not inherently incompatible with the principle of secularism in schools, but became so according to the conditions in which they were worn and the possible consequences of wearing such a sign. The Court acknowledged that it was not unreasonable to consider that wearing a veil such as the Islamic headscarf was incompatible on health and safety grounds with practising a sport. It noted in particular that the disciplinary proceedings against the applicants had fully satisfied the obligation to balance all the interests at stake. The respondent State had therefore not overstepped its margin of appreciation ( Dogru v. France, 2008; Kervanci v. France, 2008); ▪ a prohibition on pupils at State primary and secondary schools in France wearing ""signs or clothing ostentatiously manifesting their religious affiliation"", which prohibition was general and not confined solely to physical education and sports classes, and the subsequent exclusion of pupils for wearing an Islamic headscarf or a Sikh turban or "" keski "" (""mini - turban"") on the school premises. The Court considered that the aim of protecting the constitutional principle of secularism in conformity with the values underpinning the Convention was sufficient to justify the impugned measure. Moreover, the Court held that the head teacher's decision to refuse to authorise Muslim pupils to wear their headscarves and then remove them on entering the classroom, or to replace them with a cap or a bandana devoid of any religious connotations, or to authorise Sikh pupils to replace their turbans with keskis, was not contrary to Article 9 of the Convention because it fell well within the State's margin of appreciation ( Gamaleddyn v. France (dec.), 2009; Aktas v. France (dec.), 2009; Ranjit Singh v. France (dec.), 2009; Jasvir Singh v. France (dec.), 2009).","As regards the second hypothesis of wearing religious symbols and clothing in State educational institutions, the Court has always emphasised that States enjoy a very extensive margin of appreciation in this field. It is not possible to discern throughout Europe a uniform conception of the significance of religion in society, and the meaning or impact of the public expression of a religious belief will differ according to time and context. Rules in this sphere will consequently vary from one country to another according to national traditions and the requirements imposed by the need to protect the rights and freedoms of others and to maintain public order. Accordingly, the choice of the extent and form such regulations should take must inevitably be left, up to a point, to the State concerned, as it will depend on the specific domestic context ( Leyla Şahin v. Turkey [GC], 2005, § 109). Thus, for example, the concept of neutrality in public education, understood as forbidding, in a general manner, the wearing of visible symbols of religious belief by pupils, does not in itself run counter to Article 9 of the Convention and the values underpinning it. The option, open to the national decision-maker, to implement another concept of neutrality does not imply that the concept of a general prohibition is contrary to Article 9 ( Mikyas and Others v. Belgium (dec.), § 70).

As regards pupils and students, the Court found no violation of Article 9 or manifest ill- foundedness vis-à-vis the complaints raised in the following cases: ▪ a prohibition on a medical student in a Turkish State university wearing the Islamic headscarf in class. In view of the specific history of Turkey and its particular constitutional system, the Court recognised the legitimacy of the efforts expended by the national authorities to maintain the principle of secularism, one of the fundamental principles of the Turkish State as interpreted by the Turkish Constitutional Court. The Court considered this notion of secularism to be consistent with the values underpinning the Convention and compatible with the rule of law and respect for human rights and democracy. In finding no violation of Article 9, the Court drew on the following considerations: the Turkish constitutional system emphasised gender equality, one of the fundamental principles underpinning the Convention and one of the goals pursued by the member States of the Council of Europe; the issue of the Islamic headscarf could not be assessed in the context of Turkey without considering the potential impact of this symbol, presented or perceived as a mandatory religious duty, on those who did not wear it; according to the Turkish courts wearing the headscarf had taken on a political meaning in the country; Turkey had extremist movements endeavouring to impose on society as a whole their religious symbols and conception of a society founded on religious precepts. Against such a background, the impugned regulations constituted a measure geared to attaining the aforementioned legitimate aims and thereby preserving pluralism in the university ( Leyla Şahin v. Turkey [GC], 2005); ▪ a prohibition on pupils at "" İmam -Hatip "" secondary schools (Turkish State -funded religious secondary schools) wearing the Islamic headscarf outside of Koran classes and a ban on class attendance by pupils wearing the headscarf. The Court noted that the relevant Turkish regulations required all secondary school pupils to wear a uniform and to attend school bare- headed; in the "" İmam -Hatip "" schools there was one exception, to the effect that girls could cover their heads during Koran lessons. Consequently, the impugned regulations comprised provisions of a general nature applicable to all pupils regardless of their religious beliefs; the provisions pursued the legitimate aim of preserving the neutrality of secondary education for teenagers liable to be exposed to a risk of pressure ( Köse and Others v. Turkey (dec.), 2006); ▪ the refusal by French State secondary schools to admit pupils wearing headscarves to physical education and sports classes and their subsequent exclusion from school for non- compliance with compulsory school attendance. While acknowledging the compatibility of the French secular model with the values underpinning the Convention, the Court took account of domestic case-law from which it transpired that the wearing of religious signs was not inherently incompatible with the principle of secularism in schools, but became so according to the conditions in which they were worn and the possible consequences of wearing such a sign. The Court acknowledged that it was not unreasonable to consider that wearing a veil such as the Islamic headscarf was incompatible on health and safety grounds with practising a sport. It noted in particular that the disciplinary proceedings against the applicants had fully satisfied the obligation to balance all the interests at stake. The respondent State had therefore not overstepped its margin of appreciation ( Dogru v. France, 2008; Kervanci v. France, 2008); ▪ a prohibition on pupils at State primary and secondary schools in France wearing ""signs or clothing ostentatiously manifesting their religious affiliation"", which prohibition was general and not confined solely to physical education and sports classes, and the subsequent exclusion of pupils for wearing an Islamic headscarf or a Sikh turban or "" keski "" (""mini - turban"") on the school premises. The Court considered that the aim of protecting the constitutional principle of secularism in conformity with the values underpinning the Convention was sufficient to justify the impugned measure. Moreover, the Court held that the head teacher's decision to refuse to authorise Muslim pupils to wear their headscarves and then remove them on entering the classroom, or to replace them with a cap or a bandana devoid of any religious connotations, or to authorise Sikh pupils to replace their turbans with keskis, was not contrary to Article 9 of the Convention because it fell well within the State's margin of appreciation ( Gamaleddyn v. France (dec.), 2009; Aktas v. France (dec.), 2009; Ranjit Singh v. France (dec.), 2009; Jasvir Singh v. France (dec.), 2009). ▪ The absolute prohibition on wearing any visible symbols of religious belief by pupils in schools established and managed by the Flemish Community of Belgium; the Belgian concept of neutrality in education was in itself compatible with Article 9, the contested ban applied without distinction to visible symbols of all religions and beliefs, and the applicants themselves had freely chosen to attend schools within the Community education system, in the context of the freedom of choice in education that was guaranteed by the State ( Mikyas and Others v. Belgium (dec.)).",,,,
2fbc08fc30bd,Article 9,2025-05-31,2025-11-22,apps:81028/17,Rafiyev v. Azerbaijan*,81028/17,"Rafiyev v. Azerbaijan*, no. 81028/17, 8 July 2025",3,II.B.8: Freedom of religious worship,minor_edit,"While the State may place limitations on manifestation of a religion through worship and preaching in accordance with Article 9 § 2 of the Convention, a criminal punishment imposed solely on account of a personal characteristic of the celebrant (such as his or her place of religious education) without regulating the content of the religious expression in question (such as, for example, incitement to hatred or another expression that is incompatible with the values of a democratic society) does not sit well with the requirements of this provision ( Sardar Babayev v. Azerbaijan, 2024, §§ 75-78).

For example, the Court found a violation of freedom of religion in the following cases: ▪ measures regulating the religious life of Greek Cypriots of Orthodox faith enclaved in the ""Turkish Republic of Northern Cyprus"", preventing them from leaving their villages to attend religious ceremonies in places of worship elsewhere or to visit a monastery ( Cyprus v. Turkey [GC], 2001, §§ 243-246); ▪ the dispersal by the Russian police of a Sunday service held by Jehovah's Witnesses in the assembly hall of a State vocational secondary school, which the national Jehovah's Witnesses organisation rented on the basis of a lawfully concluded lease agreement. The police measure had been clearly unlawful and arbitrary, even in the light of domestic law ( Kuznetsov and Others v. Russia, 2007). In another similar case the Court found a violation because of the dispersal of an annual Jehovah's Witnesses celebration held in the Agricultural Academy assembly hall, which had also been rented in conformity with domestic law. The impugned operation had been conducted by a large number of police officers, including an armed unit of the Special Police Force; the applicants were arrested and remanded in custody for several hours. Leaving aside the issue of the lawfulness of the interference, the Court found that it had clearly not been ""necessary in a democratic society"" ( Krupko and Others v. Russia, 2014); ▪ the dispersal by the Moldovan police of a prayer meeting held by a group of Muslims in a private house and the imposition on the applicant of an administrative fine for ""practisi ng a religion not recognised by the State"" ( Masaev v. Moldova, 2009); ▪ the imposition of an administrative fine on an American Baptist missionary who was resident in Russia, for having organised regular gatherings in his home for worship and Bible reading without having notified the authorities; acting in an individual capacity rather than on behalf of a religious association, he could not be considered to meet the legal requirements as amended by Parliament ( Ossewaarde v. Russia, 2023); ▪ the break-up by the Bulgarian police of a gathering of adherents of the Reverend Moon's Unification Church in an adherent's home, followed by a search of the apartment with the public prosecutor's authorisation, and finally, the seizure of books, recordings and other items, all because the religious community had not been registered by the State. The impugned measures had manifestly lacked any legal basis in domestic law. Furthermore, the domestic legislation had been unclear as regards the possibility of holding religious gatherings where the organisation in question had not been registered; at the material time there had been an administrative practice, supported by some domestic precedents, of declaring such gatherings unlawful ( Boychev and Others v. Bulgaria, 2011); ▪ the summonsing of an applicant to attend the local police station and her questioning on the subject of her religious beliefs, followed by a search of her home, accompanied by seizure of books and recordings, and lastly, a police warning ordering the applicant to discontinue the meetings in her home of the evangelical congregation to which she belonged. The Court concluded that there had been no statutory basis for the interference as the impugned measures had been implemented in the absence of any criminal investigation, in flagrant breach of domestic law ( Dimitrova v. Bulgaria, 2015); ▪ a prison sentence passed on the applicants for having taken part in a Muslim religious ceremony ( mevlüt ) held on the premises of a political party in remembrance of three members of an illegal organisation who had been killed by the security forces. The Court took the view that the mere fact that the ceremony in question had been organised on the premises of a political party in which symbols of a terrorist organisation were displayed did not deprive the participants of the protection guaranteed by Article 9. In this case the penalty had not met the requirements of clarity and foreseeability since it would have been impossible to foresee that mere participation in a religious service would fall within the scope of the Law on the prevention of terrorism ( Güler and Uğur v. Turkey, 2014). ▪ the arrest and sentencing to imprisonment of a mullah (member of the clergy) for having preached and conducted Friday prayers in a mosque, on the sole ground that he was a national of the respondent State who had obtained his religious education abroad. The Court considered that such a measure, targeting the place of the applicant's studies rather than the content of the relevant religious expression or the manner of its delivery, could not be regarded as ""necessary in a democratic society"" in order to protect the democratic order, fight against religious extremism and counter the negative influence of foreign ideologies ( Sardar Babayev v. Azerbaijan, 2024, §§ 75-78).","While States can put in place a requirement that religious denominations be registered in a manner compatible with Articles 9 and 11 of the Convention, it does not follow that sanctioning an individual member of an unregistered religious organisation for praying or otherwise manifesting his or her religious belief is compatible with the Convention ( Rafiyev v. Azerbaijan *, 2025, § 60). Moreover, while the State may place limitations on manifestation of a religion through worship and preaching in accordance with Article 9 § 2 of the Convention, a criminal punishment imposed solely on account of a personal characteristic of the celebrant (such as his or her place of religious education) without regulating the content of the religious expression in question (such as, for example, incitement to hatred or another expression that is incompatible with the values of a democratic society) does not sit well with the requirements of this provision ( Sardar Babayev v. Azerbaijan, 2024, §§ 75-78).

For example, the Court found a violation of freedom of religion in the following cases: ▪ measures regulating the religious life of Greek Cypriots of Orthodox faith enclaved in the ""Turkish Republic of Northern Cyprus"", preventing them from leaving their villages to attend religious ceremonies in places of worship elsewhere or to visit a monastery ( Cyprus v. Turkey [GC], 2001, §§ 243-246); ▪ the dispersal by the Russian police of a Sunday service held by Jehovah's Witnesses in the assembly hall of a State vocational secondary school, which the national Jehovah's Witnesses organisation rented on the basis of a lawfully concluded lease agreement. The police measure had been clearly unlawful and arbitrary, even in the light of domestic law ( Kuznetsov and Others v. Russia, 2007). In another similar case the Court found a violation because of the dispersal of an annual Jehovah's Witnesses celebration held in the Agricultural Academy assembly hall, which had also been rented in conformity with domestic law. The impugned operation had been conducted by a large number of police officers, including an armed unit of the Special Police Force; the applicants were arrested and remanded in custody for several hours. Leaving aside the issue of the lawfulness of the interference, the Court found that it had clearly not been ""necessary in a democratic society"" ( Krupko and Others v. Russia, 2014); ▪ the dispersal by the Moldovan police of a prayer meeting held by a group of Muslims in a private house and the imposition on the applicant of an administrative fine f or ""practising a religion not recognised by the State"" ( Masaev v. Moldova, 2009), and the arrest and subsequent administrative conviction of a follower of the Nurism school of Islam for participation in an unauthorised religious meeting on private premises in Azerbaijan ( Rafiyev v. Azerbaijan *, 2025); ▪ the imposition of an administrative fine on an American Baptist missionary who was resident in Russia, for having organised regular gatherings in his home for worship and Bible reading without having notified the authorities; acting in an individual capacity rather than on behalf of a religious association, he could not be considered to meet the legal requirements as amended by Parliament ( Ossewaarde v. Russia, 2023); ▪ the break-up by the Bulgarian police of a gathering of adherents of the Reverend Moon's Unification Church in an adherent's home, followed by a search of the apartment with the public prosecutor's authorisation, and finally, the seizure of books, recordings and other items, all because the religious community had not been registered by the State. The impugned measures had manifestly lacked any legal basis in domestic law. Furthermore, the domestic legislation had been unclear as regards the possibility of holding religious gatherings where the organisation in question had not been registered; at the material time there had been an administrative practice, supported by some domestic precedents, of declaring such gatherings unlawful ( Boychev and Others v. Bulgaria, 2011); ▪ the summonsing of an applicant to attend the local police station and her questioning on the subject of her religious beliefs, followed by a search of her home, accompanied by seizure of books and recordings, and lastly, a police warning ordering the applicant to discontinue the meetings in her home of the evangelical congregation to which she belonged. The Court concluded that there had been no statutory basis for the interference as the impugned measures had been implemented in the absence of any criminal investigation, in flagrant breach of domestic law ( Dimitrova v. Bulgaria, 2015); ▪ a prison sentence passed on the applicants for having taken part in a Muslim religious ceremony ( mevlüt ) held on the premises of a political party in remembrance of three members of an illegal organisation who had been killed by the security forces. The Court took the view that the mere fact that the ceremony in question had been organised on the premises of a political party in which symbols of a terrorist organisation were displayed did not deprive the participants of the protection guaranteed by Article 9. In this case the penalty had not met the requirements of clarity and foreseeability since it would have been impossible to foresee that mere participation in a religious service would fall within the scope of the Law on the prevention of terrorism ( Güler and Uğur v. Turkey, 2014). ▪ the arrest and sentencing to imprisonment of a mullah (member of the clergy) for having preached and conducted Friday prayers in a mosque, on the sole ground that he was a national of the respondent State who had obtained his religious education abroad. The Court considered that such a measure, targeting the place of the applicant's studies rather than the content of the relevant religious expression or the manner of its delivery, could not be regarded as ""necessary in a democratic society"" in order to protect the democratic order, fight against religious extremism and counter the negative influence of foreign ideologies ( Sardar Babayev v. Azerbaijan, 2024, §§ 75-78).",,,,
4026b1621d4a,Article 6 Criminal,2024-09-30,2025-06-12,apps:20224/18,Union des Mutuelles d'Assurances Monceau v. France (dec.),20224/18,"Union des Mutuelles d'Assurances Monceau v. France (dec.), no. 20224/18, 1 October 2024",4,"I.A: The fundamental principles|II.B.2: Administrative, tax, customs, financial and competition-law proceedings and other special proceedings",minor_edit,"On the other hand, Article 6 does not prohibit a fine to be imposed on the surviving company in respect of an infringement committed by its merged subsidiary, where the core business is continued by the parent company ( Carrefour France v. France (dec.), 2019).

Article 6 under its criminal head has been held to apply to customs law ( Salabiaku v. France, 1988) to penalties imposed by a court with jurisdiction in budgetary and financial matters ( Guisset v. France, 2000) and to certain administrative authorities with powers in the spheres of economic, financial and competition law ( Lilly France S.A. v. France (dec.), 2002; Dubus S.A. v. France, 2009; A. Menarini Diagnostics S.r.l. v. Italy, 2011; Produkcija Plus Storitveno podjetje d.o.o. v. Slovenia, 2018, §§ 45-46; by contrast Prina v. Romania (dec.), 2020), including market manipulations ( Grande Stevens and Others v. Italy, 2014, §§ 94-101).","On the other hand, Article 6 does not prohibit a fine to be imposed on the surviving company in respect of an infringement committed by its merged subsidiary, where the core business is continued by the parent company ( Carrefour France v. France (dec.), 2019) or where there is economic and functional continuity between the absorbed and the absorbing company ( Union des Mutuelles d'Assurances Monceau v. France (dec.), 2024).

Article 6 under its criminal head has been held to apply to customs law ( Salabiaku v. France, 1988) to penalties imposed by a court with jurisdiction in budgetary and financial matters ( Guisset v. France, 2000) and to certain administrative authorities with powers in the spheres of economic, financial and competition law ( Lilly France S.A. v. France (dec.), 2002; Dubus S.A. v. France, 2009; A. Menarini Diagnostics S.r.l. v. Italy, 2011; Produkcija Plus Storitveno podjetje d.o.o. v. Slovenia, 2018, §§ 45-46; and Union des Mutuelles d'Assurances Monceau v. France (dec.), 2024; by contrast Prina v. Romania (dec.), 2020), including market manipulations ( Grande Stevens and Others v. Italy, 2014, §§ 94-101).",,,,
4026b1621d4a,Article 6 Criminal,2025-06-12,2026-02-17,apps:21492/17,Anna Maria Ciccone v. Italy,21492/17,"Anna Maria Ciccone v. Italy, no. 21492/17, 5 June 2025",3,V.A.7: The principle of immediacy|VI.B.4.§4: ii. Non-attendance of witnesses at trial,citation_added|minor_edit,"An issue related to the principle of immediacy may also arise when the appeal court overturns the decision of a lower court acquitting an applicant of the criminal charges without a fresh examination of the evidence, including the hearing of witnesses ( Hanu v. Romania, 2013, § 40; Lazu v. the Republic of Moldova, 2016, § 43). Similarly, the principle of immediacy is relevant in case of a change in the composition of the trial court when the case is remitted for retrial before a different judge. Moreover, in such a situation, the principles of the Court's case-law concerning the right to examine witnesses for the prosecution are of relevance ( Famulyak v. Ukraine (dec.), 2019, §§ 36-38; Chernika v. Ukraine, 2020, §§ 40-46 and 54). 9

In view of the autonomous meaning given to the term ""witness"", the above principles concerning absent witnesses are accordingly relevant in cases of absent expert witnesses. ( Constantinides v. Greece, 2016, §§ 37-52). However, in this context, the Court has explained that the role of an expert witness can be distinguished from that of an eyewitness, who must give to the court his personal recollection of a particular event. In analysing whether the appearance in person of an expert at the trial was necessary, the Court is therefore primarily guided by the principles enshrined in the concept of a ""fair trial"" under Article 6 § 1 of the Convention, and in particular by the guarantees of ""adversarial proceedings"" and ""equality of arms"" (see, for instance, Kartoyev and Others v. Russia, 2021, §§ 74 and 81). Nevertheless, some of the Court 's approaches to the examination in person of ""witnesses"" under Article 6 § 3 (d) may be applied, mutatis mutandis, with due regard to the difference in their status and role ( Danilov v. Russia, 2020, § 109).","An issue related to the principle of immediacy may also arise when the appeal court overturns the decision of a lower court acquitting an applicant of the criminal charges without a fresh examination of the evidence, including the hearing of witnesses ( Hanu v. Romania, 2013, § 40; Lazu v. the Republic of Moldova, 2016, § 43; Anna Maria Ciccone v. Italy, 2025, § 58). Similarly, the principle of immediacy is relevant in case of a change in the composition of the trial court when the case is remitted for retrial before a different judge. Moreover, in such a situation, the principles of the Court's case-law concerning the right to examine witnesses for the prosecution are of relevance ( Famulyak v. Ukraine (dec.), 2019, §§ 36-38; Chernika v. Ukraine, 2020, §§ 40-46 and 54). 9

In view of the autonomous meaning given to the term ""witness"", the above principles concerning absent witnesses are accordingly relevant in cases of absent expert witnesses. ( Constantinides v. Greece, 2016, §§ 37-52). However, in this context, the Court has explained that the role of an expert witness can be distinguished from that of an eyewitness, who must give to the court his personal recollection of a particular event. In analysing whether the appearance in person of an expert at the trial was necessary, the Court is therefore primarily guided by the principles enshrined in the concept of a ""fair trial"" under Article 6 § 1 of the Convention, and in particular by the guarantees of ""adversarial proc eedings"" and ""equality of arms"" (see, for instance, Kartoyev and Others v. Russia, 2021, §§ 74 and 81; Anna Maria Ciccone v. Italy, § 47). Nevertheless, some of the Court's approaches to the examination in person of ""witnesses"" under Article 6 § 3 (d) may be applied, mutatis mutandis, with due regard to the difference in their status and role ( Danilov v. Russia, 2020, § 109).",,,,
4026b1621d4a,Article 6 Criminal,2025-06-12,2026-02-17,apps:23963/21,Krpelík v. the Czech Republic,23963/21,"Krpelík v. the Czech Republic, no. 23963/21, 12 June 2025",3,VI.B.3.c: Legal assistance i. Access to a lawyer,minor_edit,"A suspect cannot be found to have waived one's right to legal assistance if one has not promptly received information about this right after arrest ( Simeonovi v. Bulgaria [GC], 2017, § 118). Similarly, in the context of procedural action taken without relevant procedural safeguards, waiver of the right to a lawyer by signing a pre-printed p hrase ""No lawyer sought"" is of questionable value for the purpose of demonstrating the unequivocal character of the waiver by an applicant ( Bozkaya v. Turkey, 2017, § 48; Rodionov v. Russia, 2018, § 155; contrast with Sklyar v. Russia, 2017, §§ 22-25, where the applicant clearly waived his right to a lawyer on the record). A possible earlier waiver, even if validly made, will no longer be considered valid if an applicant subsequently made an explicit request to access a lawyer ( Artur Parkhomenko v. Ukraine, 2017, § 81). Moreover, if an applicant has been subjected to inhuman and degrading treatment by the police, it cannot be considered that in such circumstances he or she validly waived his right of access to a lawyer ( Turbylev v. Russia, 2015, § 96).","A suspect cannot be found to have waived one's right to legal assistance if one has not promptly received information about this right after arrest ( Simeonovi v. Bulgaria [GC], 2017, § 118). Similarly, in the context of procedural action taken without relevant procedural safeguards, waiver of the right to a lawyer by signing a pre-printed p hrase ""No lawyer sought"" is of questionable value for the purpose of demonstrating the unequivocal character of the waiver by an applicant ( Bozkaya v. Turkey, 2017, § 48; Rodionov v. Russia, 2018, § 155; contrast with Sklyar v. Russia, 2017, §§ 22-25, where the applicant clearly waived his right to a lawyer on the record). A possible earlier waiver, even if validly made, will no longer be considered valid if an applicant subsequently made an explicit request to access a lawyer ( Artur Parkhomenko v. Ukraine, 2017, § 81). Moreover, if an applicant has been subjected to inhuman and degrading treatment by the police, it cannot be considered that in such circumstances he or she validly waived his right of access to a lawyer ( Turbylev v. Russia, 2015, § 96). Where the applicant suffered from intellectual disabilities and information about his right to a lawyer had been provided only on pre-printed forms formulated in a complex way by references to domestic legal provisions, the Court concluded that the waiver of the right to legal representation had not been attended by minimum safeguards commensurate with its importance ( Krpelík v. the Czech Republic, 2025, §§ 79-88).",,,,
4026b1621d4a,Article 6 Criminal,2025-06-12,2026-02-17,apps:42635/20,Leost v. France (dec.),42635/20,"Leost v. France (dec.), no. 42635/20, 27 May 2025",4,V.B.3: Exceptions to the rule of publicity,minor_edit,"Although in criminal proceedings there is a high expectation of publicity, it may on occasion be necessary under Article 6 to limit the open and public nature of proceedings in order, for example, to protect the safety or privacy of witnesses or to promote the free exchange of information and opinion in the pursuit of justice ( B. and P. v. the United Kingdom, 2001, § 37; see also Frâncu v. Romania, 2020, from the perspective of Article 8).","Although in criminal proceedings there is a high expectation of publicity, it may on occasion be necessary under Article 6 to limit the open and public nature of proceedings in order, for example, to protect the safety or privacy of witnesses or to promote the free exchange of information and opinion in the pursuit of justice ( B. and P. v. the United Kingdom, 2001, § 37; see also Frâncu v. Romania, 2020, from the perspective of Article 8). Taking and publishing without authorisation of photographs of participants in trial hearings can be legitimately restricted in the interests of the protection the reputation of others and of maintaining the authority and impartiality of the judiciary ( Leost v. France (dec.), §§ 41-65).",,,,
415c8994e0ed,Article 2,2023-09-23,2023-12-18,apps:56070/18,Stoyanova v. Bulgaria,56070/18,"Stoyanova v. Bulgaria, no. 56070/18, 16 June 2022",3,IV.I: Investigation of hate crimes,minor_edit,"When investigating violent attacks, the authorities must take all reasonable steps to unmask any possible discriminatory motives for them. Treating violence with a discriminatory intent on an equal footing with violence having no such overtones is tantamount to turning a blind eye to the specific nature of acts that are particularly destructive of fundamental rights (Stoyanova v. Bulgaria, 2022, § 64). Failure to make a distinction in the manner in which situations that are essentially different are handled may constitute unjustified treatment irreconcilable with Article 14 of the Convention in conjunction with Article 2 (Nachova and Others v. Bulgaria [GC], 2005, § 160).

The duty to respond appropriately to such attacks extends to the judicial proceedings in which it is decided whether and how to convict and punish alleged perpetrators (Stoyanova v. Bulgaria, 2022, § 64). For example, where the applicant's son was murdered by three men who perceived him as being homosexual, the Court found a violation of Article 14 taken together with Article 2 because the domestic courts could not attach any tangible legal consequences to the homophobic motives of the crime when sentencing the perpetrators. This stemmed from a lacuna in the criminal law where murder, motivated by hostility towards the victim on account of his or her actual or presumed sexual orientation, is not as such an ""aggravated"" offence or otherwise treated as a more serious offence on account of the special discriminatory motive which underlies it (Stoyanova v. Bulgaria, 2022, §§ 70-76).","When investigating violent attacks, the authorities must take all reasonable steps to unmask any possible discriminatory motives for them. Treating violence with a discriminatory intent on an equal footing with violence having no such overtones is tantamount to turning a blind eye to the specific nature of acts that are particularly destructive of fundamental rights (Stoyanova v. Bulgaria, 2018, § 64). Failure to make a distinction in the manner in which situations that are essentially different are handled may constitute unjustified treatment irreconcilable with Article 14 of the Convention in conjunction with Article 2 (Nachova and Others v. Bulgaria [GC], 2005, § 160).

The duty to respond appropriately to such attacks extends to the judicial proceedings in which it is decided whether and how to convict and punish alleged perpetrators (Stoyanova v. Bulgaria, 2018, § 64). For example, where the applicant's son was murdered by three men who perceived him as being homosexual, the Court found a violation of Article 14 taken together with Article 2 because the domestic courts could not attach any tangible legal consequences to the homophobic motives of the crime when sentencing the perpetrators. This stemmed from a lacuna in the criminal law where murder, motivated by hostility towards the victim on account of his or her actual or presumed sexual orientation, is not as such an ""aggravated"" offence or otherwise treated as a more serious offence on account of the special discriminatory motive which underlies it (Stoyanova v. Bulgaria, 2018, §§ 70-76).",,,,
415c8994e0ed,Article 2,2025-01-22,2025-06-19,apps:39742/14,Cannavacciuolo and Others v Italy,39742/14,"Cannavacciuolo and Others v Italy, no. 39742/14 and 3 others, 30 January 2025",1,I.C: Applicability of Article 2 in near death situations,minor_edit,"The Court has recently clarified that, in order for Article 2 to apply to complaints about State action and/or inaction in the context of climate change, it needs to be determined that there is a ""real and imminent"" risk to life, understood as referring to a serious, genuine and sufficiently ascertainable threat to the life of a specific applicant, containing an element of material and temporal proximity of the threat to the harm impugned by the applicant (Verein KlimaSeniorinnen Schweiz and Others v. Switzerland, [GC], 2024, § 513).","The Court has recently clarified that, in order for Article 2 to apply to complaints about State action and/or inaction in the context of climate change, it needs to be determined that there is a ""real and imminent"" risk to life, understood as referring to a serious, genuine and sufficiently ascertainable threat to the life of a specific applicant, containing an element of material and temporal proximity of the threat to the harm impugned by the applicant (Verein KlimaSeniorinnen Schweiz and Others v. Switzerland, [GC], 2024, § 513). The case of Cannavacciuolo and Others v Italy, 2025, §§ 384-392 concerned a particularly complex and widespread form of pollution stemming from illegal dumping, burying and/or uncontrolled abandonment of hazardous, special and urban waste, often carried out by criminal organized groups and frequently combined with incineration. The Court accepted the existence of a sufficiently serious, genuine and ascertainable risk to life, which was also imminent given the applicants'residence over a considerable period in the municipalities officially identified by the domestic authorities as being affected by systematic large-scale pollution.",,,,
54e38e09f96e,Article 2 Protocol 1,2024-03-30,2025-04-24,apps:37614/22,S. v. the Czech Republic,37614/22,"S. v. the Czech Republic, no. 37614/22, 7 November 2024",3,II.A: Principle of the right to education|II.B.8: Health|II.C.1: Persons with disabilities|II.C.3: Ethnic origin,citation_added|unchanged|minor_edit,"Article 2 of Protocol No. 1 concerns elementary schooling ( Sulak v. Turkey, Commission decision, 1996) but also secondary education ( Cyprus v. Turkey [GC], 2001, § 278), higher education ( Leyla Şahin v. Turkey [GC], 2005, § 141; Mürsel Eren v. Turkey, 2006, § 41) and specialised courses including doctoral studies ( Telek v. Türkiye, 2023, §§ 133-134). Primary and secondary education is of fundamental importance for each child's personal development and future success ( Catan and Others v. the Republic of Moldova and Russia [GC], 2012, § 144). The holders of the right guaranteed in Article 2 of Protocol No. 1 are children, but also adults, or indeed any person wishing to benefit from the right to education ( Velyo Velev v. Bulgaria, 2014).

A fine imposed on a parent and the exclusion of her children from nursery school for not complying with the legal obligation to vaccinate children had not entailed a violation of Article 8 of the Convention ( Vavřička and Others v. the Czech Republic [GC], 2021). The Court thus found that it did not need to examine the applications separately under Article 2 of Protocol No. 1.

In the case of Sanlısoy v. Turkey (dec.), 2016, the applicant had complained of a discriminatory breach of his right to education on account of his autism. After examining the facts of the case and the minor's situation, the Court found that there had not been a systemic denial of the applicant's right to education on account of his autism or a failure by the State to fulfil its obligations under Article 2 of Protocol No. 1 taken together with Article 14 of the Convention. It thus dismissed the application. The same conclusion was reached in Dupin v. France (dec.), 2018, concerning an autistic child who had been denied admission to a mainstream school and directed to a specialised institution. However, the inability for an autistic child to receive the specialised learning support to which she was entitled by law, during her first two years of primary school, had entailed a violation of Article 14 of the Convention taken together with Article 2 of Protocol No. 1 ( G.L. v. Italy, 2020). The national authorities had not determined the child's real needs or the possible solutions to allow her to attend primary school in conditions that were equivalent as far as possible to those enjoyed by other pupils, without imposing a disproportionate or undue burden on the administration.

The Court has addressed in many cases the difficulties relating to the education of Roma children in a number of European States ( D.H. and Others v. the Czech Republic [GC], 2007, § 205). As a result of their turbulent history and constant uprooting the Roma have become a specific type of disadvantaged and vulnerable minority. They therefore require special protection and this protection extends to the sphere of education (ibid., § 182).

However, the mere enrolment in schools of Roma children does not suffice for a finding of compliance with Article 14 of the Convention taken together with Article 2 of Protocol No. 1. In this connection, the Court has relied extensively on reports by the European Commission against Racism and Intolerance (ECRI) ( Oršuš and Others v. Croatia [GC], 2010; D.H. and Others v. the Czech Republic [GC], 2007). The enrolment must also take place in satisfactory conditions. The Court accepted that a State's decision to retain the special-school system was motivated by the desire to find a solution for children with special educational needs (ibid., § 198). Similarly, temporary placement of children in a separate class on the ground that they lack an adequate command of the language is not, as such, automatically in breach of Article 14 ( Oršuš and Others v. Croatia [GC], 2010, § 157). However, the misplacement of Roma children in special schools has a long history across Europe ( Horváth and Kiss v. Hungary, 2013, § 115). Consequently, schooling arrangements for Roma children must be attended by safeguards that ensure that the State takes into account their special needs ( D.H. and Others v. the Czech Republic [GC], 2007, § 207; Sampanis and Others v. Greece, 2008, § 103). The decision must be transparent and based on clearly defined criteria, not only ethnic origin (ibid., § 89; Oršuš and Others v. Croatia [GC], 2010, § 182). Lastly, such measures cannot be regarded as reasonable and proportionate where they result in an education which compounds the difficulties of Roma children and compromises their subsequent personal development instead of tackling their real problems or helping them to integrate into the ordinary schools and develop the skills that would facilitate life among the majority population ( D.H. and Others v. the Czech Republic, § 207). A lack of discriminatory intent is not sufficient. The States are under a positive obligation to take positive effective measures against segregation ( Lavida and Others v. Greece, 2013, § 73; Elmazova and Others v. North Macedonia, 2022, §§ 77-78; Szolcsán v. Hungary, 2023, §§ 55-59).","Article 2 of Protocol No. 1 concerns mandatory schooling at pre-school level (see Djeri and Others v. Latvia, 2024, §§ 118 and 122, while the Court also found there that voluntary schooling at that level, for children of between one and a half and five, where the emphasis was on their care and overall development, did not fall within its scope ( ibid., §§ 118-119 and 121); see also the reference to preschool under Article 8 in the case of Vavřička and Others v. the Czech Republic [GC], §§ 306-307, 2021); primary schools ( Sulak v. Turkey, Commission decision, 1996); but also secondary education ( Cyprus v. Turkey [GC], 2001, § 278), higher education ( Leyla Şahin v. Turkey [GC], 2005, § 141; Mürsel Eren v. Turkey, 2006, § 41) and specialised courses including doctoral studies ( Telek v. Türkiye, 2023, §§ 133-134). Primary and secondary education is of fundamental importance for each child's personal development and future success ( Catan and Others v. the Republic of Moldova and Russia [GC], 2012, § 144). The holders of the right guaranteed in Article 2 of Protocol No. 1 are children, but also adults, or indeed any person wishing to benefit from the right to education ( Velyo Velev v. Bulgaria, 2014).

A fine imposed on a parent and the exclusion of her children from nursery school for not complying with the legal obligation to vaccinate children had not entailed a violation of Article 8 of the Convention ( Vavřička and Others v. the Czech Republic [GC], 2021). The Court thus found that it did not need to examine the applications separately under Article 2 of Protocol No. 1.

In the case of Sanlısoy v. Turkey (dec.), 2016, the applicant had complained of a discriminatory breach of his right to education on account of his autism. After examining the facts of the case and the minor's situation, the Court found that there had not been a systemic denial of the applicant's right to education on account of his autism or a failure by the State to fulfil its obligations under Article 2 of Protocol No. 1 taken together with Article 14 of the Convention. It thus dismissed the application. The same conclusion was reached in Dupin v. France (dec.), 2018, concerning an autistic child who had been denied admission to a mainstream school and directed to a specialised institution. Similarly, in a case of an autistic child enrolled in a mainstream primary school without his parents being clear about his disability and without them displaying due cooperation, the Court noted that supportive measures had been adopted by the school once the applicant's educational needs had been identified and concluded that the school could not be blamed for not having been sufficiently diligent in securing him equivalent conditions, as far as possible, to those enjoyed by other children ( S. v. the Czech Republic, 2024, §§ 45-54). However, the inability for an autistic child to receive the specialised learning support to which she was entitled by law, during her first two years of primary school, had entailed a violation of Article 14 of the Convention taken together with Article 2 of Protocol No. 1 ( G.L. v. Italy, 2020). The national authorities had not determined the child's real needs or the possible solutions to allow her to attend primary school in conditions that were equivalent as far as possible to those enjoyed by other pupils, without imposing a disproportionate or undue burden on the administration.

The Court has addressed in many cases the difficulties relating to the education of Roma children in a number of European States ( D.H. and Others v. the Czech Republic [GC], 2007, § 205). As a result of their turbulent history and constant uprooting the Roma have become a specific type of disadvantaged and vulnerable minority. They therefore require special protection and this protection extends to the sphere of education (ibid., § 182).

However, the mere enrolment in schools of Roma children does not suffice for a finding of compliance with Article 14 of the Convention taken together with Article 2 of Protocol No. 1. In this connection, the Court has relied extensively on reports by the European Commission against Racism and Intolerance (ECRI) ( Oršuš and Others v. Croatia [GC], 2010; D.H. and Others v. the Czech Republic [GC], 2007). The enrolment must also take place in satisfactory conditions. The Court accepted that a State's decision to retain the special-school system was motivated by the desire to find a solution for children with special educational needs (ibid., § 198). Similarly, temporary placement of children in a separate class on the ground that they lack an adequate command of the language is not, as such, automatically in breach of Article 14 ( Oršuš and Oth ers v. Croatia [GC], 2010, § 157). However, the misplacement of Roma children in special schools has a long history across Europe ( Horváth and Kiss v. Hungary, 2013, § 115). Consequently, schooling arrangements for Roma children must be attended by safeguards that ensure that the State takes into account their special needs ( D.H. and Others v. the Czech Republic [GC], 2007, § 207; Sampanis and Others v. Greece, 2008, § 85). The decision must be transparent and based on clearly defined criteria, not only ethnic origin (ibid., § 89; Oršuš and Others v. Croatia [GC], 2010, § 182). Lastly, such measures cannot be regarded as reasonable and proportionate where they result in an education which compounds the difficulties of Roma children and compromises their subsequent personal development instead of tackling their real problems or helping them to integrate into the ordinary schools and develop the skills that would facilitate life among the majority population ( D.H. and Others v. the Czech Republic, § 207). A lack of discriminatory intent is not sufficient. The States are under a positive obligation to take positive effective measures against segregation ( Lavida and Others v. Greece, 2013, § 73; Elmazova and Others v. North Macedonia, 2022, §§ 77-78; Szolcsán v. Hungary, 2023, §§ 55-59).",,,,
684d373b17e9,Article 11,2023-09-23,2024-04-05,apps:2134/23,Pivkina and Others v. Russia (dec.),2134/23,"Pivkina and Others v. Russia (dec.), nos. 2134/23 and 6 others, 6 June 2023",1,I.E.1: Interference with the exercise of the right to freedom of assembly,minor_edit,"The right to freedom of assembly is not absolute; it can be subject to restrictions in accordance with paragraph 2 of Article 11. An interference with the exercise of that right does not need to amount to an outright ban, legal or de facto, but can consist in various other measures taken by the authorities ( Kudrevičius and Others v. Lithuania [GC], 2015, § 100).","The right to freedom of assembly is not absolute; it can be subject to restrictions in accordance with paragraph 2 of Article 11. An interference with the exercise of that right does not need to amount to an outright ban, legal or de facto, but can consist in various other measures taken by the authorities ( Kudrevičius and Others v. Lithuania [GC], 2015, § 100). Acts constitutive of interference must be taken to encompass any restrictive measures taken against an applicant in connection with his or her expressive conduct ( Pivkina and Others v. Russia (dec.), 2023, § 76).",,,,
684d373b17e9,Article 11,2024-04-05,2024-09-30,apps:56896/17,Laurijsen and Others v. the Netherlands,56896/17,"Laurijsen and Others v. the Netherlands, nos. 56896/17 and 4 others, 21 November 2023",3,I.B.2: Assembly as a form of expression and expression of opinion during assembly: Articles 10 and|I.C.3: Peaceful assembly,minor_edit,"On the other hand, actions obstructing activities of a particular nature fall to be examined under Article 10, or under both Articles 10 and 11. Thus, a protest aimed at physically impeding a hunt or the construction of a motorway constituted expressions of opinion within the meaning of Article 10 ( Steel and Others v. the United Kingdom, 1998, § 92). In a case brought by Greenpeace activists who had maneuvered dinghies in such a manner as to obstruct whaling the Court proceeded on the assumption that Articles 10 and/or 11 could be relied on by the applicants, but did not consider it necessary in the circumstances to attribute the complaint to one or both provision(s) ( Drieman and Others v. Norway (dec.), 2000) 2 . On the other hand, a demonstration designed to obstruct Parliament's work as a form of protest, was examined under Article 11 alone, regard being had to the nature and intention of the event ( Makarashvili and Others v. Georgia, 2022, § 92).

Obstructing traffic arteries as part of a demonstration is conduct which is, by itself, considered peaceful. Although not an uncommon occurrence in the context of the exercise of freedom of assembly in modern societies, physical conduct purposely obstructing traffic and the ordinary course of life in order to seriously disrupt the activities carried out by others is not at the core of that freedom as protected by Article 11 of the Convention. This state of affairs has implications for any assessment of ""necessity"" under the second par agraph of Article 11 ( Kudrevičius and Others v. Lithuania [GC], 2015, § 97 with further references and examples). Likewise, occupation of public buildings is generally regarded as peaceful conduct, despite its unlawfulness and the disruptions it may cause ( Cisse v. France, 2002, §§ 39-40; Tuskia and Others v. Georgia, 2018, § 73; Annenkov and Others v. Russia, 2017, § 126).","On the other hand, actions obstructing activities of a particular nature fall to be examined under Article 10, or under both Articles 10 and 11. Thus, a protest aimed at physically impeding a hunt or the construction of a motorway constituted expressions of opinion within the meaning of Article 10 ( Steel and Others v. the United Kingdom, 1998, § 92). In a case brought by Greenpeace activists who had maneuvered dinghies in such a manner as to obstruct whaling the Court proceeded on the assumption that Articles 10 and/or 11 could be relied on by the applicants, but did not consider it necessary in the circumstances to attribute the complaint to one or both provision(s) ( Drieman and Others v. Norway (dec.), 2000) . On the other hand, a demonstration designed to obstruct Parliament's work as a form of protest, was examined under Article 11 alone, regard being had to the nature and intention of the event ( Makarashvili and Others v. Georgia, 2022, § 92). In the same vein, a protest against the announced eviction of a squatted building, which involved obstructive non-violent conduct, was also examined under Article 11of the Convention ( Laurijsen and Others v. the Netherlands, 2024, §§ 54-59).

Obstructing traffic arteries as part of a demonstration is conduct which is, by itself, considered peaceful. Although not an uncommon occurrence in the context of the exercise of freedom of assembly in modern societies, physical conduct purposely obstructing traffic and the ordinary course of life in order to seriously disrupt the activities carried out by others is not at the core of that freedom as protected by Article 11 of the Convention. This state of affairs has implications for any assessment of ""necessity"" under the second paragraph of Article 11 ( Kudrevičius and Others v. Lithuania [GC], 2015, § 97 with further references and examples; see also Laurijsen and Others v. the Netherlands, 2024, §§ 54-59). Likewise, occupation of public buildings is generally regarded as peaceful conduct, despite its unlawfulness and the disruptions it may cause ( Cisse v. France, 2002, §§ 39-40; Tuskia and Others v. Georgia, 2018, § 73; Annenkov and Others v. Russia, 2017, § 126).",,,,
684d373b17e9,Article 11,2024-09-30,2025-12-10,apps:44241/20,Russ v. Germany,44241/20,"Russ v. Germany, no. 44241/20, 20 May 2025",3,I.B.2: Assembly as a form of expression and expression of opinion during assembly: Articles 10 and,minor_edit,"Non-violent acts committed during an assembly are protected by Article 11. Roadblocks and other physical conduct purposely obstructing traffic and the ordinary course of life were considered to fall within the terms of Article 11 ( Barraco v. France, 2009, § 39; Lucas v. the United Kingdom (dec.), 2003), although the Court noted that such acts were not at the core of the freedom of peaceful assembly as protected by Article 11 of the Convention ( Kudrevičius and Others v. Lithuania [GC], 2015, § 97). Installation of a banner on a wall during a demonstration was examined under Article 11 alone ( Akarsubaşı and Alçiçek v. Turkey, 2018, §§ 31-33; cf. Olga Kudrina v. Russia, 2021, § 49, where similar actions were examined under Article 10 when they were combined with throwing political leaflets out of the window), as was the making of public statements to the press near judicial buildings in defiance of the legislative ban on doing so ( Öğrü v. Turkey, 2017, § 13). Likewise, a series of protest actions including a press conference, a procession and a sit-in, all linked to a single campaign, was examined under Article 11 ( Hakim Aydin v. Turkey, 2020, § 50). In Ekrem Can and Others v. Turkey, 2022, the protest at the courthouse - where the applicants had opened a banner, chanted slogans and thrown leaflets, thereby disrupting an essential public service - namely the orderly administration of justice (§ 91) - was examined under Article 11 considered in the light of Article 10. The Court noted that the applicants'complaint concerned not only the fact that they had been prevented from making a statement, but predominantly the police intervention resulting in their forcible removal from the premises, (§ 68). A penalty for shouting slogans and holding banners during a demonstration on account of their content is considered an interference with the right to freedom of peaceful assembly under Article 11 ( Kemal Çetin v. Turkey, 2020, § 26).","Non-violent acts committed during an assembly are protected by Article 11. Roadblocks and other physical conduct purposely obstructing traffic and the ordinary course of life were considered to fall within the terms of Article 11 ( Barraco v. France, 2009, § 39; Lucas v. the United Kingdom (dec.), 2003), although the Court noted that such acts were not at the core of the freedom of peaceful assembly as protected by Article 11 of the Convention ( Kudrevičius and Others v. Lithuania [GC], 2015, § 97). Installation of a banner on a wall during a demonstration was examined under Article 11 alone ( Akarsubaşı and Alçiçek v. Turkey, 2018, §§ 31-33; cf. Olga Kudrina v. Russia, 2021, § 49, where similar actions were examined under Article 10 when they were combined with throwing political leaflets out of the window), as was the making of public statements to the press near judicial buildings in defiance of the legislative ban on doing so ( Öğrü v. Turkey, 2017, § 13). Likewise, a series of protest actions including a press conference, a procession and a sit-in, all linked to a single campaign, was examined under Article 11 ( Hakim Aydin v. Turkey, 2020, § 50). In Ekrem Can and Others v. Turkey, 2022, the protest at the courthouse - where the applicants had opened a banner, chanted slogans and thrown leaflets, thereby disrupting an essential public service - namely the orderly administration of justice (§ 91) - was examined under Article 11 considered in the light of Article 10. The Court noted that the applicants'complaint concerned not only the fact that they had been prevented from making a statement, but predominantly the police intervention resulting in their forcible removal from the premises, (§ 68). A penalty for shouting slogans and holding banners during a demonstration on account of their content is considered an interference with the right to freedom of peaceful assembly under Article 11 ( Kemal Çetin v. Turkey, 2020, § 26). In Russ v. Germany (2025, § 35) a criminal conviction for wearing a plastic visor with an inscription during a peaceful demonstration was examined under Article 11, read in the light of Article 10, since it was the wearing of the visor (a prohibited ""protective weapon"" in a demonstration) rather than the inscription which had been sanctioned.",,,,
7a059e452dbd,Article 1,2023-09-23,2023-11-14,apps:22515/14,Bryan and Others v. Russia*,22515/14,"Bryan and Others v. Russia*, no. 22515/14, 27 June 2023",3,I.B.2.e: Use of force by a State ’ s agents operating outside its territory,minor_edit,"The Court thus acknowledged that the applicants were under the "" jurisdiction "" of the relevant respondent States in the following situations: ▪ the applicant, the leader of the PKK (the Kurdistan Workers'Party), who had been arrested by Turkish security agents in the international zone of Nairobi airport (Kenya) and flown back to Turkey. The Court noted - and the Turkish Government did not dispute - that, directly after being handed over to the Turkish officials by the Kenyan officials, the applicant was effectively under Turkish authority and therefore within the ""jurisdiction"" of that State, even though in this instance Turkey exercised its authority outside its territory. It is true that the applicant was physically forced to return to Turkey by Turkish officials and was under their authority and control following his arrest and return to Turkey ( Öcalan v. Turkey [GC], 2005, § 91); ▪ the applicants, two Iraqis who had been charged with involvement in the murder of two British soldiers shortly after the invasion of Iraq in 2003, been held in a British detention facility near Baghdad, and had complained that their imminent handover to the Iraqi authorities would expose them to a real risk of execution by hanging. The Court held that inasmuch as the control exercised by the United Kingdom over its military detention facilities in Iraq and the individuals held there had been absolute and exclusive de facto and de jure, the applicants should be deemed to have been within the respondent State's jurisdiction ( Al-Saadoon and Mufdhi v. the United Kingdom (dec.), 2009, §§ 86-89); ▪ the applicants, crew members of a cargo ship registered in Cambodia and intercepted off the Cape Verde islands by the French navy under suspicion of transporting large quantities of drugs, were confined to their quarters under military guard until the ship's arrival in Brest. The Court found that as France had exercised full and exclusive control over the ship and its crew, at least de facto, from the time of its interception, in a continuous and uninterrupted manner until they were tried in France, the applicants had been effectively within France's jurisdiction for the purposes of Article 1 of the Convention ( Medvedyev and Others v. France [GC], 2010, § 67). ▪ the applicants, a group of Somali and Eritrean nationals, who had been attempting to reach the Italian coast on board three vessels, were intercepted at sea by Italian Revenue Police and Coastguard ships, transferred on to Italian military ships and taken back to Libya, from whence they had departed. Reiterating the principle of international law stating that a vessel sailing on the high seas is subject to the exclusive jurisdiction of the State of the flag it is flying, the Court rejected the design ation ""rescue on the high seas"" used by the Government to describe the events, and attached no importance to the allegedly low level of control exercised over the applicants by the agents of the Italian State. Indeed, the whole series of events had occurred on board Italian military ships, with crews made up exclusively of national servicemen. From the time of their arrival on board those ships until their handover to the Libyan authorities the applicants had been under the continuous and exclusive de jure and de facto control of the Italian authorities ( Hirsi Jamaa and Others v. Italy [GC], 2012, §§ 76-82).","The Court thus acknowledged that the applicants were under the "" jurisdiction "" of the relevant respondent States in the following situations: ▪ The applicant, the leader of the PKK (the Kurdistan Workers'Party), who had been arrested by Turkish security agents in the international zone of Nairobi airport (Kenya) and flown back to Turkey. The Court noted - and the Turkish Government did not dispute - that, directly after being handed over to the Turkish officials by the Kenyan officials, the applicant was effectively under Turkish authority and therefore within the ""jurisdiction"" of that State, even though in this instance Turkey exercised its authority outside its territory. It is true that the applicant was physically forced to return to Turkey by Turkish officials and was under their authority and control following his arrest and return to Turkey ( Öcalan v. Turkey [GC], 2005, § 91). ▪ The applicants, two Iraqis who had been charged with involvement in the murder of two British soldiers shortly after the invasion of Iraq in 2003, been held in a British detention facility near Baghdad, and had complained that their imminent handover to the Iraqi authorities would expose them to a real risk of execution by hanging. The Court held that inasmuch as the control exercised by the United Kingdom over its military detention facilities in Iraq and the individuals held there had been absolute and exclusive de facto and de jure, the applicants should be deemed to have been within the respondent State's jurisdiction ( Al-Saadoon and Mufdhi v. the United Kingdom (dec.), 2009, §§ 86-89). ▪ The applicants, crew members of a cargo ship registered in Cambodia and intercepted off the Cape Verde islands by the French navy under suspicion of transporting large quantities of drugs, were confined to their quarters under military guard until the ship's arrival in Brest. The Court found that as France had exercised full and exclusive control over the ship and its crew, at least de facto, from the time of its interception, in a continuous and uninterrupted manner until they were tried in France, the applicants had been effectively within France's jurisdiction for the purposes of Article 1 of the Convention ( Medvedyev and Others v. France [GC], 2010, § 67). The Court reached the same conclusion in a case concerning a group of Greenpeace activists confined to their ship, which had been intercepted by the Russian coastguard and escorted to the Russian port of Mourmansk ( Bryan and Others v. Russia*, 2023, § 37). ▪ The applicants, a group of Somali and Eritrean nationals, who had been attempting to reach the Italian coast on board three vessels, were intercepted at sea by Italian Revenue Police and Coastguard ships, transferred on to Italian military ships and taken back to Libya, from whence they had departed. Reiterating the principle of international law stating that a vessel sailing on the high seas is subject to the exclusive jurisdiction of the State of the flag it is flying, the Court rejected the design ation ""rescue on the high seas"" used by the Government to describe the events, and attached no importance to the allegedly low level of control exercised over the applicants by the agents of the Italian State. Indeed, the whole series of events had occurred on board Italian military ships, with crews made up exclusively of national servicemen. From the time of their arrival on board those ships until their handover to the Libyan authorities the applicants had been under the continuous and exclusive de jure and de facto control of the Italian authorities ( Hirsi Jamaa and Others v. Italy [GC], 2012, §§ 76-82).",,,,
7a059e452dbd,Article 1,2023-09-23,2023-11-14,apps:39611/18,Georgia v. Russia (IV) (dec.),39611/18,"Georgia v. Russia (IV) (dec.), no. 39611/18, 28 March 2023",3,I.B.3.§4: ii. Creation of an entity unrecognised by the international community,minor_edit,"The third case examined by the Court was that of the two separatist entities established in Georgia, that is to say South Ossetia and Abkhazia, especially during and after the armed conflict between Georgia and Russia in August 2008, the climax of a long series of tensions, provocations and incidents between the two countries. In its observations, the Russian Government had acknowledged a substantial Russian military presence after the cessation of hostilities and provided numerous indications showing the extent of the economic and financial support that the Russian Federation had provided and continued to provide to South Ossetia and to Abkhazia. the EU's Fact- Finding Mission also emphasised the relationship of dependency not only in economic and financial, but also in military and political terms; the information provided was also revealing as to the pre- existing relationship of subordination between the separatist entities and the Russian Federation, which had lasted throughout the active phase of the hostilities and after the cessation of hostilities. In its report, the EU's Fact-Finding Mission had spoken of "" creeping annexation "" of South Ossetia and Abkhazia by Russia. The Court considered that the Russian Federation had exercised effective control over South Ossetia and Abkhazia (as well as a "" buffer zone "" located in undisputed Georgian territory) during the period from the date of cessation of active hostilities and the date of the official withdrawal of Russian troops. Even after that period, the strong Russian presence and the South Ossetian and Abkhazian authorities'dependency on the Russian Federation, on whom their survival depended, as was shown particularly by the cooperation and assistance agreements signed with the latter, indicated that there had been continued ""effective control"" over the two territories. The events which had occurred after the ceasefire had therefore fallen within the jurisdiction of the Russian Federation for the purposes of Article 1 of the Convention ( Georgia v. Russia (II), 2021, §§ 161-175).","The third case examined by the Court was that of the two separatist entities established in Georgia, that is to say South Ossetia and Abkhazia, especially during and after the armed conflict between Georgia and Russia in August 2008, the climax of a long series of tensions, provocations and incidents between the two countries. In its observations, the Russian Government had acknowledged a substantial Russian military presence after the cessation of hostilities and provided numerous indications showing the extent of the economic and financial support that the Russian Federation had provided and continued to provide to South Ossetia and to Abkhazia. the EU's Fact- Finding Mission also emphasised the relationship of dependency not only in economic and financial, but also in military and political terms; the information provided was also revealing as to the pre- existing relationship of subordination between the separatist entities and the Russian Federation, which had lasted throughout the active phase of the hostilities and after the cessation of hostilities. In its report, the EU's Fact-Finding Mission had spoken of "" creeping annexation "" of South Ossetia and Abkhazia by Russia. The Court considered that the Russian Federation had exercised effective control over South Ossetia and Abkhazia (as well as a "" buffer zone "" located in undisputed Georgian territory) during the period from the date of cessation of active hostilities and the date of the official withdrawal of Russian troops. Even after that period, the strong Russian presence and the South Ossetian and Abkhazian authorities'dependency on the Russian Federation, on whom their survival depended, as was shown particularly by the cooperation and assistance agreements signed with the latter, indicated that there had been continued ""effective control"" over the two territories. The events which had occurred after the ceasefire had therefore fallen within the jurisdiction of the Russian Federation for the purposes of Article 1 of the Convention ( Georgia v. Russia (II), 2021, §§ 161-175; Georgia v. Russia (IV) (dec.), 2023, §§ 43-45).",,,,
7a059e452dbd,Article 1,2023-11-14,2024-12-19,apps:2327/20,Couso Permuy v. Spain,2327/20,"Couso Permuy v. Spain, no. 2327/20, 25 July 2024",3,I.A.4: The jurisdictional link created by the commencement of civil or criminal proceedings,minor_edit,"Thus, even if the events at the origin of a court case occurred outside the territory of the respondent State, where a person brings a civil action concerning those events before the courts of that State there is an undeniable "" jurisdictional link "" for the purposes of Article 1 of the Convention, to the extent that the rights secured under Article 6 § 1 are at stake - obviously without prejudice to the outcome of proceedings ( Marković and Others v. Italy [GC], 2006, § 54; see also Chagos Islanders v. the United Kingdom (dec.), 2012, § 66). Indeed, if the domestic law recognises a right to bring an action and if the right claimed is one which prima facie possesses the characteristics required by Article 6 of the Convention, the Court sees no reason why such domestic proceedings should not be subjected to the same level of scrutiny as any other proceedings brought at the national level. Even though the extraterritorial nature of the events alleged to have been at the origin of an action may have an effect on the applicability of Article 6 and the final outcome of the proceedings, it cannot under any circumstances affect the jurisdiction ratione loci and ratione personae of the State concerned. If civil proceedings are brought in the domestic courts, the State is required by Article 1 of the Convention to secure in those proceedings respect for the rights protected by Article 6 ( Marković and Others v. Italy [GC], 2006, §§ 53-54). In the cited case, the Court had examined the objection as to incompatibility ratione loci raised by the respondent Government, to the effect that the civil action brought by the applicants before the Italian courts had concerned events of an extraterritorial nature (an air strike by NATO forces in the Federal Republic of Yugoslavia).","Thus, even if the events at the origin of a court case occurred outside the territory of the respondent State, where a person brings a civil action concerning those events before the courts of that State there is an undeniable "" jurisdictional link "" for the purposes of Article 1 of the Convention, to the extent that the rights secured under Article 6 § 1 are at stake - obviously without prejudice to the outcome of proceedings ( Marković and Others v. Italy [GC], 2006, § 54; Couso Permuy v. Spain *, 2024, § 99; see also Chagos Islanders v. the United Kingdom (dec.), 2012, § 66). Indeed, if the domestic law recognises a right to bring an action and if the right claimed is one which prima facie possesses the characteristics required by Article 6 of the Convention, the Court sees no reason why such domestic proceedings should not be subjected to the same level of scrutiny as any other proceedings brought at the national level. Even though the extraterritorial nature of the events alleged to have been at the origin of an action may have an effect on the applicability of Article 6 and the final outcome of the proceedings, it cannot under any circumstances affect the jurisdiction ratione loci and ratione personae of the State concerned. If civil proceedings are brought in the domestic courts, the State is required by Article 1 of the Convention to secure in those proceedings respect for the rights protected by Article 6 ( Marković and Others v. Italy [GC], 2006, §§ 53-54). In the cited case, the Court had examined the objection as to incompatibility ratione loci raised by the respondent Government, to the effect that the civil action brought by the applicants before the Italian courts had concerned events of an extraterritorial nature (an air strike by NATO forces in the Federal Republic of Yugoslavia).",,,,
7a059e452dbd,Article 1,2024-12-19,2025-06-26,apps:53600/20,Verein KlimaSeniorinnen Schweiz and Others v. Switzerland [GC],53600/20,"Verein KlimaSeniorinnen Schweiz and Others v. Switzerland [GC], no. 53600/20, 9 April 2024",1,I.A.1: The territoriality principle in the traditional sense of the term,minor_edit,"In the specific context of the State's positive obligations in matters of climate change, the Court found that individuals living on the territory of a Contracting Party were within its jurisdiction for such purposes. The issue of responsibility, however, is a separate matter to be examined, if necessary, in relation to the merits of the complaint ( Verein KlimaSeniorinnen Schweiz and Others v. Switzerland [GC], no. 53600/20, § 287, 9 April 2024; Duarte Agostinho and Others v Portugal and 32 Others (dec.) [GC], 2024, § 178).","In the specific context of the State's positive obligations in matters of climate change, the Court found that individuals living on the territory of a Contracting Party were within its jurisdiction for such purposes. The issue of responsibility, however, is a separate matter to be examined, if necessary, in relation to the merits of the complaint ( Verein KlimaSeniorinnen Schweiz and Others v. Switzerland [GC], § 287, 2024; Duarte Agostinho and Others v Portugal and 32 Others (dec.) [GC], 2024, § 178).",,,,
96d370a07ab1,Article 6 Civil,2024-09-30,2025-06-26,apps:48045/15,Benghezal v. France,48045/15,"Benghezal v. France, no. 48045/15, 24 March 2022",3,I.F.7: Other Articles|II.A.1: A right that is practical and effective,citation_added|minor_edit,"In Černius and Rinkevičius v. Lithuania, 2020, § 49, the Court examined under Article 6 § 1 the applicants'complaint concerning the refusal of the domestic courts to award them legal costs after successful litigation, whereas the applicants had raised the complaint under Article 1 of Protocol No. 1 in conjunction with Article 13 of the Convention (compare Taratukhin v. Russia (dec.), 2020, § 27, and for the recovery of amounts due, see Gogić v. Croatia, 2020, § 45). In Cindrić and Bešlić v. Croatia, 2016, §§ 119-123, concerning the payment of litigation costs consisting of fees for public officials, the Court examined the complaint under both Articles (§§ 110 and 119-123; compare with Bursać and Others v. Croatia, 2022, §§ 107-108). See also Zustović v. Croatia, 2021, §§ 98-100, and Čolić v. Croatia, 2021, §§ 39-48, for a summary of the case-law.

In the specific circumstances of a case, the practical and effective nature of the right of access to a court may be impaired, for instance: ▪ by the prohibitive cost of the proceedings in view of the individual's financial capacity:  the excessive amount of security for costs in the context of an application to join criminal proceedings as a civil party ( Aït-Mouhoub v. France, 1998, §§ 57-58; García Manibardo v. Spain, 2000, §§ 38-45);  excessive court fees ( Kreuz v. Poland, 2001, §§ 60-67; Podbielski and PPU Polpure v. Poland, 2005, §§ 65-66; Weissman and Others v. Romania, 2006, § 42; Georgel and Georgeta Stoicescu v. Romania, 2011, §§ 69-70, and conversely, Reuther v. Germany (dec.), 2003). In these cases the Court considered the question of court fees that had been imposed prior to the institution of civil proceedings and had had the effect of hindering access to a court at first instance or at a subsequent stage of the proceedings for applicants who were unable to pay (contrast Tolstoy Miloslavsky v. the United Kingdom, 1995, §§ 62-67, regarding the payment of a security as a precondition for lodging an appeal). The Court has pointed out that where there is a possibility of an exemption from stamp duty for a court application following an assessment of the applicant's financial situation, the authorities must give a decision promptly ( Laçi v. Albania, 2021, §§ 53-60), and diligence is also expected of the applicant ( Elcomp sp. z o.o. v. Poland, 2021, § 41). If the State has a system for calculating court fees linked to the amount in dispute, in order to comply with Article 6 the system must be sufficiently flexible to allow for the possibility of total or partial exemption from payment or a reduction in the amount payable (see Nalbant and Others v. Turkey, 2022, §§ 39 and 40, and see §§ 41-45, where the applicant company had been forced to abandon its appeal because it was unable to pay the fees imposed on it). In Stankov v. Bulgaria, 2007, § 53, the Court held that substantial court fees imposed at the end of proceedings could also amount to a restriction on the right to a court (see, more specifically, for cases concerning the excessive length of proceedings, an acquittal or unjustified pre-trial detention, §§ 59 and 62, and a claim for compensation for assault, Čolić v. Croatia, 2021, §§ 58-59); see also, regarding the refusal to reimburse legal costs, Černius and Rinkevičius v. Lithuania, 2020, §§ 68-69 and § 74; and compare with proceedings challenging the costs payable following judicial proceedings, Taratukhin v. Russia (dec.), 2020, §§ 36 et seq. For a recent summary of the case-law, see Benghezal v. France, 2022, §§ 43-45. In cases concerning court fees, regard should also be had to the litigant's conduct ( Zubac v. Croatia [GC], 2018, § 120) or the manifest lack of any prospect of success of an action ( Marić v. Croatia (dec.), 2020, §§ 58 and 60, concerning the obligation to bear the full costs of the State's representation, and § 52, concerning the obligation for the losing party to pay litigation costs (the ""loser pays"" rule)); see also Stankiewicz v. Poland, 2006, §§ 62 et seq.; Klauz v. Croatia, 2013, §§ 77 et seq.; and Cindrić and Bešlić v. Croatia, 2016, §§ 119-123). With regard to litigation costs for proceedings that did not give rise to a decision on the merits, see Karahasanoğlu v. Turkey, 2021, §§ 136-137. Lastly, the Court has objected to the rule whereby each party has to bear its own costs regardless of the outcome of the proceedings ( Zustović v. Croatia, 2021, §§ 102-106, and see also §§ 99-100 for the State's duty to bear the cost of its errors in that context); it also examined the rule that each party was to bear its own costs without exception in Dragan Kovačević v. Croatia, 2022, §§ 67-85, and stressed the importance of giving reasons for a decision refusing to reimburse the costs incurred by the successful party (§ 83). However, the Court found no violation of Article 6 on account of a rule of domestic law which provided that costs of the litigation should be reimbursed to a party acquitted in the administrative proceedings only in cases where the relevant authorities had acted unlawfully ( Jakutavičius v. Lithuania, 2024, §§ 80 - 86). The Court noted that the applicant himself had contributed to the decision of the police to impose a sanction: although that sanction had later been annulled, the Court was unable to find that the applicant had been made to bear the mistakes of the State authorities. Thus, the fact that the applicant had to cover his own costs in the administrative-law proceedings did not violate his right of access to a court ( ibid ., §§ 84 - 85; compare with Rousounidou v. Cyprus (dec.), 2023, concerning the absence in domestic law of an arguable right to obtain reimbursement of costs incurred by a defendant acquitted in a criminal case). For the imposition of excessive court fees on a commercial company, see Nalbant and Others v. Turkey, 2022, § 39.  The imposition of fines in order to prevent a build-up of cases before the courts and to ensure the proper administration of justice is not, as such, incompatible with the right of access to a court. However, the amount of such fines is an important factor to take into account ( Sace Elektrik Ticaret ve Sanayi A.Ş. v. Turkey, 2013, §§ 26 et seq., concerning a mandatory fine of 10% of the bid in the event of an unsuccessful attempt to challenge a public auction). ▪ by issues relating to time-limits:  the time taken to hear an appeal leading to its being declared inadmissible ( Miragall Escolano and Others v. Spain, 2000, § 38; Melnyk v. Ukraine, 2006, § 26). For the unforeseeable application of a new time-limit introduced after the lodging of a complaint, in breach of the principle of legal certainty, see Çela v. Albania, 2022, §§ 34-40 and Legros and Others v. France, 2023, §§ 149 - 165. Litigants are nevertheless required to act with the requisite diligence ( Kamenova v. Bulgaria, 2018, §§ 52-55; compare Çela v. Albania, 2022, § 39).  The Court held in Ivanova and Ivashova v. Russia, 2017, that the national courts should not interpret domestic law in an inflexible manner with the effect of imposing an obligation with which litigants could not possibly comply. Requiring an appeal to be lodged within one month of the date on which the registry drew up a full copy of the court's decision - rather than the point at which the appellant actually had knowledge of the decision - amounted to making the expiry of the relevant deadline dependent on a factor entirely outside the appellant's control. The Court found that the right of appeal should have become effective from the point at which the applicant could effectively apprise herself of the full text of the decision.  limitation periods for bringing a claim (see, regarding harm to physical integrity, the case-law references cited in paragraphs 53-55 of Sanofi Pasteur v. France, 2020, including Howald Moor and Others v. Switzerland, 2014, §§ 79-80; Yagtzilar and Others v. Greece, 2001, § 27; see also the cases cited in Loste v. France, 2022, §§ 68-70). For example, the Court has found a violation of the right of access to a court in a number of cases in which the discontinuation of criminal proceedings and the resulting failure to examine a civil claim were due to a lack of diligence on the national authorities'part ( Atanasova v. Bulgaria, 2008, §§ 35-47). Excessive delays in the examination of a claim may also render the right of access to a court meaningless ( Kristiansen and Tyvik AS v. Norway, 2013).  the granting of leave to appeal out of time and the resulting acceptance of an ordinary appeal lodged after a significant period of time, for reasons that do not appear especially convincing, may entail a breach of the principle of legal certainty and the right to a court ( Magomedov and Others v. Russia, 2017, §§ 87-89, where late appeals benefiting the competent authorities were accepted following the extension without any valid reason of the time-limit for appealing).  the length of preliminary investigations, attributable to the authorities, preventing the applicant from joining criminal proceedings as a civil party claiming damages or from making a civil compensation claim ( Petrella v. Italy, 2021, §§ 51-53 and references cited).  delay by the national authorities in examining an application by the applicant (challenging the selection procedure for a post for which she had applied), with the result that the proceedings were terminated on the grounds that there was no legal interest in pursuing the application as the administrative decision at issue had expired ( Frezadou v. Greece, 2018, § 47 - compare and contrast with Sailing Club of Chalkidiki ""I Kelyfos"" v. Greece, 2019, § 72). More generally, in exceptional cases where proceedings are kept pending for an excessive period, this may impair the right of access to a court ( Kristiansen and Tyvik AS v. Norway, 2013, § 57). The unjustified lack of a decision for a particularly lengthy period by the court dealing with the case may be regarded as a denial of justice; the remedy used by the applicant may thus become deprived of all effectiveness where the court concerned does not manage to settle the dispute in good time, as required by the circumstances of the case and what is at stake ( Sailing Club of Chalkidiki ""I Kelyfos"" v. Greece, 2019, § 60). ▪ by issues relating to jurisdiction (see, for example, Arlewin v. Sweden, 2016, concerning a television programme broadcast from another European Union country) or an excessively restrictive interpretation of the scope of an association's stated aim, depriving it of its right of access to a court ( Association Burestop 55 and Others v. France, 2021, § 71). Furthermore, where an action for damages is brought against it, the State has a positive obligation to facilitate the identification of the respondent authority ( Georgel and Georgeta Stoicescu v. Romania, 2011, §§ 69-71). ▪ by issues of evidence, where the requirements for the burden of proof are overly rigid ( Tence v. Slovenia, 2016, §§ 35-38); concerning formalism in the presentation of evidence, see Efstratiou and Others v. Greece, 2020, §§ 44 et seq. ▪ by the existence of procedural bars preventing or limiting the possibilities of applying to a court:  a particularly strict interpretation by the domestic courts of a procedural rule (excessive formalism) may deprive applicants of their right of access to a court ( Zubac v. Croatia [GC], 2018, § 97; Pérez de Rada Cavanilles v. Spain, 1998, § 49; Miragall Escolano and Others v. Spain, 2000, § 38; Sotiris and Nikos Koutras ATTEE v. Greece, 2000, § 20; Běleš and Others v. the Czech Republic, 2002, § 50; RTBF v. Belgium, 2011, §§ 71-72 and 74; Miessen v. Belgium, 2016, §§ 72-74; Gil Sanjuan v. Spain, 2020, § 34; and for a constitutional court, Dos Santos Calado and Others v. Portugal, 2020, §§ 118-130), bearing in mind that an unreasonable construction of a procedural requirement impairs the right to effective judicial protection ( Miragall Escolano and Others v. Spain, 2000, § 37). The general principles established in Zubac v. Croatia [GC], 2018, §§ 80-99, also apply, mutatis mutandis, to the procedural rules of a court called upon to rule at first and last instance (see Makrylakis v. Greece, 2022, §§ 36, 38-50, which emphasises the specificity of a situation where the case is examined by a single court, § 49). As regards the retroactive application of a new admissibility criterion after an appeal has been lodged, this raises an issue concerning the principle of legal certainty ( Gil Sanjuan v. Spain, 2020, §§ 35-45); see also Çela v. Albania, 2022, §§ 34-40 and Legros and Others v. France, 2023, §§ 149 - 165).  consideration of the value of the subject matter of the dispute (ratione valoris admissibility threshold) in order to determine the jurisdiction of a higher court ( Zubac v. Croatia [GC], § 73, §§ 85-86);  the requirements linked to execution of an earlier ruling may impair the right of access to a court, for instance where the applicant's lack of funds makes it impossible for him even to begin to comply with the earlier judgment ( Annoni di Gussola and Others v. France, 2000, § 56; compare with Arvanitakis v. France (dec.), 2000);  procedural rules barring certain subjects of law from taking court proceedings ( The Holy Monasteries v. Greece, 1994, § 83; Philis v. Greece (no. 1), 1991, § 65; Lupaş and Others v. Romania, 2006, §§ 64-67; and, regarding adults lacking capacity, Stanev v. Bulgaria [GC], 2012, §§ 241-45; Nataliya Mikhaylenko v. Ukraine, 2013, § 40; Nikolyan v. Armenia, 2019; and compare with R.P. and Others v. the United Kingdom, 2012); ▪ by the limits of the judicial review available, for example where a complaint to the administrative courts against a presidential decree could only give rise to a review of compliance with external formalities in the adoption of the decree, whereas the applicant's complaint called for an examination of the merits and of the internal legality of the decree ( Kövesi v. Romania, 2020, §§ 153-154, concerning the premature removal of a prosecutor), and a fortiori by the unavailability of a judicial review (see Camelia Bogdan v. Romania, 2020, §§ 76-77, concerning the automatic temporary suspension of a judge pending the examination of her appeal against a decision to remove her from office). In the context of family-law disputes, in Plazzi v. Switzerland (§§ 44-67) and Roth v. Switzerland, 2022, (§ 77), concerning the cancellation without judicial review of the suspensive effect of appeals by fathers, thereby enabling their children to leave the country with their mothers and removing the jurisdiction of the domestic courts, the Court found a violation, emphasising that the urgency invoked had not been serious enough to justify preventing the fathers from applying to a court before the cancellation of suspensive effect became applicable (see Plazzi v. Switzerland, 2022, §§ 58-59, and the special nature of proceedings under family law). ▪ In Xavier Lucas v. France, 2022, by giving precedence to the rule that applications to the Court of Appeal had to be made electronically (e-justice), while disregarding the practical hurdles faced by the applicant in doing so, the Court of Cassation had adopted a formalistic approach which was not necessary to ensure legal certainty or the proper administration of justice and which was therefore ""excessive"" (§ 57).","The Court considers complaints about awards of legal costs under various Articles, mostly under Article 6 § 1 (in the context of the guarantee of effective access to court, see Benghezal v. France, 2022, §§ 43-45), but also under Article 13, Article 1 of Protocol no. 1, and, in the criminal-law context, under Article 6 para 2 (see Guide on Article 6 criminal, in particular Section VI-B-3 on the legal assistance and Section VI-A-1-b on the obligation of the accused to bear costs from the standpoint of the respect for the presumption of innocence). In Černius and Rinkevičius v. Lithuania, 2020, § 49, the Court examined under Article 6 § 1 the applicants'complaint concerning the refusal of the domestic courts to award them legal costs after successful litigation, whereas the applicants had raised the complaint under Article 1 of Protocol No. 1 in conjunction with Article 13 of the Convention (compare Taratukhin v. Russia (dec.), 2020, § 27, and for the recovery of amounts due, see Gogić v. Croatia, 2020, § 45). In Cindrić and Bešlić v. Croatia, 2016, §§ 119-123, concerning the payment of litigation costs consisting of fees for public officials, the Court examined the complaint under both Articles (§§ 110 and 119-123; compare with Bursać and Others v. Croatia, 2022, §§ 107-108. See also Zustović v. Croatia, 2021, §§ 98-100, and Čolić v. Croatia, 2021, §§ 39-48, for a summary of the case- law and see Moskalj v. Croatia, 2024, § 96, where the Court examined the question of legal costs only under the ""access to court"" guarantee and not under Article 1 of Protocol no. 1).

In the specific circumstances of a case, the practical and effective nature of the right of access to a court may be impaired, for instance: ▪ by the prohibitive cost of the proceedings in view of the individual's financial capacity:  the excessive amount of security for costs in the context of an application to join criminal proceedings as a civil party ( Aït-Mouhoub v. France, 1998, §§ 57-58; García Manibardo v. Spain, 2000, §§ 38-45);  excessive court fees ( Kreuz v. Poland, 2001, §§ 60-67; Podbielski and PPU Polpure v. Poland, 2005, §§ 65-66; Weissman and Others v. Romania, 2006, § 42; Georgel and Georgeta Stoicescu v. Romania, 2011, §§ 69-70, and conversely, Reuther v. Germany (dec.), 2003). In these cases the Court considered the question of court fees that had been imposed prior to the institution of civil proceedings and had had the effect of hindering access to a court at first instance or at a subsequent stage of the proceedings for applicants who were unable to pay (contrast Tolstoy Miloslavsky v. the United Kingdom, 1995, §§ 62-67, regarding the payment of a security as a precondition for lodging an appeal). The Court has pointed out that where there is a possibility of an exemption from stamp duty for a court application following an assessment of the applicant's financial situation, the authorities must give a decision promptly ( Laçi v. Albania, 2021, §§ 53-60), and diligence is also expected of the applicant ( Elcomp sp. z o.o. v. Poland, 2021, § 41). If the State has a system for calculating court fees linked to the amount in dispute, in order to comply with Article 6 the system must be sufficiently flexible to allow for the possibility of total or partial exemption from payment or a reduction in the amount payable (see Nalbant and Others v. Turkey, 2022, §§ 39 and 40, and see §§ 41-45, where the applicant company had been forced to abandon its appeal because it was unable to pay the fees imposed on it). In Stankov v. Bulgaria, 2007, § 53, the Court held that substantial court fees imposed at the end of proceedings could also amount to a restriction on the right to a court (see, more specifically, for cases concerning the excessive length of proceedings, an acquittal or unjustified pre-trial detention, §§ 59 and 62, and a claim for compensation for assault, Čolić v. Croatia, 2021, §§ 58-59); see also, regarding the refusal to reimburse legal costs, Černius and Rinkevičius v. Lithuania, 2020, §§ 68-69 and § 74; and compare with proceedings challenging the costs payable following judicial proceedings, Taratukhin v. Russia (dec.), 2020, §§ 36 et seq. For a recent summary of the case-law, see Benghezal v. France, 2022, §§ 43-45. In cases concerning court fees, regard should also be had to the litigant's conduct ( Zubac v. Croatia [GC], 2018, § 120) or the manifest lack of any prospect of success of an action ( Marić v. Croatia (dec.), 2020, §§ 58 and 60, concerning the obligation to bear the full costs of the State's representation, and § 52, concerning the obligation for the losing party to pay litigation costs (the ""loser pays"" rule)); see also Stankiewicz v. Poland, 2006, §§ 62 et seq.; Klauz v. Croatia, 2013, §§ 77 et seq.; and Cindrić and Bešlić v. Croatia, 2016, §§ 119-123). With regard to litigation costs for proceedings that did not give rise to a decision on the merits, see Karahasanoğlu v. Turkey, 2021, §§ 136-137. Lastly, the Court has objected to the rule whereby each party has to bear its own costs regardless of the outcome of the proceedings ( Zustović v. Croatia, 2021, §§ 102-106, and see also §§ 99-100 for the State's duty to bear the cost of its errors in that context); it also examined the rule that each party was to bear its own costs without exception in Dragan Kovačević v. Croatia, 2022, §§ 67-85, and stressed the importance of giving reasons for a decision refusing to reimburse the costs incurred by the successful party (§ 83). However, the Court found no violation of Article 6 on account of a rule of domestic law which provided that costs of the litigation should be reimbursed to a party acquitted in the administrative proceedings only in cases where the relevant authorities had acted unlawfully ( Jakutavičius v. Lithuania, 2024, §§ 80 - 86). The Court noted that the applicant himself had contributed to the decision of the police to impose a sanction: although that sanction had later been annulled, the Court was unable to find that the applicant had been made to bear the mistakes of the State authorities. Thus, the fact that the applicant had to cover his own costs in the administrative-law proceedings did not violate his right of access to a court ( ibid ., §§ 84 - 85; compare with Rousounidou v. Cyprus (dec.), 2023, concerning the absence in domestic law of an arguable right to obtain reimbursement of costs incurred by a defendant acquitted in a criminal case). For the imposition of excessive court fees on a commercial company, see Nalbant and Others v. Turkey, 2022, § 39. Applicants seeking exemption from court fees should act with due diligence when presenting evidence to the courts concerning their financial standing. In Centrum Handlowe Agora SP. Z O.O. v. Poland (dec.), 2024, the applicant company was required to substantiate its long-term inability to pay the court fees but failed to do so (it failed to formulate explicitly an argument relating to the seizures of its accounts). Even though the documents confirming the seizures were attached to the applicant company's application for an exemption, without any explicit argument in this regard the domestic courts could not be expected to make further inquiries in this matter: the applicant company, by not acting with due diligence, deprived the domestic courts of the opportunity to comprehensively evaluate its financial situation (§ 32).  The imposition of fines in order to prevent a build-up of cases before the courts and to ensure the proper administration of justice is not, as such, incompatible with the right of access to a court. However, the amount of such fines is an important factor to take into account ( Sace Elektrik Ticaret ve Sanayi A.Ş. v. Turkey, 2013, §§ 26 et seq., concerning a mandatory fine of 10% of the bid in the event of an unsuccessful attempt to challenge a public auction). ▪ by issues relating to time-limits:  the time taken to hear an appeal leading to its being declared inadmissible ( Miragall Escolano and Others v. Spain, 2000, § 38; Melnyk v. Ukraine, 2006, § 26). For the unforeseeable application of a new time-limit introduced after the lodging of a complaint, in breach of the principle of legal certainty, see Çela v. Albania, 2022, §§ 34-40 and Legros and Others v. France, 2023, §§ 149-165. Litigants are nevertheless required to act with the requisite diligence ( Kamenova v. Bulgaria, 2018, §§ 52-55; compare Çela v. Albania, 2022, § 39).  The Court held in Ivanova and Ivashova v. Russia, 2017, that the national courts should not interpret domestic law in an inflexible manner with the effect of imposing an obligation with which litigants could not possibly comply. Requiring an appeal to be lodged within one month of the date on which the registry drew up a full copy of the court's decision-rather than the point at which the appellant actually had knowledge of the decision-amounted to making the expiry of the relevant deadline dependent on a factor entirely outside the appellant's control. The Court found that the right of appeal should have become effective from the point at which the applicant could effectively apprise herself of the full text of the decision.  limitation periods for bringing a claim (see, regarding harm to physical integrity, the case-law references cited in paragraphs 53-55 of Sanofi Pasteur v. France, 2020, including Howald Moor and Others v. Switzerland, 2014, §§ 79-80; Yagtzilar and Others v. Greece, 2001, § 27; see also the cases cited in Loste v. France, 2022, §§ 68-70). For example, the Court has found a violation of the right of access to a court in a number of cases in which the discontinuation of criminal proceedings and the resulting failure to examine a civil claim were due to a lack of diligence on the national authorities'part ( Atanasova v. Bulgaria, 2008, §§ 35-47. Compare Fabbri and Others v. San Marino [GC], 2024). Excessive delays in the examination of a claim may also render the right of access to a court meaningless ( Kristiansen and Tyvik AS v. Norway, 2013).  the granting of leave to appeal out of time and the resulting acceptance of an ordinary appeal lodged after a significant period of time, for reasons that do not appear especially convincing, may entail a breach of the principle of legal certainty and the right to a court ( Magomedov and Others v. Russia, 2017, §§ 87-89, where late appeals benefiting the competent authorities were accepted following the extension without any valid reason of the time-limit for appealing).  the length of preliminary investigations, attributable to the authorities, preventing the applicant from joining criminal proceedings as a civil party claiming damages or from making a civil compensation claim ( Petrella v. Italy, 2021, §§ 51-53 and references cited - Compare Fabbri and Others v. San Marino [GC], 2024, §§ 137-140).  delay by the national authorities in examining an application by the applicant (challenging the selection procedure for a post for which she had applied), with the result that the proceedings were terminated on the grounds that there was no legal interest in pursuing the application as the administrative decision at issue had expired ( Frezadou v. Greece, 2018, § 47 - compare and contrast with Sailing Club of Chalkidiki ""I Kelyfos"" v. Greece, 2019, § 72). More generally, in exceptional cases where proceedings are kept pending for an excessive period, this may impair the right of access to a court ( Kristiansen and Tyvik AS v. Norway, 2013, § 57). The unjustified lack of a decision for a particularly lengthy period by the court dealing with the case may be regarded as a denial of justice; the remedy used by the applicant may thus become deprived of all effectiveness where the court concerned does not manage to settle the dispute in good time, as required by the circumstances of the case and what is at stake ( Sailing Club of Chalkidiki ""I Kelyfos"" v. Greece, 2019, § 60). ▪ by issues relating to jurisdiction (see, for example, Arlewin v. Sweden, 2016, concerning a television programme broadcast from another European Union country) or an excessively restrictive interpretation of the scope of an association's stated aim, depriving it of its right of access to a court ( Association Burestop 55 and Others v. France, 2021, § 71). Furthermore, where an action for damages is brought against it, the State has a positive obligation to facilitate the identification of the respondent authority ( Georgel and Georgeta Stoicescu v. Romania, 2011, §§ 69-71). ▪ by issues of evidence, where the requirements for the burden of proof are overly rigid ( Tence v. Slovenia, 2016, §§ 35-38); concerning formalism in the presentation of evidence, see Efstratiou and Others v. Greece, 2020, §§ 44 et seq. ▪ by the existence of procedural bars preventing or limiting the possibilities of applying to a court:  a particularly strict interpretation by the domestic courts of a procedural rule (excessive formalism) may deprive applicants of their right of access to a court ( Zubac v. Croatia [GC], 2018, § 97; Pérez de Rada Cavanilles v. Spain, 1998, § 49; Miragall Escolano and Others v. Spain, 2000, § 38; Sotiris and Nikos Koutras ATTEE v. Greece, 2000, § 20; Běleš and Others v. the Czech Republic, 2002, § 50; RTBF v. Belgium, 2011, §§ 71-72 and 74; Miessen v. Belgium, 2016, §§ 72-74; Gil Sanjuan v. Spain, 2020, § 34; and for a constitutional court, Dos Santos Calado and Others v. Portugal, 2020, §§ 118-130), bearing in mind that an unreasonable construction of a procedural requirement impairs the right to effective judicial protection ( Miragall Escolano and Others v. Spain, 2000, § 37). The general principles established in Zubac v. Croatia [GC], 2018, §§ 80-99, also apply, mutatis mutandis, to the procedural rules of a court called upon to rule at first and last instance (see Makrylakis v. Greece, 2022, §§ 36, 38-50, which emphasises the specificity of a situation where the case is examined by a single court, § 49). As regards the retroactive application of a new admissibility criterion after an appeal has been lodged, this raises an issue concerning the principle of legal certainty ( Gil Sanjuan v. Spain, 2020, §§ 35-45); see also Çela v. Albania, 2022, §§ 34-40 and Legros and Others v. France, 2023, §§ 149-165).  consideration of the value of the subject matter of the dispute (ratione valoris admissibility threshold) in order to determine the jurisdiction of a higher court ( Zubac v. Croatia [GC], § 73, §§ 85-86);  the requirements linked to execution of an earlier ruling may impair the right of access to a court, for instance where the applicant's lack of funds makes it impossible for him even to begin to comply with the earlier judgment ( Annoni di Gussola and Others v. France, 2000, § 56; compare with Arvanitakis v. France (dec.), 2000);  procedural rules barring certain subjects of law from taking court proceedings ( The Holy Monasteries v. Greece, 1994, § 83; Philis v. Greece (no. 1), 1991, § 65; Lupaş and Others v. Romania, 2006, §§ 64-67; and, regarding adults lacking capacity, Stanev v. Bulgaria [GC], 2012, §§ 241-45; Nataliya Mikhaylenko v. Ukraine, 2013, § 40; Nikolyan v. Armenia, 2019; and compare with R.P. and Others v. the United Kingdom, 2012); ▪ by the limits of the judicial review available, for example where a complaint to the administrative courts against a presidential decree could only give rise to a review of compliance with external formalities in the adoption of the decree, whereas the applicant's complaint called for an examination of the merits and of the internal legality of the decree ( Kövesi v. Romania, 2020, §§ 153-154, concerning the premature removal of a prosecutor), and a fortiori by the unavailability of a judicial review (see Camelia Bogdan v. Romania, 2020, §§ 76-77, concerning the automatic temporary suspension of a judge pending the examination of her appeal against a decision to remove her from office). In the context of family-law disputes, in Plazzi v. Switzerland (§§ 44-67) and Roth v. Switzerland, 2022, (§ 77), concerning the cancellation without judicial review of the suspensive effect of appeals by fathers, thereby enabling their children to leave the country with their mothers and removing the jurisdiction of the domestic courts, the Court found a violation, emphasising that the urgency invoked had not been serious enough to justify preventing the fathers from applying to a court before the cancellation of suspensive effect became applicable (see Plazzi v. Switzerland, 2022, §§ 58-59, and the special nature of proceedings under family law). ▪ In Xavier Lucas v. France, 2022, by giving precedence to the rule that applications to the Court of Appeal had to be made electronically (e-justice), while disregarding the practical hurdles faced by the applicant in doing so, the Court of Cassation had adopted a formalistic approach which was not necessary to ensure legal certainty or the proper administration of justice and which was therefore ""excessive"" (§ 57).",,,,
96d370a07ab1,Article 6 Civil,2024-09-30,2025-06-26,apps:8928/13,Centrum Handlowe Agora SP. Z O.O. v. Poland (dec.),8928/13,"Centrum Handlowe Agora SP. Z O.O. v. Poland (dec.), no. 8928/13, 20 February 2024",4,II.A.1: A right that is practical and effective,minor_edit,"In the specific circumstances of a case, the practical and effective nature of the right of access to a court may be impaired, for instance: ▪ by the prohibitive cost of the proceedings in view of the individual's financial capacity:  the excessive amount of security for costs in the context of an application to join criminal proceedings as a civil party ( Aït-Mouhoub v. France, 1998, §§ 57-58; García Manibardo v. Spain, 2000, §§ 38-45);  excessive court fees ( Kreuz v. Poland, 2001, §§ 60-67; Podbielski and PPU Polpure v. Poland, 2005, §§ 65-66; Weissman and Others v. Romania, 2006, § 42; Georgel and Georgeta Stoicescu v. Romania, 2011, §§ 69-70, and conversely, Reuther v. Germany (dec.), 2003). In these cases the Court considered the question of court fees that had been imposed prior to the institution of civil proceedings and had had the effect of hindering access to a court at first instance or at a subsequent stage of the proceedings for applicants who were unable to pay (contrast Tolstoy Miloslavsky v. the United Kingdom, 1995, §§ 62-67, regarding the payment of a security as a precondition for lodging an appeal). The Court has pointed out that where there is a possibility of an exemption from stamp duty for a court application following an assessment of the applicant's financial situation, the authorities must give a decision promptly ( Laçi v. Albania, 2021, §§ 53-60), and diligence is also expected of the applicant ( Elcomp sp. z o.o. v. Poland, 2021, § 41). If the State has a system for calculating court fees linked to the amount in dispute, in order to comply with Article 6 the system must be sufficiently flexible to allow for the possibility of total or partial exemption from payment or a reduction in the amount payable (see Nalbant and Others v. Turkey, 2022, §§ 39 and 40, and see §§ 41-45, where the applicant company had been forced to abandon its appeal because it was unable to pay the fees imposed on it). In Stankov v. Bulgaria, 2007, § 53, the Court held that substantial court fees imposed at the end of proceedings could also amount to a restriction on the right to a court (see, more specifically, for cases concerning the excessive length of proceedings, an acquittal or unjustified pre-trial detention, §§ 59 and 62, and a claim for compensation for assault, Čolić v. Croatia, 2021, §§ 58-59); see also, regarding the refusal to reimburse legal costs, Černius and Rinkevičius v. Lithuania, 2020, §§ 68-69 and § 74; and compare with proceedings challenging the costs payable following judicial proceedings, Taratukhin v. Russia (dec.), 2020, §§ 36 et seq. For a recent summary of the case-law, see Benghezal v. France, 2022, §§ 43-45. In cases concerning court fees, regard should also be had to the litigant's conduct ( Zubac v. Croatia [GC], 2018, § 120) or the manifest lack of any prospect of success of an action ( Marić v. Croatia (dec.), 2020, §§ 58 and 60, concerning the obligation to bear the full costs of the State's representation, and § 52, concerning the obligation for the losing party to pay litigation costs (the ""loser pays"" rule)); see also Stankiewicz v. Poland, 2006, §§ 62 et seq.; Klauz v. Croatia, 2013, §§ 77 et seq.; and Cindrić and Bešlić v. Croatia, 2016, §§ 119-123). With regard to litigation costs for proceedings that did not give rise to a decision on the merits, see Karahasanoğlu v. Turkey, 2021, §§ 136-137. Lastly, the Court has objected to the rule whereby each party has to bear its own costs regardless of the outcome of the proceedings ( Zustović v. Croatia, 2021, §§ 102-106, and see also §§ 99-100 for the State's duty to bear the cost of its errors in that context); it also examined the rule that each party was to bear its own costs without exception in Dragan Kovačević v. Croatia, 2022, §§ 67-85, and stressed the importance of giving reasons for a decision refusing to reimburse the costs incurred by the successful party (§ 83). However, the Court found no violation of Article 6 on account of a rule of domestic law which provided that costs of the litigation should be reimbursed to a party acquitted in the administrative proceedings only in cases where the relevant authorities had acted unlawfully ( Jakutavičius v. Lithuania, 2024, §§ 80 - 86). The Court noted that the applicant himself had contributed to the decision of the police to impose a sanction: although that sanction had later been annulled, the Court was unable to find that the applicant had been made to bear the mistakes of the State authorities. Thus, the fact that the applicant had to cover his own costs in the administrative-law proceedings did not violate his right of access to a court ( ibid ., §§ 84 - 85; compare with Rousounidou v. Cyprus (dec.), 2023, concerning the absence in domestic law of an arguable right to obtain reimbursement of costs incurred by a defendant acquitted in a criminal case). For the imposition of excessive court fees on a commercial company, see Nalbant and Others v. Turkey, 2022, § 39.  The imposition of fines in order to prevent a build-up of cases before the courts and to ensure the proper administration of justice is not, as such, incompatible with the right of access to a court. However, the amount of such fines is an important factor to take into account ( Sace Elektrik Ticaret ve Sanayi A.Ş. v. Turkey, 2013, §§ 26 et seq., concerning a mandatory fine of 10% of the bid in the event of an unsuccessful attempt to challenge a public auction). ▪ by issues relating to time-limits:  the time taken to hear an appeal leading to its being declared inadmissible ( Miragall Escolano and Others v. Spain, 2000, § 38; Melnyk v. Ukraine, 2006, § 26). For the unforeseeable application of a new time-limit introduced after the lodging of a complaint, in breach of the principle of legal certainty, see Çela v. Albania, 2022, §§ 34-40 and Legros and Others v. France, 2023, §§ 149 - 165. Litigants are nevertheless required to act with the requisite diligence ( Kamenova v. Bulgaria, 2018, §§ 52-55; compare Çela v. Albania, 2022, § 39).  The Court held in Ivanova and Ivashova v. Russia, 2017, that the national courts should not interpret domestic law in an inflexible manner with the effect of imposing an obligation with which litigants could not possibly comply. Requiring an appeal to be lodged within one month of the date on which the registry drew up a full copy of the court's decision - rather than the point at which the appellant actually had knowledge of the decision - amounted to making the expiry of the relevant deadline dependent on a factor entirely outside the appellant's control. The Court found that the right of appeal should have become effective from the point at which the applicant could effectively apprise herself of the full text of the decision.  limitation periods for bringing a claim (see, regarding harm to physical integrity, the case-law references cited in paragraphs 53-55 of Sanofi Pasteur v. France, 2020, including Howald Moor and Others v. Switzerland, 2014, §§ 79-80; Yagtzilar and Others v. Greece, 2001, § 27; see also the cases cited in Loste v. France, 2022, §§ 68-70). For example, the Court has found a violation of the right of access to a court in a number of cases in which the discontinuation of criminal proceedings and the resulting failure to examine a civil claim were due to a lack of diligence on the national authorities'part ( Atanasova v. Bulgaria, 2008, §§ 35-47). Excessive delays in the examination of a claim may also render the right of access to a court meaningless ( Kristiansen and Tyvik AS v. Norway, 2013).  the granting of leave to appeal out of time and the resulting acceptance of an ordinary appeal lodged after a significant period of time, for reasons that do not appear especially convincing, may entail a breach of the principle of legal certainty and the right to a court ( Magomedov and Others v. Russia, 2017, §§ 87-89, where late appeals benefiting the competent authorities were accepted following the extension without any valid reason of the time-limit for appealing).  the length of preliminary investigations, attributable to the authorities, preventing the applicant from joining criminal proceedings as a civil party claiming damages or from making a civil compensation claim ( Petrella v. Italy, 2021, §§ 51-53 and references cited).  delay by the national authorities in examining an application by the applicant (challenging the selection procedure for a post for which she had applied), with the result that the proceedings were terminated on the grounds that there was no legal interest in pursuing the application as the administrative decision at issue had expired ( Frezadou v. Greece, 2018, § 47 - compare and contrast with Sailing Club of Chalkidiki ""I Kelyfos"" v. Greece, 2019, § 72). More generally, in exceptional cases where proceedings are kept pending for an excessive period, this may impair the right of access to a court ( Kristiansen and Tyvik AS v. Norway, 2013, § 57). The unjustified lack of a decision for a particularly lengthy period by the court dealing with the case may be regarded as a denial of justice; the remedy used by the applicant may thus become deprived of all effectiveness where the court concerned does not manage to settle the dispute in good time, as required by the circumstances of the case and what is at stake ( Sailing Club of Chalkidiki ""I Kelyfos"" v. Greece, 2019, § 60). ▪ by issues relating to jurisdiction (see, for example, Arlewin v. Sweden, 2016, concerning a television programme broadcast from another European Union country) or an excessively restrictive interpretation of the scope of an association's stated aim, depriving it of its right of access to a court ( Association Burestop 55 and Others v. France, 2021, § 71). Furthermore, where an action for damages is brought against it, the State has a positive obligation to facilitate the identification of the respondent authority ( Georgel and Georgeta Stoicescu v. Romania, 2011, §§ 69-71). ▪ by issues of evidence, where the requirements for the burden of proof are overly rigid ( Tence v. Slovenia, 2016, §§ 35-38); concerning formalism in the presentation of evidence, see Efstratiou and Others v. Greece, 2020, §§ 44 et seq. ▪ by the existence of procedural bars preventing or limiting the possibilities of applying to a court:  a particularly strict interpretation by the domestic courts of a procedural rule (excessive formalism) may deprive applicants of their right of access to a court ( Zubac v. Croatia [GC], 2018, § 97; Pérez de Rada Cavanilles v. Spain, 1998, § 49; Miragall Escolano and Others v. Spain, 2000, § 38; Sotiris and Nikos Koutras ATTEE v. Greece, 2000, § 20; Běleš and Others v. the Czech Republic, 2002, § 50; RTBF v. Belgium, 2011, §§ 71-72 and 74; Miessen v. Belgium, 2016, §§ 72-74; Gil Sanjuan v. Spain, 2020, § 34; and for a constitutional court, Dos Santos Calado and Others v. Portugal, 2020, §§ 118-130), bearing in mind that an unreasonable construction of a procedural requirement impairs the right to effective judicial protection ( Miragall Escolano and Others v. Spain, 2000, § 37). The general principles established in Zubac v. Croatia [GC], 2018, §§ 80-99, also apply, mutatis mutandis, to the procedural rules of a court called upon to rule at first and last instance (see Makrylakis v. Greece, 2022, §§ 36, 38-50, which emphasises the specificity of a situation where the case is examined by a single court, § 49). As regards the retroactive application of a new admissibility criterion after an appeal has been lodged, this raises an issue concerning the principle of legal certainty ( Gil Sanjuan v. Spain, 2020, §§ 35-45); see also Çela v. Albania, 2022, §§ 34-40 and Legros and Others v. France, 2023, §§ 149 - 165).  consideration of the value of the subject matter of the dispute (ratione valoris admissibility threshold) in order to determine the jurisdiction of a higher court ( Zubac v. Croatia [GC], § 73, §§ 85-86);  the requirements linked to execution of an earlier ruling may impair the right of access to a court, for instance where the applicant's lack of funds makes it impossible for him even to begin to comply with the earlier judgment ( Annoni di Gussola and Others v. France, 2000, § 56; compare with Arvanitakis v. France (dec.), 2000);  procedural rules barring certain subjects of law from taking court proceedings ( The Holy Monasteries v. Greece, 1994, § 83; Philis v. Greece (no. 1), 1991, § 65; Lupaş and Others v. Romania, 2006, §§ 64-67; and, regarding adults lacking capacity, Stanev v. Bulgaria [GC], 2012, §§ 241-45; Nataliya Mikhaylenko v. Ukraine, 2013, § 40; Nikolyan v. Armenia, 2019; and compare with R.P. and Others v. the United Kingdom, 2012); ▪ by the limits of the judicial review available, for example where a complaint to the administrative courts against a presidential decree could only give rise to a review of compliance with external formalities in the adoption of the decree, whereas the applicant's complaint called for an examination of the merits and of the internal legality of the decree ( Kövesi v. Romania, 2020, §§ 153-154, concerning the premature removal of a prosecutor), and a fortiori by the unavailability of a judicial review (see Camelia Bogdan v. Romania, 2020, §§ 76-77, concerning the automatic temporary suspension of a judge pending the examination of her appeal against a decision to remove her from office). In the context of family-law disputes, in Plazzi v. Switzerland (§§ 44-67) and Roth v. Switzerland, 2022, (§ 77), concerning the cancellation without judicial review of the suspensive effect of appeals by fathers, thereby enabling their children to leave the country with their mothers and removing the jurisdiction of the domestic courts, the Court found a violation, emphasising that the urgency invoked had not been serious enough to justify preventing the fathers from applying to a court before the cancellation of suspensive effect became applicable (see Plazzi v. Switzerland, 2022, §§ 58-59, and the special nature of proceedings under family law). ▪ In Xavier Lucas v. France, 2022, by giving precedence to the rule that applications to the Court of Appeal had to be made electronically (e-justice), while disregarding the practical hurdles faced by the applicant in doing so, the Court of Cassation had adopted a formalistic approach which was not necessary to ensure legal certainty or the proper administration of justice and which was therefore ""excessive"" (§ 57).","In the specific circumstances of a case, the practical and effective nature of the right of access to a court may be impaired, for instance: ▪ by the prohibitive cost of the proceedings in view of the individual's financial capacity:  the excessive amount of security for costs in the context of an application to join criminal proceedings as a civil party ( Aït-Mouhoub v. France, 1998, §§ 57-58; García Manibardo v. Spain, 2000, §§ 38-45);  excessive court fees ( Kreuz v. Poland, 2001, §§ 60-67; Podbielski and PPU Polpure v. Poland, 2005, §§ 65-66; Weissman and Others v. Romania, 2006, § 42; Georgel and Georgeta Stoicescu v. Romania, 2011, §§ 69-70, and conversely, Reuther v. Germany (dec.), 2003). In these cases the Court considered the question of court fees that had been imposed prior to the institution of civil proceedings and had had the effect of hindering access to a court at first instance or at a subsequent stage of the proceedings for applicants who were unable to pay (contrast Tolstoy Miloslavsky v. the United Kingdom, 1995, §§ 62-67, regarding the payment of a security as a precondition for lodging an appeal). The Court has pointed out that where there is a possibility of an exemption from stamp duty for a court application following an assessment of the applicant's financial situation, the authorities must give a decision promptly ( Laçi v. Albania, 2021, §§ 53-60), and diligence is also expected of the applicant ( Elcomp sp. z o.o. v. Poland, 2021, § 41). If the State has a system for calculating court fees linked to the amount in dispute, in order to comply with Article 6 the system must be sufficiently flexible to allow for the possibility of total or partial exemption from payment or a reduction in the amount payable (see Nalbant and Others v. Turkey, 2022, §§ 39 and 40, and see §§ 41-45, where the applicant company had been forced to abandon its appeal because it was unable to pay the fees imposed on it). In Stankov v. Bulgaria, 2007, § 53, the Court held that substantial court fees imposed at the end of proceedings could also amount to a restriction on the right to a court (see, more specifically, for cases concerning the excessive length of proceedings, an acquittal or unjustified pre-trial detention, §§ 59 and 62, and a claim for compensation for assault, Čolić v. Croatia, 2021, §§ 58-59); see also, regarding the refusal to reimburse legal costs, Černius and Rinkevičius v. Lithuania, 2020, §§ 68-69 and § 74; and compare with proceedings challenging the costs payable following judicial proceedings, Taratukhin v. Russia (dec.), 2020, §§ 36 et seq. For a recent summary of the case-law, see Benghezal v. France, 2022, §§ 43-45. In cases concerning court fees, regard should also be had to the litigant's conduct ( Zubac v. Croatia [GC], 2018, § 120) or the manifest lack of any prospect of success of an action ( Marić v. Croatia (dec.), 2020, §§ 58 and 60, concerning the obligation to bear the full costs of the State's representation, and § 52, concerning the obligation for the losing party to pay litigation costs (the ""loser pays"" rule)); see also Stankiewicz v. Poland, 2006, §§ 62 et seq.; Klauz v. Croatia, 2013, §§ 77 et seq.; and Cindrić and Bešlić v. Croatia, 2016, §§ 119-123). With regard to litigation costs for proceedings that did not give rise to a decision on the merits, see Karahasanoğlu v. Turkey, 2021, §§ 136-137. Lastly, the Court has objected to the rule whereby each party has to bear its own costs regardless of the outcome of the proceedings ( Zustović v. Croatia, 2021, §§ 102-106, and see also §§ 99-100 for the State's duty to bear the cost of its errors in that context); it also examined the rule that each party was to bear its own costs without exception in Dragan Kovačević v. Croatia, 2022, §§ 67-85, and stressed the importance of giving reasons for a decision refusing to reimburse the costs incurred by the successful party (§ 83). However, the Court found no violation of Article 6 on account of a rule of domestic law which provided that costs of the litigation should be reimbursed to a party acquitted in the administrative proceedings only in cases where the relevant authorities had acted unlawfully ( Jakutavičius v. Lithuania, 2024, §§ 80 - 86). The Court noted that the applicant himself had contributed to the decision of the police to impose a sanction: although that sanction had later been annulled, the Court was unable to find that the applicant had been made to bear the mistakes of the State authorities. Thus, the fact that the applicant had to cover his own costs in the administrative-law proceedings did not violate his right of access to a court ( ibid ., §§ 84 - 85; compare with Rousounidou v. Cyprus (dec.), 2023, concerning the absence in domestic law of an arguable right to obtain reimbursement of costs incurred by a defendant acquitted in a criminal case). For the imposition of excessive court fees on a commercial company, see Nalbant and Others v. Turkey, 2022, § 39. Applicants seeking exemption from court fees should act with due diligence when presenting evidence to the courts concerning their financial standing. In Centrum Handlowe Agora SP. Z O.O. v. Poland (dec.), 2024, the applicant company was required to substantiate its long-term inability to pay the court fees but failed to do so (it failed to formulate explicitly an argument relating to the seizures of its accounts). Even though the documents confirming the seizures were attached to the applicant company's application for an exemption, without any explicit argument in this regard the domestic courts could not be expected to make further inquiries in this matter: the applicant company, by not acting with due diligence, deprived the domestic courts of the opportunity to comprehensively evaluate its financial situation (§ 32).  The imposition of fines in order to prevent a build-up of cases before the courts and to ensure the proper administration of justice is not, as such, incompatible with the right of access to a court. However, the amount of such fines is an important factor to take into account ( Sace Elektrik Ticaret ve Sanayi A.Ş. v. Turkey, 2013, §§ 26 et seq., concerning a mandatory fine of 10% of the bid in the event of an unsuccessful attempt to challenge a public auction). ▪ by issues relating to time-limits:  the time taken to hear an appeal leading to its being declared inadmissible ( Miragall Escolano and Others v. Spain, 2000, § 38; Melnyk v. Ukraine, 2006, § 26). For the unforeseeable application of a new time-limit introduced after the lodging of a complaint, in breach of the principle of legal certainty, see Çela v. Albania, 2022, §§ 34-40 and Legros and Others v. France, 2023, §§ 149-165. Litigants are nevertheless required to act with the requisite diligence ( Kamenova v. Bulgaria, 2018, §§ 52-55; compare Çela v. Albania, 2022, § 39).  The Court held in Ivanova and Ivashova v. Russia, 2017, that the national courts should not interpret domestic law in an inflexible manner with the effect of imposing an obligation with which litigants could not possibly comply. Requiring an appeal to be lodged within one month of the date on which the registry drew up a full copy of the court's decision-rather than the point at which the appellant actually had knowledge of the decision-amounted to making the expiry of the relevant deadline dependent on a factor entirely outside the appellant's control. The Court found that the right of appeal should have become effective from the point at which the applicant could effectively apprise herself of the full text of the decision.  limitation periods for bringing a claim (see, regarding harm to physical integrity, the case-law references cited in paragraphs 53-55 of Sanofi Pasteur v. France, 2020, including Howald Moor and Others v. Switzerland, 2014, §§ 79-80; Yagtzilar and Others v. Greece, 2001, § 27; see also the cases cited in Loste v. France, 2022, §§ 68-70). For example, the Court has found a violation of the right of access to a court in a number of cases in which the discontinuation of criminal proceedings and the resulting failure to examine a civil claim were due to a lack of diligence on the national authorities'part ( Atanasova v. Bulgaria, 2008, §§ 35-47. Compare Fabbri and Others v. San Marino [GC], 2024). Excessive delays in the examination of a claim may also render the right of access to a court meaningless ( Kristiansen and Tyvik AS v. Norway, 2013).  the granting of leave to appeal out of time and the resulting acceptance of an ordinary appeal lodged after a significant period of time, for reasons that do not appear especially convincing, may entail a breach of the principle of legal certainty and the right to a court ( Magomedov and Others v. Russia, 2017, §§ 87-89, where late appeals benefiting the competent authorities were accepted following the extension without any valid reason of the time-limit for appealing).  the length of preliminary investigations, attributable to the authorities, preventing the applicant from joining criminal proceedings as a civil party claiming damages or from making a civil compensation claim ( Petrella v. Italy, 2021, §§ 51-53 and references cited - Compare Fabbri and Others v. San Marino [GC], 2024, §§ 137-140).  delay by the national authorities in examining an application by the applicant (challenging the selection procedure for a post for which she had applied), with the result that the proceedings were terminated on the grounds that there was no legal interest in pursuing the application as the administrative decision at issue had expired ( Frezadou v. Greece, 2018, § 47 - compare and contrast with Sailing Club of Chalkidiki ""I Kelyfos"" v. Greece, 2019, § 72). More generally, in exceptional cases where proceedings are kept pending for an excessive period, this may impair the right of access to a court ( Kristiansen and Tyvik AS v. Norway, 2013, § 57). The unjustified lack of a decision for a particularly lengthy period by the court dealing with the case may be regarded as a denial of justice; the remedy used by the applicant may thus become deprived of all effectiveness where the court concerned does not manage to settle the dispute in good time, as required by the circumstances of the case and what is at stake ( Sailing Club of Chalkidiki ""I Kelyfos"" v. Greece, 2019, § 60). ▪ by issues relating to jurisdiction (see, for example, Arlewin v. Sweden, 2016, concerning a television programme broadcast from another European Union country) or an excessively restrictive interpretation of the scope of an association's stated aim, depriving it of its right of access to a court ( Association Burestop 55 and Others v. France, 2021, § 71). Furthermore, where an action for damages is brought against it, the State has a positive obligation to facilitate the identification of the respondent authority ( Georgel and Georgeta Stoicescu v. Romania, 2011, §§ 69-71). ▪ by issues of evidence, where the requirements for the burden of proof are overly rigid ( Tence v. Slovenia, 2016, §§ 35-38); concerning formalism in the presentation of evidence, see Efstratiou and Others v. Greece, 2020, §§ 44 et seq. ▪ by the existence of procedural bars preventing or limiting the possibilities of applying to a court:  a particularly strict interpretation by the domestic courts of a procedural rule (excessive formalism) may deprive applicants of their right of access to a court ( Zubac v. Croatia [GC], 2018, § 97; Pérez de Rada Cavanilles v. Spain, 1998, § 49; Miragall Escolano and Others v. Spain, 2000, § 38; Sotiris and Nikos Koutras ATTEE v. Greece, 2000, § 20; Běleš and Others v. the Czech Republic, 2002, § 50; RTBF v. Belgium, 2011, §§ 71-72 and 74; Miessen v. Belgium, 2016, §§ 72-74; Gil Sanjuan v. Spain, 2020, § 34; and for a constitutional court, Dos Santos Calado and Others v. Portugal, 2020, §§ 118-130), bearing in mind that an unreasonable construction of a procedural requirement impairs the right to effective judicial protection ( Miragall Escolano and Others v. Spain, 2000, § 37). The general principles established in Zubac v. Croatia [GC], 2018, §§ 80-99, also apply, mutatis mutandis, to the procedural rules of a court called upon to rule at first and last instance (see Makrylakis v. Greece, 2022, §§ 36, 38-50, which emphasises the specificity of a situation where the case is examined by a single court, § 49). As regards the retroactive application of a new admissibility criterion after an appeal has been lodged, this raises an issue concerning the principle of legal certainty ( Gil Sanjuan v. Spain, 2020, §§ 35-45); see also Çela v. Albania, 2022, §§ 34-40 and Legros and Others v. France, 2023, §§ 149-165).  consideration of the value of the subject matter of the dispute (ratione valoris admissibility threshold) in order to determine the jurisdiction of a higher court ( Zubac v. Croatia [GC], § 73, §§ 85-86);  the requirements linked to execution of an earlier ruling may impair the right of access to a court, for instance where the applicant's lack of funds makes it impossible for him even to begin to comply with the earlier judgment ( Annoni di Gussola and Others v. France, 2000, § 56; compare with Arvanitakis v. France (dec.), 2000);  procedural rules barring certain subjects of law from taking court proceedings ( The Holy Monasteries v. Greece, 1994, § 83; Philis v. Greece (no. 1), 1991, § 65; Lupaş and Others v. Romania, 2006, §§ 64-67; and, regarding adults lacking capacity, Stanev v. Bulgaria [GC], 2012, §§ 241-45; Nataliya Mikhaylenko v. Ukraine, 2013, § 40; Nikolyan v. Armenia, 2019; and compare with R.P. and Others v. the United Kingdom, 2012); ▪ by the limits of the judicial review available, for example where a complaint to the administrative courts against a presidential decree could only give rise to a review of compliance with external formalities in the adoption of the decree, whereas the applicant's complaint called for an examination of the merits and of the internal legality of the decree ( Kövesi v. Romania, 2020, §§ 153-154, concerning the premature removal of a prosecutor), and a fortiori by the unavailability of a judicial review (see Camelia Bogdan v. Romania, 2020, §§ 76-77, concerning the automatic temporary suspension of a judge pending the examination of her appeal against a decision to remove her from office). In the context of family-law disputes, in Plazzi v. Switzerland (§§ 44-67) and Roth v. Switzerland, 2022, (§ 77), concerning the cancellation without judicial review of the suspensive effect of appeals by fathers, thereby enabling their children to leave the country with their mothers and removing the jurisdiction of the domestic courts, the Court found a violation, emphasising that the urgency invoked had not been serious enough to justify preventing the fathers from applying to a court before the cancellation of suspensive effect became applicable (see Plazzi v. Switzerland, 2022, §§ 58-59, and the special nature of proceedings under family law). ▪ In Xavier Lucas v. France, 2022, by giving precedence to the rule that applications to the Court of Appeal had to be made electronically (e-justice), while disregarding the practical hurdles faced by the applicant in doing so, the Court of Cassation had adopted a formalistic approach which was not necessary to ensure legal certainty or the proper administration of justice and which was therefore ""excessive"" (§ 57).",,,,
96d370a07ab1,Article 6 Civil,2025-06-26,2026-02-17,apps:22077/19,Green v. the United Kingdom,22077/19,"Green v. the United Kingdom, no. 22077/19, 8 April 2025",1,"II.A.2: Limitations: court fees, time-limits, mandatory legal representation, immunities etc.",minor_edit,"Parliamentary immunity: it is a long-standing practice for States generally to confer varying degrees of immunity on parliamentarians, with the aim of allowing free speech for representatives of the people and preventing partisan complaints from interfering with parliamentary functions (see the summary of the relevant principles in Bakoyanni v. Greece, 2022, §§ 58-62; C.G.I.L. and Cofferati v. Italy (no. 2), 2010, § 44). Hence, parliamentary immunity may be compatible with Article 6, provided that it: ▪ pursues legitimate aims: protecting free speech in Parliament and maintaining the separation of powers between the legislature and the judiciary ( A. v. the United Kingdom, 2002, §§ 75-77 and 79); ▪ is not disproportionate to the aims sought to be achieved (if the person concerned has reasonable alternative means to protect effectively his or her rights ( ibid., § 86) and immunity attaches only to the exercise of parliamentary functions ( ibid., § 84; Zollmann v. the United Kingdom (dec.), 2010). A lack of any clear connection with parliamentary activity calls for a narrow interpretation of the concept of proportionality between the aim sought to be achieved and the means employed ( Cordova v. Italy (no. 2), 2003, § 64; Syngelidis v. Greece, 2010, § 44 and the case-law references cited). Individuals'right of access to a court cannot be restricted in a manner incompatible with Article 6 § 1 whenever the impugned remarks were made by a member of Parliament ( Cordova v. Italy (no. 1), 2003, § 63; C.G.I.L. and Cofferati v. Italy (no. 2), 2010, §§ 46-50, where, in addition, the victims did not have any reasonable alternative means to protect their rights).","Parliamentary immunity: it is a long-standing practice for States generally to confer varying degrees of immunity on parliamentarians, with the aim of allowing free speech for representatives of the people and preventing partisan complaints from interfering with parliamentary functions (see the summary of the relevant principles in Bakoyanni v. Greece, 2022, §§ 58-62; C.G.I.L. and Cofferati v. Italy (no. 2), 2010, § 44). The regulation of parliamentary immunity belongs to the realm of parliamentary law, in respect of which a wide margin of appreciation is left to member States ( Green v. the United Kingdom, 2025, § 77). Hence, parliamentary immunity may be compatible with Article 6, provided that it: ▪ pursues legitimate aims: protecting free speech in Parliament and maintaining the separation of powers between the legislature and the judiciary ( A. v. the United Kingdom, 2002, §§ 75-77 and 79); ▪ is not disproportionate to the aims sought to be achieved (if the person concerned has reasonable alternative means to protect effectively his or her rights ( ibid., § 86) and immunity attaches only to the exercise of parliamentary functions ( ibid., § 84; Zollmann v. the United Kingdom (dec.), 2010). A lack of any clear connection with parliamentary activity calls for a narrow interpretation of the concept of proportionality between the aim sought to be achieved and the means employed ( Cordova v. Italy (no. 2), 2003, § 64; Syngelidis v. Greece, 2010, § 44 and the case-law references cited). Individuals'right of access to a court cannot be restricted in a manner incompatible with Article 6 §1 whenever the impugned remarks were made by a member of Parliament ( Cordova v. Italy (no. 1), 2003, § 63; C.G.I.L. and Cofferati v. Italy (no. 2), 2010, §§ 46-50, where, in addition, the victims did not have any reasonable alternative means to protect their rights). For the Court to compel national authorities to provide for a legal remedy against the use of parliamentary privilege would be incompatible with the wide margin of appreciation afforded to member States in such matters ( Green v. the United Kingdom, 2025, § 101).",,,,
96d370a07ab1,Article 6 Civil,2025-06-26,2026-02-17,apps:30671/08,Maširević v. Serbia,30671/08,"Maširević v. Serbia, no. 30671/08, 11 February 2014",3,"II.A.2: Limitations: court fees, time-limits, mandatory legal representation, immunities etc.",minor_edit,"Where access to a court is restricted by law or in practice, the Court examines whether the restriction affects the substance of the right and, in particular, whether it pursues a "" legitimate aim "" (which must be indicated by the respondent Government: Oorzhak v. Russia, 2021, §§ 20-22) and whether there is a reasonable relationship of proportionality between the means employed and the aim sought to be achieved: Ashingdane v. the United Kingdom, 1985, § 57. With regard to the proportionality of the restriction, the scope of the State's margin of appreciation may depend, inter alia, on the relevant international law in this area ( Naït-Liman v. Switzerland [GC], 2018, §§ 173-174). That being said, even common procedural limitations may disproportionately restrict access to court according to the circumstances of the case. Thus, for example, while mandatory legal representation was seen as acceptable in the proceedings before the court of cassation ( Maširević v. Serbia, 2014, § 47), in Kitanovska and Barbulovski v. North Macedonia, 2023, the Court found that that the cost of hiring a lawyer to present a simple and repetitive case before a court of first instance had been too high, compared to the value of the claim. Moreover, the first instance court had no power to exempt the claimant from such costs and did not allow her to re-submit her claim through a lawyer. In such circumstances, the requirement of mandatory legal representation was disproportionate (§§ 57-61). In cases involving issues that are subject to constant developments in the member States, the scope of the margin of appreciation may also depend on whether there is a ""European consensus"" or at least a certain trend among the member States ( Naït-Liman v. Switzerland [GC], 2018, § 175). No violation of Article 6 § 1 can be found if the restriction is compatible with the principles established by the Court.","Where access to a court is restricted by law or in practice, the Court examines whether the restriction affects the substance of the right and, in particular, whether it pursues a "" legitimate aim "" (which must be indicated by the respondent Government: Oorzhak v. Russia, 2021, §§ 20-22) and whether there is a reasonable relationship of proportionality between the means employed and the aim sought to be achieved: Ashingdane v. the United Kingdom, 1985, § 57. With regard to the proportionality of the restriction, the scope of the State's margin of appreciation may depend, inter alia, on the relevant international law in this area ( Naït-Liman v. Switzerland [GC], 2018, §§ 173-174). That being said, even common procedural limitations may disproportionately restrict access to court according to the circumstances of the case. Thus, for example, while mandatory legal representation was seen as acceptable in the proceedings before the court of cassation ( Maširević v. Serbia, 2014, § 47), in Kitanovska and Barbulovski v. North Macedonia, 2023, the Court found that that the cost of hiring a lawyer to present a simple and repetitive case before a court of first instance had been too high, compared to the value of the claim. Moreover, the first instance court had no power to exempt the claimant from such costs and did not allow her to re-submit her claim through a lawyer. In such circumstances, the requirement of mandatory legal representation was disproportionate (§§ 57-61). In cases involving issues that are subject to constant developments in the member States, the scope of the margin of appreciation may also depend on whether there is a ""European consensus"" or at least a certain trend among the member States ( Naït-Liman v. Switzerland [GC], 2018, § 175). No violation of Article 6 §1 can be found if the restriction is compatible with the principles established by the Court.",,,,
96d370a07ab1,Article 6 Civil,2025-06-26,2026-02-17,apps:30085/13,Seksimp Group SRL v. the Republic of Moldova,30085/13,"Seksimp Group SRL v. the Republic of Moldova, no. 30085/13, 15 May 2025",3,IV.A.4: Adversarial proceedings|IV.A.4.5: Equality of arms|IV.A.7: Reasoning of judicial decisions,minor_edit,"A failure to observe the adversarial principle may be remedied by the appellate body, as long as it has ""full jurisdiction"" within the meaning of the case -law. Similarly, a procedural shortcoming on the part of an appellate court may be corrected by the lower court to which the case has been remitted ( Köksoy v. Turkey, 2020, §§ 36-39).

Content: maintaining a ""fair balance"" between the parties. Equality of arms im plies that each party must be afforded a reasonable opportunity to present his case - including his evidence - under conditions that do not place him at a "" substantial disadvantage "" vis-à-vis the other party ( Kress v. France [GC], 2001, § 72; Stran Greek Refineries and Stratis Andreadis v. Greec e, 1994, § 46; Regner v. the Czech Republic [GC], 2017, § 146; Dombo Beheer B.V. v. the Netherlands, 1993, § 33). ▪ This principle, which covers all aspects of procedural law in the Contracting States, is also applicable in the specific sphere of service of judicial documents on the parties, although Article 6 § 1 cannot be interpreted as prescribing a specific form of service of documents ( Avotiņš v. Latvia [GC], 2016, § 119). ▪ It is inadmissible for one party to make submissions to a court without the knowledge of the other and on which the latter has no opportunity to comment. It is a matter for the parties alone to assess whether a submission deserves a reaction ( APEH Üldözötteinek Szövetsége and Others v. Hungary, 2000, § 42) and more recently Janáček v. the Czech Republic, 2023, § 53. See also the limits mentioned above. ▪ However, if observations submitted to the court are not communicated to either of the parties there will be no infringement of equality of arms as such ( Kress v. France [GC], 2001, § 73), but rather of the broader fairness of the proceedings ( Nideröst-Huber v. Switzerland, 1997, §§ 23-24; Clinique des Acacias and Others v. France, 2005, §§ 36-37).

However, where a party's submission is decisive for the outcome of the proceedings, it requires a specific and express reply ( Ruiz Torija v. Spain, 1994, § 30; Hiro Balani v. Spain, 1994, § 28; and compare Petrović and Others v. Montenegro, 2018, § 43).","A failure to observe the adversarial principle may be remedied by the appellate body, as long as it has ""full jurisdiction"" within the meaning of the case -law. Similarly, a procedural shortcoming on the part of an appellate court may be corrected by the lower court to which the case has been remitted ( Köksoy v. Turkey, 2020, §§ 36-39). See also Seksimp Group SRL v. the Republic of Moldova, §§ 38 - 41, concerning the absence of the applicant company in the first-instance court proceedings, which have been remedied in the appellate proceedings.

Content: maintaining a ""fair balance"" between the parties. Equality of arms implies that each party must be afforded a reasonable opportunity to present his case - including his evidence - under conditions that do not place him at a "" substantial disadvantage "" vis-à-vis the other party ( Kress v. France [GC], 2001, § 72; Stran Greek Refineries and Stratis Andreadis v. Greec e, 1994, § 46; Regner v. the Czech Republic [GC], 2017, § 146; Dombo Beheer B.V. v. the Netherlands, 1993, § 33; Seksimp Group SRL v. the Republic of Moldova, 2025, § 36). ▪ This principle, which covers all aspects of procedural law in the Contracting States, is also applicable in the specific sphere of service of judicial documents on the parties, although Article 6 §1 cannot be interpreted as prescribing a specific form of service of documents ( Avotiņš v. Latvia [GC], 2016, § 119). ▪ It is inadmissible for one party to make submissions to a court without the knowledge of the other and on which the latter has no opportunity to comment. It is a matter for the parties alone to assess whether a submission deserves a reaction ( APEH Üldözötteinek Szövetsége and Others v. Hungary, 2000, § 42) and more recently Janáček v. the Czech Republic, 2023, § 53. See also the limits mentioned above. ▪ However, if observations submitted to the court are not communicated to either of the parties there will be no infringement of equality of arms as such ( Kress v. France [GC], 2001, § 73), but rather of the broader fairness of the proceedings ( Nideröst-Huber v. Switzerland, 1997, §§ 23-24; Clinique des Acacias and Others v. France, 2005, §§ 36-37).

However, where a party's submission is decisive for the outcome of the proceedings, it requires a specific and express reply ( Ruiz Torija v. Spain, 1994, § 30; Hiro Balani v. Spain, 1994, § 28; Seksimp Group SRL v. the Republic of Moldova, 2025, § 47; and compare Petrović and Others v. Montenegro, 2018, § 43).",,,,
99cd2ce32cf8,Article 8,2024-02-17,2024-06-18,apps:55351/17,Luca v. the Republic of Moldova,55351/17,"Luca v. the Republic of Moldova, no. 55351/17, 17 October 2023",3,"II.B.1: Victims of violence/abuse|III.D.d: Parental allowances, custody/access, and contact-rights",minor_edit|citation_removed,"In cases of domestic violence, the Court also holds States responsible for protecting victims, particularly when the risks of violence are known by State officers and when officers fail to enforce measures designed to protect victims of violence ( Levchuk v. Ukraine, 2020; Bevacqua and S. v. Bulgaria, 2008; A v. Croatia, 2010; Hajduová v. Slovakia, 2010; Kalucza v. Hungary, 2012; B. v. Moldova, 2013). The State also has a positive responsibility to protect children from witnessing domestic violence in their homes ( Eremia v. the Republic of Moldova, 2013). The Court will also apply its child custody and care jurisprudence (see below), with particular deference to removal decisions based on patterns of domestic violence in the home ( Y.C. v. the United Kingdom, 2012). In Buturugă v. Romania, 2020, the Court emphasised the need to comprehensively address the phenomenon of domestic violence in all its forms. In examining the applicant's ' allegations of cyberbullying and her request to have the family computer searched, it found that the national authorities had been overly formalistic in dismissing any connection with the domestic violence which she had already reported to them. The applicant had been obliged to submit a new complaint alleging a breach of the confidentiality of her correspondence. In dealing with it separately, the authorities had failed to take into consideration the various forms that domestic violence could take. The case of Volodina v. Russia (no. 2), 2021, concerned the applicant's complaint that the authorities had failed to protect her against repeated cyberviolence by her partner, who had created fake profiles in her name, had published her intimate photos, had tracked her movements with the use of a GPS device, and had sent her death threats via social media. The Court found, in particular, that even though they had the legal tools to prosecute the applicant's partner, the authorities had not conducted an effective investigation and had at no point envisaged taking appropriate measures to protect her. They had thus failed in their obligation to protect her against serious abuse.

The Court has found that the failure to disclose relevant documents to parents during the procedures instituted by the authorities in placing and maintaining a child in care meant that the decision-makingprocess determining the custody and access arrangements did not afford the requisite protection of the parents'interests as safeguarded by Article 8 ( T.P. and K.M. v. the United Kingdom [GC], 2001, § 73). The refusal to order an independent psychological report and the absence of a hearing before a regional court insufficiently involved the applicant in the decision-making process regarding his parental access and thereby violated the applicant's rights under Article 8 ( Elsholz v. Germany [GC], 2000, § 53). In Petrov and X v. Russia, 2018, there was an insufficient examination of a father's application for a residence order and no relevant and sufficient reasons were adduced for a decision to make the residence order in favour of the child's mother, in violation of Article 8 (see §§ 105-114 and the review of the case-law therein). In Bierski v. Poland, 2022, the Court found the respondent State to be in breach of its positive obligation under Article 8 to take measures aimed at re-establishing contact between the applicant and his son, who had been declared incapacitated. Once the applicant's son had turned eighteen, his mother was appointed as a guardian and refused to allow the applicant's contact to continue, and the applicant had no standing before the domestic courts to protect his family life with his son (§§ 46-54).

States must also provide measures to ensure that custody determinations and parental rights are enforced ( Raw and Others v. France, 2013; Vorozhba v. Russia, 2014, § 97; Malec v. Poland, 2016, § 78). This may, if necessary, include investigation into the whereabouts of the child whose location has been hidden by the other parent ( Hromadka and Hromadkova v. Russia, 2014, § 168). The Court also found that in placing reliance on a series of automatic and stereotyped measures in order to secure the exercise of the father's contact rights in respect of his child, the domestic courts had not taken the appropriate measures to establish a meaningful relationship between the applicant and his child and to make the full exercise of his contact rights possible ( Giorgioni v. Italy, 2016, §§ 75-77; Macready v. the Czech Republic, 2010, § 66; Bondavalli v. Italy, 2015, §§ 81-84). Likewise, a violation was found where no new independent psychiatric evidence concerning the applicant had been taken for around 10 years ( Cincimino v. Italy, 2016, §§ 73-75). Another violation was found in the case where, over seven years, the applicant was unable to exercise his contact rights under the conditions set by the courts, owing to the opposition of the child's mother and the lack of appropriate measures taken by the domestic courts ( Strumia v. Italy, 2016, §§ 122-125). The role of the domestic courts is thus to ascertain what steps can be taken to overcome existing barriers and to facilitate contact between the child and the noncustodial parent; for example, the fact that the domestic courts had failed to consider any means that would have assisted an applicant in overcoming the barriers arising from his disability (deafness with communication by sign language, while his son was also deaf but could communicate orally) led the Court to find a violation ( Kacper Nowakowski v. Poland, 2017, § 95).","In cases of domestic violence, the Court also holds States responsible for protecting victims, particularly when the risks of violence are known by State officers and when officers fail to enforce measures designed to protect victims of violence ( Levchuk v. Ukraine, 2020; Bevacqua and S. v. Bulgaria, 2008; A v. Croatia, 2010; Hajduová v. Slovakia, 2010; Kalucza v. Hungary, 2012; B. v. Moldova, 2013). The State also has a positive responsibility to protect children from witnessing domestic violence in their homes ( Eremia v. the Republic of Moldova, 2013). The Court will also apply its child custody and care jurisprudence (see below), with particular deference to removal decisions based on patterns of domestic violence in the home ( Y.C. v. the United Kingdom, 2012; Luca v. the Republic of Moldova, 2023). In Buturugă v. Romania, 2020, the Court emphasised the need to comprehensively address the phenomenon of domestic violence in all its forms. In examining the applicant's' allegations of cyberbullying and her request to have the family computer searched, it found that the national authorities had been overly formalistic in dismissing any connection with the domestic violence which she had already reported to them. The applicant had been obliged to submit a new complaint alleging a breach of the confidentiality of her correspondence. In dealing with it separately, the authorities had failed to take into consideration the various forms that domestic violence could take. The case of Volodina v. Russia (no. 2), 2021, concerned the applicant's complaint that the authorities had failed to protect her against repeated cyberviolence by her partner, who had created fake profiles in her name, had published her intimate photos, had tracked her movements with the use of a GPS device, and had sent her death threats via social media. The Court found, in particular, that even though they had the legal tools to prosecute the applicant's partner, the authorities had not conducted an effective investigation and had at no point envisaged taking appropriate measures to protect her. They had thus failed in their obligation to protect her against serious abuse.

The Court has found that the failure to disclose relevant documents to parents during the procedures instituted by the authorities in placing and maintaining a child in care meant that the decision-making process determining the custody and access arrangements did not afford the requisite protection of the parents' interests as safeguarded by Article 8 ( T.P. and K.M. v. the United Kingdom [GC], 2001, § 73). The refusal to order an independent psychological report and the absence of a hearing before a regional court insufficiently involved the applicant in the decision-making process Elsholz regarding his parental access and thereby violated the applicant's rights under Article 8 ( v. Germany [GC], 2000, § 53). In Petrov and X v. Russia, 2018, there was an insufficient examination of a father's application for a residence order and no relevant and sufficient reasons were adduced for a decision to make the residence order in favour of the child's mother, in violation of Article 8 (see §§ 105-114 and the review of the case-law therein). In Bierski v. Poland, 2022, the Court found the respondent State to be in breach of its positive obligation under Article 8 to take measures aimed at re-establishing contact between the applicant and his son, who had been declared incapacitated. Once the applicant's son had turned eighteen, his mother was appointed as a guardian and refused to allow the applicant's contact to continue, and the applicant had no standing before the domestic courts to protect his family life with his son (§§ 46-54). The court has also found that the failure of the domestic authorities to take into account incidents of domestic violence in the determination of child contact rights and, consequently, their failure to take prompt measures to support the applicant, victim of domestic violence, in maintaining contact with her children, breached their Article 8 obligations ( Luca v. the Republic of Moldova, 2023, §§ 90-95).

States must also provide measures to ensure that custody determinations and parental rights Raw and Others v. France Vorozhba v. Russia Malec v. Poland are enforced (, 2013;, 2014, § 97;, 2016, § 78). This may, if necessary, include investigation into the whereabouts of the child whose location has been hidden by the other parent ( Hromadka and Hromadkova v. Russia, 2014, § 168). The Court also found that in placing reliance on a series of automatic and stereotyped measures in order to secure the exercise of the father's contact rights in respect of his child, the domestic courts had not taken the appropriate measures to establish a meaningful relationship between the applicant and his child and to make the full exercise of his contact rights possible ( Giorgioni v. Italy, 2016, §§ 75-77; Macready v. the Czech Republic, 2010, § 66; Bondavalli v. Italy, 2015, §§ 81-84). Likewise, a violation was found where no new independent psychiatric evidence concerning the applicant had been taken for around 10 years ( Cincimino v. Italy, 2016, §§ 73-75). Another violation was found in the case where, over seven years, the applicant was unable to exercise his contact rights under the conditions set by the courts, owing to the opposition of the child's mother and the lack of appropriate measures taken by the domestic courts ( Strumia v. Italy, 2016, §§ 122-125; see also Luca v. the Republic of Moldova, 2023, §§ 90-94). The role of the domestic courts is thus to ascertain what steps can be taken to overcome existing barriers and to facilitate contact between the child and the noncustodial parent; for example, the fact that the domestic courts had failed to consider any means that would have assisted an applicant in overcoming the barriers arising from his disability (deafness with communication by sign language, while his son was also deaf but could communicate orally) led the Court to find a violation ( Kacper Nowakowski v. Poland, 2017, § 95).",,,,
99cd2ce32cf8,Article 8,2024-02-17,2024-06-18,apps:8165/03|70267/17,Tığ v. Turkey (dec.),8165/03|70267/17,"Tığ v. Turkey (dec.), no. 8165/03, 24 May 2005 Ţîmpău v. Romania, no. 70267/17, 5 December 2023",3,II.D.5: Desired appearance,minor_edit,"The Court has established that personal choices as to an individual's desired appearance, whether in public or in private, relate to the expression of his or her personality and thus fall within the notion of private life. This has included a haircut ( Popa v. Romania (dec.), 2013, §§ 32-33), denial of access to a university for wearing a beard ( Tığ v. Turkey (dec.), 2005), a ban on wearing clothing designed to conceal the face in public places for women wishing to wear a fullface veil for reasons related to their beliefs ( S.A.S. v. France [GC], 2014, §§ 106-107), and appearing naked in public places ( Gough v. the United Kingdom, 2014, §§ 182-184). However, it is important to note that in each of these cases, the Court found the restriction on personal appearance to be proportionate. The absolute prohibition on growing a beard in prison was considered a violation of Article 8 because that the Government had failed to demonstrate the existence of a pressing social need to justify an absolute prohibition ( Biržietis v. Lithuania, 2016, §§ 54 and 57-58).","The Court has established that personal choices as to an individual's desired appearance, whether in public or in private, relate to the expression of his or her personality and thus fall within the notion of private life. This has included a haircut ( Popa v. Romania (dec.), 2013, §§ 32-33), denial of access to a university for wearing a beard ( Tığ v. Turkey (dec.), 2005), a ban on wearing clothing designed to conceal the face in public places for women wishing to wear a fullface veil for reasons related to their beliefs ( S.A.S. v. France [GC], 2014, §§ 106-107), and appearing naked in public places Gough v. the United Kingdom (, 2014, §§ 182-184). However, it is important to note that in each of these cases, the Court found the restriction on personal appearance to be proportionate. The absolute prohibition on growing a beard in prison was considered a violation of Article 8 because that the Government had failed to demonstrate the existence of a pressing social need to justify an absolute prohibition ( Biržietis v. Lithuania, 2016, §§ 54 and 57-58).",,,,
99cd2ce32cf8,Article 8,2024-06-18,2025-05-23,apps:11575/24,Borzykh v. Ukraine (dec.),11575/24,"Borzykh v. Ukraine (dec.), no. 11575/24, 19 November 2024",4,II.D.5: Desired appearance,minor_edit,"The Court has established that personal choices as to an individual's desired appearance, whether in public or in private, relate to the expression of his or her personality and thus fall within the notion of private life. This has included a haircut ( Popa v. Romania (dec.), 2013, §§ 32-33), denial of access to a university for wearing a beard ( Tığ v. Turkey (dec.), 2005), a ban on wearing clothing designed to conceal the face in public places for women wishing to wear a fullface veil for reasons related to their beliefs ( S.A.S. v. France [GC], 2014, §§ 106-107), and appearing naked in public places Gough v. the United Kingdom (, 2014, §§ 182-184). However, it is important to note that in each of these cases, the Court found the restriction on personal appearance to be proportionate. The absolute prohibition on growing a beard in prison was considered a violation of Article 8 because that the Government had failed to demonstrate the existence of a pressing social need to justify an absolute prohibition ( Biržietis v. Lithuania, 2016, §§ 54 and 57-58).","The Court has established that personal choices as to an individual's desired appearance, whether in public or in private, relate to the expression of his or her personality and thus fall within the notion of private life. This has included a haircut ( Popa v. Romania (dec.), 2013, §§ 32-33), denial of access to a university for wearing a beard ( Tığ v. Turkey (dec.), 2005), a ban on wearing clothing designed to conceal the face in public places for women wishing to wear a fullface veil for reasons related to their beliefs ( S.A.S. v. France [GC], 2014, §§ 106-107), and appearing naked in public places ( Gough v. the United Kingdom, 2014, §§ 182-184). However, it is important to note that in each of these cases, the Court found the restriction on personal appearance to be proportionate. The Court declared inadmissible a case where the applicant complained about a ban on wearing a particular clothing symbol to demonstrate his belonging to a specific group. Referring to the specific social and political context, the authorities' margin of appreciation and the fact that the ban in question was not a blanket one and allowed for a wide range of exceptions, the Court found the national authorities had not overstepped their margin of appreciation ( Borzykh v. Ukraine (dec.), 2024, §§ 49-54). The absolute prohibition on growing a beard in prison was considered a violation of Article 8 because that the Government had failed to demonstrate the existence of a pressing social need to justify an absolute prohibition ( Biržietis v. Lithuania, 2016, §§ 54 and 57-58).",,,,
b8a991ab1181,Mass protests,2023-12-06,2025-08-13,apps:56896/17,Laurijsen and Others v. the Netherlands,56896/17,"Laurijsen and Others v. the Netherlands, nos. 56896/17 and 4 others, 21 November 2023",3,I.A: Applicability,minor_edit,"However, Article 11 of the Convention only protects the right to ""peaceful assembly"". It does not cover a demonstration where the organisers and participants have violent intentions ( Navalnyy v. Russia [GC], 2018, § 98, and Ter-Petrosyan v. Armenia, 2019, § 53). The protection under Article 11 therefore applies to all gatherings except those where the organisers and participants have violent intentions, incite violence or otherwise reject the foundations of a democratic society ( Fáber v. Hungary, 2012, § 37; Gün and Others v. Turkey, 2013, § 49; Taranenko v. Russia, 2014, § 66).","However, Article 11 of the Convention only protects the right to ""peaceful assembly"". It does not cover a demonstration where the organisers and participants have violent intentions ( Navalnyy v. Russia [GC], 2018, § 98, and Ter-Petrosyan v. Armenia, 2019, § 53). The protection under Article 11 therefore applies to all gatherings except those where the organisers and participants have violent intentions, incite violence or otherwise reject the foundations of a democratic society ( Fáber v. Hungary, 2012, § 37; Gün and Others v. Turkey, 2013, § 49; Taranenko v. Russia, 2014, § 66). This may concern even gatherings which involve obstructive or disruptive conduct in so far as there were no violent intentions or behaviour or call for violence ( Laurijsen and Others v. the Netherlands, 2024, §§ 54-59)",,,,
d5256ad78e38,Data protection,2023-09-23,2024-03-31,apps:36345/16,L.B. v. Hungary [GC],36345/16,"L.B. v. Hungary [GC], no. 36345/16, 9 March 2023",1,I: Basic definitions and principles of data protection|I.A.1: Concept of personal data and its scope|II.A.3: Disclosure of personal data,minor_edit|citation_added|citation_removed,"The right to the protection of personal data is not an autonomous right among the various Convention rights and freedoms. The Court has nevertheless acknowledged that the protection of personal data is of fundamental importance to a person's enjoyment of his or her right to respect for private and family life, home and correspondence, as guaranteed by Article 8 of the Convention ( Satakunnan Markkinapörssi Oy and Satamedia Oy v. Finland [GC], 2017, § 137; Z v. Finland, 1997, § 95). This Article is the main vector through which personal data is protected in the Convention system, even though considerations related to this protection may also come into play under other provisions of the Convention and its Protocols.

The fact that personal data are already in the public domain or can be accessed by the public does not necessarily remove such data from the protection of Article 8 ( Satakunnan Markkinapörssi Oy and Satamedia Oy v. Finland [GC], 2017, § 134). Data of a public nature may fall within the ""private life"" of an individual when they are collected and stored in a systematic manner ( P.G. and J.H. v. the United Kingdom, 2001, § 57; Peck v. the United Kingdom, 2003, §§ 58-59; Perry v. the United Kingdom, 2003, § 38), even without using secret surveillance methods ( Rotaru v. Romania [GC], 2000, §§ 43-44; Antovi ć and Mirkovi ć v. Montenegro, 2017, §§ 44-45). Article 8 of the Convention provides for the right to a form of informational self-determination, allowing individuals to rely on their right to privacy as regards data which, albeit neutral, are collected, processed and disseminated collectively and in such a form or manner that Article 8 rights may be engaged ( Satakunnan Markkinapörssi Oy and Satamedia Oy v. Finland [GC], 2017, § 137).

In several cases the Court has assessed measures entailing the disclosure of an individual's personal data by the data processor, to: ▪ another individual or a legal person ( Mockutė v. Lithuania, 2018, §§ 99-100, concerning the transmission by a hospital of information on a patient's state of health to a member of her family and to journalists; Y. v. Turkey (dec.), 2015, §§ 70-72, concerning the disclosure by an ambulance crew to hospital staff of information on a patient's HIV-positive status; Radu v. Republic of Moldova, 2014, § 27, concerning the disclosure by a hospital of medical information on a patient to her employer; M.C. v. the United Kingdom, 2021, § 46 concerning the disclosure by the authorities of information concerning the applicant's criminal record to her prospective employer); ▪ a public authority ( M.S. v. Sweden, 1997, § 35, concerning the disclosure by a gynaecological department of medical information on a patient to a social security fund; P.T. v. Republic of Moldova, 2020, §§ 5-6, 29-31, concerning the unnecessary inclusion of sensitive medical data on a certificate to be produced in various contexts); 53/99 ▪ the public ( Hájovský v. Slovakia, 2021 §§ 46-49, on the publication in a television news broadcast of information identifying an individual and containing a non-blurred photo of him taken covertly and under false pretence; Peck v. the United Kingdom, 2003, § 63, on the transmission to the media of a closed-circuit TV video showing a person attempting to commit suicide in a public place; Bremner v. Turkey, 2015, §§ 71-85, concerning the TV broadcast of an unblurred, unpixellated image of an individual filmed by a hidden camera; Khadija Ismayilova v. Azerbaijan, 2019, §§ 108-132, concerning a covert video recording of a journalist in her private home and the public broadcasting of the videos; Z v. Finland, 1997, §§ 70-71, concerning the disclosure in a judicial decision transmitted to the press of an individual's identity and state of health; Apostu v. Romania, 2015, §§ 121-132, on the disclosure to the press of pieces of evidence from an investigation file; Montera v. Italy (dec.), 2002, concerning the public disclosure of a report by a parliamentary commission on a magistrate's private life and professional ethics; Von Hannover v. Germany, 2004, §§ 61-81, on the publication in the tabloid press of photographs relating to a princess's private life; Polanco Torres and Movilla Polanco v. Spain, 2010, §§ 44-54, concerning a press article based on statements by a former accountant accusing a senior judge's wife of involvement in unlawful transactions with a specified company; Alkaya v. Turkey, 2012, §§ 30-31, concerning the disclosure by a mass-circulation daily newspaper of a famous actress's full postal address; Mityanin and Leonov v. Russia, 2018, §§ 111-121, on the dissemination in the press of a photograph of a suspect, accompanied by statements accusing him of various minor and serious criminal offences; and Bogomolova v. Russia, 2017, §§ 54-58, concerning the publication of a photograph of a child on the cover page of a booklet entitled ""Children need a family"", published by a Centre for Psychological, Medical and Social Suppor t).","The right to the protection of personal data is not an autonomous right among the various Convention rights and freedoms. The Court has nevertheless acknowledged that the protection of personal data is of fundamental importance to a person's enjoyment of his or her right to respect for private and family life, home and correspondence, as guaranteed by Article 8 of the Convention ( Satakunnan Markkinapörssi Oy and Satamedia Oy v. Finland [GC], 2017, § 137; Z v. Finland, 1997, § 95; L.B. v. Hungary [GC], 2023, § 103). This Article is the main vector through which personal data is protected in the Convention system, even though considerations related to this protection may also come into play under other provisions of the Convention and its Protocols.

The fact that personal data are already in the public domain or can be accessed by the public does Satakunnan Markkinapörssi Oy and not necessarily remove such data from the protection of Article 8 ( Satamedia Oy v. Finland [GC], 2017, § 134; L.B. v. Hungary [GC], 2023, § 104). Data of a public nature may fall within the ""private life"" of an individual when they are collected and stored in a systematic P.G. and J.H. v. the United Kingdom Peck v. the United Kingdom, manner (, 2001, § 57; 2003, §§ 58-59; Perry v. the United Kingdom, 2003, § 38), even without using secret surveillance methods ( Rotaru v. Romania [GC], 2000, §§ 43-44; Antović and Mirkovi ć v. Montenegro, 2017, §§ 44-45). Article 8 of the Convention provides for the right to a form of informational self-determination, allowing individuals to rely on their right to privacy as regards data which, albeit neutral, are collected, processed and disseminated collectively and in such a form or manner that Article 8 rights may be engaged ( Satakunnan Markkinapörssi Oy and Satamedia Oy v. Finland [GC], 2017, § 137; L.B. v. Hungary [GC], 2023, § 103).

In several cases the Court has assessed measures entailing the disclosure of an individual's personal data by the data processor, to:  another individual or a legal person ( Mockutė v. Lithuania, 2018, §§ 99-100, concerning the transmission by a hospital of information on a patient's state of health to a member of her family and to journalists; Y. v. Turkey (dec.), 2015, §§ 70-72, concerning the disclosure by an ambulance crew to hospital staff of information on a patient's HIV-positive status; Radu v. Republic of Moldova, 2014, § 27, concerning the disclosure by a hospital of medical M.C. v. the United Kingdom information on a patient to her employer;, 2021, § 46 concerning the disclosure by the authorities of information concerning the applicant's criminal record to her prospective employer);  a public authority ( M.S. v. Sweden, 1997, § 35, concerning the disclosure by a gynaecological department of medical information on a patient to a social security fund; P.T. v. Republic of Moldova, 2020, §§ 5-6, 29-31, concerning the unnecessary inclusion of sensitive medical data on a certificate to be produced in various contexts);  the public ( Hájovský v. Slovakia, 2021 §§ 46-49, on the publication in a television news broadcast of information identifying an individual and containing a non-blurred photo of him taken covertly and under false pretence; Peck v. the United Kingdom, 2003, § 63, on the transmission to the media of a closed-circuit TV video showing a person attempting to commit suicide in a public place; Bremner v. Turkey, 2015, §§ 71-85, concerning the TV broadcast of an unblurred, unpixellated image of an individual filmed by a hidden camera; Khadija Ismayilova v. Azerbaijan, 2019, §§ 108-132, concerning a covert video recording of Z v. Finland a journalist in her private home and the public broadcasting of the videos;, 1997, §§ 70-71, concerning the disclosure in a judicial decision transmitted to the press of an individual's identity and state of health; Apostu v. Romania, 2015, §§ 121-132, on the Montera v. Italy disclosure to the press of pieces of evidence from an investigation file; (dec.), 2002, concerning the public disclosure of a report by a parliamentary commission on a magistrate's private life and professional ethics; Von Hannover v. Germany, 2004, §§ 61-81, on the publication in the tabloid press of photographs relating to a princess's private life; Polanco Torres and Movilla Polanco v. Spain, 2010, §§ 44-54, concerning a press article based on statements by a former accountant accusing a senior judge's wife of involvement in unlawful transactions with a specified company; Alkaya v. Turkey, 2012, §§ 30-31, concerning the disclosure by a mass-circulation daily newspaper of a famous actress's full postal address; Mityanin and Leonov v. Russia, 2018, §§ 111-121, on the dissemination in the press of a photograph of a suspect, accompanied by statements accusing him of various minor and serious criminal offences; Bogomolova v. Russia, 2017, §§ 54-58, concerning the publication of a photograph of a child on the cover page of a booklet entitled ""Children need a family"", published by a Centre for Psychological, Medical and Social Support; L.B. v. Hungary [GC], 2023, concerning mandatory publication by a tax authority of the applicant's personal data, including his name and home address, on its website on the list of major tax debtors).",,,,
d5256ad78e38,Data protection,2024-03-31,2024-06-13,apps:36908/13,N. Š. v. Croatia,36908/13,"N. Š. v. Croatia, no. 36908/13, 10 September 2020",4,III.A.2: Data protection and freedom of expression (Article 10 of the Convention),minor_edit,"With regard to the disclosure of personal data in the printed or audiovisual media, the Court has found a violation of Article 10 in a number of cases including:  N. Š. v. Croatia, 2020 (§§ 92-117), where the applicant was convicted for disclosing on television supposedly confidential information she had obtained during administrative proceedings concerning custody of a child. The Court held that, owing to children's vulnerability, the protection of their personal data was essential (ibid., § 99). However, the unduly formalistic approach taken by the national courts, which did not take account of the background to the disclosure and in particular the fact that the information was already in the public domain, was incompatible with Article 10 (ibid., §§ 115-116);  Gîrleanu v. Romania, 2018 (§§ 68-100), concerning an order for the applicant to pay an administrative fine for disclosing confidential military information as part of a journalistic investigation;  Couderc and Hachette Filipacchi Associé s v. France [GC], 2015 (§§ 94-153), on the subject of a court ruling against the publication director and the publisher of a weekly magazine for publishing an article and photographs revealing the existence of a monarch's secret child;  Axel Springer AG v. Germany [GC], 2012 (§§ 75-111), concerning a ban on reporting on the arrest and conviction of a well-known actor;  Dupuis and Others v. France, 2007 (§§ 30-32, 39-49), concerning the conviction of journalists for using and reproducing in their book information from the case file of an ongoing judicial investigation, including personal data of the accused.","With regard to the disclosure of personal data in the printed or audiovisual media, the Court has found a violation of Article 10 in a number of cases including: ▪ N. Š. v. Croatia, 2020 (§§ 92-117), where the applicant was convicted for disclosing on television supposedly confidential information she had obtained during administrative proceedings concerning custody of a child. The Court held that, owing to children's vulnerability, the protection of their personal data was essential ( ibid ., § 99). However, the unduly formalistic approach taken by the national courts, which did not take account of the background to the disclosure and in particular the fact that the information was already in the public domain, was incompatible with Article 10 ( ibid ., §§ 115-116); ▪ Gîrleanu v. Romania, 2018 (§§ 68-100), concerning an order for the applicant to pay an administrative fine for disclosing confidential military information as part of a journalistic investigation; ▪ Couderc and Hachette Filipacchi Associés v. France [GC], 2015 (§§ 94-153), on the subject of a court ruling against the publication director and the publisher of a weekly magazine for publishing an article and photographs revealing the existence of a monarch's secret child; ▪ Axel Springer AG v. Germany [GC], 2012 (§§ 75-111), concerning a ban on reporting on the arrest and conviction of a well-known actor; ▪ Dupuis and Others v. France, 2007 (§§ 30-32, 39-49), concerning the conviction of journalists for using and reproducing in their book information from the case file of an ongoing judicial investigation, including personal data of the accused.",,,,
d5256ad78e38,Data protection,2024-03-31,2024-06-13,apps:23443/23,Ramadan v. France (dec.),23443/23,"Ramadan v. France (dec.), no. 23443/23, 9 January 2024",4,III.A.2: Data protection and freedom of expression (Article 10 of the Convention),minor_edit,"Conversely, the Court has found no violation of Article 10 in, or declared inadmissible, several cases including:  Hurbain v. Belgium [GC], 2023 (§§ 167-257), concerning a civil judgment ordering a newspaper publisher to anonymise the electronic online version of an article which had mentioned the full name of a driver responsible for a fatal accident that had taken place many years earlier;  Biancardi v. Italy, 2021 (§§ 67-71) concerning a civil judgment against a newspaper editor for not de-indexing sensitive information published on the Internet concerning criminal proceedings against a private individual and the journalist's decision to keep the information easily accessible in spite of the individual's opposition;  Satakunnan Markkinapörssi Oy and Satamedia Oy v. Finland [GC], 2017 (§§ 139-199), concerning a judicial decision banning the mass publication of personal taxation data;  Bédat v. Switzerland [GC], 2016 (§§ 44-82), on the conviction of a journalist for publishing information covered by the secrecy of criminal investigations;  Mediengruppe Österreich GmbH v. Austria, 2022 (§§ 44-73), concerning a court order for a daily newspaper not to publish a photograph with a ""convicted neo-Nazi"" caption as regards an individual indirectly connected to the campaign of a political candidate in the run-up to a presidential election, the relevant publication having taken place more than twenty years after the conviction;  Gafiuc v. Romania, 2020 (§§ 85-90), concerning the withdrawal of a journalist's accreditation to search the Securitate archives, following the disclosure in several articles written by him of personal data in ""raw"" form concerning various well-known sports figures, without the relevance of the data having been assessed in the light of the declared subject of his research, namely sport in Romania under the communist regime;  Giesbert and Others v. France, 2017 (§§ 77-103), concerning the courts' findings against a newspaper for publishing documents from a set of criminal proceedings before they were to be read out at a public hearing;  Verlagsgruppe Droemer Knaur GmbH & Co. KG v. Germany, 2017 (§§ 36-62), concerning an order for a publishing company to pay damages for failing to carry out thorough research and for serious interference with an individual's personality rights;  Kurier Zeitungsverlag und Druckerei GmbH v. Austria, 2012 (§§ 47-56), concerning the requirement to pay compensation to a child who had been the victim of sexual abuse and whose identity was disclosed in a press article. In view of the vulnerability of crime victims, their identity deserved particular protection;  MGN Limited v. the United Kingdom, 2011 (§ 152), in which the Court was persuaded, among other considerations, by the fact that the disclosure in the press of details of a celebrity's therapy for drug addiction was harmful and risked causing a significant setback to her recovery;  Editions Plon v. France, 2004 (§§ 22-55), on the definitive suspension of distribution of a book containing information relating to a deceased Head of State and covered by medical confidentiality;  Mitov and Others v. Bulgaria (dec.), 2023 (§§ 30-41), concerning anonymisation rules laid down by the President of the Supreme Administrative Court and legislation introducing a deferred-publication rule for certain criminal judgments, following which the applicants, investigative journalists, had been unable to access freely on the Internet all scanned case materials available in the database of that court.","Conversely, the Court has found no violation of Article 10 in, or declared inadmissible, several cases including: ▪ Hurbain v. Belgium [GC], 2023 (§§ 167-257), concerning a civil judgment ordering a newspaper publisher to anonymise the electronic online version of an article which had mentioned the full name of a driver responsible for a fatal accident that had taken place many years earlier; ▪ Biancardi v. Italy, 2021 (§§ 67-71) concerning a civil judgment against a newspaper editor for not de-indexing sensitive information published on the Internet concerning criminal proceedings against a private individual and the journalist's decision to keep the information easily accessible in spite of the individual's opposition; ▪ Satakunnan Markkinapörssi Oy and Satamedia Oy v. Finland [GC], 2017 (§§ 139-199), concerning a judicial decision banning the mass publication of personal taxation data; ▪ Bédat v. Switzerland [GC], 2016 (§§ 44-82), on the conviction of a journalist for publishing information covered by the secrecy of criminal investigations; ▪ Mediengruppe Österreich GmbH v. Austria, 2022 (§§ 44-73), concerning a court order for a daily newspaper not to publish a photograph with a ""convicted neo-Nazi "" caption as regards an individual indirectly connected to the campaign of a political candidate in the run-up to a presidential election, the relevant publication having taken place more than twenty years after the conviction; ▪ Gafiuc v. Romania, 2020 (§§ 85-90), concerning the withdrawal of a journalist's accreditation to search the Securitate archives, following the disclosure in several articles written by him of personal data in ""raw"" form concerning various well -known sports figures, without the relevance of the data having been assessed in the light of the declared subject of his research, namely sport in Romania under the communist regime; 80/107 ▪ Giesbert and Others v. France, 2017 (§§ 77-103), concerning the courts'findings against a newspaper for publishing documents from a set of criminal proceedings before they were to be read out at a public hearing; ▪ Verlagsgruppe Droemer Knaur GmbH & Co. KG v. Germany, 2017 (§§ 36-62), concerning an order for a publishing company to pay damages for failing to carry out thorough research and for serious interference with an individual's personality rights; ▪ Kurier Zeitungsverlag und Druckerei GmbH v. Austria, 2012 (§§ 47-56), concerning the requirement to pay compensation to a child who had been the victim of sexual abuse and whose identity was disclosed in a press article. In view of the vulnerability of crime victims, their identity deserved particular protection; ▪ MGN Limited v. the United Kingdom, 2011 (§ 152), in which the Court was persuaded, among other considerations, by the fact that the disclosure in the press of details of a celebrity's therapy for drug addiction was harmful and risked causing a significant setback to her recovery; ▪ Editions Plon v. France, 2004 (§§ 22-55), on the definitive suspension of distribution of a book containing information relating to a deceased Head of State and covered by medical confidentiality; ▪ Mitov and Others v. Bulgaria (dec.), 2023 (§§ 30-41), concerning anonymisation rules laid down by the President of the Supreme Administrative Court and legislation introducing a deferred-publication rule for certain criminal judgments, following which the applicants, investigative journalists, had been unable to access freely on the Internet all scanned case materials available in the database of that court; ▪ Ramadan v. France (dec.), 2024 (§§ 28-46), where the applicant, accused of sexual assault in ongoing criminal proceedings, disseminated in his book and two other media, information concerning the identity of the alleged victim of that assault without the latter's consent, which identity had previously been disclosed by third parties in media.",,,,
e12c697e461c,Article 14,2023-09-23,2024-03-30,apps:43651/22,Kovačević v. Bosnia and Herzegovina*,43651/22,"Kovačević v. Bosnia and Herzegovina*, no. 43651/22, 29 August 2023",3,I.B: Article 1 of Protocol No. 12,minor_edit,"In its first case concerning Protocol No. 12, Sejdić and Finci v. Bosnia and Herzegovina [GC], 2009, the Court examined the ineligibility of the applicants, who identified themselves as being of Roma and Jewish origin respectively, to stand for election to the House of Peoples and the State Presidency because they had not declared affiliation to any of the ""constituent peoples"" (Bosniacs, Croats and Serbs) as required by a provision of the Constitution. The Court held that the constitutional provisions which rendered the applicants ineligible for election to the State Presidency had been discriminatory under Article 1 of Protocol No. 12 to the Convention.","In its first case concerning Protocol No. 12, Sejdić and Finci v. Bosnia and Herzegovina [GC], 2009, the Court examined the ineligibility of the applicants, who identified themselves as being of Roma and Jewish origin respectively, to stand for election to the House of Peoples and the State Presidency because they had not declared affiliation to any of the ""constituent peoples"" (Bosniacs, Croats and Serbs) as required by a provision of the Constitution. The Court held that the constitutional provisions which rendered the applicants ineligible for election to the State Presidency had been discriminatory under Article 1 of Protocol No. 12 to the Convention. Subsequently, in Kovačević v. Bosnia and Herzegovina *, 2023, the inability of applicant, due to a combination of territorial and ethnic requirements, to vote for candidates of his choice in legislative and presidential elections at State level was also found to amount to discrimination in breach of Article 1 of Protocol No. 12.",,,,
e12c697e461c,Article 14,2023-09-23,2024-03-30,apps:23851/20|24360/20,X and others v. Ireland*,23851/20|24360/20,"X and others v. Ireland*, nos. 23851/20 and 24360/20, 22 June 2023",3,VI.D: Social rights,minor_edit,"There is no right to social security under the Convention, though it is clear from the Court's case- law that some forms of social security such as benefit payments and pensions may fall within the ambit of Article 1 of Protocol No. 1 because they can be deemed as ""possessions"" within the meaning of that provision ( Stec and Others v. the United Kingdom [GC], 2006; Luczak v. Poland, 2007; Andrejeva v. Latvia [GC], 2009; Koua Poirrez v. France, 2003; Gaygusuz v. Austria, 1996; Pichkur v. Ukraine, 2013; P.C. v. Ireland, 2022), or within the ambit of Article 8, particularly when social benefits help the family unity ( Weller v. Hungary, 2009; Bah v. the United Kingdom, 2011; Gouri v. France (dec.), 2017; Belli and Arquier-Martinez v. Switzerland, 2018; Petrovic v. Austria, 1998; Okpisz v. Germany, 2005; Beeler v. Switzerland [GC], 2022).

As a result, the protection against discrimination has been found to cover a variety of social benefits such as ▪ pension payments ( Pichkur v. Ukraine, 2013; Andrejeva v. Latvia [GC], 2009) or survivor's pension payment ( Aldeguer Tomás v. Spain, 2016; Willis v. the United Kingdom, 2002, Beeler v. Switzerland [GC], 2022); ▪ unemployment benefits ( Gaygusuz v. Austria, 1996); ▪ disability benefits ( Koua Poirrez v. France, 2003; Belli and Arquier-Martinez v. Switzerland, 2018; Popovi ć and Others v. Serbia, 2020); ▪ housing benefits ( Vrountou v. Cyprus, 2015; Šaltinytė v. Lithuania, 2021); ▪ parental leave allowance ( Petrovic v. Austria, 1998); ▪ child benefits ( Okpisz v. Germany, 2005); ▪ insurance cover ( P.B. and J.S. v. Austria, 2010); or ▪ social security payment for the purposes of supporting families with children ( Weller v. Hungary, 2009).","There is no right to social security under the Convention, though it is clear from the Court's case- law that some forms of social security such as benefit payments and pensions may fall within the ambit of Article 1 of Protocol No. 1 because they can be deemed as ""possessions"" within the meaning of that provision ( Stec and Others v. the United Kingdom [GC], 2006; Luczak v. Poland, 2007; Andrejeva v. Latvia [GC], 2009; Koua Poirrez v. France, 2003; Gaygusuz v. Austria, 1996; Pichkur v. Ukraine, 2013; P.C. v. Ireland, 2022), or within the ambit of Article 8, particularly when social benefits help the family unity ( Weller v. Hungary, 2009; Bah v. the United Kingdom, 2011; Gouri v. France (dec.), 2017; Belli and Arquier-Martinez v. Switzerland, 2018; Petrovic v. Austria, 1998; Okpisz v. Germany, 2005; Beeler v. Switzerland [GC], 2022; X and others v. Ireland*, 2023).

As a result, the protection against discrimination has been found to cover a variety of social benefits such as ▪ pension payments ( Pichkur v. Ukraine, 2013; Andrejeva v. Latvia [GC], 2009) or survivor's pension payment ( Aldeguer Tomás v. Spain, 2016; Willis v. the United Kingdom, 2002, Beeler v. Switzerland [GC], 2022); ▪ unemployment benefits ( Gaygusuz v. Austria, 1996); ▪ disability benefits ( Koua Poirrez v. France, 2003; Belli and Arquier-Martinez v. Switzerland, 2018; Popovi ć and Others v. Serbia, 2020); ▪ housing benefits ( Vrountou v. Cyprus, 2015; Šaltinytė v. Lithuania, 2021); ▪ parental leave allowance ( Petrovic v. Austria, 1998); ▪ child benefits ( Okpisz v. Germany, 2005; X and others v. Ireland*, 2023); ▪ insurance cover ( P.B. and J.S. v. Austria, 2010); or ▪ social security payment for the purposes of supporting families with children ( Weller v. Hungary, 2009).",,,,
e12c697e461c,Article 14,2024-03-30,2024-09-30,apps:16760/22,Executief van de Moslims van België and Others v. Belgium*,16760/22,"Executief van de Moslims van België and Others v. Belgium*, no. 16760/22 and 8 others, 13 February 2024",1,III.A: Difference in treatment,minor_edit,"At the same time, the Court has held that ▪ pensioners living within a country were not in a comparable situation to those living abroad as regards index-linking of pensions ( Carson and Others v. the United Kingdom [GC], 2010); ▪ cohabiting sisters were not in a comparable situation to spouses or civil partners as regards inheritance tax ( Burden v. the United Kingdom [GC], 2008); ▪ pensioners employed within the civil service were not in a comparable situation to those employed within the private sector as regards their pension entitlement ( Fábián v. Hungary [GC], 2017) or to those belonging to a different categories of pensioners within the public sector ( Gellérthegyi and Others v. Hungary (dec.), 2018); ▪ taxpayers who had not challenged a social contribution before it was declared unconstitutional were not in a comparable situation to those who had taken this bold initiative as regard the retroactive reimbursement of said social contribution ( Frantzeskakis and Others v. Greece (dec.), 2019); ▪ public and privately-owned kindergartens were not in a comparable position as regards the payment of subsidies ( Š poljar and Dje č ji vrti ć P č elice v. Croatia (dec.), 2020, §§ 40-44); ▪ pensioners in receipt of disability pension were not in a situation comparable to old-age pensioners as regards the possibility of recalculating their pension ( Milivojević v. Serbia (dec.), 2022); ▪ a person who had hit a police officer who was trying to arrest her was not in a situation comparable to another person who had hit a civilian ( P.W. v. Austria, 2022);","At the same time, the Court has held that  pensioners living within a country were not in a comparable situation to those living abroad as regards index-linking of pensions ( Carson and Others v. the United Kingdom [GC], 2010);  cohabiting sisters were not in a comparable situation to spouses or civil partners as regards Burden v. the United Kingdom inheritance tax ( [GC], 2008);  pensioners employed within the civil service were not in a comparable situation to those Fábián v. Hungary employed within the private sector as regards their pension entitlement ( [GC], 2017) or to those belonging to a different categories of pensioners within the public sector ( Gellérthegyi and Others v. Hungary (dec.), 2018);  taxpayers who had not challenged a social contribution before it was declared unconstitutional were not in a comparable situation to those who had taken this bold Frantzeskakis initiative as regard the retroactive reimbursement of said social contribution ( and Others v. Greece (dec.), 2019);  public and privately-owned kindergartens were not in a comparable position as regards the payment of subsidies ( Š poljar and Dječji vrtić P č elice v. Croatia (dec.), 2020, §§ 40-44);  pensioners in receipt of disability pension were not in a situation comparable to old-age pensioners as regards the possibility of recalculating their pension ( Milivojević v. Serbia (dec.), 2022);  a person who had hit a police officer who was trying to arrest her was not in a situation comparable to another person who had hit a civilian ( P.W. v. Austria, 2022);  Muslim believers are not in a comparable situation to fishermen and hunters in terms of the obligation to stun animals before slaughter Executief van de Moslims van België and Others v. Belgium *, 2024, § 146;  Internally displaced persons were not in an analogous, or relevantly similar, situation in comparison with other recipients of social benefits ( Shylina v. Ukraine *, 2024, § 59);",,,,
e12c697e461c,Article 14,2024-03-30,2024-09-30,apps:2412/19,Shylina v. Ukraine*,2412/19,"Shylina v. Ukraine*, no. 2412/19, 15 February 2024",3,III.A: Difference in treatment|V.J.9: Examples of situations not falling within “other status”,minor_edit|citation_removed,"At the same time, the Court has held that ▪ pensioners living within a country were not in a comparable situation to those living abroad as regards index-linking of pensions ( Carson and Others v. the United Kingdom [GC], 2010); ▪ cohabiting sisters were not in a comparable situation to spouses or civil partners as regards inheritance tax ( Burden v. the United Kingdom [GC], 2008); ▪ pensioners employed within the civil service were not in a comparable situation to those employed within the private sector as regards their pension entitlement ( Fábián v. Hungary [GC], 2017) or to those belonging to a different categories of pensioners within the public sector ( Gellérthegyi and Others v. Hungary (dec.), 2018); ▪ taxpayers who had not challenged a social contribution before it was declared unconstitutional were not in a comparable situation to those who had taken this bold initiative as regard the retroactive reimbursement of said social contribution ( Frantzeskakis and Others v. Greece (dec.), 2019); ▪ public and privately-owned kindergartens were not in a comparable position as regards the payment of subsidies ( Š poljar and Dje č ji vrti ć P č elice v. Croatia (dec.), 2020, §§ 40-44); ▪ pensioners in receipt of disability pension were not in a situation comparable to old-age pensioners as regards the possibility of recalculating their pension ( Milivojević v. Serbia (dec.), 2022); ▪ a person who had hit a police officer who was trying to arrest her was not in a situation comparable to another person who had hit a civilian ( P.W. v. Austria, 2022);

Other examples of differences in treatment not falling within the notion of ""other status"" for the purpose of Article 14 include ▪ having or not having acquired the right to a welfare benefit ( Springett and Others v. the United Kingdom (dec.), 2010); ▪ duration and nature of an employment contract ( Peterka v. the Czech Republic (dec.), 2010); ▪ holding fishing rights in different areas ( Alatulkkila and Others v. Finland, 2005); ▪ being sent on different military missions ( De Jong, Baljet and Van den Brink v. the Netherlands, 1984); ▪ different legal status with respect to restitution of taxes ( National & Provincial Building Society, Leeds Permanent Building Society and Yorkshire Building Society v. the United Kingdom, 1997); ▪ distinction between smaller and larger unions ( National union of Belgian police v. Belgium, 1975; Swedish Engine Drivers'Union v. Sweden, 1976); ▪ difference between commercial advertising and advertisements forwarding certain ideals ( VgT Verein gegen Tierfabriken v. Switzerland, 2001).","At the same time, the Court has held that  pensioners living within a country were not in a comparable situation to those living abroad as regards index-linking of pensions ( Carson and Others v. the United Kingdom [GC], 2010);  cohabiting sisters were not in a comparable situation to spouses or civil partners as regards Burden v. the United Kingdom inheritance tax ( [GC], 2008);  pensioners employed within the civil service were not in a comparable situation to those Fábián v. Hungary employed within the private sector as regards their pension entitlement ( [GC], 2017) or to those belonging to a different categories of pensioners within the public sector ( Gellérthegyi and Others v. Hungary (dec.), 2018);  taxpayers who had not challenged a social contribution before it was declared unconstitutional were not in a comparable situation to those who had taken this bold Frantzeskakis initiative as regard the retroactive reimbursement of said social contribution ( and Others v. Greece (dec.), 2019);  public and privately-owned kindergartens were not in a comparable position as regards the payment of subsidies ( Š poljar and Dječji vrtić P č elice v. Croatia (dec.), 2020, §§ 40-44);  pensioners in receipt of disability pension were not in a situation comparable to old-age pensioners as regards the possibility of recalculating their pension ( Milivojević v. Serbia (dec.), 2022);  a person who had hit a police officer who was trying to arrest her was not in a situation comparable to another person who had hit a civilian ( P.W. v. Austria, 2022);  Muslim believers are not in a comparable situation to fishermen and hunters in terms of the obligation to stun animals before slaughter Executief van de Moslims van België and Others v. Belgium *, 2024, § 146;  Internally displaced persons were not in an analogous, or relevantly similar, situation in comparison with other recipients of social benefits ( Shylina v. Ukraine *, 2024, § 59);

Other examples of differences in treatment not falling within the notion of ""other status"" for the purpose of Article 14 include  having or not having acquired the right to a welfare benefit ( Springett and Others v. the United Kingdom (dec.), 2010);  duration and nature of an employment contract ( Peterka v. the Czech Republic (dec.), 2010);  holding fishing rights in different areas ( Alatulkkila and Others v. Finland, 2005);  being sent on different military missions ( De Jong, Baljet and Van den Brink v. the Netherlands, 1984);  different legal status with respect to restitution of taxes ( National & Provincial Building Society, Leeds Permanent Building Society and Yorkshire Building Society v. the United Kingdom, 1997);  distinction between smaller and larger unions ( National union of Belgian police v. Belgium, 1975; Swedish Engine Drivers' Union v. Sweden, 1976);  difference between commercial advertising and advertisements forwarding certain ideals VgT Verein gegen Tierfabriken v. Switzerland (, 2001);  the possession or otherwise of account with a State bank ( Shylina v. Ukraine *, 2024);",,,,
e12c697e461c,Article 14,2024-09-30,2025-05-23,apps:38963/18,V.I. v. the Republic of Moldova,38963/18,"V.I. v. the Republic of Moldova, no. 38963/18, 26 March 2024",3,V.J.4: Health and disability,minor_edit,"In family matter, in Cînţa v. Romania, 2020, the domestic authorities failed to properly assess the impact that the applicant's mental illness might have had on his parenting skills or the child's safety. The Court stressed that mental illness might be a relevant factor to be taken into account when assessing the capacity of parents to care for their child. However, relying on mental illness as the decisive element, or even as one element among others, might amount to discrimination when, in the specific circumstances of the case, the mental illness did not have a bearing on the parents' ability to take care of the child. In R.P. and Others v. the United Kingdom, 2012, § 89, concerning the appointment of an Official Solicitor to represent a mother with learning disabilities in child-care proceedings, the Court found that the measure the applicant had been subject to did not constitute unjustified discrimination. In fact, the Court accepted that it was necessary for the Contracting State to take measures to protect litigants in the applicant's situation and that the Official Solicitor scheme was within the State's margin of appreciation. Consequently, although the applicant was treated differently from someone with legal capacity, her situation was significantly different from such a person and the difference in treatment was objectively and reasonably justified (§ 89).","In family matter, in Cînţa v. Romania, 2020, the domestic authorities failed to properly assess the impact that the applicant's mental illness might have had on his parenting skills or the child's safety. The Court stressed that mental illness might be a relevant factor to be taken into account when assessing the capacity of parents to care for their child. However, relying on mental illness as the decisive element, or even as one element among others, might amount to discrimination when, in the specific circumstances of the case, the mental illness did not have a bearing on the parents'ability to take care of the child. In R.P. and Others v. the United Kingdom, 2012, § 89, concerning the appointment of an Official Solicitor to represent a mother with learning disabilities in child-care proceedings, the Court found that the measure the applicant had been subject to did not constitute unjustified discrimination. In fact, the Court accepted that it was necessary for the Contracting State to take measures to protect litigants in the applicant's situation and that the Official Solicitor scheme was within the State's margin of appreciation. Consequently, although the applicant was treated differently from someone with legal capacity, her situation was significantly different from such a person and the difference in treatment was objectively and reasonably justified (§ 89). In V.I. v. the Republic of Moldova, 2024, §§ 173-74, the Court found that the involuntary placement of a child in a psychiatric hospital as well as the psychiatric treatment in the absence of any therapeutical purpose, which was done because of lack of alternative care options, constituted discrimination based on the applicant's intellectual disability.",,,,
e19a063de5b3,Immigration,2023-09-23,2024-03-31,apps:8757/20,Azzaqui v. the Netherlands,8757/20,"Azzaqui v. the Netherlands, no. 8757/20, 30 May 2023",3,III.A.6: Expulsion of seriously ill persons,minor_edit,"The removal of a person suffering from serious illness may also breach Article 8 ( Paposhvili v. Belgium [GC], §§ 221-226) and a person's mental illness has to be adequately taken into account when examining the proportionality of his or her expulsion in view of a criminal offence he or she has committed ( Savran v. Denmark [GC], §§ 184, 191-197 and 201, and see section "" Expulsion "" below) .","The removal of a person suffering from serious illness may also breach Article 8 ( Paposhvili v. Belgium [GC], 2016, §§ 221-226) and a person's mental illness has to be adequately taken into account when examining the proportionality of his or her expulsion in view of a criminal offence he or she has committed ( Savran v. Denmark [GC], 2021, §§ 184, 191-197 and 201; Azzaqui v. the Netherlands, 2023, §§ 48, 50 and 54-62; and see section "" Expulsion "" below) .",,,,
e19a063de5b3,Immigration,2024-03-31,2024-09-04,apps:80206/17,J.A. and A.A. v. Türkiye*,80206/17,"J.A. and A.A. v. Türkiye*, no. 80206/17, 6 February 2024",3,III.A.1: Scope and substantive aspects of the Court’s assessment under Articles 2 and 3 in asylum-related removal cases|VI.B: Starting point of the four-month period in Article 2 or 3 removal cases,citation_removed|minor_edit,"As regards the nature of the Court's assessment, the Court does not, in cases concerning the expulsion of asylum-seekers, itself examine the actual asylum applications or verify how the States honour their obligations under the Refugee Convention. Its main concern is whether effective guarantees exist that protect the applicant against arbitrary refoulement, be it direct or indirect, to the country from which he or she has fled ( F.G. v. Sweden [GC], 2016, § 117). By virtue of Article 1 of the Convention, the primary responsibility for implementing and enforcing the guaranteed rights and freedoms is laid on the national authorities. The machinery of complaint to the Court is thus subsidiary to national systems safeguarding human rights. This subsidiary character is articulated in Articles 13 and 35 § 1 of the Convention ( Khasanov and Rakhmanov v. Russia [GC], 2022, § 102; F.G. v. Sweden [GC], 2016, § 117; M.S.S. v. Belgium and Greece [GC], 2011, §§ 286-287). The Court must be satisfied, however, that the assessment made by the authorities of the Contracting State is adequate and sufficiently supported by domestic materials as well as by materials originating from other reliable and objective sources such as, for instance, other Contracting or non-Contracting States, agencies of the United Nations and reputable non-governmental organisations ( Khasanov and Rakhmanov v. Russia [GC], 2022, § 103; F.G. v. Sweden [GC], 2016, § 117; NA. v. the United Kingdom, 2008, § 119). Moreover, where domestic proceedings have taken place, it is not the Court's task to substitute its own assessment of the facts for that of the domestic courts and, as a general rule, it is for those courts to assess the evidence before them. This should not lead, however, to an abdication of the Court's responsibility and a renunciation of all supervision of the result obtain from using domestic remedies, otherwise the rights guaranteed by the Convention would be devoid of any substance. In accordance with Article 19 of the Convention, the Court's duty is to ensure the observance of the engagements undertaken by the Contracting Parties to the Convention ( Khasanov and Rakhmanov v. Russia [GC], 2022, § 104). As a general principle, the national authorities are best placed to assess not just the facts but, more particularly, the credibility of witnesses since it is they who have had an opportunity to see, hear and assess the demeanour of the individual concerned ( F.G. v. Sweden [GC], 2016, § 118). Their assessment, however, is also subject to the Court's scrutiny ( Khasanov and Rakhmanov v. Russia [GC], 2022, § 105). Where, by contrast, the domestic authorities failed to examine any alleged risks of treatment contrary to Article 3 of the Convention before removing the applicants who had lodged asylum applications to their country of origin, the Court concluded that this constituted a failure to discharge the procedural obligation under Article 3 ( Shenturk and Others v. Azerbaijan, 2022, §§ 112-117).

While the date of the final domestic decision providing an effective remedy is normally the starting-point for the calculation of the four-month time-limit for which Article 35 § 1 of the Convention provides, the responsibility of a sending State under Article 2 or Article 3 of the Convention is, as a rule, incurred only when steps are taken to remove the individual from its territory. The date of the State's responsibility under Article 2 or 3 corresponds to the date when that four-month time- limit starts to run for the applicant. Consequently, if a decision ordering a removal has not been enforced and the individual remains on the territory of the State wishing to remove him or her, the four-month time-limit has not yet started to run (see M.Y.H. and Others v. Sweden, 2013, §§ 38-41). The same would apply to removals concerning a sending State's responsibility for an alleged risk of a flagrant denial of rights under Article 5 and 6 in the receiving State (see section "" Flagrant denial of justice: Articles 5 and 6 "" above).","As regards the nature of the Court's assessment, the Court does not, in cases concerning the expulsion of asylum-seekers, itself examine the actual asylum applications or verify how the States honour their obligations under the Refugee Convention. Its main concern is whether effective guarantees exist that protect the applicant against arbitrary refoulement, be it direct or indirect, to the country from which he or she has fled ( F.G. v. Sweden [GC], 2016, § 117). By virtue of Article 1 of the Convention, the primary responsibility for implementing and enforcing the guaranteed rights and freedoms is laid on the national authorities. The machinery of complaint to the Court is thus subsidiary to national systems safeguarding human rights. This subsidiary character is articulated in Articles 13 Khasanov and Rakhmanov v. Russia F.G. v. Sweden and 35 § 1 of the Convention ( [GC], 2022, § 102; [GC], 2016, § 117; M.S.S. v. Belgium and Greece [GC], 2011, §§ 286-287). The Court must be satisfied, however, that the assessment made by the authorities of the Contracting State is adequate and sufficiently supported by domestic materials as well as by materials originating from other reliable and objective sources such as, for instance, other Contracting or non-Contracting States, agencies of the United Nations and reputable non-governmental organisations ( Khasanov and Rakhmanov v. Russia [GC], 2022, § 103; F.G. v. Sweden [GC], 2016, § 117; NA. v. the United Kingdom, 2008, § 119). Moreover, where domestic proceedings have taken place, it is not the Court's task to substitute its own assessment of the facts for that of the domestic courts and, as a general rule, it is for those courts to assess the evidence before them. This should not lead, however, to an abdication of the Court's responsibility and a renunciation of all supervision of the result obtain from using domestic remedies, otherwise the rights guaranteed by the Convention would be devoid of any substance. In accordance with Article 19 of the Convention, the Court's duty is to ensure the observance of the engagements undertaken by the Contracting Parties to the Convention ( Khasanov and Rakhmanov v. Russia [GC], 2022, § 104). As a general principle, the national authorities are best placed to assess not just the facts but, more particularly, the credibility of witnesses since it is they who have had an opportunity to see, hear and assess the demeanour of the individual concerned ( F.G. v. Sweden [GC], 2016, § 118). Their assessment, however, is also subject to the Court's scrutiny ( Khasanov and Rakhmanov v. Russia [GC], 2022, § 105). Where, by contrast, the domestic authorities failed to examine any alleged risks of treatment contrary to Article 3 of the Convention before removing the applicants who had lodged asylum applications to their country of origin, the Court concluded that this constituted a failure to Shenturk and Others v. Azerbaijan discharge the procedural obligation under Article 3 (, 2022, §§ 112-117; J.A. and A.A. v. Türkiye *, 2024, §§ 65-75).

While the date of the final domestic decision providing an effective remedy is normally the starting-point for the calculation of the four-month time-limit for which Article 35 § 1 of the Convention provides, the responsibility of a sending State under Article 2 or Article 3 of the Convention is, as a rule, incurred only when steps are taken to remove the individual from its territory. The date of the State's responsibility under Article 2 or 3 corresponds to the date when that four-month time- limit starts to run for the applicant. Consequently, if a decision ordering a removal has not been enforced and the individual remains on the territory of the State wishing to remove him or her, the four-month time-limit has not yet started to run (see M.Y.H. and Others v. Sweden, 2013, §§ 38-41; J.A. and A.A. v. Türkiye *, 2024, § 41). The same would apply to removals concerning a sending State's responsibility for an alleged risk of a flagrant denial of rights under Article 5 and 6 in the receiving State (see section ""Flagrant denial of justice: Articles 5 and 6"" above).",,,,
e19a063de5b3,Immigration,2024-09-04,2025-06-02,apps:15457/20,A.C. v. France*,15457/20,"A.C. v. France*, no. 15457/20, 16 January 2025",2,"II.D.2: Reception conditions, age-assessment procedures and freedom of movement",minor_edit,"In Darboe and Camara v. Italy, 2022, the Court found Article 8 to be applicable to age-assessment procedures for migrants requesting international protection and claiming to be minors (in respect of requirements for the presumption of minority of individuals claiming to be minors to apply and the duration of its applicability see ""Children and adults with specific vulnerabilities"" above). The age of a person was a means of personal identification and the procedure to assess the age of an individual alleging to be a minor, including its procedural safeguards, was essential in order to guarantee to him or her all the rights deriving from his or her status as a minor, particularly so in view of the importance of age-assessment procedures in the migration context. Determining whether an individual was a minor was the first step to recognising his or her rights and putting into place all necessary care arrangements. If a minor were wrongly identified as an adult, serious measures in breach of his or her rights might be taken (§§ 121-126). While the assessment of an individual's age might be a necessary step in the event of doubt as to his or her minor status, sufficient procedural guarantees had to accompany the procedure including the appointment of a legal representative or guardian, access to a lawyer as well as the informed participation of the person who age was in doubt concerned in the procedure (§§ 142-157). The Court found that the authorities' failure to promptly appoint a legal guardian or representative for the applicant prevented him from duly and effectively submitting an asylum request and that the applicant, although he had stated that he was a minor, had been placed in an overcrowded reception centre for adults for more than four months because the authorities had failed to apply the presumption of minority (this presumption being an inherent element of the protection of the right to respect for private life of a foreign unaccompanied individual declaring to be a minor), and because of shortcomings in the procedural guarantees afforded to the applicant in the age-assessment process (no information as to the type of age-assessment procedure he was undergoing and its possible consequences; no service of the medical report, which failed to indicate a margin of error; and no judicial decision or administrative measure concluding that the applicant was of adult age, which made it impossible for him to lodge an appeal). The Court therefore found a violation of Article 8 on account of the authorities' failure to act with the necessary diligence to comply with their positive obligation to protect the applicant as an unaccompanied minor requesting international protection.","In Darboe and Camara v. Italy, 2022, the Court found Article 8 to be applicable to age-assessment procedures for migrants requesting international protection and claiming to be minors (in respect of requirements for the presumption of minority of individuals claiming to be minors to apply and the duration of its applicability see "" Children and adults with specific vulnerabilities "" above) . The age of a person was a means of personal identification and the procedure to assess the age of an individual alleging to be a minor, including its procedural safeguards, was essential in order to guarantee to him or her all the rights deriving from his or her status as a minor, particularly so in view of the importance of age-assessment procedures in the migration context. Determining whether an individual was a minor was the first step to recognising his or her rights and putting into place all necessary care arrangements. If a minor were wrongly identified as an adult, serious measures in breach of his or her rights might be taken (§§ 121-126). While the assessment of an individual's age might be a necessary step in the event of doubt as to his or her minor status, sufficient procedural guarantees had to accompany the procedure including the appointment of a legal representative or guardian, access to a lawyer as well as the informed participation of the person who age was in doubt concerned in the procedure (§§ 142-157). The Court found that the authorities'failure to promptly appoint a legal guardian or representative for the applicant prevented him from duly and effectively submitting an asylum request and that the applicant, although he had stated that he was a minor, had been placed in an overcrowded reception centre for adults for more than four months because the authorities had failed to apply the presumption of minority (this presumption being an inherent element of the protection of the right to respect for private life of a foreign unaccompanied individual declaring to be a minor), and because of shortcomings in the procedural guarantees afforded to the applicant in the age-assessment process (no information as to the type of age-assessment procedure he was undergoing and its possible consequences; no service of the medical report, which failed to indicate a margin of error; and no judicial decision or administrative measure concluding that the applicant was of adult age, which made it impossible for him to lodge an appeal). The Court therefore found a violation of Article 8 on account of the authorities'failure to act with the necessary diligence to comply with their positive obligation to protect the applicant as an unaccompanied minor requesting international protection. In A.C. v. France *, 2025, the Court found that the domestic authorities'refusal to recognise the applicant, who had not tried to apply for international protection, as an unaccompanied minor, depriving him of the corresponding guarantees provided by law, had breached Article 8, in view of shortcomings in the age-assessment proceedings.",,,,
e19a063de5b3,Immigration,2024-09-04,2025-06-02,apps:29295/22,Abo v. Estonia (dec.),29295/22,"Abo v. Estonia (dec.), no. 29295/22, 17 September 2024",4,III.D.3: Nationality,minor_edit,"Article 8 does not guarantee a right to acquire a particular nationality or citizenship, but an arbitrary denial of citizenship might in certain circumstances raise an issue under Article 8 of the Convention because of the impact of such a denial on the private life of the individual ( Slivenko and Others v. Latvia (dec.) [GC], 2002, § 77; Genovese v. Malta, 2011, § 30). The same holds true for the revocation of citizenship already obtained, with the test requiring an assessment of whether the revocation was arbitrary and of the consequences of revocation were for the applicant (see Ramadan v. Malta, 2016, § 85, with regard to a person who nonetheless remained in the respondent country; and K2 v. the United Kingdom (dec.), 2017, who was, while abroad, deprived of citizenship and excluded from the territory of the respondent State because he was considered to be a threat to national security). The relevant principles also apply to the seizure of, and refusal to exchange, passports ( Alpeyeva and Dzhalagoniya v. Russia, 2018, concerning the practice of invalidating passports issued to former Soviet Union Nationals). In Usmanov v. Russia, 2020, the Court recapitulated the various approaches in its case-law in this area and opted for a consequence-based approach to determine whether the annulment of the applicant's citizenship constituted an interference with his rights under Article 8 of the Convention: it examined (i) what the consequences of the impugned measure were for the applicant and then (ii) whether the measure in question was arbitrary (§§ 53 and 58 et seq.). That approach was subsequently also applied in Hashemi and Others v. Azerbaijan, 2022, which concerned the refusal to issue identity cards and thereby to recognise the nationality of children born to refugees in the territory of the respondent State, despite domestic law providing for jus soli (compare and contrast the methodological approach in Johansen v. Denmark (dec.), 2022, § 45).","Article 8 does not guarantee a right to acquire a particular nationality or citizenship, but an arbitrary denial of citizenship might in certain circumstances raise an issue under Article 8 of the Convention because of the impact of such a denial on the private life of the individual ( Slivenko and Others v. Latvia (dec.) [GC], 2002, § 77; Genovese v. Malta, 2011, § 30). The same holds true for the revocation of citizenship already obtained, with the test requiring an assessment of whether the revocation was arbitrary and of the consequences of revocation were for the applicant (see Ramadan v. Malta, 2016, § 85, with regard to a person who nonetheless remained in the respondent country; and K2 v. the United Kingdom (dec.), 2017, who was, while abroad, deprived of citizenship and excluded from the territory of the respondent State because he was considered to be a threat to national security). The relevant principles also apply to the seizure of, and refusal to exchange, passports ( Alpeyeva and Dzhalagoniya v. Russia, 2018, concerning the practice of invalidating passports issued to former Soviet Union Nationals). In Usmanov v. Russia, 2020, the Court recapitulated the various approaches in its case-law in this area and opted for a consequence-based approach to determine whether the annulment of the applicant's citizenship constituted an interference with his rights under Article 8 of the Convention: it examined (i) what the consequences of the impugned measure were for the applicant and then (ii) whether the measure in question was arbitrary (§§ 53 and 58 et seq.). That approach was subsequently also applied in Hashemi and Others v. Azerbaijan, 2022, which concerned the refusal to issue identity cards and thereby to recognise the nationality of children born to refugees in the territory of the respondent State, despite domestic law providing for jus soli, as well as in Abo v. Estonia (dec.), 2024 (compare and contrast the methodological approach in Johansen v. Denmark (dec.), 2022, § 45).",,,,
e19a063de5b3,Immigration,2024-09-04,2025-06-02,apps:9568/22,F.O. and G.H. v. Belgium (dec.),9568/22,"F.O. and G.H. v. Belgium (dec.), no. 9568/22, 16 April 2024",4,VI.C: Absence of an imminent risk of removal,minor_edit,"In removal cases, in which the applicant no longer faces any risk, at the moment or for a considerable time to come, of being expelled and in which he has the opportunity to challenge any new expulsion order before the national authorities and if necessary before the Court, the Court normally finds that it is no longer justified to continue to examine the application within the meaning of Article 37 § 1(c) of the Convention and strikes it out of its list of cases, unless there are special circumstances relating to respect for human rights as defined in the Convention and the Protocols thereto requiring the continued examination of the application (see Khan v. Germany [GC], 2016). After the Court has struck an application out of its list of cases, it can at any time decide to restore it to the list if it considers that the circumstances justify such a course, in accordance with Article 37 § 2 of the Convention.","In removal cases, in which the applicant no longer faces any risk, at the moment or for a considerable time to come, of being expelled and in which he has the opportunity to challenge any new expulsion order before the national authorities and if necessary before the Court, the Court normally finds that it is no longer justified to continue to examine the application within the meaning of Article 37 § 1(c) of the Convention and strikes it out of its list of cases, unless there are special circumstances relating to respect for human rights as defined in the Convention and the Protocols thereto requiring the continued examination of the application (see Khan v. Germany [GC], 2016). After the Court has struck an application out of its list of cases, it can at any time decide to restore it to the list if it considers that the circumstances justify such a course, in accordance with Article 37 § 2 of the Convention. Where domestic law provides for two separate decisions - one refusing the application for international protection and one subsequently ordering expulsion - and the latter decision can be challenged with a remedy that has automatic suspensive effect, the individual lacks victim status to complain that his impending expulsion would be contrary to Article 3 of the Convention, if his application for international protection has been refused but his expulsion has not yet been ordered (see F.O. and G.H. v. Belgium (dec.), 2024, §§ 31-40).",,,,
e19a063de5b3,Immigration,2024-09-04,2025-06-02,apps:71008/16,M.B. v. the Netherlands,71008/16,"M.B. v. the Netherlands, no. 71008/16, 23 April 2024",3,II.C.1: Article 5 § 1(f) of the Convention : General principles,minor_edit|citation_added,"Article 5 § 1(f) of the Convention allows States to control the liberty of aliens in an immigration context in two different situations: the first limb of that provision permits the detention of an asylum- seeker or other immigrant prior to the State's grant of authorisation to enter (for the second limb, see section ""Restrictions of freedom of movement and detention for purposes of removal"" below). The question as to when the first limb of Article 5 § 1(f) ceases to apply, because the individual has been granted formal authorisation to enter or stay, is largely dependent on national law ( Suso Musa v. Malta, 2013, § 97). Where domestic law authorises the entry or stay pending an asylum application, the detention of an asylum-seeker may under certain circumstances be authorised under Article 5 § 1 (b) of the Convention ( O.M. v. Hungary, 2016).

However, compliance with domestic law is not sufficient, since a deprivation of liberty may be lawful in terms of domestic law but still be considered arbitrary ( Saadi v. the United Kingdom [GC], 2008, § 67). In respect of adults with no particular vulnerabilities, detention under Article 5 § 1(f) is not required to be reasonably necessary, for example to prevent the person concerned from committing an offence or fleeing. However, it must not be arbitrary. ""Freedom from arbitrariness"" in the context of the first limb of Article 5 § 1(f) means that such detention must be carried out in good faith; it must be closely connected to the purpose of preventing unauthorised entry of the person to the country; the place and conditions of detention should be appropriate, bearing in mind that the measure is applicable not to those who have committed criminal offences but to aliens who, often fearing for their lives, have fled from their own country; and the length of the detention should not Saadi v. the United Kingdom exceed that reasonably required for the purpose pursued ( [GC], 2008, §§ 72-74).","Article 5 § 1(f) of the Convention allows States to control the liberty of aliens in an immigration context in two different situations: the first limb of that provision permits the detention of an asylum-seeker or other immigrant prior to the State's grant of authorisation to enter (for the second limb, see section "" Restrictions of freedom of movement and detention for purposes of removal "" below). The question as to when the first limb of Article 5 § 1(f) ceases to apply, because the individual has been granted formal authorisation to enter or stay, is largely dependent on national law ( Suso Musa v. Malta, 2013, § 97; see also M.B. v. the Netherlands, 2024, §§ 63-69, for an example of the transposition of EU law into domestic law). Where domestic law authorises the entry or stay pending an asylum application, the detention of an asylum-seeker may under certain circumstances be authorised under Article 5 § 1 (b) of the Convention ( O.M. v. Hungary, 2016).

However, compliance with domestic law is not sufficient, since a deprivation of liberty may be lawful in terms of domestic law but still be considered arbitrary ( Saadi v. the United Kingdom [GC], 2008, § 67). In respect of adults with no particular vulnerabilities, detention under Article 5 § 1(f) is not required to be reasonably necessary, for example to prevent the person concerned from committing an offence or fleeing. However, it must not be arbitrary. ""Freedom from arbitrariness"" in the context of the first limb of Article 5 § 1(f) means that such detention must be carried out in good faith; it must be closely connected to the purpose of preventing unauthorised entry of the person to the country; the place and conditions of detention should be appropriate, bearing in mind that the measure is applicable not to those who have committed criminal offences but to aliens who, often fearing for their lives, have fled from their own country; and the length of the detention should not exceed that reasonably required for the purpose pursued ( Saadi v. the United Kingdom [GC], 2008, §§ 72-74). The detention of an asylum-seeker is not closely connected to the purpose of preventing unauthorised entry if it is based on public order or national security grounds (see M.B. v. the Netherlands, 2024, §§ 70-75, where the applicant's immigration detention followed his earlier (pre-trial) criminal detention on terrorism related charges, and B.A. v. Cyprus, 2024, §§ 62-64. See also §§ 65-66 of the latter judgment as an example of the length of detention in itself rendering the detention under the first limb of Article 5 § 1(f) arbitrary).",,,,
e19a063de5b3,Immigration,2025-06-02,2025-11-22,apps:56532/22,Hayes and Others v. the United Kingdom,56532/22,"Hayes and Others v. the United Kingdom, nos. 56532/22 and 2 others, 1 July 2025",3,III.A.5: Extradition,minor_edit,"Where an individual may face life imprisonment in the State requesting his extradition, a two-stage test is to be applied to determine the compliance of the extradition with Article 3 ( Sanchez-Sanchez v. the United Kingdom [GC], 2022, §§ 95-99): At the first stage, it must be established whether the applicant has adduced evidence capable of proving that there are substantial grounds for believing that, if extradited and convicted, there is a real risk of a sentence of life imprisonment without parole. In this regard, the burden is on the applicant to demonstrate that such a penalty would be imposed. Such a risk will more readily be established if the applicant faces a mandatory sentence of life imprisonment. If the said risk is established under the first limb of the inquiry, then the relevant authorities of the sending State must establish, prior to authorising extradition, that there exists in the requesting State a mechanism of sentence review which allows those competent authorities to consider whether any changes in the life prisoner are so significant and that such progress towards rehabilitation has been made during the sentence, as to mean that continued detention can no longer be justified on legitimate penological grounds. In other words, it must be ascertained whether, as from the moment of sentencing, there is a review mechanism in place allowing the consideration of the prisoner's progress towards rehabilitation, or any other ground for release, based on his or her behaviour or other relevant personal circumstances. A distinction cannot be drawn between the domestic and extra-territorial contexts as regards the minimum level of severity required to meet the Article 3 threshold. Importantly, however, the availability of the procedural safeguards afforded to serving ""whole life prisoners"" in the legal system of the requesting State is not a prerequisite for compliance by the sending Contracting State with Article 3. Applying this test in Sanchez-Sanchez v. the United Kingdom [GC], 2022, to a situation where the applicant did not face a mandatory sentence of life imprisonment in the State requesting his extradition, the Court found that the applicant had not adduced evidence showing that he ran a real risk of a sentence of life imprisonment without parole (§§ 100-110). It arrived at the same finding in McCallum v. Italy (dec.) [GC], 2022, Bijan Balahan v. Sweden, 2023, Carvajal Barrios v. Spain (dec.), 2023, Matthews and Johnson v. Romania, 2024, and Lazăr v. Romania, 2024.","Where an individual may face life imprisonment in the State requesting his extradition, a two-stage test is to be applied to determine the compliance of the extradition with Article 3 ( Sanchez-Sanchez v. the United Kingdom [GC], 2022, §§ 95-99): At the first stage, it must be established whether the applicant has adduced evidence capable of proving that there are substantial grounds for believing that, if extradited and convicted, there is a real risk of a sentence of life imprisonment without parole. In this regard, the burden is on the applicant to demonstrate that such a penalty would be imposed. Such a risk will more readily be established if the applicant faces a mandatory sentence of life imprisonment. If the said risk is established under the first limb of the inquiry, then the relevant authorities of the sending State must establish, prior to authorising extradition, that there exists in the requesting State a mechanism of sentence review which allows those competent authorities to consider whether any changes in the life prisoner are so significant and that such progress towards rehabilitation has been made during the sentence, as to mean that continued detention can no longer be justified on legitimate penological grounds. In other words, it must be ascertained whether, as from the moment of sentencing, there is a review mechanism in place allowing the consideration of the prisoner's progress towards rehabilitation, or any other ground for release, based on his or her behaviour or other relevant personal circumstances. A distinction cannot be drawn between the domestic and extra-territorial contexts as regards the minimum level of severity required to meet the Article 3 threshold. Importantly, however, the availability of the procedural safeguards afforded to serving ""whole life prisoners"" in the legal system of the requesting State is not a prerequisite for compliance by the sending Contracting State with Article 3. Applying this test in Sanchez-Sanchez v. the United Kingdom [GC], 2022, to a situation where the applicant did not face a mandatory sentence of life imprisonment in the State requesting his extradition, the Court found that the applicant had not adduced evidence showing that he ran a real risk of a sentence of life imprisonment without parole (§§ 100-110). It arrived at the same finding in McCallum v. Italy (dec.) [GC], 2022, Bijan Balahan v. Sweden, 2023, Carvajal Barrios v. Spain (dec.), 2023, Matthews and Johnson v. Romania, 2024, and Lazăr v. Romania, 2024. The Court examined the second stage of the aforementioned test for the first time in Hayes and Others v. the United Kingdom, 2025, where it found that compassionate release constituted a review mechanism which satisfied the requirements of that stage of the test.",,,,
e19a063de5b3,Immigration,2025-06-02,2025-11-22,apps:45240/22,Sumbayev v. Georgia (dec.),45240/22,"Sumbayev v. Georgia (dec.), no. 45240/22, 24 June 2025",4,III.A.5: Extradition,minor_edit,"In Ansari v. Portugal (dec.), 2023, the Court dealt with the scenario where the applicant had been extradited following diplomatic assurances, which were later allegedly not complied with and the domestic courts of the respondent State later revoked the extradition decision because the authorities of the State to which the applicant had been extradited had prosecuted him on charges other than those in respect of which the extradition had been authorised. The applicant was detained in the State to which he had been extradited when he lodged his application to the Court, by which he complained that the authorities of the respondent State had not taken the necessary measures to help him return to the respondent State or to ensure that the diplomatic assurances were complied with. The Court found that the domestic authorities had taken the measures at their disposal to follow up on the applicant's allegations (see also Boumediiene and Others v. Bosnia and Herzegovina (dec.), 2008, where the applicants, who had been handed over by the authorities of the respondent State to US forces and were later detained in Guantanamo Bay, alleged that the authorities of the respondent State had failed to enforce judicial decisions ordering the authorities to protect the rights, and obtain the return, of the applicants).","In Ansari v. Portugal (dec.), 2023, the Court dealt with the scenario where the applicant had been extradited following diplomatic assurances, which were later allegedly not complied with and the domestic courts of the respondent State later revoked the extradition decision because the authorities of the State to which the applicant had been extradited had prosecuted him on charges other than those in respect of which the extradition had been authorised. The applicant was detained in the State to which he had been extradited when he lodged his application to the Court, by which he complained that the authorities of the respondent State had not taken the necessary measures to help him return to the respondent State or to ensure that the diplomatic assurances were complied with. The Court found that the domestic authorities had taken the measures at their disposal to follow up on the applicant's allegations (see also Boumediiene and Others v. Bosnia and Herzegovina (dec.), 2008, where the applicants, who had been handed over by the authorities of the respondent State to US forces and were later detained in Guantanamo Bay, alleged that the authorities of the respondent State had failed to enforce judicial decisions ordering the authorities to protect the rights, and obtain the return, of the applicants). In Sumbayev v. Georgia (dec.), 2025, the Court dealt with a scenario where the extraditing State received requests to give its consent to the bringing of new criminal charges against the applicant in the State to which he had already been extradited: as the competent authorities of the extraditing State were not intending to examine these post-extradition requests, the Court considered that the applicant could not assert a real risk of treatment contrary to Article 3 of the Convention.",,,,
ed0ed05ac958,Article 46,2023-09-11,2024-02-16,apps:36418/20,Navalnyy v. Russia (no. 3),36418/20,"Navalnyy v. Russia (no. 3), no. 36418/20, 6 June 2023",3,IV.A.1.§4: ii. The procedural (effective investigation) aspect,minor_edit,"However, in some circumstances it has also indicated that it considered it inevitable that a new, independent, investigation should take place under Article 46. That investigation should be in the light of the terms of the Court's judgment and with due regard to its conclusions in respect of the failures of the investigation to date ( Abuyeva and Others v. Russia, 2010, § 240) 7 . Where the domestic investigation is still open, the Court may consider it appropriate to specify certain essential steps that should now be taken, for example evaluating in light of all the known facts the actions of State agents who used lethal force, and granting the next-of-kin access to key documents ( Gasangusenov v. Russia, 2021, § 102).","However, in some circumstances it has also indicated that it considered it inevitable that a new, independent, investigation should take place under Article 46. That investigation should be in the light of the terms of the Court's judgment and with due regard to its conclusions in respect of the failures of the investigation to date ( Abuyeva and Others v. Russia, 2010, § 240; Navalnyy v. Russia (no. 3), 2023, § 167) . Where the domestic investigation is still open, the Court may consider it appropriate to specify certain essential steps that should now be taken, for example evaluating in light of all the known facts the actions of State agents who used lethal force, and granting the next-of-kin access to key documents ( Gasangusenov v. Russia, 2021, § 102).",,,,
ed0ed05ac958,Article 46,2024-02-16,2024-09-30,apps:3324/19,Mehmet Zeki Doğan v. Türkiye (No. 2),3324/19,"Mehmet Zeki Doğan v. Türkiye (No. 2), no. 3324/19, 13 February 2024",3,III.B.1: Article 35 § 2 (b),minor_edit,"The determination of the existence of a ""new issue"" very much depends on the specific circumstances of a given case, and distinctions between cases are not always clear-cut. So, for instance, in Verein gegen Tierfabriken Schweiz (VgT) v. Switzerland (no. 2) [GC], 2009, the Court found that it was competent to examine a complaint that the domestic court in question had dismissed an application to reopen proceedings following the Court's judgment. The Court relied mainly on the fact that the grounds for dismissing the application were new and therefore constituted relevant new information capable of giving rise to a fresh violation of the Convention (§ 65). It further took into account the fact that the Committee of Ministers had ended its supervision of the execution of the Court's judgment without taking into account the refusal to reopen as it had not been informed of that decision. The Court considered that, from that standpoint also, the refusal in issue constituted a new fact (§ 67). Similarly, in Emre v. Switzerland (no. 2), 2011, the Court found that a new domestic judgment given following the reopening of the case and in which the domestic court had proceeded to carry out a new balancing of interests, constituted a new fact. It also observed in this respect that the execution procedure before the Committee of Ministers had not yet commenced (cited in Egmez v. Cyprus (dec.), 2012, §§ 54-56).","The determination of the existence of a ""new issue"" very much depends on the specific circumstances of a given case, and distinctions between cases are not always clear-cut. So, for instance, in Verein gegen Tierfabriken Schweiz (VgT) v. Switzerland (no. 2) [GC], 2009, the Court found that it was competent to examine a complaint that the domestic court in question had dismissed an application to reopen proceedings following the Court's judgment. The Court relied mainly on the fact that the grounds for dismissing the application were new and therefore constituted relevant new information capable of giving rise to a fresh violation of the Convention (§ 65). It further took into account the fact that the Committee of Ministers had ended its supervision of the execution of the Court's judgment without taking into account the refusal to reopen as it had not been informed of that decision. The Court considered that, from that standpoint also, the refusal in issue constituted a new fact (§ 67). Similarly, in Emre v. Switzerland (no. 2), 2011, the Court found that a new domestic judgment given following the reopening of the case and in which the domestic court had proceeded to carry out a new balancing of interests, constituted a new fact. It also observed in this respect that the execution procedure before the Committee of Ministers had not yet commenced (cited in Egmez v. Cyprus (dec.), 2012, §§ 54-56). In another case ( Mehmet Zeki Doğan v. Türkiye (No. 2), 2024), the Court found that the process of the determination of the criminal charge against the applicant in newly reopened proceedings had been revived because of the fresh assessment carried out by the trial court. This necessarily entailed a ""new issue"" which had not been de cided by the Court's previous judgment in respect of the applicant. Accordingly, the Court declared itself competent to examine the applicant's new complaint concerning the alleged unfairness of the reopened criminal proceedings (§ 57).",,,,
ed0ed05ac958,Article 46,2024-02-16,2024-09-30,name:ukraine v russia re crimea gc::2024,Ukraine v. Russia (Re Crimea) [GC],,"Ukraine v. Russia (Re Crimea) [GC], 25 June 2024",1,IV.A.1.i: Article 18 in conjunction with Articles 5 and,minor_edit,"In other cases relating to Article 18 the Court has indicated that general measures to be taken by the respondent State must focus, as a matter of priority, on the protection of critics of the government, civil society activists and human-rights defenders against arbitrary arrest and detention. The measures to be taken must ensure the eradication of retaliatory prosecutions and misuse of criminal law against this group of individuals and the non-repetition of similar practices in the future ( Aliyev v. Azerbaijan, 2018, §§ 223-228).","In other cases relating to Article 18 the Court has indicated that general measures to be taken by the respondent State must focus, as a matter of priority, on the protection of critics of the government, civil society activists and human-rights defenders against arbitrary arrest and detention. The measures to be taken must ensure the eradication of retaliatory prosecutions and misuse of criminal law against this group of individuals and the non-repetition of similar practices in the future ( Aliyev v. Azerbaijan, 2018, §§ 223-228). In Ukraine v. Russia (Re Crimea) [GC], 2024, among the multiple findings of violations of the Convention by the respondent State the Court found, as regards the transfer of prisoners from Crimea to penal institutions located within Russia, an administrative practice in violation of the right to respect for family life. Under Article 18, the Court established that in relation to Ukrainian ""political prisoners"", their rights under Article 8 (and other provisions) had been restricted predominantly for the ulterior purpose of punishing and silencing those who opposed to Russia's occupation of Ukraine. This finding led it to indicate that the relevant prisoners must be returned safely as soon as possible from Russia (§§ 1386-7 and operative provision D1).",,,,
ed0ed05ac958,Article 46,2024-02-16,2024-09-30,name:verein klimaseniorinnen schweiz and others v switzerland gc::2024,Verein KlimaSeniorinnen Schweiz and Others v. Switzerland [GC],,"Verein KlimaSeniorinnen Schweiz and Others v. Switzerland [GC], 9 April 2024",1,III.A: Supervision of compliance,minor_edit,"Given the variety of means available to achieve restitutio in integrum and the nature of the issues involved, in the exercise of its competence under Article 46 § 2 of the Convention, the Committee of Ministers is considered to be better placed than the Court to assess the specific measures to be taken. It is thus for the Committee of Ministers to supervise, on the basis of the information provided by the respondent State and with due regard to the applicant's evolving situation, the adoption of such measures that are feasible, timely, adequate and sufficient to ensure the maximum possible reparation for the violations found by the Court ( Ilgar Mammadov v. Azerbaijan [GC], 2019, § 155).","Given the variety of means available to achieve restitutio in integrum and the nature of the issues involved, in the exercise of its competence under Article 46 § 2 of the Convention, the Committee of Ministers is considered to be better placed than the Court to assess the specific measures to be taken. This is well illustrated by the Court's climate change judgment in which it said that, in view of the complexity and the nature of the issues involved, it was unable to be detailed or prescriptive as regards any measures to be implemented in order to effectively comply with the judgment ( Verein KlimaSeniorinnen Schweiz and Others v. Switzerland [GC], 2024, § 657). It is thus for the Committee of Ministers to supervise, on the basis of the information provided by the respondent State and with due regard to the applicant's evolving situation, the adoption of such measures that are feasible, timely, adequate and sufficient to ensure the maximum possible reparation for the violations found by the Court ( Ilgar Mammadov v. Azerbaijan [GC], 2019, § 155).",,,,
ed0ed05ac958,Article 46,2024-09-30,2025-09-18,apps:53600/20,Verein KlimaSeniorinnen Schweiz and Others v. Switzerland [GC],53600/20,"Verein KlimaSeniorinnen Schweiz and Others v. Switzerland [GC], no. 53600/20, 9 April 2024",1,III.A: Supervision of compliance,minor_edit,"Given the variety of means available to achieve restitutio in integrum and the nature of the issues involved, in the exercise of its competence under Article 46 § 2 of the Convention, the Committee of Ministers is considered to be better placed than the Court to assess the specific measures to be taken. This is well illustrated by the Court's climate change judgment in which it said that, in view of the complexity and the nature of the issues involved, it was unable to be detailed or prescriptive as regards any measures to be implemented in order to effectively comply with the judgment ( Verein KlimaSeniorinnen Schweiz and Others v. Switzerland [GC], 2024, § 657). It is thus for the Committee of Ministers to supervise, on the basis of the information provided by the respondent State and with due regard to the applicant's evolving situation, the adoption of such measures that are feasible, timely, adequate and sufficient to ensure the maximum possible reparation for the violations found by the Court ( Ilgar Mammadov v. Azerbaijan [GC], 2019, § 155).","Given the variety of means available to achieve restitutio in integrum and the nature of the issues involved, in the exercise of its competence under Article 46 § 2 of the Convention, the Committee of Ministers is considered to be better placed than the Court to assess the specific measures to be taken. This is well illustrated by the Court's climate change judgment in which it said that, in view of the complexity and the nature of the issues involved, it was unable to be detailed or prescriptive as regards any measures to be implemented in order to effectively comply with the judgment ( Verein KlimaSeniorinnen Schweiz and Others v. Switzerland [GC], 2024, § 657). It is thus for the Committee of Ministers to supervise, on the basis of the information provided by the respondent State and with due regard to the applicant's evolving situation, the adoption of such measures that are feasible, timely, adequate and sufficient to ensure the maximum possible reparation for the violations found by the Court ( Ilgar Mammadov v. Azerbaijan [GC], 2019, § 155). 3",,,,
ee9a61e98635,Article 2 Protocol 7,2024-04-09,2025-11-26,apps:37957/14,Ftiti v. Greece*,37957/14,"Ftiti v. Greece*, no. 37957/14, 26 August 2025",3,I.A.1: “Criminal offence ”|I.B.2: Margin of appreciation in organising the system of appeal|I.B.3: Effectiveness of the review,citation_removed|minor_edit,"According to the Court's case-law, the concept of ""criminal offence"" in Article 2 § 1 of Protocol No. 7 corresponds to that of ""criminal charge"" in Article 6 § 1 of the Convention ( Gurepka v. Ukraine, 2005, § 55; Zaicevs v. Latvia, 2007, § 53; Kamburov v. Bulgaria, 2009, § 22; Stanchev v. Bulgaria, 2009, § 44; Kindlhofer v. Austria, 2021, § 30; Grosam v. the Czech Republic [GC], 2023, §§ 111 and 140). Accordingly, the classifi cation of proceedings as ""criminal"" for the purposes of Article 6 of the Convention would be equally pertinent to the classification under Article 2 of Protocol No. 7.

The Court has reiterated that States in principle enjoy a wide margin of appreciation in determining how the right secured by Article 2 of Protocol No. 7 is to be exercised ( Krombach v. France, 2001, § 96; Gurepka v. Ukraine, 2005, § 59; Galstyan v. Armenia, 2007, § 125; Natsvlishvili and Togonidze v. Georgia, 2014, § 96; Shvydka v. Ukraine, 2014, § 48; Ruslan Yakovenko v. Ukraine, 2015, § 76; Rostovtsev v. Ukraine, 2017, § 27; Y.B. v. Russia, 2021, § 40). In other words, Article 2 of Protocol No. 7 leaves the modalities of the right, and the grounds upon which it may be exercised, to be determined by domestic law.

States may therefore, on the one hand, determine that the scope of the higher tribunal's review of a conviction or sentence would encompass both points of fact and law, or be confined solely to points of law ( Krombach v. France, 2001, § 96; Müller v. Austria, 2006, § 25; Shvydka v. Ukraine, 2014, § 49; Rostovtsev v. Ukraine, 2017, § 27; Y.B. v. Russia, 2021, § 40). Furthermore, a defendant wishing to appeal may sometimes be required to seek permission to do so and, in certain cases, the application for leave to appeal itself may be regarded as an adequate form of review within the scope of Article 2 of Protocol No. 7 7 . However, any restrictions contained in domestic legislation on the exercise of the right enshrined in Article 2 of Protocol No. 7 must, by analogy with the right of access to a court guaranteed by Article 6 § 1, pursue a legitimate aim and not infringe the very essence of that right ( Krombach v. France, 2001, § 96; Gurepka v. Ukraine, 2005, § 59; Galstyan v. Armenia, 2007, § 125; Shvydka v. Ukraine, 2014, § 49; Ruslan Yakovenko v. Ukraine, 2015, § 78; Rostovtsev v. Ukraine, 2017, § 27; Y.B. v. Russia, 2021, § 40).

Article 2 of Protocol No. 7 mostly regulates institutional matters, such as accessibility of the court of appeal or the scope of the review exercised by such court ( Shvydka v. Ukraine, 2014, § 49; Ruslan Yakovenko v. Ukraine, 2015, § 77; Fırat v. Greece, 2017, § 37).

Where the right to a review under Article 2 of Protocol No. 7 exists, it should be effective ( Shvydka v. Ukraine, 2014, § 50): in order for the review to be effective, it must be independent of any discretionary action by the authorities and must be directly available to those concerned ( Gurepka v. Ukraine, 2005, § 59).

By contrast, in Fırat v. Greece, 2017, §§ 39-46, where the applicant, a Turkish national who had been charged with smuggling irregular migrants, had no ties with Greece and had not been resident in that country, the Court did not consider that the mere lack of a suspensive effect of the appeal against the first-instance judgment was counter to Article 2 of Protocol No. 7. The Court noted that by the operation of domestic law, the applicant would have been entitled to conditional release after the appeal court judgment and provided that he had served a certain portion of his sentence, which was not the case in the present case. The Court therefore concluded that the applicant's exercise of his right to appeal did not come at the cost of his liberty. The Court therefore found no violation of Article 2 of Protocol No. 7 to the Convention.","According to the Court's case-law, the concept of ""criminal offence"" in Article 2 § 1 of Protocol No. 7 corresponds to that of ""criminal charge"" in Article 6 § 1 of the Convention ( Gurepka v. Ukraine, 2005, § 55; Kamburov v. Bulgaria, 2009, § 22; Stanchev v. Bulgaria, 2009, § 44; Kindlhofer v. Austria, 2021, § 30; Grosam v. the Czech Republic [GC], 2023, §§ 111 and 140; Ftiti v. Greece *, 2025, § 29). Accordingly, the classification of proceedings as ""criminal"" for the purposes of Article 6 of the Convention would be equally pertinent to the classification under Article 2 of Protocol No. 7.

The Court has reiterated that States in principle enjoy a wide margin of appreciation in determining how the right secured by Article 2 of Protocol No. 7 is to be exercised ( Krombach v. France, 2001, § 96; Galstyan v. Armenia, 2007, § 125; Natsvlishvili and Togonidze v. Georgia, 2014, § 96; Shvydka v. Ukraine, 2014, § 48; Ruslan Yakovenko v. Ukraine, 2015, § 76; Rostovtsev v. Ukraine, 2017, § 27; Y.B. v. Russia, 2021, § 40; Ftiti v. Greece *, 2025, § 30). In other words, Article 2 of Protocol No. 7 leaves the modalities of the right, and the grounds upon which it may be exercised, to be determined by domestic law.

States may therefore, on the one hand, determine that the scope of the higher tribunal's review of a conviction or sentence would encompass both points of fact and law, or be confined solely to points of law ( Krombach v. France, 2001, § 96; Shvydka v. Ukraine, 2014, § 49; Rostovtsev v. Ukraine, 2017, § 27; Y.B. v. Russia, 2021, § 40; Ftiti v. Greece *, 2025, § 30). Furthermore, a defendant wishing to appeal may sometimes be required to seek permission to do so and, in certain cases, the application for leave to appeal itself may be regarded as an adequate form of review within the scope of Article 2 of Protocol No. 7 7 . However, any restrictions contained in domestic legislation on the exercise of the right enshrined in Article 2 of Protocol No. 7 must, by analogy with the right of access to a court guaranteed by Article 6 § 1, pursue a legitimate aim and not infringe the very essence of that right ( Krombach v. France, 2001, § 96; Galstyan v. Armenia, 2007, § 125; Shvydka v. Ukraine, 2014, § 49; Ruslan Yakovenko v. Ukraine, 2015, § 78; Rostovtsev v. Ukraine, 2017, § 27; Y.B. v. Russia, 2021, § 40; Ftiti v. Greece *, 2025, § 30).

Article 2 of Protocol No. 7 mostly regulates institutional matters, such as accessibility of the court of appeal or the scope of the review exercised by such court ( Shvydka v. Ukraine, 2014, § 49; Ruslan Yakovenko v. Ukraine, 2015, § 77; Fırat v. Greece, 2017, § 37; Ftiti v. Greece *, 2025, § 30).

Where the right to a review under Article 2 of Protocol No. 7 exists, it should be effective ( Shvydka v. Ukraine, 2014, § 50; Ftiti v. Greece *, 2025, § 33): in order for the review to be effective, it must be independent of any discretionary action by the authorities and must be directly available to those concerned ( Gurepka v. Ukraine, 2005, § 59). The availability of a compensation procedure for individuals, who have served a sentence which has later been quashed, does not render the appeal effective, as it fails to meet the requirement of promptness in such cases ( Ftiti v. Greece *, 2025, § 32).

The absence of suspensive effect of an appeal does not inherently breach Article 2 of Protocol No. 7, provided that the exercise of the right of appeal does not come at the cost of the individual's liberty ( Ftiti v. Greece *, 2025, § 31). In Fırat v. Greece, 2017, §§ 39-46, where the applicant, a Turkish national who had been charged with smuggling irregular migrants, had no ties with Greece and had not been resident in that country, the Court did not consider that the mere lack of a suspensive effect of the appeal against the first-instance judgment was counter to Article 2 of Protocol No. 7 . The Court noted that by the operation of domestic law, the applicant would have been entitled to conditional release after the appeal court judgment and provided that he had served a certain portion of his sentence, which was not the case in the present case. The Court therefore concluded that the applicant's exercise of his right to appeal did not come at the cost of his liberty. The Court therefore found no violation of Article 2 of Protocol No. 7 to the Convention. By contrast in Ftiti v. Greece *, 2025, § 38-42, the national authorities failed to hold an appeal hearing for nearly six years during which time the applicant had already served the minimum duration of his sentence and been granted conditional release. The Court concluded that, after the applicant had already served three-fifths of his sentence and been granted early release, the review was unable to address any deficiencies in the lower court's decision in an effective manner, which amounted to a violation of Article 2 of Protocol No. 7 to the Convention.",,,,
