guide_id,case_key,to_guide_version_date,to_snapshot_date,split,gold_trigger,trig_score,trig_pred,trig_correct,loc_evaluable,loc_hit1,loc_hit3,loc_mrr,loc_top1,gold_sections,edit_pred_type,edit_pred_subtype
0a61f8f7ceb0,apps:7246/20,2023-08-31,2024-04-05,dev,1,0.65,1,1,True,1,1,1.0,II.B.1.b,II.B.1.b,revise_text,doctrinal_rewrite
0a61f8f7ceb0,apps:20081/19,2023-08-31,2024-04-05,dev,1,0.195,0,0,True,1,1,1.0,II.B.3.4,II.B.3.4,revise_text,doctrinal_rewrite
0a61f8f7ceb0,apps:47833/20,2023-08-31,2024-04-05,dev,1,0.195,0,0,True,0,1,0.3333333333333333,I.C,III.A.2,add_citation,new_paragraph
0a61f8f7ceb0,apps:75135/14,2023-08-31,2024-04-05,dev,1,0.195,0,0,True,1,1,1.0,II.B.3.4,II.B.3.4,revise_text,doctrinal_rewrite
0a61f8f7ceb0,apps:53568/18|54741/18,2023-08-31,2024-04-05,dev,1,0.65,1,1,True,1,1,1.0,II.B.1.b,II.A.2|II.A.3|II.B.1.b,revise_text,doctrinal_rewrite
0a61f8f7ceb0,apps:54006/20,2023-08-31,2024-04-05,dev,1,0.195,0,0,True,1,1,1.0,II.B.1.b,II.B.1.b,add_citation,citation_insert
0a61f8f7ceb0,apps:11454/17,2024-02-29,2024-06-13,dev,1,0.195,0,0,True,1,1,1.0,II.B.4,II.B.4,revise_text,doctrinal_rewrite
0a61f8f7ceb0,apps:58358/14,2024-02-29,2024-06-13,dev,1,0.195,0,0,True,1,1,1.0,I.C,I.A|I.C|III.B.§4,add_citation,new_paragraph
0a61f8f7ceb0,apps:49014/16,2025-02-28,2025-06-12,dev,1,0.195,0,0,True,0,0,0.058823529411764705,I.C,II.A.1|IV.A.2|IV.A.3|IV.B.6,revise_text,doctrinal_rewrite
0a61f8f7ceb0,apps:8825/22|19130/22,2025-02-28,2025-06-12,dev,1,0.195,0,0,True,0,1,0.5,I.C,IV.B.8,add_citation,new_paragraph
0a61f8f7ceb0,apps:40861/22,2025-02-28,2025-06-12,dev,1,0.195,0,0,True,1,1,1.0,I.C,I.C,add_citation,new_paragraph
0a61f8f7ceb0,apps:18179/17,2025-02-28,2025-06-12,dev,1,0.195,0,0,True,1,1,1.0,I.C,I.C,add_citation,citation_insert
0a61f8f7ceb0,apps:33421/16,2025-02-28,2025-06-12,dev,1,0.195,0,0,True,1,1,1.0,III.A.3,III.A.3,add_citation,new_paragraph
0a61f8f7ceb0,apps:59180/15,2025-02-28,2025-06-12,dev,1,0.195,0,0,True,0,1,0.5,I.C,IV.B.8,revise_text,doctrinal_rewrite
0a61f8f7ceb0,apps:46808/16,2025-02-28,2025-06-12,dev,1,0.195,0,0,True,0,0,0.14285714285714285,II.A.1,II.B.2.5,add_citation,new_paragraph
0a61f8f7ceb0,apps:16206/19,2025-02-28,2025-06-12,dev,1,0.195,0,0,True,0,0,0.09090909090909091,II.B.1.b,II.A.1|II.A.2|II.B.2.5,add_citation,new_paragraph
0a61f8f7ceb0,apps:32678/18,2025-02-28,2025-06-12,dev,1,0.195,0,0,True,0,0,0.0,I.C,III.A.4,add_citation,new_paragraph
0a61f8f7ceb0,apps:31842/20,2025-02-28,2025-06-12,dev,1,0.195,0,0,True,0,0,0.25,II.B.1.b,II.A.1|II.A.2|II.B.1|II.B.1.c,add_citation,new_paragraph
0bd62693ae9f,apps:58811/18,2024-02-29,2024-08-07,dev,1,0.415,0,0,True,0,1,0.3333333333333333,III.E,III.D,add_citation,new_paragraph
0bd62693ae9f,apps:68958/17,2024-02-29,2024-08-07,dev,1,0.545,1,1,True,1,1,1.0,II.B,II.B,add_citation,new_paragraph
0bd62693ae9f,apps:24159/22|25751/22,2024-08-31,2024-10-30,dev,1,0.545,1,1,True,1,1,1.0,IV,IV|V,add_citation,new_paragraph
0bd62693ae9f,apps:55159/16,2024-08-31,2024-10-30,dev,1,0.545,1,1,True,1,1,1.0,III.F,III.F,add_citation,new_paragraph
0bd62693ae9f,apps:29780/20|33702/20|48537/20,2025-08-31,2025-12-20,test,1,0.415,0,0,True,1,1,1.0,III.F,III.F,add_citation,new_paragraph
0bd62693ae9f,apps:32648/22,2025-08-31,2025-12-20,test,1,0.545,1,1,True,0,0,0.1111111111111111,I.B,III.A,add_citation,citation_insert
0bd62693ae9f,apps:79340/16,2025-08-31,2025-12-20,test,1,1.0,1,1,True,1,1,1.0,III.F,III.F,add_citation,new_paragraph
0faa41c7c031,apps:6180/15,2023-08-31,2024-02-17,dev,1,0.195,0,0,True,0,0,0.16666666666666666,IV.E,II.D|II.E,add_citation,citation_insert
0faa41c7c031,apps:54003/20,2023-08-31,2024-02-17,dev,1,0.545,1,1,True,0,1,0.3333333333333333,IV.E,II.A|II.B|II.C|II.E|III.A|III.B.§4|III.D.§4|IV.A|IV.C|IV.D.a,add_citation,new_paragraph
0faa41c7c031,apps:13668/21,2024-02-29,2024-04-09,dev,1,0.545,1,1,True,1,1,1.0,IV.E,II.C|III.A|IV.A|IV.C|IV.E,revise_text,doctrinal_rewrite
0faa41c7c031,apps:11027/22,2025-02-28,2025-04-03,dev,1,0.195,0,0,True,0,1,0.5,IV.D.a,II.C|IV.C|IV.E,revise_text,doctrinal_rewrite
0faa41c7c031,apps:20958/14|38334/18,2025-02-28,2025-04-03,dev,1,1.0,1,1,True,0,0,0.1,IV.E,II.B|II.C|III.A|III.B.§4,revise_text,doctrinal_rewrite
154b01c3289a,apps:35511/20,2023-02-28,2023-10-27,dev,1,0.545,1,1,True,0,0,0.014705882352941176,III.B.3.d,I.E.3,add_citation,new_paragraph
154b01c3289a,apps:24384/19|44234/20,2023-02-28,2023-10-27,dev,1,1.0,1,1,True,1,1,1.0,§1.A.3.f,§1.A.3.d|§1.A.3.f,add_citation,new_paragraph
154b01c3289a,apps:976/20,2023-02-28,2023-10-27,dev,1,0.545,1,1,True,0,1,0.5,III.B.3.d,§1.A.3.c,add_citation,citation_insert
154b01c3289a,apps:2809/18,2023-02-28,2023-10-27,dev,1,0.195,0,0,True,1,1,1.0,§1.A.3.f,§1.A.3.f,add_citation,new_paragraph
154b01c3289a,apps:383/12,2023-02-28,2023-10-27,dev,1,0.545,1,1,True,0,0,0.0625,III.B.3.d,§1.A.3.b,add_citation,citation_insert
154b01c3289a,apps:23158/20,2023-02-28,2023-10-27,dev,1,0.545,1,1,True,0,0,0.03333333333333333,III.B.3.d,I.B.3,add_citation,citation_insert
154b01c3289a,apps:38358/22,2023-02-28,2023-10-27,dev,1,1.0,1,1,True,1,1,1.0,I.B.1,I.B.1,revise_text,paragraph_rewrite
154b01c3289a,apps:26922/19,2023-02-28,2023-10-27,dev,1,0.545,1,1,True,1,1,1.0,I.A.2.f,I.A.2.d|I.A.2.f,add_citation,new_paragraph
154b01c3289a,apps:1210/10,2023-02-28,2023-10-27,dev,1,0.415,0,0,True,0,1,0.3333333333333333,§1.A.3.f,§1.A.3.e,add_citation,citation_insert
154b01c3289a,apps:8019/16|43800/14|28525/20,2023-02-28,2023-10-27,dev,1,1.0,1,1,True,0,0,0.03125,II.A.1.2,II.B.1,revise_text,doctrinal_rewrite
154b01c3289a,apps:67259/14,2023-02-28,2023-10-27,dev,1,0.545,1,1,True,0,0,0.2,III.B.3.d,III.B.4|§1.A.3.c,remove_citation,citation_remove
154b01c3289a,apps:4188/21,2023-08-31,2023-12-12,dev,1,0.545,1,1,True,0,0,0.25,§1.A.3.f,§1.A.3.d,add_citation,citation_insert
154b01c3289a,apps:22515/14,2023-08-31,2023-12-12,dev,1,0.545,1,1,True,0,1,0.5,III.B.3.d,I.D.2.a|§1.A.3.e,add_citation,citation_insert
154b01c3289a,apps:46412/21,2023-08-31,2023-12-12,dev,1,0.545,1,1,True,0,1,0.5,II.D,§1.A.3.f,add_citation,citation_insert
154b01c3289a,apps:4704/19,2023-08-31,2023-12-12,dev,1,0.415,0,0,True,0,1,0.3333333333333333,§1.A.3.f,§1.A.3.e,revise_text,paragraph_rewrite
154b01c3289a,apps:1574/12,2023-08-31,2023-12-12,dev,1,0.545,1,1,True,0,0,0.02127659574468085,II.D,§1.A.2.b,add_citation,new_paragraph
154b01c3289a,apps:52132/19,2023-08-31,2023-12-12,dev,1,0.545,1,1,True,1,1,1.0,§1.A.2.b,§1.A.2.b,add_citation,new_paragraph
154b01c3289a,apps:2394/22,2023-08-31,2023-12-12,dev,1,0.545,1,1,True,0,0,0.029411764705882353,§1.A.3.e,I.E.1|I.E.6,add_citation,new_paragraph
154b01c3289a,apps:24827/14,2023-08-31,2023-12-12,dev,1,1.0,1,1,True,0,0,0.045454545454545456,§1.A.3.e,I.A.2.d|I.B.1|I.B.4.d,add_citation,new_paragraph
154b01c3289a,apps:19750/13,2023-08-31,2023-12-12,dev,1,1.0,1,1,True,0,0,0.041666666666666664,§1.A.3.e,I.A.2.d|I.B.4.d,add_citation,new_paragraph
154b01c3289a,apps:48345/12,2023-08-31,2023-12-12,dev,1,0.065,0,0,True,0,0,0.05555555555555555,§1.A.3.e,I.A.2.d,add_citation,citation_insert
154b01c3289a,apps:53030/19,2023-08-31,2023-12-12,dev,1,0.545,1,1,True,0,0,0.047619047619047616,III.B.3.d,I.B.3,add_citation,citation_insert
154b01c3289a,apps:29999/04|41424/04,2023-08-31,2023-12-12,dev,1,0.545,1,1,True,0,0,0.02,II.A.1.2,I.B.5.c,add_citation,new_paragraph
154b01c3289a,apps:27094/20,2023-08-31,2023-12-12,dev,1,0.545,1,1,True,0,0,0.1111111111111111,III.B.3.d,§1.A.3.d,add_citation,citation_insert
154b01c3289a,apps:22060/20,2023-08-31,2023-12-12,dev,1,0.545,1,1,True,0,0,0.015625,II.D,I.B.2.b,add_citation,citation_insert
154b01c3289a,apps:54421/21,2023-08-31,2023-12-12,dev,1,0.545,1,1,True,0,1,0.5,I.A.2.f,I.A.6,revise_text,paragraph_rewrite
154b01c3289a,apps:2758/05,2023-08-31,2023-12-12,dev,1,0.065,0,0,True,0,0,0.05263157894736842,III.B.3.d,I.A.2.d,remove_citation,citation_remove
154b01c3289a,name:van oosterwijck v belgium::1980,2023-08-31,2023-12-12,dev,1,0.87,1,1,True,0,0,0.08333333333333333,I.A.2.f,I.A.2.d,remove_citation,citation_remove
154b01c3289a,apps:24382/15,2024-08-31,2025-01-26,dev,1,0.545,1,1,True,1,1,1.0,§2.A.4,§2.A.4,add_citation,new_paragraph
154b01c3289a,apps:38692/16,2024-08-31,2025-01-26,dev,1,0.415,0,0,True,0,1,0.5,§2.A.4,II.D,add_citation,new_paragraph
154b01c3289a,apps:9987/14,2024-08-31,2025-01-26,dev,1,0.415,0,0,True,1,1,1.0,III.B.3.d,III.B.2|III.B.3|III.B.3.d,add_citation,new_paragraph
154b01c3289a,apps:37364/10,2024-08-31,2025-01-26,dev,1,0.545,1,1,True,0,0,0.08333333333333333,§2.A.3.c,§2.B.1,add_citation,new_paragraph
154b01c3289a,apps:7189/21,2024-08-31,2025-01-26,dev,1,1.0,1,1,True,0,0,0.05,III.B.3.d,§2.A.3.b,add_citation,new_paragraph
154b01c3289a,apps:18536/18,2024-08-31,2025-01-26,dev,1,0.415,0,0,True,0,0,0.029411764705882353,§2.A.3.e,I.A.2.f,add_citation,new_paragraph
154b01c3289a,apps:33050/18,2024-08-31,2025-01-26,dev,1,0.545,1,1,True,1,1,1.0,§2.A.4,§2.A.4,add_citation,new_paragraph
154b01c3289a,apps:24159/22|25751/22,2024-08-31,2025-01-26,dev,1,0.195,0,0,True,0,0,0.1111111111111111,§2.A.4,I.A.4,add_citation,new_paragraph
154b01c3289a,apps:2059/16,2024-08-31,2025-01-26,dev,1,0.065,0,0,True,1,1,1.0,§2.A.3.e,III.B.4|§2.A.3.e,add_citation,new_paragraph
154b01c3289a,apps:32439/19,2024-08-31,2025-01-26,dev,1,0.545,1,1,True,1,1,1.0,I.A.2.f,I.A.2.f,add_citation,new_paragraph
154b01c3289a,apps:31592/18,2024-08-31,2025-01-26,dev,1,0.065,0,0,True,0,0,0.06666666666666667,§2.A.3.e,I.A.5,add_citation,new_paragraph
154b01c3289a,apps:21714/22,2024-08-31,2025-01-26,dev,1,0.545,1,1,True,0,0,0.0625,III.B.3.d,I.E.1|I.E.2|I.E.6|I.E.7,add_citation,new_paragraph
154b01c3289a,apps:3324/19,2024-08-31,2025-01-26,dev,1,0.545,1,1,True,0,0,0.09090909090909091,III.B.3.d,I.B.2.a,add_citation,new_paragraph
154b01c3289a,apps:14139/21,2024-08-31,2025-01-26,dev,1,0.545,1,1,True,0,1,0.3333333333333333,III.B.3.d,I.A.2.f,add_citation,new_paragraph
154b01c3289a,apps:42126/15|42127/15,2024-08-31,2025-01-26,dev,1,0.545,1,1,True,0,0,0.05555555555555555,II.A.2,I.B.5.c,add_citation,new_paragraph
154b01c3289a,apps:56551/11,2024-08-31,2025-01-26,dev,1,0.065,0,0,True,0,0,0.047619047619047616,§2.A.4,I.E.1|I.E.5,add_citation,new_paragraph
154b01c3289a,apps:17131/19,2024-08-31,2025-01-26,dev,1,0.545,1,1,True,0,1,0.5,II.D,II.C.1|II.C.3.d|§2.A.3.e,add_citation,new_paragraph
154b01c3289a,apps:48998/14,2024-08-31,2025-01-26,dev,1,0.545,1,1,True,0,0,0.05263157894736842,§2.A.4,I.A.5,add_citation,new_paragraph
154b01c3289a,apps:49812/09,2024-08-31,2025-01-26,dev,1,0.65,1,1,True,0,0,0.125,III.B.3.d,II.D,add_citation,new_paragraph
154b01c3289a,apps:53600/20,2024-08-31,2025-01-26,dev,1,1.0,1,1,True,1,1,1.0,§2.A.4,§2.A.3.b|§2.A.4,add_citation,new_paragraph
154b01c3289a,apps:14179/21,2024-08-31,2025-01-26,dev,1,0.13,0,0,True,0,0,0.016666666666666666,I.B.2.a,I.B.4.b,add_citation,new_paragraph
154b01c3289a,apps:41701/16,2024-08-31,2025-01-26,dev,1,0.195,0,0,True,0,0,0.25,II.D,I.E.2,add_citation,new_paragraph
154b01c3289a,apps:21881/20,2024-08-31,2025-04-13,dev,1,0.545,1,1,True,0,0,0.25,III.A.3.b,I.A.2.f|§1.A.3.b,revise_text,paragraph_rewrite
154b01c3289a,apps:58358/14,2024-08-31,2025-04-13,dev,1,0.545,1,1,True,0,1,0.3333333333333333,§1.A.3.f,§1.A.3.e,add_citation,legacy_fallback
154b01c3289a,apps:40519/15,2025-02-28,2025-06-04,dev,1,0.545,1,1,True,0,0,0.06666666666666667,§1.A.3.f,III.B.3.c,add_citation,citation_insert
154b01c3289a,apps:25373/16,2025-02-28,2025-06-04,dev,1,0.195,0,0,True,1,1,1.0,§1.A.3.f,§1.A.3.f,revise_text,paragraph_rewrite
154b01c3289a,apps:32806/09,2025-02-28,2025-06-04,dev,1,0.065,0,0,True,0,0,0.023255813953488372,III.B.3.d,I.E.1,add_citation,citation_insert
154b01c3289a,apps:12058/21,2025-02-28,2025-06-04,dev,1,0.545,1,1,True,0,0,0.1111111111111111,III.B.3.d,§1.B.2.a,add_citation,new_paragraph
154b01c3289a,apps:25344/20,2025-02-28,2025-06-04,dev,1,0.545,1,1,True,0,0,0.03333333333333333,III.B.3.d,I.E.1|I.E.6|III.B.3,add_citation,citation_insert
154b01c3289a,apps:13337/19,2025-02-28,2025-06-04,dev,1,0.195,0,0,True,0,0,0.045454545454545456,III.B.3.d,I.E.2,add_citation,citation_insert
154b01c3289a,apps:16974/14,2025-02-28,2025-06-04,dev,1,0.195,0,0,True,0,0,0.02564102564102564,III.B.3.d,III.B.3,add_citation,citation_insert
154b01c3289a,apps:56658/22,2025-02-28,2025-06-04,dev,1,0.545,1,1,True,0,0,0.05263157894736842,§1.A.3.f,I.A.1|I.A.2.e|I.B.2.a,revise_text,paragraph_rewrite
154b01c3289a,apps:10103/20,2025-02-28,2025-06-04,dev,1,0.195,0,0,True,0,0,0.1111111111111111,III.B.3.d,III.B.2,add_citation,citation_insert
154b01c3289a,apps:64387/14,2025-02-28,2025-06-04,dev,1,0.545,1,1,True,0,0,0.037037037037037035,II.D,I.D.1,revise_text,paragraph_rewrite
154b01c3289a,apps:15830/16,2025-02-28,2025-06-04,dev,1,0.065,0,0,True,0,0,0.05263157894736842,§1.A.3.e,I.E.2,revise_text,paragraph_rewrite
154b01c3289a,apps:29582/09,2025-02-28,2025-06-04,dev,1,1.0,1,1,True,0,0,0.017857142857142856,§1.A.3.c,I.C.2,add_citation,citation_insert
154b01c3289a,apps:55737/16,2025-08-31,2025-12-02,test,1,0.545,1,1,True,0,0,0.2,III.B.3.d,§1.B.1,add_citation,citation_insert
154b01c3289a,apps:65087/19,2025-08-31,2025-12-02,test,1,0.545,1,1,True,0,0,0.2,§1.A.3.f,§1.A.3.b,revise_text,paragraph_rewrite
154b01c3289a,apps:17710/15,2025-08-31,2025-12-02,test,1,0.545,1,1,True,0,0,0.022222222222222223,§1.A.3.e,I.B.5.d,revise_text,doctrinal_rewrite
154b01c3289a,apps:7535/21|58894/21,2025-08-31,2025-12-02,test,1,0.065,0,0,True,1,1,1.0,§1.A.3.f,§1.A.3.f,revise_text,paragraph_rewrite
154b01c3289a,apps:2474/21,2025-08-31,2025-12-02,test,1,0.545,1,1,True,0,1,0.5,II.D,§1.A.3.c,add_citation,citation_insert
154b01c3289a,apps:3473/19,2025-08-31,2025-12-02,test,1,0.415,0,0,True,1,1,1.0,§1.A.3.e,§1.A.3.e,revise_text,paragraph_rewrite
154b01c3289a,apps:13959/20,2025-08-31,2025-12-02,test,1,0.545,1,1,True,0,0,0.07692307692307693,§1.A.3.f,II.C.2.b,add_citation,citation_insert
154b01c3289a,apps:59144/16,2025-08-31,2025-12-02,test,1,0.545,1,1,True,1,1,1.0,I.A.2.f,I.A.2.f,add_citation,new_paragraph
154b01c3289a,apps:29791/21,2025-08-31,2025-12-02,test,1,0.545,1,1,True,0,0,0.02,III.A.3.b,I.A.2.b,add_citation,citation_insert
154b01c3289a,apps:56605/19|25424/23,2025-08-31,2025-12-02,test,1,0.545,1,1,True,0,0,0.125,I.A.2.f,I.A.6,revise_text,paragraph_rewrite
154b01c3289a,apps:3613/19,2025-08-31,2025-12-02,test,1,0.415,0,0,True,1,1,1.0,I.A.2.f,I.A.2.f,revise_text,paragraph_rewrite
154b01c3289a,apps:63386/16,2025-08-31,2025-12-02,test,1,1.0,1,1,True,1,1,1.0,I.A.2.f,I.A.2.f,add_citation,new_paragraph
154b01c3289a,apps:75000/17,2025-08-31,2025-12-02,test,1,0.545,1,1,True,0,0,0.125,§1.A.3.f,§1.A.3.b,add_citation,citation_insert
154b01c3289a,apps:12908/23|24544/23,2025-08-31,2025-12-02,test,1,0.415,0,0,True,1,1,1.0,I.A.2.f,I.A.2.f,add_citation,new_paragraph
154b01c3289a,apps:30085/13,2025-08-31,2025-12-02,test,1,0.545,1,1,True,1,1,1.0,§1.A.3.e,I.A.5|§1.A.3.e,add_citation,new_paragraph
154b01c3289a,apps:13609/20,2025-08-31,2025-12-02,test,1,0.545,1,1,True,1,1,1.0,II.D,I.B.5.a|I.D.1|II.D,revise_text,doctrinal_rewrite
154b01c3289a,apps:10934/21,2025-08-31,2025-12-02,test,1,0.545,1,1,True,0,0,0.07692307692307693,§1.A.3.f,II.A.2,revise_text,doctrinal_rewrite
154b01c3289a,apps:79549/16,2025-08-31,2025-12-02,test,1,0.415,0,0,True,0,0,0.25,III.B.3.d,I.E.2,revise_text,paragraph_rewrite
154b01c3289a,apps:76634/16,2025-08-31,2025-12-02,test,1,0.195,0,0,True,0,1,0.3333333333333333,II.D,I|I.A.5,add_citation,citation_insert
1900da194ee4,apps:20725/20,2024-02-29,2024-09-30,dev,1,0.545,1,1,True,0,0,0.07142857142857142,II.A,IV.B.1.a.v|IV.B.2.b.i.§45,add_citation,new_paragraph
1900da194ee4,apps:39822/98,2024-02-29,2024-09-30,dev,1,0.415,0,0,True,0,0,0.14285714285714285,X.C,III.A,add_citation,new_paragraph
1900da194ee4,apps:30655/09,2024-02-29,2024-09-30,dev,1,0.415,0,0,True,0,0,0.2,XV.4,III.A,add_citation,new_paragraph
1900da194ee4,apps:20755/08,2024-02-29,2024-09-30,dev,1,0.545,1,1,True,0,1,0.5,II.B.2,IV.B.2.b.i.§44,add_citation,new_paragraph
1900da194ee4,apps:28369/07,2024-02-29,2024-09-30,dev,1,0.415,0,0,True,0,0,0.043478260869565216,VIII.A,III.A,add_citation,new_paragraph
1900da194ee4,apps:49001/07,2024-02-29,2024-09-30,dev,1,0.415,0,0,True,0,0,0.16666666666666666,XII.B.2,III.A,add_citation,new_paragraph
1900da194ee4,apps:77419/16,2024-02-29,2024-09-30,dev,1,1.0,1,1,True,0,0,0.0,XIII.B.1,XIII.B.6,add_citation,new_paragraph
1900da194ee4,apps:9602/18,2024-02-29,2024-09-30,dev,1,0.545,1,1,True,0,0,0.008620689655172414,III.B.1,IV.B.2.b.§49.§51.§54,add_citation,new_paragraph
1900da194ee4,apps:13003/04,2024-02-29,2024-09-30,dev,1,0.545,1,1,True,0,0,0.125,VIII.A,III.A,add_citation,new_paragraph
1900da194ee4,apps:48340/20,2024-02-29,2024-09-30,dev,1,0.545,1,1,True,1,1,1.0,II.A,II.A|IV.B.1.a.v,add_citation,new_paragraph
1900da194ee4,apps:15158/19,2024-02-29,2024-09-30,dev,1,0.545,1,1,True,1,1,1.0,V.B.1.b,V.B.1.b,add_citation,new_paragraph
1900da194ee4,apps:84048/17|84051/17,2024-02-29,2024-09-30,dev,1,0.545,1,1,True,0,1,0.5,II.B.2,IV.B.1.a.i|IV.B.2.b.i.§44|IV.B.2.b.§49.§51.§56|IV.B.2.b.§57.§59.§61,add_citation,new_paragraph
1900da194ee4,apps:27926/21,2024-02-29,2024-09-30,dev,1,0.545,1,1,True,0,1,0.5,II.B.2,II.A|IV.B.1.a.i|XI.B.2|XI.B.3,add_citation,new_paragraph
1900da194ee4,apps:30237/18,2024-02-29,2024-09-30,dev,1,0.415,0,0,True,0,0,0.16666666666666666,III.B.1,XI.B.2,add_citation,new_paragraph
1900da194ee4,apps:67783/13,2024-02-29,2024-09-30,dev,1,0.545,1,1,True,0,1,0.3333333333333333,II.B.2,II.A|III.A|XI.A|XI.B.2,add_citation,new_paragraph
1900da194ee4,apps:1519/20,2024-02-29,2024-09-30,dev,1,1.0,1,1,True,1,1,1.0,III.B.1,II.A|III.B.1|III.B.3.c|IV.B.1|XI.B.2|XV.4,add_citation,new_paragraph
1900da194ee4,apps:48135/08,2024-02-29,2024-09-30,dev,1,0.415,0,0,True,0,0,0.14285714285714285,XII.B.2,III.A,add_citation,new_paragraph
1900da194ee4,apps:965/12,2024-02-29,2024-09-30,dev,1,0.545,1,1,True,0,0,0.125,X.C,III.A,add_citation,new_paragraph
1900da194ee4,apps:57292/16,2024-02-29,2024-09-30,dev,1,1.0,1,1,True,0,0,0.16666666666666666,XIII.B.1,IV.B.1.a.v|XIII.A.1|XIII.B.6,add_citation,new_paragraph
1900da194ee4,apps:8696/09,2024-02-29,2024-09-30,dev,1,0.415,0,0,True,0,0,0.2,X.C,III.A,add_citation,new_paragraph
1900da194ee4,apps:25285/15,2024-02-29,2024-09-30,dev,1,0.065,0,0,True,0,1,0.5,XV.5,III.B.1|V.B.2|V.B.2.a|XI.B.1,add_citation,new_paragraph
1900da194ee4,apps:9406/05,2024-02-29,2024-09-30,dev,1,0.415,0,0,True,0,1,0.5,II.B.2,IV.B.2.a.i,add_citation,new_paragraph
1900da194ee4,apps:64659/11|24133/13,2024-02-29,2024-09-30,dev,1,0.415,0,0,True,1,1,1.0,IV.B.2.b.i.§44,IV.B.2.b.i.§44,add_citation,new_paragraph
1900da194ee4,apps:26360/19,2024-02-29,2024-09-30,dev,1,0.545,1,1,True,1,1,1.0,III.B.1,III.A|III.B.1|VIII.A|X.A.1,add_citation,new_paragraph
1900da194ee4,apps:36705/16,2024-02-29,2024-09-30,dev,1,0.195,0,0,True,0,0,0.008695652173913044,II.B.2,IV.B.1,add_citation,new_paragraph
1900da194ee4,apps:51706/11,2024-02-29,2024-09-30,dev,1,0.545,1,1,True,0,0,0.05,VIII.A,III.A,add_citation,new_paragraph
1900da194ee4,apps:45066/17,2024-02-29,2024-09-30,dev,1,0.545,1,1,True,1,1,1.0,V.B.2.a,V.B.2.a|X.B.2,add_citation,new_paragraph
1900da194ee4,apps:24108/15,2024-02-29,2024-09-30,dev,1,0.545,1,1,True,0,0,0.01639344262295082,XI.A,II.B.1|XV.6,add_citation,new_paragraph
1900da194ee4,apps:40072/13,2024-02-29,2024-09-30,dev,1,0.545,1,1,True,0,0,0.25,V.A,III.A,add_citation,new_paragraph
1900da194ee4,apps:80857/17,2024-02-29,2024-09-30,dev,1,0.545,1,1,True,0,0,0.125,IX.C,IX.B|IX.B.1|IX.B.2,add_citation,new_paragraph
1900da194ee4,apps:27574/02,2024-02-29,2024-09-30,dev,1,0.545,1,1,True,0,0,0.16666666666666666,VIII.A,III.A,add_citation,new_paragraph
1900da194ee4,apps:28955/06|28957/06|28959/06|28964/06,2024-02-29,2024-09-30,dev,1,1.0,1,1,True,1,1,1.0,XV.4,IV.B.1.a.i|IV.B.2.b.§49.§51|XV.4,add_citation,new_paragraph
1900da194ee4,apps:64209/01,2024-02-29,2024-09-30,dev,1,0.545,1,1,True,0,0,0.16666666666666666,II.B.2,III.A,add_citation,new_paragraph
1900da194ee4,apps:39793/98,2024-02-29,2024-09-30,dev,1,1.0,1,1,True,0,0,0.125,II.B.2,III.A,add_citation,new_paragraph
1900da194ee4,apps:67369/16,2024-02-29,2024-09-30,dev,1,0.545,1,1,True,0,0,0.06666666666666667,II.B.2,IV.B.2.b.i.§44,add_citation,new_paragraph
1900da194ee4,apps:23443/23,2024-02-29,2024-09-30,dev,1,0.415,0,0,True,0,0,0.1,XII.B.2,II.A|IV.B.1.a.i|IV.B.1.a.§34|XIII.B.2,add_citation,new_paragraph
1900da194ee4,apps:5420/16,2024-02-29,2024-09-30,dev,1,0.545,1,1,True,0,0,0.14285714285714285,III.B.1,II.A|VIII.B,add_citation,new_paragraph
1900da194ee4,apps:57942/10,2024-02-29,2024-09-30,dev,1,0.545,1,1,True,1,1,1.0,II.A,II.A,add_citation,new_paragraph
1900da194ee4,apps:45581/15,2024-02-29,2024-09-30,dev,1,1.0,1,1,True,1,1,1.0,XIII.B.1,I.B|III.B.1|XI.A|XIII.A.1|XIII.B.1|XIII.B.7,add_citation,new_paragraph
1900da194ee4,apps:18287/18,2024-02-29,2024-09-30,dev,1,0.545,1,1,True,0,0,0.09090909090909091,III.B.1,III.A,add_citation,new_paragraph
1900da194ee4,apps:29856/13,2024-02-29,2024-09-30,dev,1,0.545,1,1,True,0,0,0.029411764705882353,II.B.2,X.B.2,add_citation,new_paragraph
1900da194ee4,apps:11002/07,2024-02-29,2024-09-30,dev,1,0.415,0,0,True,0,0,0.125,XII.A.1,III.A,add_citation,new_paragraph
1900da194ee4,apps:20422/15,2024-02-29,2024-09-30,dev,1,0.545,1,1,True,0,0,0.07692307692307693,II.B.2,IV.B.2.b.i.§44,add_citation,new_paragraph
1900da194ee4,apps:46396/14,2024-02-29,2024-09-30,dev,1,0.545,1,1,True,0,0,0.16666666666666666,II.B.2,II.A|IV.B.2.a.i|IV.B.2.b.i.§44|IV.B.2.b.i.§45,add_citation,new_paragraph
1900da194ee4,apps:36658/18,2024-02-29,2024-09-30,dev,1,0.545,1,1,True,0,0,0.1,III.B.1,III.A,add_citation,new_paragraph
1900da194ee4,apps:20007/22,2024-08-31,2025-01-15,dev,1,0.545,1,1,True,0,0,0.1111111111111111,VIII.A,III.B.2|XII.A.1|XII.B.1.b,add_citation,new_paragraph
1900da194ee4,apps:2933/03,2024-08-31,2025-01-15,dev,1,0.87,1,1,True,0,0,0.125,II.B.2,III.A,add_citation,new_paragraph
1900da194ee4,apps:15028/16,2024-08-31,2025-01-15,dev,1,0.545,1,1,True,1,1,1.0,VIII.A,VIII.A,revise_text,doctrinal_rewrite
1900da194ee4,apps:12174/22,2024-08-31,2025-01-15,dev,1,0.415,0,0,True,0,0,0.0625,XI.B.2,III.A|XI.A,add_citation,new_paragraph
1900da194ee4,apps:36681/23,2024-08-31,2025-01-15,dev,1,0.545,1,1,True,0,0,0.05263157894736842,II.A,X.B.4.d,add_citation,citation_insert
1900da194ee4,apps:15076/17,2024-08-31,2025-01-15,dev,1,0.545,1,1,True,0,0,0.013888888888888888,II.B.2,III.B.2,add_citation,citation_insert
1900da194ee4,apps:13801/07,2024-08-31,2025-01-15,dev,1,0.415,0,0,True,0,1,0.5,II.B.2,II.A,add_citation,citation_insert
1900da194ee4,apps:15450/03,2024-08-31,2025-01-15,dev,1,0.545,1,1,True,0,1,0.5,II.B.2,III.A,add_citation,citation_insert
1900da194ee4,apps:42442/08,2024-08-31,2025-01-15,dev,1,0.415,0,0,True,0,0,0.25,III.B.1,II.B.3,revise_text,paragraph_rewrite
1900da194ee4,apps:15379/13,2024-08-31,2025-01-15,dev,1,0.545,1,1,True,0,1,0.3333333333333333,II.A,V.A|XI.B.2,revise_text,paragraph_rewrite
1900da194ee4,apps:44230/06,2024-08-31,2025-01-15,dev,1,1.0,1,1,True,1,1,1.0,II.A,II.A,add_citation,citation_insert
1900da194ee4,apps:56138/18,2024-08-31,2025-01-15,dev,1,0.545,1,1,True,1,1,1.0,XIII.C,XIII.C,add_citation,citation_insert
1900da194ee4,apps:26826/16,2024-08-31,2025-01-15,dev,1,0.545,1,1,True,0,0,0.07142857142857142,V.B.2.a,II.B.3,add_citation,citation_insert
1900da194ee4,apps:42982/08,2024-08-31,2025-01-15,dev,1,0.415,0,0,True,0,1,0.5,II.B.2,II.B.3,revise_text,paragraph_rewrite
1900da194ee4,apps:10103/20,2024-08-31,2025-01-15,dev,1,0.545,1,1,True,1,1,1.0,IX.B.1,II.B.3|IX.B.1|IX.B.2|IX.B.3|IX.C|X.B.4.d,add_citation,citation_insert
1900da194ee4,apps:58029/12,2024-08-31,2025-01-15,dev,1,0.415,0,0,True,0,1,0.3333333333333333,XIII.B.6,IX.B.1|IX.B.3,add_citation,citation_insert
1900da194ee4,apps:41675/12,2025-02-28,2025-09-18,dev,1,0.545,1,1,True,1,1,1.0,VIII.A,VIII.A,add_citation,new_paragraph
1900da194ee4,apps:1847/21,2025-02-28,2025-09-18,dev,1,0.545,1,1,True,0,0,0.25,IV.B.1.i,III.B.1|XIII.B.7,add_citation,new_paragraph
1900da194ee4,apps:44306/98,2025-02-28,2025-09-18,dev,1,1.0,1,1,True,0,0,0.018867924528301886,II.A.2,I.B,add_citation,new_paragraph
1900da194ee4,apps:4110/20,2025-02-28,2025-09-18,dev,1,0.545,1,1,True,1,1,1.0,VIII.A,VIII.A,add_citation,new_paragraph
1900da194ee4,apps:11575/24,2025-02-28,2025-09-18,dev,1,0.415,0,0,True,0,1,0.3333333333333333,XI.B.2.c,II.A|II.A.2,revise_text,doctrinal_rewrite
1900da194ee4,apps:29780/20,2025-02-28,2025-09-18,dev,1,0.415,0,0,True,0,0,0.05263157894736842,X.C,XI.A|XI.B.2.a|§1.6,revise_text,paragraph_rewrite
1900da194ee4,apps:24738/19,2025-02-28,2025-09-18,dev,1,0.545,1,1,True,0,0,0.018518518518518517,XI.B.2,I.B,revise_text,doctrinal_rewrite
1900da194ee4,apps:39446/16,2025-02-28,2025-09-18,dev,1,0.545,1,1,True,0,1,0.3333333333333333,IX.B.4,II.A,add_citation,citation_insert
1900da194ee4,apps:257/12,2025-02-28,2025-09-18,dev,1,0.545,1,1,True,0,1,0.3333333333333333,II.A.2,XIV.D,add_citation,new_paragraph
1900da194ee4,apps:56310/15,2025-02-28,2025-09-18,dev,1,0.415,0,0,True,0,0,0.025,II.A.2,XII.A.2,add_citation,citation_insert
1900da194ee4,apps:28955/06,2025-02-28,2025-09-18,dev,1,1.0,1,1,True,1,1,1.0,§1.3.4,I.B|IV.B.1.i|§1.3.4,revise_text,doctrinal_rewrite
1900da194ee4,apps:32678/18,2025-02-28,2025-09-18,dev,1,0.545,1,1,True,0,0,0.014492753623188406,II.A.2,I.B,add_citation,new_paragraph
1900da194ee4,apps:28955/06|28957/06|28959/06|28964/06,2025-02-28,2025-09-18,dev,1,1.0,1,1,True,1,1,1.0,§1.3.4,IV.B.1.i|§1.3.4,remove_citation,citation_remove
1b1f8de345be,apps:22619/14,2023-08-31,2024-02-17,dev,1,0.195,0,0,True,1,1,1.0,III.E,III.E,revise_text,doctrinal_rewrite
1b1f8de345be,apps:37706/17,2023-08-31,2024-02-17,dev,1,0.545,1,1,True,0,0,0.05263157894736842,III.E,II.B.1.a,add_citation,citation_insert
1b1f8de345be,apps:61721/19|5496/20|21318/20|33522/20|43039/20|55448/20,2023-08-31,2024-02-17,dev,1,0.545,1,1,True,0,0,0.25,II.D.10,III.M,add_citation,new_paragraph
1b1f8de345be,apps:15553/15,2023-08-31,2024-02-17,dev,1,0.545,1,1,True,0,0,0.25,III.J,III.H,revise_text,doctrinal_rewrite
1b1f8de345be,apps:56774/18,2023-08-31,2024-02-17,dev,1,0.195,0,0,True,0,0,0.03225806451612903,II.B.2,II.A.1.b,add_citation,citation_insert
1b1f8de345be,apps:3405/21,2023-08-31,2024-02-17,dev,1,0.545,1,1,True,0,1,0.5,III.F,III.J,revise_text,doctrinal_rewrite
1b1f8de345be,apps:22716/12,2024-02-29,2024-08-28,dev,1,0.545,1,1,True,0,0,0.06666666666666667,III.H,II.B.4.e,add_citation,citation_insert
1b1f8de345be,apps:46201/16|47379/18,2024-02-29,2024-08-28,dev,1,0.545,1,1,True,0,1,0.5,II.C,II.B.2|II.B.3,add_citation,new_paragraph
1b1f8de345be,apps:4558/20,2024-02-29,2024-08-28,dev,1,0.415,0,0,True,0,0,0.07142857142857142,III.E,II.A.1.i,revise_text,paragraph_rewrite
1b1f8de345be,apps:59065/21,2024-02-29,2024-08-28,dev,1,0.545,1,1,True,1,1,1.0,III.F,III.F,add_citation,new_paragraph
1b1f8de345be,apps:14157/18,2024-02-29,2024-08-28,dev,1,0.545,1,1,True,0,1,0.5,II.B.1,II.A.1.i,add_citation,new_paragraph
1b1f8de345be,apps:35648/10,2024-02-29,2024-08-28,dev,1,0.195,0,0,True,0,0,0.16666666666666666,II.D.10,II.B.2|III.H,revise_text,citation_refresh
1b1f8de345be,apps:31620/15,2024-02-29,2024-08-28,dev,1,0.545,1,1,True,1,1,1.0,III.K,II.B.2|III.K,add_citation,new_paragraph
1b1f8de345be,apps:20445/15|59246/17,2024-02-29,2024-08-28,dev,1,0.415,0,0,True,0,0,0.05,III.E,II.B.3,remove_citation,citation_remove
1b1f8de345be,apps:24300/20,2024-02-29,2024-08-28,dev,1,0.545,1,1,True,0,1,0.5,II.B.2,II.B.3,revise_text,citation_refresh
1b1f8de345be,apps:26604/16,2024-02-29,2024-08-28,dev,1,0.545,1,1,True,1,1,1.0,III.H,III.H,add_citation,citation_insert
1b1f8de345be,apps:51391/19,2024-02-29,2024-08-28,dev,1,0.545,1,1,True,0,1,0.3333333333333333,III.E,III.K,add_citation,new_paragraph
1b1f8de345be,apps:41028/20,2025-02-28,2025-06-12,dev,1,0.415,0,0,True,0,0,0.25,II.D.4,II.B.2|II.B.4,add_citation,new_paragraph
1b1f8de345be,apps:50527/20,2025-02-28,2025-06-12,dev,1,0.545,1,1,True,0,0,0.2,III.E,II.B.4.a|III.J,add_citation,new_paragraph
1b1f8de345be,apps:33189/21,2025-02-28,2025-06-12,dev,1,0.415,0,0,True,0,0,0.07692307692307693,II.B.4.a,II.B.2,revise_text,citation_refresh
1b1f8de345be,apps:27849/15|33358/15,2025-02-28,2025-06-12,dev,1,0.545,1,1,True,0,0,0.1,II.B.2,II.B.4.a|II.B.4.e,revise_text,citation_refresh
1b1f8de345be,apps:75088/17,2025-02-28,2025-06-12,dev,1,0.415,0,0,True,0,0,0.2,II.D.10,II.B.2,revise_text,paragraph_rewrite
1b1f8de345be,apps:47284/16|84604/17,2025-02-28,2025-06-12,dev,1,0.545,1,1,True,0,1,0.5,III.J,II.B.2,add_citation,new_paragraph
1b1f8de345be,apps:25311/17,2025-02-28,2025-06-12,dev,1,0.415,0,0,True,0,0,0.07692307692307693,III.H,II.A.1.i,revise_text,paragraph_rewrite
1b1f8de345be,apps:32879/18,2025-02-28,2025-06-12,dev,1,0.545,1,1,True,0,0,0.25,III.E,II.C,add_citation,new_paragraph
1b1f8de345be,apps:61721/19,2025-02-28,2025-06-12,dev,1,0.545,1,1,True,1,1,1.0,III.M,III.M,revise_text,paragraph_rewrite
1b1f8de345be,apps:57002/11,2025-02-28,2025-06-12,dev,1,0.545,1,1,True,0,1,0.5,II.D.4,III.J,add_citation,citation_insert
1b1f8de345be,apps:25189/21,2025-02-28,2025-06-12,dev,1,0.415,0,0,True,1,1,1.0,III.J,III.J,add_citation,citation_insert
1b1f8de345be,apps:24460/16,2025-02-28,2025-06-12,dev,1,0.545,1,1,True,1,1,1.0,III.H,II.B.3|II.B.4.a|III.H,add_citation,citation_insert
1b1f8de345be,apps:17131/19,2025-02-28,2025-06-12,dev,1,0.545,1,1,True,0,0,0.03571428571428571,II.D.5.6,II.C.2,revise_text,citation_refresh
1b1f8de345be,apps:35271/19,2025-02-28,2025-06-12,dev,1,1.0,1,1,True,1,1,1.0,II.B.2,II.A.1.a|II.B.1|II.B.1.c|II.B.2|II.B.3|II.B.4|II.B.4.d,add_citation,new_paragraph
1b1f8de345be,apps:46264/22|50184/22,2025-02-28,2025-06-12,dev,1,1.0,1,1,True,0,0,0.047619047619047616,II.B.2,II.A.1.a|II.B.4|II.B.4.b|II.B.4.d,revise_text,doctrinal_rewrite
1b1f8de345be,apps:15887/15,2025-02-28,2025-06-12,dev,1,0.545,1,1,True,0,1,0.5,III.J,II.A.1.b|II.B.2|II.B.4.a|II.B.4.d,revise_text,doctrinal_rewrite
1b1f8de345be,apps:61721/19|5496/20|21318/20|33522/20|43039/20|55448/20,2025-02-28,2025-06-12,dev,1,0.545,1,1,True,1,1,1.0,III.M,III.M,remove_citation,citation_remove
1b1f8de345be,apps:69080/13,2025-08-31,2026-01-04,test,1,0.545,1,1,True,1,1,1.0,III.J,III.F|III.J,revise_text,doctrinal_rewrite
1b1f8de345be,apps:84568/17,2025-08-31,2026-01-04,test,1,0.545,1,1,True,0,1,0.3333333333333333,II.D.10,II.B.1|II.C|III.A,add_citation,new_paragraph
1b1f8de345be,apps:17985/18,2025-08-31,2026-01-04,test,1,0.545,1,1,True,0,1,0.5,III.J,II.B.2|III.F,revise_text,doctrinal_rewrite
1b1f8de345be,apps:12432/22,2025-08-31,2026-01-04,test,1,0.545,1,1,True,0,1,0.3333333333333333,III.J,III.B|III.F,revise_text,doctrinal_rewrite
1b1f8de345be,apps:38785/18,2025-08-31,2026-01-04,test,1,0.545,1,1,True,0,0,0.05,II.C.3,II.B.3|III.B|III.D,add_citation,new_paragraph
1b1f8de345be,apps:30085/13,2025-08-31,2026-01-04,test,1,0.545,1,1,True,1,1,1.0,II.B.1,II.B.1|II.B.4.a|II.D.3.4,add_citation,new_paragraph
1b1f8de345be,apps:8019/16,2025-08-31,2026-01-04,test,1,1.0,1,1,True,0,0,0.125,II.D.10,II.D.6,add_citation,new_paragraph
1d874b186d3e,apps:6383/17,2025-02-28,2025-10-25,dev,1,0.195,0,0,True,1,1,1.0,II.E.4,II.E.4,add_citation,citation_insert
1d874b186d3e,apps:34749/16|79607/17,2025-02-28,2025-10-25,dev,1,0.65,1,1,True,0,0,0.07692307692307693,IV.A,VI,revise_text,paragraph_rewrite
1d874b186d3e,apps:31913/21,2025-02-28,2025-10-25,dev,1,0.195,0,0,True,0,1,0.5,VI,IV.A,add_citation,new_paragraph
1e58f64bfb7a,apps:6167/73,2025-02-28,2025-09-06,dev,1,0.415,0,0,True,1,1,1.0,I.A.1,I.A.1,add_citation,legacy_fallback
1e58f64bfb7a,apps:2300/64,2025-02-28,2025-09-06,dev,1,0.52,1,1,True,0,0,0.1111111111111111,I.A.3.c,I.A.1,remove_citation,citation_remove
22935893a6e6,apps:10207/21|10209/21,2024-02-29,2024-04-09,dev,1,0.545,1,1,True,0,0,0.038461538461538464,II.A,IV.D.4,add_citation,new_paragraph
22935893a6e6,apps:25285/15,2024-02-29,2024-04-09,dev,1,0.415,0,0,True,0,0,0.07142857142857142,IV.E.4,III.C.2,revise_text,doctrinal_rewrite
22935893a6e6,apps:61808/19,2024-02-29,2024-04-09,dev,1,0.415,0,0,True,1,1,1.0,IV.D.4,IV.D.2|IV.D.4,add_citation,citation_insert
22935893a6e6,apps:59/17,2025-08-31,2025-11-28,test,1,1.0,1,1,True,0,0,0.25,III.C.2,II.B|II.E,add_citation,new_paragraph
22935893a6e6,apps:24607/20,2025-08-31,2025-11-28,test,1,0.545,1,1,True,1,1,1.0,III.F.1,III.F.1,add_citation,new_paragraph
22935893a6e6,apps:38283/18,2025-08-31,2025-11-28,test,1,0.545,1,1,True,0,0,0.023255813953488372,I.B,I.E,add_citation,citation_insert
22935893a6e6,apps:42975/19,2025-08-31,2025-11-28,test,1,0.545,1,1,True,0,1,0.5,III.E.3,IV.D.2,revise_text,paragraph_rewrite
22935893a6e6,apps:19358/17,2025-08-31,2025-11-28,test,1,0.545,1,1,True,0,0,0.024390243902439025,III.A.1,II.B,add_citation,citation_insert
22935893a6e6,apps:615/21,2025-08-31,2025-11-28,test,1,0.545,1,1,True,0,0,0.16666666666666666,IV.D.4,IV.C.2,add_citation,new_paragraph
22935893a6e6,apps:34749/16|79607/17,2025-08-31,2025-11-28,test,1,1.0,1,1,True,0,0,0.016666666666666666,IV.D.4,I.E,add_citation,citation_insert
22935893a6e6,apps:5297/16,2025-08-31,2025-11-28,test,1,0.545,1,1,True,0,1,0.3333333333333333,III.C.1,III.C.2,add_citation,citation_insert
22935893a6e6,apps:1766/23,2025-08-31,2025-11-28,test,1,0.545,1,1,True,0,1,0.3333333333333333,III.F.2,IV.D.3,add_citation,citation_insert
22935893a6e6,apps:20183/21,2025-08-31,2025-11-28,test,1,0.545,1,1,True,1,1,1.0,III.F.2,III.F.2,add_citation,new_paragraph
22935893a6e6,apps:38239/22,2025-08-31,2025-11-28,test,1,0.415,0,0,True,1,1,1.0,III.E.3,III.E.3,revise_text,citation_refresh
22935893a6e6,apps:71008/16,2025-08-31,2025-11-28,test,1,0.545,1,1,True,1,1,1.0,III.F.1,III.F.1,add_citation,new_paragraph
22935893a6e6,apps:30814/22,2025-08-31,2025-11-28,test,1,0.545,1,1,True,1,1,1.0,III.E.3,III.E.3,add_citation,new_paragraph
22935893a6e6,apps:19124/21|20085/21,2025-08-31,2025-11-28,test,1,0.545,1,1,True,1,1,1.0,III.F.2,III.F.2,add_citation,new_paragraph
22935893a6e6,apps:13609/20,2025-08-31,2025-11-28,test,1,0.545,1,1,True,1,1,1.0,III.C.2,III.C.2|IV.D.4|IV.D.5.b,revise_text,paragraph_rewrite
22935893a6e6,apps:13375/18,2025-08-31,2025-11-28,test,1,0.545,1,1,True,0,0,0.017543859649122806,III.C.2,I.E,add_citation,citation_insert
22935893a6e6,apps:13968/22,2025-08-31,2025-11-28,test,1,0.545,1,1,True,1,1,1.0,IV.D.3,IV.D.2|IV.D.3,add_citation,new_paragraph
22935893a6e6,apps:21180/15,2025-08-31,2025-11-28,test,1,0.545,1,1,True,0,0,0.25,III.E.3,IV.D.3,add_citation,citation_insert
2fbc08fc30bd,apps:31172/19,2023-08-31,2024-03-29,dev,1,0.545,1,1,True,0,0,0.0625,II.B.5,I.E|II.B.6,add_citation,new_paragraph
2fbc08fc30bd,apps:27227/17,2023-08-31,2024-03-29,dev,1,0.545,1,1,True,0,0,0.07142857142857142,III.A.2,I.E|II.B.6|II.B.7,revise_text,doctrinal_rewrite
2fbc08fc30bd,apps:16760/22,2024-02-29,2024-09-13,dev,1,1.0,1,1,True,0,0,0.1,II.B.5,I.B|I.D.1|II.B.3,add_citation,new_paragraph
2fbc08fc30bd,apps:24225/19,2024-02-29,2024-09-13,dev,1,0.545,1,1,True,1,1,1.0,III.C.1,III.C.1,add_citation,new_paragraph
2fbc08fc30bd,apps:43082/14,2024-02-29,2024-09-13,dev,1,0.415,0,0,True,0,1,0.5,II.A.2,I.B|II.B.7|III.A.2,add_citation,new_paragraph
2fbc08fc30bd,apps:34015/17|26896/18,2024-02-29,2024-09-13,dev,1,0.545,1,1,True,0,0,0.05555555555555555,II.A.2,II.B.8,add_citation,new_paragraph
2fbc08fc30bd,apps:64220/19,2024-08-31,2025-05-06,dev,1,0.545,1,1,True,1,1,1.0,III.A.2,I.B|III.A.2,add_citation,citation_insert
2fbc08fc30bd,apps:18382/15,2024-08-31,2025-05-06,dev,1,0.545,1,1,True,1,1,1.0,II.A.2,I.B|II.A.2,add_citation,new_paragraph
2fbc08fc30bd,apps:50681/20,2024-08-31,2025-05-06,dev,1,0.545,1,1,True,0,0,0.0625,III.A.4,II.B.4,revise_text,paragraph_rewrite
2fbc08fc30bd,apps:25636/22,2025-02-28,2025-05-31,dev,1,0.545,1,1,True,0,0,0.07692307692307693,II.B.2,I.E,revise_text,citation_refresh
2fbc08fc30bd,apps:15541/20,2025-02-28,2025-05-31,dev,1,1.0,1,1,True,0,0,0.125,II.B.4,I.E|II.B.2,revise_text,citation_refresh
2fbc08fc30bd,apps:81028/17,2025-08-31,2025-11-22,test,1,0.545,1,1,True,0,0,0.2,II.A.2,II.B.8,revise_text,paragraph_rewrite
2fbc08fc30bd,apps:8019/16,2025-08-31,2025-11-22,test,1,1.0,1,1,True,0,0,0.058823529411764705,II.A.2,I.B|I.F,add_citation,new_paragraph
4026b1621d4a,apps:15736/22,2024-02-29,2024-04-09,dev,1,0.415,0,0,True,0,0,0.1111111111111111,V.A.7,V.A.1,add_citation,new_paragraph
4026b1621d4a,apps:17053/20,2024-02-29,2024-04-09,dev,1,0.545,1,1,True,0,0,0.125,VI.A.2.a,VI.A.2.b,add_citation,new_paragraph
4026b1621d4a,apps:3016/16,2024-02-29,2024-04-09,dev,1,1.0,1,1,True,0,0,0.14285714285714285,VI.B.3.c.i.§115,VI.B.3.c.i.§117,add_citation,new_paragraph
4026b1621d4a,apps:31349/20,2024-02-29,2024-04-09,dev,1,0.195,0,0,True,1,1,1.0,V.B.2.b,V.B.2.b,add_citation,new_paragraph
4026b1621d4a,apps:67414/11,2024-02-29,2024-04-09,dev,1,0.415,0,0,True,0,0,0.029411764705882353,V.A.2.a,V.A.3,add_citation,new_paragraph
4026b1621d4a,apps:25852/18,2024-02-29,2024-04-09,dev,1,0.545,1,1,True,1,1,1.0,V.B.2.c,V.B.2.c,add_citation,new_paragraph
4026b1621d4a,apps:19990/20,2024-02-29,2024-04-09,dev,1,0.545,1,1,True,1,1,1.0,V.A.5,V.A.5,add_citation,new_paragraph
4026b1621d4a,apps:1269/13,2024-02-29,2024-04-09,dev,1,0.545,1,1,True,0,0,0.25,II.B.2,IV.A,add_citation,new_paragraph
4026b1621d4a,apps:57378/18,2024-02-29,2024-04-09,dev,1,0.545,1,1,True,1,1,1.0,V.A.3.§52,V.A.3.§52,add_citation,new_paragraph
4026b1621d4a,apps:19750/13,2024-02-29,2024-04-09,dev,1,1.0,1,1,True,0,0,0.2,II.B.1,II.A|III.§16.2|V.A.5,add_citation,new_paragraph
4026b1621d4a,apps:10644/17,2024-02-29,2024-04-09,dev,1,0.545,1,1,True,1,1,1.0,VI.B.3.d,VI.B.3.d,add_citation,new_paragraph
4026b1621d4a,apps:16783/20,2024-02-29,2024-04-09,dev,1,0.415,0,0,True,0,0,0.125,V.A.5,I.A,add_citation,new_paragraph
4026b1621d4a,apps:47834/19,2024-02-29,2024-04-09,dev,1,0.415,0,0,True,1,1,1.0,VI.B.3.c.i.§115,VI.B.3.c.i.§115,add_citation,new_paragraph
4026b1621d4a,apps:3324/19,2024-02-29,2024-04-09,dev,1,0.545,1,1,True,1,1,1.0,V.A.5,V.A.5,add_citation,new_paragraph
4026b1621d4a,apps:43627/16|71667/16,2024-02-29,2024-04-09,dev,1,0.545,1,1,True,0,0,0.14285714285714285,V.A.3.§52,IV.C.2.a.§37,add_citation,new_paragraph
4026b1621d4a,apps:49072/21,2024-02-29,2024-04-09,dev,1,0.545,1,1,True,0,0,0.05555555555555555,II.B.5,I.A,add_citation,new_paragraph
4026b1621d4a,apps:39272/15,2024-02-29,2024-04-09,dev,1,0.545,1,1,True,1,1,1.0,V.A.5,V.A.5,add_citation,new_paragraph
4026b1621d4a,apps:20148/09,2024-02-29,2024-04-09,dev,1,0.545,1,1,True,0,0,0.2,VI.A.1.a,VI.A.2.a,add_citation,new_paragraph
4026b1621d4a,apps:44764/16,2024-02-29,2024-04-09,dev,1,0.545,1,1,True,0,0,0.16666666666666666,V.A.3,II.B.5,add_citation,new_paragraph
4026b1621d4a,apps:38744/21,2024-02-29,2024-04-09,dev,1,0.415,0,0,True,0,0,0.07692307692307693,VI.A.1.c,II.B.5,add_citation,new_paragraph
4026b1621d4a,apps:22060/20,2024-02-29,2024-04-09,dev,1,0.545,1,1,True,0,0,0.047619047619047616,IV.C.2.a.§37,I.A,add_citation,new_paragraph
4026b1621d4a,apps:57818/18,2024-02-29,2024-04-09,dev,1,0.545,1,1,True,0,0,0.01694915254237288,VI.B.4.b.§127.§130,VI.B.4.b.§131.§134,add_citation,new_paragraph
4026b1621d4a,apps:25551/18,2024-02-29,2024-04-09,dev,1,0.545,1,1,True,0,0,0.05555555555555555,V.A.2.a,IV.C.2.b.i.§41.§43,add_citation,new_paragraph
4026b1621d4a,apps:21181/19|51751/20,2024-02-29,2024-04-09,dev,1,0.545,1,1,True,0,0,0.02857142857142857,IV.B.1,II.B.2,add_citation,new_paragraph
4026b1621d4a,apps:58073/17,2024-02-29,2024-04-09,dev,1,0.545,1,1,True,0,0,0.25,VI.A.2.a,VI.A.1.c,add_citation,new_paragraph
4026b1621d4a,apps:15669/20,2024-02-29,2024-04-09,dev,1,1.0,1,1,True,1,1,1.0,V.A.5,V.A.2.a|V.A.2.b|V.A.3|V.A.5,add_citation,new_paragraph
4026b1621d4a,apps:62199/19,2024-08-31,2024-09-30,dev,1,0.545,1,1,True,0,0,0.07692307692307693,II.B.2,I.A,add_citation,citation_insert
4026b1621d4a,apps:13459/15,2024-08-31,2024-09-30,dev,1,0.545,1,1,True,0,0,0.043478260869565216,V.B.2.b,II.B.2,revise_text,citation_refresh
4026b1621d4a,apps:32483/19|35049/19,2024-08-31,2024-09-30,dev,1,1.0,1,1,True,1,1,1.0,VI.A.1.c,VI.A.1.c|VI.A.2,add_citation,new_paragraph
4026b1621d4a,apps:52855/19,2024-08-31,2024-09-30,dev,1,0.195,0,0,True,0,0,0.06666666666666667,VI.B.3.c,VI.A.2,add_citation,citation_insert
4026b1621d4a,apps:16678/22,2025-02-28,2025-06-12,dev,1,0.545,1,1,True,0,0,0.03125,VI.B.4.a,VI.A.1.b,add_citation,citation_insert
4026b1621d4a,apps:21766/22,2025-02-28,2025-06-12,dev,1,1.0,1,1,True,0,0,0.16666666666666666,V.A.6.a,II.B.1,add_citation,new_paragraph
4026b1621d4a,apps:36013/13,2025-02-28,2025-06-12,dev,1,0.545,1,1,True,0,1,0.5,VI.A.1.c,VI.A.2,add_citation,citation_insert
4026b1621d4a,apps:30970/19,2025-02-28,2025-06-12,dev,1,0.415,0,0,True,0,0,0.02857142857142857,II.B.5,IV.A|VI.A.2.b,add_citation,citation_insert
4026b1621d4a,apps:61280/21,2025-02-28,2025-06-12,dev,1,0.545,1,1,True,0,0,0.1111111111111111,V.A.3.§4,I.A|V.C.2.b,revise_text,doctrinal_rewrite
4026b1621d4a,apps:34916/16,2025-02-28,2025-06-12,dev,1,0.545,1,1,True,0,0,0.125,VI.A.1.a,VI.A.2,add_citation,citation_insert
4026b1621d4a,apps:11027/22,2025-02-28,2025-06-12,dev,1,0.545,1,1,True,0,0,0.25,V.A.2.a,V.B.2.c|VI.A.2,add_citation,citation_insert
4026b1621d4a,apps:42760/16,2025-02-28,2025-06-12,dev,1,0.545,1,1,True,0,1,0.5,VI.A.1.c,VI.A.2,add_citation,citation_insert
4026b1621d4a,apps:37324/16,2025-02-28,2025-06-12,dev,1,0.545,1,1,True,1,1,1.0,V.A.7,V.A.7,add_citation,citation_insert
4026b1621d4a,apps:20224/18,2025-02-28,2025-06-12,dev,1,0.415,0,0,True,1,1,1.0,II.B.2,I.A|II.B.2,revise_text,paragraph_rewrite
4026b1621d4a,apps:26760/22,2025-02-28,2025-06-12,dev,1,0.415,0,0,True,0,0,0.05,V.A.5,V.A.3,add_citation,citation_insert
4026b1621d4a,apps:63277/19,2025-02-28,2025-06-12,dev,1,0.415,0,0,True,1,1,1.0,II.B.5,II.B.5,add_citation,citation_insert
4026b1621d4a,apps:21492/17,2025-08-31,2026-02-17,test,1,0.545,1,1,True,0,0,0.0625,II.B.2,V.A.7|VI.B.4.§4,revise_text,paragraph_rewrite
4026b1621d4a,apps:54241/12,2025-08-31,2026-02-17,test,1,0.415,0,0,True,0,0,0.07142857142857142,V.A.5,VI.A.1.a,revise_text,doctrinal_rewrite
4026b1621d4a,apps:59494/09,2025-08-31,2026-02-17,test,1,0.415,0,0,True,0,0,0.1,V.A.5,VI.A.1.a,revise_text,doctrinal_rewrite
4026b1621d4a,apps:42881/18,2025-08-31,2026-02-17,test,1,0.545,1,1,True,0,0,0.07142857142857142,VI.B.3.c,I.A,add_citation,citation_insert
4026b1621d4a,apps:38110/18,2025-08-31,2026-02-17,test,1,0.545,1,1,True,0,0,0.16666666666666666,V.A.5,VI.B.4.§4,add_citation,citation_insert
4026b1621d4a,apps:56712/21,2025-08-31,2026-02-17,test,1,0.545,1,1,True,0,0,0.2,VI.B.3.c,V.A.1,add_citation,citation_insert
4026b1621d4a,apps:52302/19,2025-08-31,2026-02-17,test,1,0.545,1,1,True,0,0,0.010416666666666666,V.A.1,VI.A.4,revise_text,doctrinal_rewrite
4026b1621d4a,apps:58671/12,2025-08-31,2026-02-17,test,1,0.415,0,0,True,0,0,0.14285714285714285,II.B.5,VI.A.1.a,revise_text,doctrinal_rewrite
4026b1621d4a,apps:23963/21,2025-08-31,2026-02-17,test,1,0.545,1,1,True,1,1,1.0,VI.B.3.c,VI.B.3.c,revise_text,paragraph_rewrite
4026b1621d4a,apps:42635/20,2025-08-31,2026-02-17,test,1,0.065,0,0,True,0,0,0.015873015873015872,II.B.2,V.B.3,revise_text,paragraph_rewrite
4026b1621d4a,apps:32324/22,2025-08-31,2026-02-17,test,1,0.545,1,1,True,0,1,0.5,VI.A.1.a,VI.A.2,add_citation,citation_insert
4026b1621d4a,name:sharma v the united kingdom dec::2025,2025-08-31,2026-02-17,test,1,0.415,0,0,True,0,0,0.16666666666666666,II.B.5,VI.A.1.a,revise_text,doctrinal_rewrite
4026b1621d4a,apps:16497/20,2025-08-31,2026-02-17,test,1,0.545,1,1,True,0,0,0.037037037037037035,IV.C.2.§4,V.A.3,add_citation,citation_insert
4026b1621d4a,apps:15736/16,2025-08-31,2026-02-17,test,1,0.545,1,1,True,0,0,0.043478260869565216,V.A.2.a,II.B.2,add_citation,citation_insert
415c8994e0ed,apps:36418/20,2023-08-31,2023-12-18,dev,1,0.545,1,1,True,0,0,0.04,IV.F.4,IV.E,add_citation,new_paragraph
415c8994e0ed,apps:43146/15,2023-08-31,2023-12-18,dev,1,0.545,1,1,True,0,0,0.05,II.C.1,IV.E,add_citation,new_paragraph
415c8994e0ed,apps:5049/14|5122/14,2023-08-31,2023-12-18,dev,1,0.545,1,1,True,0,0,0.25,II.B,II.C.4.a,add_citation,new_paragraph
415c8994e0ed,apps:56070/18,2023-08-31,2023-12-18,dev,1,0.545,1,1,True,1,1,1.0,IV.I,IV.I,revise_text,paragraph_rewrite
415c8994e0ed,apps:56070/08,2023-08-31,2023-12-18,dev,1,0.065,0,0,True,0,0,0.125,IV.G,IV.I,remove_citation,citation_remove
415c8994e0ed,apps:2264/12,2024-08-31,2025-01-22,dev,1,0.545,1,1,True,0,0,0.03571428571428571,II.C.1,II.B,add_citation,citation_insert
415c8994e0ed,apps:6383/17,2024-08-31,2025-01-22,dev,1,0.545,1,1,True,0,0,0.03333333333333333,II.C.4.b,III.A.2,add_citation,citation_insert
415c8994e0ed,apps:3566/16,2024-08-31,2025-01-22,dev,1,0.545,1,1,True,0,0,0.05,I.C,III.B.2.c,add_citation,new_paragraph
415c8994e0ed,apps:29906/14,2024-08-31,2025-01-22,dev,1,0.545,1,1,True,0,0,0.16666666666666666,II.C.4.a,II.B|IV.F.2,revise_text,citation_refresh
415c8994e0ed,apps:63543/09,2024-08-31,2025-01-22,dev,1,0.545,1,1,True,0,0,0.25,IV.G,II.B|IV.F.3|IV.L.1,revise_text,citation_refresh
415c8994e0ed,apps:42749/19,2024-08-31,2025-01-22,dev,1,0.545,1,1,True,0,1,0.5,IV.L.1,II.B|II.C.3,add_citation,new_paragraph
415c8994e0ed,apps:67351/13,2024-08-31,2025-01-22,dev,1,0.545,1,1,True,1,1,1.0,II.C.1,II.C.1,revise_text,citation_refresh
415c8994e0ed,apps:55009/20,2024-08-31,2025-01-22,dev,1,0.545,1,1,True,0,0,0.07692307692307693,I.C,IV.L.2.b,add_citation,citation_insert
415c8994e0ed,apps:21882/09|6189/10,2024-08-31,2025-01-22,dev,1,0.545,1,1,True,1,1,1.0,IV.J,IV.J,add_citation,citation_insert
415c8994e0ed,apps:23093/20,2024-08-31,2025-01-22,dev,1,0.545,1,1,True,1,1,1.0,I.C,I.C|II.C.1,add_citation,citation_insert
415c8994e0ed,apps:47909/19,2024-08-31,2025-01-22,dev,1,0.545,1,1,True,0,0,0.03571428571428571,II.C.1,III.C.1,add_citation,new_paragraph
415c8994e0ed,apps:20958/14|38334/18,2024-08-31,2025-01-22,dev,1,1.0,1,1,True,0,0,0.07692307692307693,III.B.1.b,III.C.5.a,add_citation,new_paragraph
415c8994e0ed,apps:26074/18,2024-08-31,2025-01-22,dev,1,0.545,1,1,True,0,0,0.029411764705882353,II.C.4.a,III.C.1,add_citation,new_paragraph
415c8994e0ed,apps:53600/20,2024-08-31,2025-01-22,dev,1,1.0,1,1,True,0,0,0.1,II.C.1,I.C,add_citation,new_paragraph
415c8994e0ed,apps:1718/21,2025-02-28,2025-06-19,dev,1,0.545,1,1,True,0,0,0.1111111111111111,IV.L.1,IV.F.2,add_citation,citation_insert
415c8994e0ed,apps:9375/20,2025-02-28,2025-06-19,dev,1,0.545,1,1,True,0,1,0.3333333333333333,II.C.1,III.B.1.b,add_citation,citation_insert
415c8994e0ed,apps:39742/14,2025-02-28,2025-06-19,dev,1,1.0,1,1,True,0,0,0.25,II.C.1,I.C,revise_text,paragraph_rewrite
415c8994e0ed,apps:5576/19,2025-02-28,2025-06-19,dev,1,0.545,1,1,True,0,0,0.25,IV.L.2.a,IV.L.1,add_citation,citation_insert
415c8994e0ed,apps:22525/21|47626/21,2025-02-28,2025-06-19,dev,1,0.545,1,1,True,0,0,0.2,IV.F.4,IV.F.2,add_citation,citation_insert
415c8994e0ed,apps:57507/19,2025-02-28,2025-06-19,dev,1,0.545,1,1,True,1,1,1.0,II.C.1,II.C.1,add_citation,citation_insert
415c8994e0ed,apps:22776/18,2025-08-31,2025-12-15,test,1,0.545,1,1,True,0,0,0.08333333333333333,I.C,III.B.3.b.§39,add_citation,citation_insert
415c8994e0ed,apps:35950/20,2025-08-31,2025-12-15,test,1,0.545,1,1,True,1,1,1.0,II.C.2,II.C.2,add_citation,new_paragraph
415c8994e0ed,apps:51781/22,2025-08-31,2025-12-15,test,1,0.545,1,1,True,0,0,0.09090909090909091,II.C.1,III.B.2.c,add_citation,new_paragraph
415c8994e0ed,apps:56114/18,2025-08-31,2025-12-15,test,1,0.545,1,1,True,0,0,0.2,IV.L.2.a,II.C.1,add_citation,citation_insert
415c8994e0ed,apps:8019/16,2025-08-31,2025-12-15,test,1,1.0,1,1,True,0,1,0.5,III.C.5.a,III.C.3|III.C.4|IV.K,add_citation,new_paragraph
41c295afbaa0,apps:28186/19|29092/19,2024-02-29,2024-03-29,dev,1,0.545,1,1,True,1,1,1.0,III.B.2,III.B.2,add_citation,citation_insert
41c295afbaa0,apps:34634/18|43546/18,2024-02-29,2024-03-29,dev,1,0.545,1,1,True,1,1,1.0,III.B.2,III|III.B.2,add_citation,citation_insert
41c295afbaa0,apps:15669/20,2024-02-29,2024-03-29,dev,1,1.0,1,1,True,1,1,1.0,III.B.2,III.B.1|III.B.2|VII,revise_text,doctrinal_rewrite
41c295afbaa0,apps:71250/16,2025-02-28,2025-06-04,dev,1,0.545,1,1,True,0,1,0.5,IV.A,V,add_citation,citation_insert
41c295afbaa0,apps:38998/20,2025-02-28,2025-06-04,dev,1,0.415,0,0,True,0,0,0.14285714285714285,III,III.B.2,add_citation,citation_insert
41c295afbaa0,apps:6232/20|22394/20,2025-02-28,2025-06-04,dev,1,0.545,1,1,True,0,1,0.5,II.D.1,III.B.1|III.B.2,add_citation,citation_insert
41c295afbaa0,apps:39300/18,2025-02-28,2025-06-04,dev,1,0.545,1,1,True,1,1,1.0,III.B.2,III.B.2,add_citation,citation_insert
41c295afbaa0,apps:12386/86,2025-02-28,2025-06-04,dev,1,0.415,0,0,True,1,1,1.0,II.D.1,II.D.1,remove_citation,citation_remove
54e38e09f96e,apps:24408/16,2023-08-31,2023-12-06,dev,1,0.545,1,1,True,0,1,0.5,II.C.1,II.C.3,add_citation,citation_insert
54e38e09f96e,apps:46519/20,2023-08-31,2023-12-06,dev,1,0.545,1,1,True,1,1,1.0,II.C.1,II.C.1,add_citation,new_paragraph
54e38e09f96e,apps:66763/17,2023-08-31,2023-12-06,dev,1,0.545,1,1,True,0,0,0.16666666666666666,II.C.1,II.A|II.B.9,add_citation,new_paragraph
54e38e09f96e,apps:56928/19,2024-02-29,2024-03-30,dev,1,0.195,0,0,True,0,1,0.3333333333333333,III.B,II.B.1,add_citation,new_paragraph
54e38e09f96e,apps:50942/20|2022/21,2025-02-28,2025-04-24,dev,1,0.545,1,1,True,0,1,0.3333333333333333,II.C.1,II.A|II.B.1,add_citation,citation_insert
54e38e09f96e,apps:225/20,2025-02-28,2025-04-24,dev,1,0.545,1,1,True,1,1,1.0,II.B.1,II.B.1,add_citation,citation_insert
54e38e09f96e,apps:37614/22,2025-02-28,2025-04-24,dev,1,0.545,1,1,True,0,1,0.5,I.C,II.A|II.B.8|II.C.1|II.C.3,revise_text,paragraph_rewrite
684d373b17e9,apps:62239/12,2023-08-31,2024-04-05,dev,1,0.545,1,1,True,0,0,0.058823529411764705,III.A,III.D,add_citation,citation_insert
684d373b17e9,apps:58262/10,2023-08-31,2024-04-05,dev,1,0.545,1,1,True,0,1,0.3333333333333333,I.B.2,I.C|I.E.2.§4,add_citation,citation_insert
684d373b17e9,apps:2134/23,2023-08-31,2024-04-05,dev,1,1.0,1,1,True,0,0,0.08333333333333333,I.C.3,I.E.1,revise_text,paragraph_rewrite
684d373b17e9,apps:26821/17,2024-08-31,2024-09-30,dev,1,0.545,1,1,True,1,1,1.0,II.E.2,II.E.2,add_citation,new_paragraph
684d373b17e9,apps:1162/22,2024-08-31,2024-09-30,dev,1,0.545,1,1,True,0,0,0.07692307692307693,I.A,I.E.1,add_citation,citation_insert
684d373b17e9,apps:9987/14,2024-08-31,2024-09-30,dev,1,0.415,0,0,True,0,0,0.045454545454545456,I.C,I.A,revise_text,doctrinal_rewrite
684d373b17e9,apps:59433/18,2024-08-31,2024-09-30,dev,1,1.0,1,1,True,0,1,0.3333333333333333,III.G,III.B|III.H,add_citation,new_paragraph
684d373b17e9,apps:11214/19,2024-08-31,2024-09-30,dev,1,1.0,1,1,True,0,1,0.5,II.E.1.§4,II.D.3.b|II.D.3.§4,add_citation,citation_insert
684d373b17e9,apps:56896/17,2024-08-31,2024-09-30,dev,1,0.545,1,1,True,1,1,1.0,I.C.3,I.B.2|I.C.3,revise_text,paragraph_rewrite
684d373b17e9,apps:26604/16,2024-08-31,2024-09-30,dev,1,0.195,0,0,True,0,0,0.125,II.C.1,II.C.5,add_citation,citation_insert
684d373b17e9,apps:15669/20,2024-08-31,2024-09-30,dev,1,1.0,1,1,True,0,0,0.1,II.E.1.§4,II.D.1,add_citation,new_paragraph
684d373b17e9,apps:55789/19,2025-08-31,2025-12-10,test,1,0.195,0,0,True,0,0,0.09090909090909091,I.E.2.§4,III.H,add_citation,new_paragraph
684d373b17e9,apps:35834/22,2025-08-31,2025-12-10,test,1,0.545,1,1,True,0,1,0.5,I.A,I.C.3|I.G,add_citation,new_paragraph
684d373b17e9,apps:38283/18,2025-08-31,2025-12-10,test,1,0.545,1,1,True,1,1,1.0,I.C.3,I.C.3,add_citation,citation_insert
684d373b17e9,apps:45401/15,2025-08-31,2025-12-10,test,1,0.415,0,0,True,1,1,1.0,I.C.3,I.C.3,add_citation,citation_insert
684d373b17e9,apps:52977/19,2025-08-31,2025-12-10,test,1,0.545,1,1,True,0,1,0.5,III.A,III.H,add_citation,new_paragraph
684d373b17e9,apps:51194/19,2025-08-31,2025-12-10,test,1,0.545,1,1,True,0,0,0.07142857142857142,I.E.2.§4,III.H,add_citation,new_paragraph
684d373b17e9,apps:29760/21|33931/21,2025-08-31,2025-12-10,test,1,0.545,1,1,True,0,0,0.25,I.C.3,I.F.2,add_citation,citation_insert
684d373b17e9,apps:2623/16|2299/16,2025-08-31,2025-12-10,test,1,0.545,1,1,True,0,1,0.3333333333333333,II.E.1.a,I.E.2.i,add_citation,citation_insert
684d373b17e9,apps:44241/20,2025-08-31,2025-12-10,test,1,0.545,1,1,True,0,0,0.16666666666666666,I.C.3,I.B.2,revise_text,paragraph_rewrite
684d373b17e9,apps:34724/18,2025-08-31,2025-12-10,test,1,0.545,1,1,True,1,1,1.0,II.E.2,II.E.2,add_citation,new_paragraph
684d373b17e9,apps:39056/22,2025-08-31,2025-12-10,test,1,0.545,1,1,True,0,0,0.2,I.E.2.§4,I.B.2,add_citation,new_paragraph
6d86f7b0f9c7,apps:19961/17,2024-02-29,2024-03-29,dev,1,0.545,1,1,True,0,0,0.2,III.A,III.B.§13,add_citation,new_paragraph
6d86f7b0f9c7,apps:17412/16,2024-02-29,2024-03-29,dev,1,0.545,1,1,True,0,1,0.5,V.A,IV.B,add_citation,new_paragraph
726c25db1ffb,apps:47833/20,2024-02-29,2024-04-09,dev,1,0.545,1,1,True,0,0,0.2,III.B.3,II.A.2|II.B.1|II.B.4|II.B.5|II.B.6|II.C.1|II.C.5|II.C.6|III.B.1|III.E.3,revise_text,doctrinal_rewrite
726c25db1ffb,apps:39954/09|3465/17,2024-02-29,2024-04-09,dev,1,0.545,1,1,True,0,0,0.16666666666666666,III.B.3,II.C.6|II.C.7,add_citation,new_paragraph
726c25db1ffb,apps:36658/18,2024-02-29,2024-04-09,dev,1,0.545,1,1,True,0,0,0.125,II.C.3,II.B.5|II.C.6|II.C.7|III.D.b,add_citation,new_paragraph
762f0abff297,apps:28186/19|29092/19,2024-08-31,2024-09-30,dev,1,0.545,1,1,True,0,0,0.2,III.C,I.C,add_citation,new_paragraph
762f0abff297,apps:18269/18,2024-08-31,2024-09-30,dev,1,1.0,1,1,True,0,0,0.25,II.B,I.C|III.A,add_citation,new_paragraph
7a059e452dbd,apps:22515/14,2023-08-31,2023-11-14,dev,1,0.545,1,1,True,0,0,0.25,I.A.4,I.B.2.e,revise_text,paragraph_rewrite
7a059e452dbd,apps:39611/18,2023-08-31,2023-11-14,dev,1,0.545,1,1,True,1,1,1.0,I.B.3.§4,I.B.3.§4,revise_text,paragraph_rewrite
7a059e452dbd,apps:29999/04|41424/04,2023-08-31,2023-11-14,dev,1,0.545,1,1,True,1,1,1.0,I.B.3.§4,I.B|I.B.3.b|I.B.3.§4,add_citation,new_paragraph
7a059e452dbd,apps:46454/11,2024-08-31,2024-12-19,dev,1,0.545,1,1,True,0,0,0.16666666666666666,I.A.4,§1,add_citation,citation_insert
7a059e452dbd,apps:6383/17,2024-08-31,2024-12-19,dev,1,0.545,1,1,True,0,0,0.125,I.A.4,§1,add_citation,citation_insert
7a059e452dbd,apps:25589/16,2024-08-31,2024-12-19,dev,1,0.545,1,1,True,0,0,0.07142857142857142,I.B.3.§4,I.B.1.c,add_citation,new_paragraph
7a059e452dbd,apps:25576/16,2024-08-31,2024-12-19,dev,1,0.545,1,1,True,1,1,1.0,I.B.3.§4,I.B.1.c|I.B.3.§4,add_citation,new_paragraph
7a059e452dbd,apps:22302/10,2024-08-31,2024-12-19,dev,1,0.545,1,1,True,0,0,0.0,I.A.4,I.A.6,add_citation,new_paragraph
7a059e452dbd,apps:58170/13,2024-08-31,2024-12-19,dev,1,0.65,1,1,True,0,0,0.0,I.A.4,I.A.6,add_citation,new_paragraph
7a059e452dbd,apps:2327/20,2024-08-31,2024-12-19,dev,1,0.545,1,1,True,1,1,1.0,I.A.4,I.A.4,revise_text,paragraph_rewrite
7a059e452dbd,apps:29906/14,2024-08-31,2024-12-19,dev,1,0.545,1,1,True,0,1,0.5,I.A.4,I.B.3.§4,add_citation,citation_insert
7a059e452dbd,apps:39371/20,2024-08-31,2024-12-19,dev,1,1.0,1,1,True,0,1,0.5,I.A.4,I.A.1|I.B.2.a|I.B.2.b|I.B.4|§1,add_citation,new_paragraph
7a059e452dbd,apps:42224/11,2024-08-31,2024-12-19,dev,1,0.065,0,0,True,0,0,0.125,I.A.4,I.B.3.§4,add_citation,citation_insert
7a059e452dbd,apps:25344/20,2024-08-31,2024-12-19,dev,1,0.545,1,1,True,0,1,0.3333333333333333,I.A.4,I.A.1,add_citation,citation_insert
7a059e452dbd,apps:7432/17,2024-08-31,2024-12-19,dev,1,0.545,1,1,True,0,0,0.2,I.A.4,I.A.1,add_citation,citation_insert
7a059e452dbd,apps:74566/16|74573/16,2024-08-31,2024-12-19,dev,1,0.545,1,1,True,1,1,1.0,I.B.3.§4,I.B.1.c|I.B.3.§4,add_citation,new_paragraph
7a059e452dbd,apps:43082/14,2024-08-31,2024-12-19,dev,1,0.065,0,0,True,1,1,1.0,I.B.3.§4,I.B.3.§4,add_citation,new_paragraph
7a059e452dbd,apps:67351/13,2024-08-31,2024-12-19,dev,1,0.545,1,1,True,0,1,0.5,I.A.4,I.B.3.§4,add_citation,citation_insert
7a059e452dbd,apps:21882/09|6189/10,2024-08-31,2024-12-19,dev,1,0.545,1,1,True,1,1,1.0,I.A.4,I.A.4,add_citation,new_paragraph
7a059e452dbd,apps:40926/16|73942/17,2024-08-31,2024-12-19,dev,1,0.545,1,1,True,1,1,1.0,I.B.3.§4,I.B.3.§4,add_citation,citation_insert
7a059e452dbd,apps:3963/18,2024-08-31,2024-12-19,dev,1,0.545,1,1,True,0,1,0.5,I.A.4,I.B.2.e|I.B.3.§4|III.A.2,add_citation,new_paragraph
7a059e452dbd,apps:42126/15|42127/15,2024-08-31,2024-12-19,dev,1,0.545,1,1,True,1,1,1.0,I.B.3.§4,I.B.3.b|I.B.3.§4,add_citation,new_paragraph
7a059e452dbd,apps:74508/16,2024-08-31,2024-12-19,dev,1,0.545,1,1,True,0,0,0.07692307692307693,I.B.3.§4,I.B.1.c,add_citation,new_paragraph
7a059e452dbd,apps:35271/19,2024-08-31,2024-12-19,dev,1,1.0,1,1,True,0,1,0.5,I.A.4,§1,add_citation,citation_insert
7a059e452dbd,apps:48998/14,2024-08-31,2024-12-19,dev,1,0.545,1,1,True,0,1,0.5,I.A.4,I.B.3.§4,add_citation,new_paragraph
7a059e452dbd,apps:64371/16|64407/16,2024-08-31,2024-12-19,dev,1,0.545,1,1,True,0,0,0.0,I.A.4,I.A.6,add_citation,new_paragraph
7a059e452dbd,apps:44715/20|47930/21,2025-02-28,2025-06-26,dev,1,0.65,1,1,True,0,0,0.037037037037037035,I.B.2.b,I.A.6,add_citation,new_paragraph
7a059e452dbd,apps:32879/18,2025-02-28,2025-06-26,dev,1,0.545,1,1,True,0,0,0.25,I.B.3.§4,I.B.3.b,add_citation,citation_insert
7a059e452dbd,apps:51448/15,2025-02-28,2025-06-26,dev,1,0.545,1,1,True,0,1,0.5,I.A.4,I.B.3.§4,add_citation,citation_insert
7a059e452dbd,apps:32514/22,2025-02-28,2025-06-26,dev,1,0.195,0,0,True,0,1,0.3333333333333333,I.A.4,I.A.1,add_citation,new_paragraph
7a059e452dbd,apps:18102/04,2025-02-28,2025-06-26,dev,1,0.545,1,1,True,1,1,1.0,I.B.3.§4,I.B.3.b|I.B.3.§4,add_citation,citation_insert
7a059e452dbd,apps:53600/20,2025-02-28,2025-06-26,dev,1,1.0,1,1,True,0,1,0.5,I.A.4,I.A.1,revise_text,paragraph_rewrite
7b2999efc3b7,apps:21329/18,2023-08-31,2024-04-09,dev,1,0.545,1,1,True,0,1,0.5,II,III,remove_citation,citation_remove
7b2999efc3b7,apps:56417/19|44245/20,2024-08-31,2024-09-30,dev,1,0.545,1,1,True,1,1,1.0,III,II|III,add_citation,new_paragraph
7b2999efc3b7,apps:54029/17,2024-08-31,2024-09-30,dev,1,0.545,1,1,True,1,1,1.0,III,II|III,add_citation,citation_insert
7b2999efc3b7,apps:39090/20,2025-02-28,2025-09-18,dev,1,0.545,1,1,True,1,1,1.0,III,II|III,add_citation,citation_insert
7b2999efc3b7,apps:60778/19,2025-02-28,2025-09-18,dev,1,0.545,1,1,True,1,1,1.0,III,II|III,add_citation,new_paragraph
7ff3d5fc46dd,apps:27753/19,2024-02-29,2024-04-05,dev,1,0.195,0,0,True,1,1,1.0,V.A,V.A,add_citation,citation_insert
7ff3d5fc46dd,apps:68958/17,2024-02-29,2024-04-05,dev,1,0.195,0,0,True,1,1,1.0,XIV,XIV,add_citation,new_paragraph
7ff3d5fc46dd,apps:3501/20,2024-02-29,2024-04-05,dev,1,0.65,1,1,True,1,1,1.0,VI.B,VI.B,add_citation,new_paragraph
7ff3d5fc46dd,apps:37522/16,2024-02-29,2024-04-05,dev,1,0.195,0,0,True,0,0,0.07692307692307693,VI.A,V.C,add_citation,new_paragraph
7ff3d5fc46dd,apps:26564/16,2024-08-31,2024-09-28,dev,1,0.195,0,0,True,0,0,0.09090909090909091,XVI,II.C,add_citation,citation_insert
7ff3d5fc46dd,apps:32439/19,2024-08-31,2024-09-28,dev,1,0.195,0,0,True,0,0,0.05,XVI,II.C|II.H,add_citation,new_paragraph
7ff3d5fc46dd,apps:17/19,2024-08-31,2024-09-28,dev,1,0.065,0,0,True,0,0,0.125,VII.C,III.A,add_citation,new_paragraph
7ff3d5fc46dd,apps:22321/19,2024-08-31,2024-09-28,dev,1,0.195,0,0,True,0,0,0.14285714285714285,VII.A,VIII.B,add_citation,new_paragraph
8ad6b528df3f,apps:29359/22,2025-02-28,2025-06-01,dev,1,0.195,0,0,True,0,0,0.16666666666666666,VI.C,III.B.2.c,add_citation,citation_insert
8ad6b528df3f,apps:27746/22|28291/22,2025-02-28,2025-06-01,dev,1,0.195,0,0,True,1,1,1.0,II.A,II.A|II.B,add_citation,new_paragraph
96d370a07ab1,apps:56064/16,2024-02-29,2024-09-30,dev,1,0.415,0,0,True,0,0,0.1111111111111111,I.B,I.A.1|I.E,add_citation,new_paragraph
96d370a07ab1,apps:48173/18,2024-02-29,2024-09-30,dev,1,0.545,1,1,True,1,1,1.0,IV.A.6.b,I.A.1|IV.A.6.b,add_citation,new_paragraph
96d370a07ab1,apps:39247/14,2024-02-29,2024-09-30,dev,1,0.545,1,1,True,0,0,0.08333333333333333,II.A,I.A.2,add_citation,new_paragraph
96d370a07ab1,apps:25240/20,2024-02-29,2024-09-30,dev,1,0.545,1,1,True,0,1,0.5,I.D,I.A.2|I.C.1.a|I.C.2,add_citation,new_paragraph
96d370a07ab1,apps:49439/21,2024-02-29,2024-09-30,dev,1,0.545,1,1,True,1,1,1.0,II.A.1,II.A.1,add_citation,citation_insert
96d370a07ab1,apps:42180/19,2024-02-29,2024-09-30,dev,1,0.545,1,1,True,1,1,1.0,II.A.1,II.A.1,add_citation,citation_insert
96d370a07ab1,apps:4976/20,2024-02-29,2024-09-30,dev,1,0.545,1,1,True,0,1,0.5,II.A.1,II.A.2,add_citation,new_paragraph
96d370a07ab1,apps:72173/17,2024-02-29,2024-09-30,dev,1,0.545,1,1,True,0,0,0.16666666666666666,IV.A.2.b,II.A.1,revise_text,doctrinal_rewrite
96d370a07ab1,apps:4465/18,2024-02-29,2024-09-30,dev,1,0.415,0,0,True,0,0,0.047619047619047616,I.B,IV.C.1,remove_citation,citation_remove
96d370a07ab1,apps:25226/18,2024-02-29,2024-09-30,dev,1,0.545,1,1,True,0,0,0.2,I.B,I.A.2|I.C.1.b,add_citation,new_paragraph
96d370a07ab1,apps:66292/14,2024-02-29,2024-09-30,dev,1,0.545,1,1,True,0,0,0.16666666666666666,I.B,I.D,revise_text,doctrinal_rewrite
96d370a07ab1,apps:19371/22,2024-02-29,2024-09-30,dev,1,0.545,1,1,True,0,1,0.5,I.B,I.A.2|I.C|I.C.2,revise_text,doctrinal_rewrite
96d370a07ab1,apps:24269/18,2024-02-29,2024-09-30,dev,1,0.415,0,0,True,1,1,1.0,I.A.2,I.A.2,add_citation,new_paragraph
96d370a07ab1,apps:70267/17,2024-02-29,2024-09-30,dev,1,0.195,0,0,True,1,1,1.0,I.A.2,I.A.2|I.A.3,add_citation,new_paragraph
96d370a07ab1,apps:46131/19,2024-02-29,2024-09-30,dev,1,0.545,1,1,True,0,0,0.0625,IV.A.2.b,III.B.1,add_citation,new_paragraph
96d370a07ab1,apps:50849/21,2024-02-29,2024-09-30,dev,1,1.0,1,1,True,0,0,0.07692307692307693,IV.A.2.b,III.A.4.b|III.C.2.i,add_citation,new_paragraph
96d370a07ab1,apps:48045/15,2025-02-28,2025-06-26,dev,1,0.545,1,1,True,0,1,0.5,I.B,I.F.7|II.A.1,revise_text,paragraph_rewrite
96d370a07ab1,apps:21766/22,2025-02-28,2025-06-26,dev,1,1.0,1,1,True,0,1,0.3333333333333333,II.A.1,I.C.1.a|I.F.3|IV.A.2.b,revise_text,doctrinal_rewrite
96d370a07ab1,apps:8928/13,2025-02-28,2025-06-26,dev,1,0.415,0,0,True,1,1,1.0,II.A.1,II.A.1,revise_text,paragraph_rewrite
96d370a07ab1,apps:15771/20|53712/21,2025-02-28,2025-06-26,dev,1,0.415,0,0,True,0,0,0.07142857142857142,II.A.1,II.A.2,add_citation,new_paragraph
96d370a07ab1,apps:2327/20,2025-02-28,2025-06-26,dev,1,0.545,1,1,True,1,1,1.0,II.A.2,I.A.2|II.A.2|IV.A.2.b,revise_text,doctrinal_rewrite
96d370a07ab1,apps:25373/16,2025-02-28,2025-06-26,dev,1,0.545,1,1,True,1,1,1.0,II.A.2,II.A.2,add_citation,new_paragraph
96d370a07ab1,apps:6319/21,2025-02-28,2025-06-26,dev,1,1.0,1,1,True,1,1,1.0,II.A.1,I.B|I.F.3|II.A.1|IV.A.2.a,add_citation,new_paragraph
96d370a07ab1,apps:64220/19,2025-02-28,2025-06-26,dev,1,0.195,0,0,True,0,0,0.16666666666666666,I.A.2,I.B,add_citation,new_paragraph
96d370a07ab1,apps:78664/17,2025-02-28,2025-06-26,dev,1,0.545,1,1,True,0,0,0.2,IV.A.2.a,II.A.1,revise_text,doctrinal_rewrite
96d370a07ab1,apps:84388/17,2025-02-28,2025-06-26,dev,1,0.545,1,1,True,1,1,1.0,III.A.4.a,I.C.1.a|I.D|III.A.4.a,revise_text,doctrinal_rewrite
96d370a07ab1,apps:58901/19,2025-02-28,2025-06-26,dev,1,0.545,1,1,True,0,0,0.14285714285714285,I.A.2,IV.A.4,add_citation,citation_insert
96d370a07ab1,apps:47070/20,2025-02-28,2025-06-26,dev,1,0.415,0,0,True,0,0,0.16666666666666666,II.A,I.A.1|I.C.2,add_citation,new_paragraph
96d370a07ab1,apps:31029/15,2025-02-28,2025-06-26,dev,1,0.545,1,1,True,1,1,1.0,II.A.1,II.A.1,add_citation,citation_insert
96d370a07ab1,apps:13303/21,2025-02-28,2025-06-26,dev,1,0.415,0,0,True,0,0,0.2,II.A.1,II.A.2,remove_citation,citation_remove
96d370a07ab1,apps:41373/21|48801/21,2025-02-28,2025-06-26,dev,1,0.545,1,1,True,1,1,1.0,II.A.1,II.A.1,add_citation,citation_insert
96d370a07ab1,apps:60272/21,2025-02-28,2025-06-26,dev,1,0.545,1,1,True,0,0,0.16666666666666666,II.A.1,I.F.7|II.C.1,add_citation,new_paragraph
96d370a07ab1,apps:37943/17,2025-02-28,2025-06-26,dev,1,0.545,1,1,True,1,1,1.0,II.A.1,II.A.1,revise_text,doctrinal_rewrite
96d370a07ab1,apps:40825/98,2025-02-28,2025-06-26,dev,1,0.87,1,1,True,0,0,0.16666666666666666,I.A.2,I.B,add_citation,new_paragraph
96d370a07ab1,apps:35884/21|35886/21,2025-02-28,2025-06-26,dev,1,0.415,0,0,True,0,1,0.5,II.A.1,II.A.2,remove_citation,citation_remove
96d370a07ab1,apps:20140/23,2025-02-28,2025-06-26,dev,1,0.545,1,1,True,0,1,0.5,I.A.2,III.A.1|III.A.2|III.A.3|III.C.2|III.C.2.3|III.C.2.d|III.C.2.i,add_citation,new_paragraph
96d370a07ab1,apps:17131/19,2025-02-28,2025-06-26,dev,1,0.545,1,1,True,1,1,1.0,II.A.2,I.A.2|II.A.2,add_citation,new_paragraph
96d370a07ab1,apps:46514/15,2025-02-28,2025-06-26,dev,1,0.415,0,0,True,0,0,0.0625,II.A,I.A.2,add_citation,new_paragraph
96d370a07ab1,apps:53600/20,2025-02-28,2025-06-26,dev,1,1.0,1,1,True,0,1,0.5,II.A.2,I.A.1|I.A.2,add_citation,new_paragraph
96d370a07ab1,apps:22321/19,2025-02-28,2025-06-26,dev,1,0.545,1,1,True,1,1,1.0,I.B,I.A.2|I.B|II.A.1,add_citation,new_paragraph
96d370a07ab1,apps:27746/22|28291/22,2025-02-28,2025-06-26,dev,1,0.545,1,1,True,0,0,0.06666666666666667,II.A.1,III.B.1,add_citation,new_paragraph
96d370a07ab1,apps:38127/22,2025-02-28,2025-06-26,dev,1,0.415,0,0,True,1,1,1.0,IV.A.2.b,I.A.2|IV.A.2.b,add_citation,citation_insert
96d370a07ab1,apps:57246/21,2025-02-28,2025-06-26,dev,1,0.545,1,1,True,0,1,0.5,II.A.1,I.A.2|IV.A.3.c,add_citation,new_paragraph
96d370a07ab1,apps:4986/24,2025-08-31,2026-02-17,test,1,0.545,1,1,True,0,0,0.09090909090909091,II.A.1,I.D,add_citation,new_paragraph
96d370a07ab1,apps:22077/19,2025-08-31,2026-02-17,test,1,1.0,1,1,True,1,1,1.0,II.A.2,II.A.2,revise_text,paragraph_rewrite
96d370a07ab1,apps:41120/17,2025-08-31,2026-02-17,test,1,0.545,1,1,True,0,1,0.3333333333333333,II.A.1,IV.A.2.b|IV.A.4,add_citation,citation_insert
96d370a07ab1,apps:30671/08,2025-08-31,2026-02-17,test,1,0.545,1,1,True,0,1,0.5,II.A.1,II.A.2,revise_text,paragraph_rewrite
96d370a07ab1,apps:7428/17,2025-08-31,2026-02-17,test,1,0.545,1,1,True,0,1,0.5,II.A.1,I.A.2,add_citation,citation_insert
96d370a07ab1,apps:56297/21,2025-08-31,2026-02-17,test,1,0.545,1,1,True,0,0,0.14285714285714285,III.A.4.a,I.C.1.a|I.C.2|II.A,revise_text,doctrinal_rewrite
96d370a07ab1,apps:58751/00,2025-08-31,2026-02-17,test,1,1.0,1,1,True,0,0,0.2,I.A.2,I.D,add_citation,new_paragraph
96d370a07ab1,apps:30085/13,2025-08-31,2026-02-17,test,1,0.545,1,1,True,0,0,0.1,II.A.1,IV.A.4|IV.A.4.5|IV.A.7,revise_text,paragraph_rewrite
96d370a07ab1,apps:10934/21,2025-08-31,2026-02-17,test,1,0.195,0,0,True,0,0,0.05,II.A.2,II.B.1|II.B.2,add_citation,new_paragraph
96d370a07ab1,apps:16497/20,2025-08-31,2026-02-17,test,1,0.545,1,1,True,0,0,0.14285714285714285,II.A.1,IV.A.3.b|IV.A.7,add_citation,citation_insert
96d370a07ab1,apps:15736/16,2025-08-31,2026-02-17,test,1,0.545,1,1,True,1,1,1.0,II.A.1,II.A.1,add_citation,citation_insert
99cd2ce32cf8,name:a and b v france::2023,2023-08-31,2024-02-17,dev,1,0.545,1,1,True,0,0,0.16666666666666666,III.D.e,III.D.c,add_citation,new_paragraph
99cd2ce32cf8,apps:7246/20,2023-08-31,2024-02-17,dev,1,1.0,1,1,True,0,0,0.09090909090909091,II.A.1,II.D.7,revise_text,doctrinal_rewrite
99cd2ce32cf8,apps:P16-2022-001,2023-08-31,2024-02-17,dev,1,0.65,1,1,True,0,0,0.14285714285714285,II.D.3,II.D.11|III.A,add_citation,new_paragraph
99cd2ce32cf8,apps:22619/14,2023-08-31,2024-02-17,dev,1,0.545,1,1,True,1,1,1.0,IV.C,IV.C,add_citation,citation_insert
99cd2ce32cf8,apps:13258/18,2023-08-31,2024-02-17,dev,1,1.0,1,1,True,0,0,0.2,II.D.7,III.D.5,add_citation,new_paragraph
99cd2ce32cf8,apps:47196/21,2023-08-31,2024-02-17,dev,1,0.545,1,1,True,1,1,1.0,II.D.3,I.A|I.F.b|I.F.c|I.F.e|II.D.3|III.D.d,add_citation,new_paragraph
99cd2ce32cf8,apps:46412/21,2023-08-31,2024-02-17,dev,1,0.545,1,1,True,0,0,0.0625,III.D.e,II.B.4|II.B.7,add_citation,new_paragraph
99cd2ce32cf8,apps:44033/17,2023-08-31,2024-02-17,dev,1,0.545,1,1,True,0,0,0.16666666666666666,II.C.2,II.B.3,add_citation,citation_insert
99cd2ce32cf8,apps:21768/19,2023-08-31,2024-02-17,dev,1,0.545,1,1,True,0,0,0.03333333333333333,III.D.e,III.D.5,add_citation,new_paragraph
99cd2ce32cf8,apps:11519/20,2023-08-31,2024-02-17,dev,1,1.0,1,1,True,0,0,0.07142857142857142,II.C.6,I.C,add_citation,citation_insert
99cd2ce32cf8,apps:66015/17,2023-08-31,2024-02-17,dev,1,0.545,1,1,True,0,0,0.2,III.D.h,III.A|III.D.g,add_citation,new_paragraph
99cd2ce32cf8,apps:36345/16,2023-08-31,2024-02-17,dev,1,1.0,1,1,True,0,1,0.3333333333333333,II.C.2,I.D|I.E|II.A.1,add_citation,new_paragraph
99cd2ce32cf8,apps:14709/07,2023-08-31,2024-02-17,dev,1,0.545,1,1,True,1,1,1.0,II.B.4,II.B.3|II.B.4,add_citation,new_paragraph
99cd2ce32cf8,apps:39954/09|3465/17,2023-08-31,2024-02-17,dev,1,0.545,1,1,True,0,1,0.5,II.C.2,I.F.e|II.A.1,add_citation,citation_insert
99cd2ce32cf8,apps:53568/18|54741/18,2023-08-31,2024-02-17,dev,1,1.0,1,1,True,0,0,0.16666666666666666,III.D.e,II.D.7,revise_text,doctrinal_rewrite
99cd2ce32cf8,apps:10934/21,2023-08-31,2024-02-17,dev,1,0.545,1,1,True,0,1,0.5,II.A.1,I.F.e|II.B.3,add_citation,new_paragraph
99cd2ce32cf8,apps:30782/16,2023-08-31,2024-02-17,dev,1,0.545,1,1,True,1,1,1.0,IV.C,IV.C,add_citation,citation_insert
99cd2ce32cf8,apps:19162/19,2023-08-31,2024-02-17,dev,1,0.545,1,1,True,0,0,0.019230769230769232,II.A.2,IV.D,revise_text,doctrinal_rewrite
99cd2ce32cf8,apps:23851/20|24360/20,2023-08-31,2024-02-17,dev,1,0.545,1,1,True,0,0,0.058823529411764705,II.D.7,III.D.6,add_citation,citation_insert
99cd2ce32cf8,apps:56578/11,2024-04-09,2024-06-18,dev,1,0.545,1,1,True,0,0,0.16666666666666666,I.F.b,II.B.4,remove_citation,citation_remove
99cd2ce32cf8,apps:17791/22,2024-04-09,2024-06-18,dev,1,0.545,1,1,True,0,1,0.5,II.A.1,II.B.6|II.B.8|II.C.4|III.D.d,add_citation,new_paragraph
99cd2ce32cf8,apps:26504/20,2024-04-09,2024-06-18,dev,1,0.415,0,0,True,1,1,1.0,III.D.d,III.D.d,revise_text,doctrinal_rewrite
99cd2ce32cf8,apps:22296/20|37138/20,2024-04-09,2024-06-18,dev,1,0.545,1,1,True,1,1,1.0,III.D.2,III.D.2,add_citation,citation_insert
99cd2ce32cf8,apps:3000/16|7189/16,2024-04-09,2024-06-18,dev,1,0.415,0,0,True,1,1,1.0,II.B.8,II.B.8,add_citation,citation_insert
99cd2ce32cf8,apps:56513/17|56515/17,2024-04-09,2024-06-18,dev,1,0.545,1,1,True,1,1,1.0,III.D.c,II.D.11|III.D.c,add_citation,new_paragraph
99cd2ce32cf8,apps:18843/20,2024-04-09,2024-06-18,dev,1,0.545,1,1,True,1,1,1.0,II.D.1,II.C.4|II.D.1,add_citation,new_paragraph
99cd2ce32cf8,apps:14925/18,2024-04-09,2024-06-18,dev,1,0.545,1,1,True,0,1,0.5,I.B,III.D.6,revise_text,citation_refresh
99cd2ce32cf8,apps:53162/21,2024-04-09,2024-06-18,dev,1,0.545,1,1,True,0,0,0.125,II.B.6,II.B.5,revise_text,doctrinal_rewrite
99cd2ce32cf8,apps:3041/19,2024-04-09,2024-06-18,dev,1,1.0,1,1,True,0,0,0.038461538461538464,II.D.1,II.D.6,add_citation,new_paragraph
99cd2ce32cf8,apps:21424/16|45728/17,2024-04-09,2024-06-18,dev,1,0.545,1,1,True,1,1,1.0,II.D.1,II.D.1,add_citation,new_paragraph
99cd2ce32cf8,apps:7432/17,2024-04-09,2024-06-18,dev,1,0.545,1,1,True,1,1,1.0,II.B.8,II.B.8,revise_text,citation_refresh
99cd2ce32cf8,apps:25240/20,2024-04-09,2024-06-18,dev,1,0.545,1,1,True,1,1,1.0,II.A.2,II.A.2,revise_text,citation_refresh
99cd2ce32cf8,apps:37031/21,2024-04-09,2024-06-18,dev,1,0.545,1,1,True,0,1,0.5,II.D.1,II.D.11|III.D.c,add_citation,new_paragraph
99cd2ce32cf8,apps:17780/18,2024-04-09,2024-06-18,dev,1,0.545,1,1,True,0,1,0.5,II.D.1,II.D.6,revise_text,doctrinal_rewrite
99cd2ce32cf8,apps:16974/14,2024-04-09,2024-06-18,dev,1,0.545,1,1,True,0,0,0.022222222222222223,II.A.1,II.C.6,add_citation,new_paragraph
99cd2ce32cf8,apps:40209/20,2024-04-09,2024-06-18,dev,1,0.545,1,1,True,0,0,0.2,II.D.11,I.F.e,revise_text,citation_refresh
99cd2ce32cf8,apps:17254/11,2024-04-09,2024-06-18,dev,1,0.415,0,0,True,1,1,1.0,III.D.d,III.D.d,revise_text,doctrinal_rewrite
99cd2ce32cf8,apps:55351/17,2024-04-09,2024-06-18,dev,1,0.545,1,1,True,1,1,1.0,II.B.1,II.B.1|III.D.d,revise_text,paragraph_rewrite
99cd2ce32cf8,apps:40119/21,2024-04-09,2024-06-18,dev,1,0.545,1,1,True,1,1,1.0,II.A.1,II.A.1|II.B.2,revise_text,citation_refresh
99cd2ce32cf8,apps:62020/14,2024-04-09,2024-06-18,dev,1,0.545,1,1,True,1,1,1.0,II.D.1,II.A.1|II.D.1|III.D.6,add_citation,new_paragraph
99cd2ce32cf8,apps:54366/08,2024-04-09,2024-06-18,dev,1,0.415,0,0,True,0,1,0.3333333333333333,II.D.1,III.A|III.D.c,add_citation,new_paragraph
99cd2ce32cf8,apps:25226/18,2024-04-09,2024-06-18,dev,1,0.545,1,1,True,0,0,0.2,II.A.1,II.A.2,revise_text,citation_refresh
99cd2ce32cf8,apps:66292/14,2024-04-09,2024-06-18,dev,1,0.545,1,1,True,0,1,0.5,I.F.b,II.A.2,revise_text,citation_refresh
99cd2ce32cf8,apps:33696/19,2024-04-09,2024-06-18,dev,1,0.545,1,1,True,0,0,0.16666666666666666,V.F.1,I.C|II.C|II.C.6|II.C.7,add_citation,new_paragraph
99cd2ce32cf8,apps:8165/03|70267/17,2024-04-09,2024-06-18,dev,1,0.545,1,1,True,0,0,0.015873015873015872,II.B.6,II.D.5,revise_text,paragraph_rewrite
99cd2ce32cf8,apps:42541/18,2024-04-09,2024-06-18,dev,1,0.545,1,1,True,0,0,0.014925373134328358,II.A.1,III.V.1|III.V.2,revise_text,doctrinal_rewrite
99cd2ce32cf8,apps:71160/13,2024-04-09,2024-06-18,dev,1,0.415,0,0,True,0,0,0.25,II.D.1,III.D.c,add_citation,new_paragraph
99cd2ce32cf8,apps:9525/19,2024-04-09,2024-06-18,dev,1,0.545,1,1,True,0,1,0.5,II.D.1,III.D.c,add_citation,new_paragraph
99cd2ce32cf8,apps:53600/20,2024-04-09,2024-06-18,dev,1,1.0,1,1,True,1,1,1.0,II.A.1,II.A.1|II.B.8,revise_text,doctrinal_rewrite
99cd2ce32cf8,apps:59252/19,2024-04-09,2024-06-18,dev,1,0.415,0,0,True,0,1,0.3333333333333333,III.D.d,III.A|III.D.3,add_citation,new_paragraph
99cd2ce32cf8,apps:43868/18|25883/21,2024-04-09,2024-06-18,dev,1,0.545,1,1,True,1,1,1.0,I.F.e,I.B|I.F.e|II.A.1|II.C.8,add_citation,new_paragraph
99cd2ce32cf8,apps:50849/21,2024-04-09,2024-06-18,dev,1,1.0,1,1,True,0,0,0.030303030303030304,II.A.1,I.F.b,add_citation,new_paragraph
99cd2ce32cf8,apps:8165/03,2024-04-09,2024-06-18,dev,1,0.545,1,1,True,0,0,0.015873015873015872,II.B.6,II.D.5,remove_citation,citation_remove
99cd2ce32cf8,apps:49014/16,2025-02-28,2025-05-23,dev,1,0.545,1,1,True,0,0,0.03225806451612903,I.F.e,II.B.10,revise_text,doctrinal_rewrite
99cd2ce32cf8,apps:29295/22,2025-02-28,2025-05-23,dev,1,0.415,0,0,True,1,1,1.0,II.D.7,II.D.7,revise_text,doctrinal_rewrite
99cd2ce32cf8,apps:28540/20,2025-02-28,2025-05-23,dev,1,0.415,0,0,True,0,1,0.3333333333333333,II.A.1,II.A.2,add_citation,new_paragraph
99cd2ce32cf8,apps:81249/17,2025-02-28,2025-05-23,dev,1,0.545,1,1,True,0,1,0.3333333333333333,II.D.7,I.F.e,add_citation,citation_insert
99cd2ce32cf8,apps:59/17,2025-02-28,2025-05-23,dev,1,1.0,1,1,True,0,0,0.021739130434782608,II.D.7,II.B.9|IV.C.4|IV.E,add_citation,new_paragraph
99cd2ce32cf8,apps:24228/18,2025-02-28,2025-05-23,dev,1,0.545,1,1,True,0,1,0.5,II.A.2,I.B|II.A.1|II.B.1,add_citation,new_paragraph
99cd2ce32cf8,apps:11575/24,2025-02-28,2025-05-23,dev,1,0.415,0,0,True,0,0,0.018518518518518517,II.A.1,II.D.5,revise_text,paragraph_rewrite
99cd2ce32cf8,apps:2507/19,2025-02-28,2025-05-23,dev,1,0.545,1,1,True,0,0,0.07142857142857142,IV.A.1,II.B.7,revise_text,doctrinal_rewrite
99cd2ce32cf8,apps:32312/23,2025-02-28,2025-05-23,dev,1,1.0,1,1,True,1,1,1.0,II.B.6,II.B.6|II.D.1,add_citation,new_paragraph
99cd2ce32cf8,apps:44002/22,2025-02-28,2025-05-23,dev,1,1.0,1,1,True,1,1,1.0,II.A.1,II.A.1,add_citation,citation_insert
99cd2ce32cf8,apps:29550/17,2025-02-28,2025-05-23,dev,1,0.545,1,1,True,0,0,0.1,II.A.1,I.C|IV.C.4|IV.D|V.A.1|V.A.§4|V.D,add_citation,new_paragraph
99cd2ce32cf8,apps:13805/21,2025-02-28,2025-05-23,dev,1,0.545,1,1,True,0,0,0.023255813953488372,II.A.1,II.B.10,add_citation,new_paragraph
99cd2ce32cf8,apps:52319/22,2025-02-28,2025-05-23,dev,1,0.545,1,1,True,0,0,0.038461538461538464,II.B.6,I.C|I.D|II.B.C,revise_text,doctrinal_rewrite
99cd2ce32cf8,apps:25636/22,2025-02-28,2025-05-23,dev,1,0.545,1,1,True,1,1,1.0,II.B.3,II.B.3,revise_text,doctrinal_rewrite
99cd2ce32cf8,apps:63664/19,2025-02-28,2025-05-23,dev,1,1.0,1,1,True,0,1,0.3333333333333333,II.A.1,II.D.1|IV.C|IV.C.4,revise_text,doctrinal_rewrite
99cd2ce32cf8,apps:28935/21,2025-02-28,2025-05-23,dev,1,0.545,1,1,True,0,1,0.5,II.A.1,I.B|II.B.1,revise_text,citation_refresh
99cd2ce32cf8,apps:20949/21,2025-02-28,2025-05-23,dev,1,0.545,1,1,True,1,1,1.0,II.D.1,II.D.1,add_citation,citation_insert
99cd2ce32cf8,apps:24622/22,2025-02-28,2025-05-23,dev,1,1.0,1,1,True,0,1,0.3333333333333333,II.A.2,II.B.3|II.D.1,add_citation,new_paragraph
99cd2ce32cf8,apps:23570/22,2025-02-28,2025-05-23,dev,1,0.415,0,0,True,0,1,0.5,II.C.2,II.A.2,add_citation,new_paragraph
99cd2ce32cf8,apps:32514/22,2025-02-28,2025-05-23,dev,1,0.545,1,1,True,1,1,1.0,II.B.8,II.A.1|II.B|II.B.8|II.D.11|III.D.a|IV.C|IV.C.1|IV.C.2|IV.C.4|V.E,add_citation,new_paragraph
99cd2ce32cf8,apps:15541/20,2025-02-28,2025-05-23,dev,1,1.0,1,1,True,1,1,1.0,II.B.3,II.B.3,revise_text,doctrinal_rewrite
99cd2ce32cf8,apps:46808/16,2025-02-28,2025-05-23,dev,1,0.545,1,1,True,0,0,0.041666666666666664,III.D.2,II.D.3,revise_text,doctrinal_rewrite
99cd2ce32cf8,apps:45430/19,2025-02-28,2025-05-23,dev,1,0.545,1,1,True,0,1,0.5,II.C.2,I.F.c|II.A.1,revise_text,doctrinal_rewrite
99cd2ce32cf8,apps:42917/16,2025-02-28,2025-05-23,dev,1,0.545,1,1,True,0,0,0.25,II.C.2,II.D.7,add_citation,new_paragraph
99cd2ce32cf8,apps:6033/19,2025-08-31,2025-12-19,test,1,0.545,1,1,True,0,0,0.25,II.A.1,I.C|I.F.1.b|II.A.2,add_citation,new_paragraph
99cd2ce32cf8,apps:3485/21,2025-08-31,2025-12-19,test,1,0.415,0,0,True,0,1,0.3333333333333333,III.D.3.d,III|III.D.3.h,add_citation,new_paragraph
99cd2ce32cf8,apps:4581/16,2025-08-31,2025-12-19,test,1,0.545,1,1,True,0,1,0.3333333333333333,III.D.3.h,III.D.3.b,add_citation,new_paragraph
99cd2ce32cf8,apps:48302/21,2025-08-31,2025-12-19,test,1,0.545,1,1,True,1,1,1.0,III.D.5.c,III.D.5.c,add_citation,new_paragraph
99cd2ce32cf8,apps:22077/19,2025-08-31,2025-12-19,test,1,1.0,1,1,True,1,1,1.0,II.C.2,II.C.2,add_citation,new_paragraph
99cd2ce32cf8,apps:46949/21|24989/22|39759/22,2025-08-31,2025-12-19,test,1,1.0,1,1,True,0,1,0.5,II.A.1,I.B|II.B.1,add_citation,citation_insert
99cd2ce32cf8,apps:24029/07,2025-08-31,2025-12-19,test,1,0.545,1,1,True,0,0,0.16666666666666666,II.A.1,II.A.2,add_citation,new_paragraph
99cd2ce32cf8,apps:12908/23|24544/23,2025-08-31,2025-12-19,test,1,0.415,0,0,True,0,0,0.03225806451612903,II.A.1,II.B.2,add_citation,new_paragraph
99cd2ce32cf8,apps:5742/22,2025-08-31,2025-12-19,test,1,0.545,1,1,True,1,1,1.0,II.B.3,II.B.3,add_citation,new_paragraph
99cd2ce32cf8,apps:21669/21,2025-08-31,2025-12-19,test,1,0.545,1,1,True,1,1,1.0,II.D.6,II.D.6,add_citation,new_paragraph
99cd2ce32cf8,apps:39056/22,2025-08-31,2025-12-19,test,1,0.545,1,1,True,0,0,0.1,II.C.2,I.C,add_citation,citation_insert
99cd2ce32cf8,apps:16497/20,2025-08-31,2025-12-19,test,1,0.545,1,1,True,1,1,1.0,II.C.2,II.C.2,add_citation,new_paragraph
99cd2ce32cf8,apps:8019/16,2025-08-31,2025-12-19,test,1,1.0,1,1,True,0,0,0.024390243902439025,I.F.1.e,II.C.6|III.D.3.e|IV.A.2,add_citation,new_paragraph
99cd2ce32cf8,apps:45644/18,2025-08-31,2025-12-19,test,1,0.545,1,1,True,1,1,1.0,III.D.3.h,III.D.3.h,add_citation,new_paragraph
99cd2ce32cf8,apps:3795/22,2025-08-31,2025-12-19,test,1,0.545,1,1,True,0,1,0.5,II.A.1,II.A.2,add_citation,new_paragraph
99cd2ce32cf8,apps:10934/21,2025-08-31,2025-12-19,test,1,0.545,1,1,True,1,1,1.0,I.F.1.e,I.F.1.e|II.B.3,remove_citation,citation_remove
a94e3bc7e2bf,apps:49072/21,2023-08-31,2024-02-17,dev,1,0.545,1,1,True,0,0,0.16666666666666666,II.E.5,II.E.b,add_citation,new_paragraph
a94e3bc7e2bf,apps:37241/21,2023-08-31,2024-02-17,dev,1,0.415,0,0,True,0,0,0.14285714285714285,II.G.5,II.B.b,add_citation,citation_insert
a94e3bc7e2bf,apps:10934/21,2023-08-31,2024-02-17,dev,1,0.545,1,1,True,0,0,0.037037037037037035,I.A.3,II.G.j,revise_text,doctrinal_rewrite
a94e3bc7e2bf,apps:36318/21,2024-02-29,2024-04-09,dev,1,0.545,1,1,True,1,1,1.0,II.M.§4,II.M.§4,add_citation,new_paragraph
a94e3bc7e2bf,apps:59476/21,2025-02-28,2025-06-19,dev,1,0.545,1,1,True,0,0,0.02702702702702703,I.A.3,II.A.4.a,add_citation,citation_insert
acdaf72cea98,apps:39326/02,2023-08-31,2024-02-23,dev,1,0.415,0,0,True,0,0,0.07142857142857142,II.C.1,III.A,add_citation,legacy_fallback
acdaf72cea98,apps:44394/15,2023-08-31,2024-02-23,dev,1,0.195,0,0,True,1,1,1.0,II.K.d,II.K.d,add_citation,legacy_fallback
acdaf72cea98,apps:37928/20,2023-08-31,2024-02-23,dev,1,0.545,1,1,True,1,1,1.0,II.I.4,II.I.4,add_citation,new_paragraph
acdaf72cea98,apps:36463/11,2023-08-31,2024-02-23,dev,1,1.0,1,1,True,0,1,0.3333333333333333,III.C,I.D.3,add_citation,citation_insert
acdaf72cea98,apps:25276/15,2023-08-31,2024-02-23,dev,1,0.545,1,1,True,0,0,0.07692307692307693,II.C.1,IV.F,add_citation,new_paragraph
acdaf72cea98,apps:55351/17,2024-08-31,2024-09-30,dev,1,0.545,1,1,True,1,1,1.0,III.§2,III.§2,revise_text,citation_refresh
acdaf72cea98,apps:58358/14,2024-08-31,2024-09-30,dev,1,0.545,1,1,True,0,1,0.5,IV.§2,III.§2,revise_text,citation_refresh
b8a991ab1181,apps:31349/20,2023-08-31,2023-12-06,dev,1,0.195,0,0,True,0,0,0.25,I.A,I.E.2,add_citation,citation_insert
b8a991ab1181,apps:15158/19,2023-08-31,2023-12-06,dev,1,0.195,0,0,True,1,1,1.0,I.A,I.A,add_citation,new_paragraph
b8a991ab1181,apps:1162/22,2025-02-28,2025-08-13,dev,1,0.195,0,0,True,0,1,0.5,I.A,V.A,add_citation,citation_insert
b8a991ab1181,apps:35834/22,2025-02-28,2025-08-13,dev,1,0.195,0,0,True,0,1,0.5,IV.A,I.A|I.E.2,add_citation,new_paragraph
b8a991ab1181,apps:49363/20,2025-02-28,2025-08-13,dev,1,0.195,0,0,True,0,0,0.1,I.A,I.E.1.a,add_citation,new_paragraph
b8a991ab1181,apps:56270/21,2025-02-28,2025-08-13,dev,1,0.195,0,0,True,1,1,1.0,I.C,I.C|I.E.1.a|I.E.2,revise_text,doctrinal_rewrite
b8a991ab1181,apps:47626/21|22525/21,2025-02-28,2025-08-13,dev,1,0.195,0,0,True,0,0,0.2,III.B,III.A,add_citation,new_paragraph
b8a991ab1181,apps:10443/12,2025-02-28,2025-08-13,dev,1,0.195,0,0,True,0,0,0.1,I.A,I.E.1.b,add_citation,new_paragraph
b8a991ab1181,apps:5297/16,2025-02-28,2025-08-13,dev,1,0.195,0,0,True,1,1,1.0,V.C,V.A|V.C,add_citation,new_paragraph
b8a991ab1181,apps:56896/17,2025-02-28,2025-08-13,dev,1,0.195,0,0,True,1,1,1.0,I.A,I.A,revise_text,paragraph_rewrite
b8a991ab1181,apps:38283/18,2025-08-31,2025-11-04,test,1,0.195,0,0,True,0,1,0.5,V.C,I.A,add_citation,new_paragraph
b8a991ab1181,apps:17710/15,2025-08-31,2025-11-04,test,1,0.195,0,0,True,1,1,1.0,IV.C,IV.C,add_citation,citation_insert
b8a991ab1181,apps:45401/15,2025-08-31,2025-11-04,test,1,0.065,0,0,True,1,1,1.0,I.A,I.A,add_citation,new_paragraph
b8a991ab1181,apps:29760/21|33931/21,2025-08-31,2025-11-04,test,1,0.195,0,0,True,0,0,0.041666666666666664,I.A,I.E,add_citation,citation_insert
b8a991ab1181,apps:44241/20,2025-08-31,2025-11-04,test,1,0.195,0,0,True,0,1,0.3333333333333333,I.A,I.E.2,add_citation,new_paragraph
cfca8cb0bbc6,apps:35289/11,2023-08-31,2023-11-27,dev,1,0.65,1,1,True,1,1,1.0,II.B.3,II.B.3,add_citation,legacy_fallback
cfca8cb0bbc6,apps:30782/16,2023-08-31,2023-11-27,dev,1,0.195,0,0,True,1,1,1.0,V.B,V.B,add_citation,citation_insert
cfca8cb0bbc6,apps:59065/21,2025-02-28,2025-11-04,dev,1,0.195,0,0,True,0,0,0.25,IV.A.1,IV.D,add_citation,new_paragraph
cfca8cb0bbc6,apps:20007/22,2025-02-28,2025-11-04,dev,1,0.195,0,0,True,0,0,0.029411764705882353,I.D,I.C,add_citation,new_paragraph
cfca8cb0bbc6,apps:7120/17,2025-02-28,2025-11-04,dev,1,0.195,0,0,True,1,1,1.0,IV.A.1,IV.A.1,add_citation,new_paragraph
cfca8cb0bbc6,apps:44002/22,2025-02-28,2025-11-04,dev,1,0.65,1,1,True,0,0,0.2,IV.A.1,II.F,add_citation,new_paragraph
cfca8cb0bbc6,apps:59433/18,2025-02-28,2025-11-04,dev,1,0.65,1,1,True,1,1,1.0,III.F,III.F,add_citation,new_paragraph
cfca8cb0bbc6,apps:63664/19,2025-02-28,2025-11-04,dev,1,0.65,1,1,True,1,1,1.0,II.F,II.F,add_citation,new_paragraph
cfca8cb0bbc6,apps:49066/12,2025-02-28,2025-11-04,dev,1,0.195,0,0,True,1,1,1.0,V.B,V.B,add_citation,new_paragraph
cfca8cb0bbc6,apps:25226/18,2025-02-28,2025-11-04,dev,1,0.195,0,0,True,0,1,0.5,IV.A.1,II.A|II.C.9|II.D,add_citation,new_paragraph
cfca8cb0bbc6,apps:24622/22,2025-02-28,2025-11-04,dev,1,0.65,1,1,True,0,0,0.02857142857142857,IV.A.1,I.C,add_citation,new_paragraph
cfca8cb0bbc6,apps:66292/14,2025-02-28,2025-11-04,dev,1,0.195,0,0,True,0,0,0.2,IV.A.1,II.C.9,add_citation,new_paragraph
cfca8cb0bbc6,apps:29359/22,2025-02-28,2025-11-04,dev,1,0.195,0,0,True,1,1,1.0,VI.C,VI.C,add_citation,new_paragraph
cfca8cb0bbc6,apps:2412/19,2025-02-28,2025-11-04,dev,1,0.195,0,0,True,0,1,0.5,IV.A.1,IV.B,add_citation,new_paragraph
cfca8cb0bbc6,apps:59963/21,2025-02-28,2025-11-04,dev,1,0.065,0,0,True,1,1,1.0,IV.A.1,IV.A.1,add_citation,new_paragraph
d24a9ac722de,apps:27547/18,2024-08-31,2024-11-11,dev,1,0.065,0,0,True,0,0,0.02857142857142857,I.C.2.a,I.E,remove_citation,citation_remove
d5256ad78e38,apps:44033/17,2023-08-31,2024-03-31,dev,1,0.195,0,0,True,0,0,0.125,II.B.4,II.A.3.a,add_citation,citation_insert
d5256ad78e38,apps:11519/20,2023-08-31,2024-03-31,dev,1,0.65,1,1,True,1,1,1.0,IV.A,I.A.1|I.A.2.§4|I.C.1|I.C.3.d|II.A.2.a|IV.A,add_citation,new_paragraph
d5256ad78e38,apps:57292/16,2023-08-31,2024-03-31,dev,1,0.65,1,1,True,1,1,1.0,IV.B,II.A.2.c|II.B.3.a|III.A.2|IV.B,revise_text,doctrinal_rewrite
d5256ad78e38,apps:31172/19,2023-08-31,2024-03-31,dev,1,0.195,0,0,True,0,0,0.09090909090909091,I.C.1,III.A.1,add_citation,new_paragraph
d5256ad78e38,apps:36345/16,2023-08-31,2024-03-31,dev,1,0.65,1,1,True,0,0,0.16666666666666666,I.B,I|I.A.1|II.A.3,revise_text,paragraph_rewrite
d5256ad78e38,apps:36705/16,2023-08-31,2024-03-31,dev,1,0.195,0,0,True,0,0,0.25,II.B.4,I.C.3.b|II.A.3.a|II.A.3.b,add_citation,new_paragraph
d5256ad78e38,apps:80857/17,2023-08-31,2024-03-31,dev,1,0.195,0,0,True,1,1,1.0,III.A.2,III.A.2,revise_text,doctrinal_rewrite
d5256ad78e38,apps:7336/11,2023-08-31,2024-03-31,dev,1,0.195,0,0,True,0,1,0.5,III.B.2,I.C.1|II.A.3.a|II.A.3.b,add_citation,citation_insert
d5256ad78e38,apps:34467/15,2023-08-31,2024-03-31,dev,1,0.195,0,0,True,0,1,0.5,II.A.1.i,I.A.1|I.C.1|I.C.2,revise_text,citation_refresh
d5256ad78e38,apps:18843/20,2024-02-29,2024-06-13,dev,1,0.195,0,0,True,1,1,1.0,I.A.1,I.A.1|I.B,revise_text,citation_refresh
d5256ad78e38,apps:21424/16|45728/17,2024-02-29,2024-06-13,dev,1,0.195,0,0,True,1,1,1.0,II.B.1,I.A.1|I.B|II.B.1,revise_text,citation_refresh
d5256ad78e38,apps:16974/14,2024-02-29,2024-06-13,dev,1,0.195,0,0,True,0,1,0.5,II.A.3.b,I.C.1,revise_text,citation_refresh
d5256ad78e38,apps:3866/20|9292/20,2024-02-29,2024-06-13,dev,1,0.065,0,0,True,0,0,0.2,III.B.1.i,I.A.1|I.C.3.a|II.B.3.b,revise_text,doctrinal_rewrite
d5256ad78e38,apps:3537/15,2024-02-29,2024-06-13,dev,1,0.195,0,0,True,0,1,0.5,I.C.1,I.A.1|II.A.2.a|II.A.2.i,add_citation,new_paragraph
d5256ad78e38,apps:36908/13,2024-02-29,2024-06-13,dev,1,0.065,0,0,True,1,1,1.0,III.A.2,III.A.2,revise_text,paragraph_rewrite
d5256ad78e38,apps:33696/19,2024-02-29,2024-06-13,dev,1,0.195,0,0,True,1,1,1.0,IV.A,I.B|IV.A,revise_text,doctrinal_rewrite
d5256ad78e38,apps:23443/23,2024-02-29,2024-06-13,dev,1,0.065,0,0,True,0,1,0.5,III.B.1.i,III.A.2,revise_text,paragraph_rewrite
d5256ad78e38,apps:42541/18,2024-02-29,2024-06-13,dev,1,0.195,0,0,True,1,1,1.0,I.B,I.A.1|I.B|II.A.1.b,add_citation,new_paragraph
d5256ad78e38,name:n s v croatia::2020,2024-02-29,2024-06-13,dev,1,0.065,0,0,True,1,1,1.0,III.A.2,III.A.2,remove_citation,citation_remove
d5256ad78e38,apps:58737/14,2025-02-28,2025-07-05,dev,1,0.195,0,0,True,0,1,0.3333333333333333,I.B,II.A.3.b,add_citation,new_paragraph
d5256ad78e38,apps:25578/11,2025-02-28,2025-07-05,dev,1,0.195,0,0,True,0,1,0.5,I.C.1,I.A.1|II.B.4,add_citation,new_paragraph
d5256ad78e38,apps:22790/12,2025-02-28,2025-07-05,dev,1,0.195,0,0,True,1,1,1.0,I.C.1,I.C.1|I.C.3.c|II.A.1.i|II.B.1|II.B.4,add_citation,new_paragraph
d5256ad78e38,apps:29550/17,2025-02-28,2025-07-05,dev,1,0.195,0,0,True,0,0,0.025,III.B.2,I.C.3.c,revise_text,doctrinal_rewrite
d5256ad78e38,apps:52319/22,2025-02-28,2025-07-05,dev,1,0.195,0,0,True,0,0,0.16666666666666666,III.B.1.i,I.A.1|I.C.1|I.C.2|I.C.3.a,add_citation,new_paragraph
d5256ad78e38,apps:62020/14,2025-02-28,2025-07-05,dev,1,0.195,0,0,True,0,1,0.3333333333333333,II.B.1,II.B.4,add_citation,new_paragraph
d5256ad78e38,apps:40519/15,2025-02-28,2025-07-05,dev,1,0.195,0,0,True,0,0,0.1111111111111111,I.C.1,II.A.2.§4,add_citation,citation_insert
d5256ad78e38,apps:6033/19,2025-08-31,2026-01-01,test,1,0.195,0,0,True,1,1,1.0,I.C.1,I.C.1,add_citation,new_paragraph
d5256ad78e38,apps:39056/22,2025-08-31,2026-01-01,test,1,0.195,0,0,True,0,0,0.043478260869565216,I.C.1,I.A.2.§4,revise_text,citation_refresh
dbfbd08a4477,apps:31185/18,2023-08-31,2024-02-17,dev,1,0.545,1,1,True,0,1,0.5,IV,I|III.A.1|V.B.1|V.B.1.c|V.B.2.a|V.B.2.c,revise_text,citation_refresh
dbfbd08a4477,apps:39611/18,2023-08-31,2024-02-17,dev,1,0.545,1,1,True,0,0,0.1,II.B.3,III.A.1,revise_text,citation_refresh
dbfbd08a4477,apps:61365/16,2023-08-31,2024-02-17,dev,1,0.545,1,1,True,1,1,1.0,III.C.1,II.A.1|II.A.§3|III.C.1|III.C.2|IV|V.A,add_citation,new_paragraph
dbfbd08a4477,apps:1162/22,2024-02-29,2024-09-30,dev,1,0.545,1,1,True,0,0,0.25,II.C.3,II.C.1.b|III.A.1|IV,add_citation,new_paragraph
dbfbd08a4477,apps:40926/16|73942/17,2024-02-29,2024-09-30,dev,1,0.545,1,1,True,0,0,0.037037037037037035,II.B.2,III.C.3,remove_citation,citation_remove
dbfbd08a4477,apps:42429/16,2024-02-29,2024-09-30,dev,1,0.545,1,1,True,0,0,0.05263157894736842,II.A.§3,III.C.2,add_citation,citation_insert
e12c697e461c,apps:53891/20,2023-08-31,2024-03-30,dev,1,0.545,1,1,True,1,1,1.0,V.A,IV.B|V.A|VI.G,add_citation,new_paragraph
e12c697e461c,apps:43651/22,2023-08-31,2024-03-30,dev,1,0.195,0,0,True,1,1,1.0,I.B,I.B,revise_text,paragraph_rewrite
e12c697e461c,apps:75135/14,2023-08-31,2024-03-30,dev,1,0.545,1,1,True,1,1,1.0,V.J.3,V.J.3,revise_text,citation_refresh
e12c697e461c,apps:39954/09|3465/17,2023-08-31,2024-03-30,dev,1,0.545,1,1,True,0,1,0.3333333333333333,V.B,V.J.3,add_citation,new_paragraph
e12c697e461c,apps:27094/20,2023-08-31,2024-03-30,dev,1,0.545,1,1,True,1,1,1.0,V.A,V.A,add_citation,new_paragraph
e12c697e461c,apps:10934/21,2023-08-31,2024-03-30,dev,1,0.545,1,1,True,0,0,0.034482758620689655,V.A,V.J.2,add_citation,new_paragraph
e12c697e461c,apps:24408/16,2023-08-31,2024-03-30,dev,1,0.545,1,1,True,1,1,1.0,VI.F,V.B|VI.F,add_citation,citation_insert
e12c697e461c,apps:23851/20|24360/20,2023-08-31,2024-03-30,dev,1,0.545,1,1,True,1,1,1.0,VI.D,VI.D,revise_text,paragraph_rewrite
e12c697e461c,apps:225/20,2024-02-29,2024-09-30,dev,1,0.545,1,1,True,0,1,0.5,I.B,V.C,add_citation,new_paragraph
e12c697e461c,apps:16760/22,2024-02-29,2024-09-30,dev,1,1.0,1,1,True,0,0,0.1111111111111111,V.D,III.A,revise_text,paragraph_rewrite
e12c697e461c,apps:24225/19,2024-02-29,2024-09-30,dev,1,0.545,1,1,True,0,0,0.125,V.B,V.D|VI.G|VI.G.2,revise_text,citation_refresh
e12c697e461c,apps:42429/16,2024-02-29,2024-09-30,dev,1,0.545,1,1,True,1,1,1.0,IV.B,IV.B,revise_text,doctrinal_rewrite
e12c697e461c,apps:25226/18,2024-02-29,2024-09-30,dev,1,0.545,1,1,True,0,0,0.125,I.A.1,V.A,add_citation,new_paragraph
e12c697e461c,apps:2412/19,2024-02-29,2024-09-30,dev,1,0.545,1,1,True,0,0,0.2,VI.D,III.A|V.J.9,revise_text,paragraph_rewrite
e12c697e461c,apps:56928/19,2024-02-29,2024-09-30,dev,1,0.195,0,0,True,1,1,1.0,V.C,V.C,add_citation,new_paragraph
e12c697e461c,apps:43868/18|25883/21,2024-02-29,2024-09-30,dev,1,0.545,1,1,True,1,1,1.0,IV.B,I.A.3|IV.B|V.B|VI.G.2,revise_text,doctrinal_rewrite
e12c697e461c,apps:29295/22,2025-02-28,2025-05-23,dev,1,0.415,0,0,True,0,1,0.5,II.A,I.A.3|V.F|V.J.9,add_citation,citation_insert
e12c697e461c,apps:81249/17,2025-02-28,2025-05-23,dev,1,0.545,1,1,True,0,0,0.07692307692307693,V.J.3,VI.G.2,add_citation,new_paragraph
e12c697e461c,apps:20592/21,2025-02-28,2025-05-23,dev,1,0.545,1,1,True,0,1,0.5,V.A,IV.B,add_citation,citation_insert
e12c697e461c,apps:71671/16|40190/18,2025-02-28,2025-05-23,dev,1,1.0,1,1,True,1,1,1.0,V.A,V.A,add_citation,new_paragraph
e12c697e461c,apps:2669/19,2025-02-28,2025-05-23,dev,1,0.65,1,1,True,0,0,0.0625,V.A,V.J.1,add_citation,new_paragraph
e12c697e461c,apps:36436/22,2025-02-28,2025-05-23,dev,1,0.545,1,1,True,1,1,1.0,V.J.4,II.D|V.J.4,add_citation,new_paragraph
e12c697e461c,apps:59180/15,2025-02-28,2025-05-23,dev,1,0.545,1,1,True,1,1,1.0,V.J.3,V.J.3,add_citation,new_paragraph
e12c697e461c,apps:37614/22,2025-02-28,2025-05-23,dev,1,0.545,1,1,True,1,1,1.0,V.J.4,I.A.1|II.A|II.C|III|III.A|III.B.2|IV.A|IV.B|V.B|V.J.4|VI.F,revise_text,doctrinal_rewrite
e12c697e461c,apps:29359/22,2025-02-28,2025-05-23,dev,1,0.545,1,1,True,0,0,0.16666666666666666,VI.F,I.A.1|V.B,revise_text,citation_refresh
e12c697e461c,apps:13968/22,2025-02-28,2025-05-23,dev,1,0.545,1,1,True,1,1,1.0,VI.K,VI.K,add_citation,new_paragraph
e12c697e461c,apps:38963/18,2025-02-28,2025-05-23,dev,1,0.545,1,1,True,1,1,1.0,V.J.4,V.J.4,revise_text,paragraph_rewrite
e12c697e461c,apps:17106/18,2025-02-28,2025-05-23,dev,1,0.545,1,1,True,1,1,1.0,V.A,V.A,revise_text,citation_refresh
e12c697e461c,apps:42917/16,2025-02-28,2025-05-23,dev,1,0.545,1,1,True,0,0,0.0625,IV.B,V.G|VI.H,add_citation,new_paragraph
e19a063de5b3,apps:4677/20,2023-08-31,2024-03-31,dev,1,0.195,0,0,True,1,1,1.0,III.A.1,III.A.1,add_citation,citation_insert
e19a063de5b3,apps:4262/17,2023-08-31,2024-03-31,dev,1,0.065,0,0,True,0,0,0.1111111111111111,IV.A,III.A.5,add_citation,new_paragraph
e19a063de5b3,apps:24917/15,2023-08-31,2024-03-31,dev,1,0.065,0,0,True,0,1,0.5,III.A.1,II.A.2,revise_text,doctrinal_rewrite
e19a063de5b3,apps:8757/20,2023-08-31,2024-03-31,dev,1,0.195,0,0,True,0,0,0.2,III.D.1,III.A.6,revise_text,paragraph_rewrite
e19a063de5b3,apps:13258/18,2023-08-31,2024-03-31,dev,1,0.65,1,1,True,1,1,1.0,I.B,I.B,add_citation,new_paragraph
e19a063de5b3,apps:9839/22,2023-08-31,2024-03-31,dev,1,0.195,0,0,True,1,1,1.0,III.A.5,III.A.5,add_citation,citation_insert
e19a063de5b3,apps:38703/06,2023-08-31,2024-03-31,dev,1,0.195,0,0,True,0,1,0.5,IV.A,III.A.5,add_citation,new_paragraph
e19a063de5b3,apps:49255/22,2023-08-31,2024-03-31,dev,1,0.195,0,0,True,0,0,0.037037037037037035,II.D.2,II.D.3,add_citation,citation_insert
e19a063de5b3,apps:13869/22,2023-08-31,2024-03-31,dev,1,0.065,0,0,True,1,1,1.0,III.A.5,III.A.5,add_citation,citation_insert
e19a063de5b3,apps:21768/19,2023-08-31,2024-03-31,dev,1,0.195,0,0,True,1,1,1.0,III.D.1,III.D.1,add_citation,citation_insert
e19a063de5b3,apps:21329/18,2023-08-31,2024-03-31,dev,1,0.195,0,0,True,0,0,0.125,IV.A,II.A.2|II.B.1,revise_text,doctrinal_rewrite
e19a063de5b3,apps:15297/09,2023-08-31,2024-03-31,dev,1,0.195,0,0,True,0,0,0.25,II.C.4,II.C.3.b,add_citation,citation_insert
e19a063de5b3,apps:70583/17,2023-08-31,2024-03-31,dev,1,0.195,0,0,True,1,1,1.0,II.D.2,II.D.2,add_citation,citation_insert
e19a063de5b3,apps:34016/18,2023-08-31,2024-03-31,dev,1,0.195,0,0,True,1,1,1.0,III.A.3,II.A|II.A.1|III.A.1|III.A.3,revise_text,doctrinal_rewrite
e19a063de5b3,apps:61365/16,2023-08-31,2024-03-31,dev,1,0.195,0,0,True,0,0,0.0625,III.A.1,V.B,add_citation,citation_insert
e19a063de5b3,apps:12427/22,2024-02-29,2024-09-04,dev,1,0.195,0,0,True,0,0,0.05555555555555555,II.D.2,II.C.3.a,revise_text,doctrinal_rewrite
e19a063de5b3,apps:18911/17,2024-02-29,2024-09-04,dev,1,0.195,0,0,True,0,0,0.125,III.A.1,II.A.2|IV.C,add_citation,new_paragraph
e19a063de5b3,apps:3566/16,2024-02-29,2024-09-04,dev,1,0.195,0,0,True,0,0,0.05,III.A.3,I.E,add_citation,new_paragraph
e19a063de5b3,apps:12510/18,2024-02-29,2024-09-04,dev,1,0.195,0,0,True,1,1,1.0,I.B,I.B,remove_citation,citation_remove
e19a063de5b3,apps:30919/20,2024-02-29,2024-09-04,dev,1,0.195,0,0,True,1,1,1.0,III.A.1,III.A.1,revise_text,citation_refresh
e19a063de5b3,apps:80206/17,2024-02-29,2024-09-04,dev,1,0.195,0,0,True,1,1,1.0,III.A.1,III.A.1|VI.B,revise_text,paragraph_rewrite
e19a063de5b3,apps:10940/17|15977/17,2024-02-29,2024-09-04,dev,1,0.195,0,0,True,0,0,0.06666666666666667,II.D.2,II.C.3.a,revise_text,doctrinal_rewrite
e19a063de5b3,apps:24650/19,2024-02-29,2024-09-04,dev,1,0.195,0,0,True,1,1,1.0,II.D.2,II.D.2,revise_text,citation_refresh
e19a063de5b3,apps:56417/19|44245/20,2024-02-29,2024-09-04,dev,1,0.195,0,0,True,1,1,1.0,II.A.1,II.A|II.A.1|II.A.2,revise_text,citation_refresh
e19a063de5b3,apps:37967/18,2024-02-29,2024-09-04,dev,1,0.195,0,0,True,0,0,0.06666666666666667,III.A.1,IV.C,add_citation,new_paragraph
e19a063de5b3,apps:18787/17,2024-02-29,2024-09-04,dev,1,0.195,0,0,True,0,0,0.14285714285714285,III.A.1,II.A.2|VI.E,revise_text,doctrinal_rewrite
e19a063de5b3,apps:48883/07,2024-02-29,2024-09-04,dev,1,0.065,0,0,True,1,1,1.0,II.C.1,II.C.1,remove_citation,citation_remove
e19a063de5b3,apps:62116/12,2024-02-29,2024-09-04,dev,1,0.195,0,0,True,0,1,0.5,IV.A,II.C.1,remove_citation,citation_remove
e19a063de5b3,apps:2512/04,2024-02-29,2024-09-04,dev,1,0.52,1,1,True,0,0,0.09090909090909091,IV.A,II.C.1|III.E,remove_citation,citation_remove
e19a063de5b3,apps:2559/23,2025-02-28,2025-06-02,dev,1,0.195,0,0,True,0,0,0.14285714285714285,III.A.1,III.A.3,revise_text,citation_refresh
e19a063de5b3,apps:15457/20,2025-02-28,2025-06-02,dev,1,0.52,1,1,True,0,0,0.125,III.A.3,II.D.2,revise_text,paragraph_rewrite
e19a063de5b3,apps:22283/21,2025-02-28,2025-06-02,dev,1,0.065,0,0,True,1,1,1.0,III.A.1,III.A.1,add_citation,citation_insert
e19a063de5b3,apps:15783/21,2025-02-28,2025-06-02,dev,1,0.65,1,1,True,0,1,0.5,III.A.1,II.A|II.A.1,revise_text,citation_refresh
e19a063de5b3,apps:29295/22,2025-02-28,2025-06-02,dev,1,0.065,0,0,True,0,1,0.5,I.B,III.D.3,revise_text,paragraph_rewrite
e19a063de5b3,apps:14171/23,2025-02-28,2025-06-02,dev,1,0.065,0,0,True,1,1,1.0,III.D.1,III.D.1,add_citation,citation_insert
e19a063de5b3,apps:24607/20,2025-02-28,2025-06-02,dev,1,0.195,0,0,True,0,1,0.5,IV.A,II.C.1|II.C.4,add_citation,citation_insert
e19a063de5b3,apps:34210/19,2025-02-28,2025-06-02,dev,1,0.195,0,0,True,1,1,1.0,I.B,I.B,add_citation,citation_insert
e19a063de5b3,apps:9568/22,2025-02-28,2025-06-02,dev,1,0.065,0,0,True,0,0,0.022727272727272728,III.A.3,VI.C,revise_text,paragraph_rewrite
e19a063de5b3,apps:15067/21,2025-02-28,2025-06-02,dev,1,0.65,1,1,True,0,0,0.024390243902439025,I.E,II.A,revise_text,citation_refresh
e19a063de5b3,apps:13337/19,2025-02-28,2025-06-02,dev,1,0.195,0,0,True,1,1,1.0,II.A.1,II.A.1|IV.D,revise_text,doctrinal_rewrite
e19a063de5b3,apps:44051/20,2025-02-28,2025-06-02,dev,1,0.065,0,0,True,1,1,1.0,I.B,I.B,add_citation,new_paragraph
e19a063de5b3,apps:20183/21,2025-02-28,2025-06-02,dev,1,0.195,0,0,True,1,1,1.0,IV.A,III.A.5|IV.A,add_citation,citation_insert
e19a063de5b3,apps:39090/20,2025-02-28,2025-06-02,dev,1,0.195,0,0,True,0,1,0.5,III.A.1,I.E|II.A.1|II.A.2,add_citation,new_paragraph
e19a063de5b3,apps:71008/16,2025-02-28,2025-06-02,dev,1,0.195,0,0,True,0,1,0.5,IV.A,II.C.1,revise_text,paragraph_rewrite
e19a063de5b3,apps:60778/19,2025-02-28,2025-06-02,dev,1,0.195,0,0,True,0,0,0.125,III.A.1,II.A.2|IV.D,revise_text,doctrinal_rewrite
e19a063de5b3,apps:4470/21,2025-02-28,2025-06-02,dev,1,0.195,0,0,True,1,1,1.0,I.B,I.B|III.D.1,add_citation,new_paragraph
e19a063de5b3,apps:19124/21|20085/21,2025-02-28,2025-06-02,dev,1,0.195,0,0,True,1,1,1.0,IV.A,III.A.5|IV.A,add_citation,citation_insert
e19a063de5b3,apps:15117/21|15689/21,2025-02-28,2025-06-02,dev,1,0.195,0,0,True,1,1,1.0,III.D.1,III.D.1,revise_text,doctrinal_rewrite
e19a063de5b3,apps:49755/18,2025-02-28,2025-06-02,dev,1,0.195,0,0,True,1,1,1.0,I.B,I.B,add_citation,citation_insert
e19a063de5b3,apps:52232/20,2025-02-28,2025-06-02,dev,1,0.065,0,0,True,1,1,1.0,III.D.1,III.D.1,add_citation,citation_insert
e19a063de5b3,apps:35276/20,2025-02-28,2025-06-02,dev,1,0.065,0,0,True,1,1,1.0,I.B,I.B,add_citation,citation_insert
e19a063de5b3,apps:5199/23,2025-02-28,2025-06-02,dev,1,0.065,0,0,True,1,1,1.0,III.D.1,III.D.1,add_citation,citation_insert
e19a063de5b3,apps:54029/17,2025-02-28,2025-06-02,dev,1,0.195,0,0,True,1,1,1.0,II.A.1,II.A.1|II.A.2,revise_text,citation_refresh
e19a063de5b3,apps:9588/21,2025-02-28,2025-06-02,dev,1,0.065,0,0,True,1,1,1.0,III.D.1,III.D.1,add_citation,citation_insert
e19a063de5b3,apps:67724/09,2025-02-28,2025-06-02,dev,1,0.195,0,0,True,0,0,0.25,III.A.3,V.C,remove_citation,citation_remove
e19a063de5b3,apps:4239/08,2025-02-28,2025-06-02,dev,1,0.195,0,0,True,1,1,1.0,V.C,V.C,remove_citation,citation_remove
e19a063de5b3,apps:21884/15,2025-02-28,2025-06-02,dev,1,0.65,1,1,True,0,0,0.02127659574468085,III.A.1,V.C,remove_citation,citation_remove
e19a063de5b3,apps:71545/12,2025-02-28,2025-06-02,dev,1,0.52,1,1,True,0,0,0.16666666666666666,III.A.3,V.C,remove_citation,citation_remove
e19a063de5b3,apps:73316/01,2025-02-28,2025-06-02,dev,1,0.65,1,1,True,0,0,0.0196078431372549,III.A.1,V.C,remove_citation,citation_remove
e19a063de5b3,apps:4662/22,2025-08-31,2025-11-22,test,1,0.065,0,0,True,1,1,1.0,III.A.5,III.A.5,add_citation,citation_insert
e19a063de5b3,apps:22776/18,2025-08-31,2025-11-22,test,1,0.195,0,0,True,0,0,0.25,II.C.4,I.E,add_citation,citation_insert
e19a063de5b3,apps:48302/21,2025-08-31,2025-11-22,test,1,0.195,0,0,True,0,1,0.5,III.C.D,I.B,add_citation,citation_insert
e19a063de5b3,apps:47836/21,2025-08-31,2025-11-22,test,1,0.195,0,0,True,0,0,0.14285714285714285,I.B,II.D.2,add_citation,citation_insert
e19a063de5b3,apps:46084/21,2025-08-31,2025-11-22,test,1,0.195,0,0,True,0,1,0.3333333333333333,II.A.1,II.A.1.2|II.A.3|III.G,revise_text,doctrinal_rewrite
e19a063de5b3,apps:35950/20,2025-08-31,2025-11-22,test,1,0.195,0,0,True,0,0,0.02857142857142857,II.D.2,V.D,add_citation,new_paragraph
e19a063de5b3,apps:56532/22,2025-08-31,2025-11-22,test,1,0.195,0,0,True,1,1,1.0,III.A.5,III.A.5,revise_text,paragraph_rewrite
e19a063de5b3,apps:63386/16,2025-08-31,2025-11-22,test,1,0.65,1,1,True,0,0,0.0625,III.A.1,IV.C,add_citation,new_paragraph
e19a063de5b3,apps:21660/18,2025-08-31,2025-11-22,test,1,0.195,0,0,True,1,1,1.0,I.E,I.E,add_citation,new_paragraph
e19a063de5b3,apps:5212/23,2025-08-31,2025-11-22,test,1,0.195,0,0,True,0,1,0.5,I.B,III.C.D,revise_text,doctrinal_rewrite
e19a063de5b3,apps:45240/22,2025-08-31,2025-11-22,test,1,0.065,0,0,True,1,1,1.0,III.A.5,III.A.5,revise_text,paragraph_rewrite
e751e8063f8b,apps:22515/14,2023-08-31,2024-04-09,dev,1,0.195,0,0,True,0,0,0.1111111111111111,IV.A,I.B.§4,revise_text,citation_refresh
e751e8063f8b,apps:9988/13,2023-08-31,2024-04-09,dev,1,0.65,1,1,True,0,0,0.1111111111111111,IV.A,I.B.§4,revise_text,citation_refresh
e751e8063f8b,apps:38948/10|8954/17,2023-08-31,2024-04-09,dev,1,0.195,0,0,True,0,0,0.14285714285714285,IV.A,III,revise_text,doctrinal_rewrite
e751e8063f8b,apps:39371/20,2024-08-31,2025-06-04,dev,1,0.65,1,1,True,0,0,0.125,I.B.b,§2.§4,revise_text,doctrinal_rewrite
e751e8063f8b,apps:63543/09,2024-08-31,2025-06-04,dev,1,0.195,0,0,True,1,1,1.0,I.B.c,I.A|I.B.2|I.B.c,add_citation,new_paragraph
e751e8063f8b,apps:42749/19,2024-08-31,2025-06-04,dev,1,0.195,0,0,True,1,1,1.0,I.A,I.A|I.B|I.B.c,add_citation,new_paragraph
e751e8063f8b,apps:20793/07|29240/07,2024-08-31,2025-06-04,dev,1,0.065,0,0,True,0,1,0.5,III,I.A|I.B|I.B.c,add_citation,new_paragraph
e751e8063f8b,apps:53600/20,2024-08-31,2025-06-04,dev,1,0.65,1,1,True,0,1,0.3333333333333333,I.B.b,I.A|§2.§4,revise_text,doctrinal_rewrite
e751e8063f8b,apps:51567/14,2025-09-17,2025-12-12,test,1,0.65,1,1,True,1,1,1.0,I.B.b,I.A|I.B|I.B.1|I.B.a|I.B.b|I.B.§4,add_citation,new_paragraph
e751e8063f8b,apps:52854/18,2025-09-17,2025-12-12,test,1,0.195,0,0,True,0,0,0.25,I.B.c,I.A,add_citation,citation_insert
e751e8063f8b,apps:30336/22,2025-09-17,2025-12-12,test,1,0.195,0,0,True,0,1,0.5,I.B.2,I.A,add_citation,citation_insert
e8704f851a2b,apps:59/17,2025-02-28,2025-07-08,dev,1,1.0,1,1,True,1,1,1.0,II.B,II.A|II.B|II.C,add_citation,new_paragraph
e8704f851a2b,apps:34749/16|79607/17,2025-02-28,2025-07-08,dev,1,1.0,1,1,True,1,1,1.0,II.B,II.A|II.B|IV,add_citation,new_paragraph
ed0ed05ac958,apps:38263/08,2023-08-31,2024-02-16,dev,1,0.65,1,1,True,0,0,0.0,IV.A.1.§4,I.C,add_citation,new_paragraph
ed0ed05ac958,apps:36418/20,2023-08-31,2024-02-16,dev,1,0.545,1,1,True,1,1,1.0,IV.A.1.§4,IV.A.1.§4,revise_text,paragraph_rewrite
ed0ed05ac958,apps:61365/16,2023-08-31,2024-02-16,dev,1,0.545,1,1,True,0,0,0.0,IV.A.1.d,IV.A.1.l,add_citation,new_paragraph
ed0ed05ac958,apps:12427/22,2024-08-31,2024-09-30,dev,1,0.545,1,1,True,0,0,0.125,IV.A.1.i,IV.A.1.c,add_citation,new_paragraph
ed0ed05ac958,apps:33234/12,2024-08-31,2024-09-30,dev,1,0.545,1,1,True,0,0,0.038461538461538464,IV.A.1.§4,IV.A.1.a,add_citation,citation_insert
ed0ed05ac958,apps:6383/17,2024-08-31,2024-09-30,dev,1,0.545,1,1,True,0,0,0.25,IV.A.1.§4,IV.A.1.b,add_citation,new_paragraph
ed0ed05ac958,apps:3324/19,2024-08-31,2024-09-30,dev,1,0.545,1,1,True,0,0,0.25,IV.A.1.§4,III.B.1,revise_text,paragraph_rewrite
ed0ed05ac958,name:ukraine v russia re crimea gc::2024,2024-08-31,2024-09-30,dev,1,1.0,1,1,True,1,1,1.0,IV.A.1.i,IV.A.1.i,revise_text,paragraph_rewrite
ed0ed05ac958,name:verein klimaseniorinnen schweiz and others v switzerland gc::2024,2024-08-31,2024-09-30,dev,1,1.0,1,1,True,0,0,0.25,IV.A.1.d,III.A,revise_text,paragraph_rewrite
ed0ed05ac958,apps:50849/21,2024-08-31,2024-09-30,dev,1,1.0,1,1,True,1,1,1.0,IV.A.1.d,II.C.2.a|IV.A.1.d,add_citation,new_paragraph
ed0ed05ac958,apps:2705/20,2025-02-28,2025-09-18,dev,1,0.545,1,1,True,0,1,0.5,IV.A.1.§4,III.B.1,add_citation,citation_insert
ed0ed05ac958,apps:51567/14,2025-02-28,2025-09-18,dev,1,1.0,1,1,True,0,0,0.125,IV.A.1.d,II.C.2.i|IV.A.1.a,add_citation,new_paragraph
ed0ed05ac958,apps:1766/23,2025-02-28,2025-09-18,dev,1,0.545,1,1,True,0,0,0.25,IV.A.1.d,IV.A.1.c,add_citation,citation_insert
ed0ed05ac958,apps:32514/22,2025-02-28,2025-09-18,dev,1,0.545,1,1,True,0,0,0.037037037037037035,IV.A.1.§4,II.C.1.c,add_citation,citation_insert
ed0ed05ac958,apps:3339/23,2025-02-28,2025-09-18,dev,1,0.545,1,1,True,0,0,0.25,III.B.1,II.C.2.i,add_citation,citation_insert
ed0ed05ac958,apps:20958/14|38334/18,2025-02-28,2025-09-18,dev,1,1.0,1,1,True,1,1,1.0,IV.A.1.i,IV.A.1.i,add_citation,legacy_fallback
ed0ed05ac958,apps:53600/20,2025-02-28,2025-09-18,dev,1,1.0,1,1,True,1,1,1.0,III.A,III.A,revise_text,paragraph_rewrite
ed0ed05ac958,apps:21794/08,2025-02-28,2025-09-18,dev,1,1.0,1,1,True,0,0,0.038461538461538464,IV.A.1.§4,II.C.1.c,add_citation,citation_insert
ed0ed05ac958,name:ukraine v russia re crimea gc::2024,2025-02-28,2025-09-18,dev,1,1.0,1,1,True,1,1,1.0,IV.A.1.i,IV.A.1.i,remove_citation,citation_remove
ed0ed05ac958,name:verein klimaseniorinnen schweiz and others v switzerland gc::2024,2025-02-28,2025-09-18,dev,1,1.0,1,1,True,1,1,1.0,III.A,III.A,remove_citation,citation_remove
ee9a61e98635,apps:37957/14,2025-08-31,2025-11-26,test,1,0.545,1,1,True,1,1,1.0,I.B.3,I.A.1|I.B.2|I.B.3,revise_text,paragraph_rewrite
f1175c0d1e5c,apps:14594/07,2023-08-31,2023-12-06,dev,1,0.415,0,0,True,0,0,0.0,I.A,III.E.b,add_citation,new_paragraph
f1175c0d1e5c,apps:23038/15,2023-08-31,2023-12-06,dev,1,0.065,0,0,True,0,1,0.3333333333333333,I.B,III.E.a,add_citation,new_paragraph
f1175c0d1e5c,apps:1103/16,2023-08-31,2023-12-06,dev,1,0.545,1,1,True,0,0,0.09090909090909091,III.D,III.C|III.E.b,add_citation,new_paragraph
154b01c3289a,apps:48393/12,2023-02-28,2023-10-27,dev,0,0.415,0,1,False,0,0,0.0,,,,
154b01c3289a,apps:40796/19,2023-02-28,2023-10-27,dev,0,0.415,0,1,False,0,0,0.0,,,,
154b01c3289a,apps:52051/17,2023-02-28,2023-10-27,dev,0,0.415,0,1,False,0,0,0.0,,,,
154b01c3289a,apps:39200/16,2023-02-28,2023-10-27,dev,0,0.415,0,1,False,0,0,0.0,,,,
154b01c3289a,apps:4746/16,2023-02-28,2023-10-27,dev,0,0.415,0,1,False,0,0,0.0,,,,
154b01c3289a,apps:911/16,2023-02-28,2023-10-27,dev,0,0.195,0,1,False,0,0,0.0,,,,
154b01c3289a,apps:14166/19,2023-02-28,2023-10-27,dev,0,0.065,0,1,False,0,0,0.0,,,,
154b01c3289a,apps:26605/19,2023-02-28,2023-10-27,dev,0,0.415,0,1,False,0,0,0.0,,,,
154b01c3289a,apps:54155/21,2023-02-28,2023-10-27,dev,0,0.415,0,1,False,0,0,0.0,,,,
154b01c3289a,apps:40734/22,2023-02-28,2023-10-27,dev,0,0.415,0,1,False,0,0,0.0,,,,
154b01c3289a,apps:66614/10,2023-02-28,2023-10-27,dev,0,0.415,0,1,False,0,0,0.0,,,,
154b01c3289a,apps:22916/20,2023-02-28,2023-10-27,dev,0,0.415,0,1,False,0,0,0.0,,,,
154b01c3289a,apps:55082/19,2023-02-28,2023-10-27,dev,0,0.415,0,1,False,0,0,0.0,,,,
154b01c3289a,apps:80857/17,2023-02-28,2023-10-27,dev,0,0.545,1,0,False,0,0,0.0,,,,
154b01c3289a,apps:58367/18,2023-02-28,2023-10-27,dev,0,0.415,0,1,False,0,0,0.0,,,,
154b01c3289a,apps:35527/19,2023-02-28,2023-10-27,dev,0,0.415,0,1,False,0,0,0.0,,,,
154b01c3289a,apps:44312/19,2023-02-28,2023-10-27,dev,0,0.415,0,1,False,0,0,0.0,,,,
154b01c3289a,apps:26750/16,2023-02-28,2023-10-27,dev,0,0.415,0,1,False,0,0,0.0,,,,
154b01c3289a,apps:18555/15,2023-02-28,2023-10-27,dev,0,0.065,0,1,False,0,0,0.0,,,,
154b01c3289a,apps:79522/13,2023-02-28,2023-10-27,dev,0,0.415,0,1,False,0,0,0.0,,,,
154b01c3289a,apps:21325/16,2023-02-28,2023-10-27,dev,0,0.065,0,1,False,0,0,0.0,,,,
154b01c3289a,apps:41995/15,2023-02-28,2023-10-27,dev,0,0.065,0,1,False,0,0,0.0,,,,
154b01c3289a,apps:73088/13,2023-02-28,2023-10-27,dev,0,0.415,0,1,False,0,0,0.0,,,,
154b01c3289a,apps:22323/16,2023-02-28,2023-10-27,dev,0,0.065,0,1,False,0,0,0.0,,,,
154b01c3289a,apps:43237/13,2023-02-28,2023-10-27,dev,0,0.195,0,1,False,0,0,0.0,,,,
154b01c3289a,apps:16205/21,2023-02-28,2023-10-27,dev,0,0.195,0,1,False,0,0,0.0,,,,
154b01c3289a,apps:52048/16,2023-02-28,2023-10-27,dev,0,0.195,0,1,False,0,0,0.0,,,,
154b01c3289a,apps:57916/16,2023-02-28,2023-10-27,dev,0,0.545,1,0,False,0,0,0.0,,,,
154b01c3289a,apps:32380/13,2023-02-28,2023-10-27,dev,0,0.195,0,1,False,0,0,0.0,,,,
154b01c3289a,apps:59462/14,2023-02-28,2023-10-27,dev,0,0.065,0,1,False,0,0,0.0,,,,
0a61f8f7ceb0,apps:32891/22,2023-08-31,2024-04-05,dev,0,0.065,0,1,False,0,0,0.0,,,,
0a61f8f7ceb0,apps:44328/18,2023-08-31,2024-04-05,dev,0,0.065,0,1,False,0,0,0.0,,,,
0a61f8f7ceb0,apps:50568/11,2023-08-31,2024-04-05,dev,0,0.065,0,1,False,0,0,0.0,,,,
0a61f8f7ceb0,apps:40990/18,2023-08-31,2024-04-05,dev,0,0.065,0,1,False,0,0,0.0,,,,
0a61f8f7ceb0,apps:19071/18,2023-08-31,2024-04-05,dev,0,0.065,0,1,False,0,0,0.0,,,,
0a61f8f7ceb0,apps:57180/16,2023-08-31,2024-04-05,dev,0,0.065,0,1,False,0,0,0.0,,,,
0a61f8f7ceb0,apps:23972/22,2023-08-31,2024-04-05,dev,0,0.065,0,1,False,0,0,0.0,,,,
0a61f8f7ceb0,apps:28227/18,2023-08-31,2024-04-05,dev,0,0.065,0,1,False,0,0,0.0,,,,
0a61f8f7ceb0,apps:37706/17,2023-08-31,2024-04-05,dev,0,0.195,0,1,False,0,0,0.0,,,,
0a61f8f7ceb0,apps:2371/11,2023-08-31,2024-04-05,dev,0,0.065,0,1,False,0,0,0.0,,,,
0a61f8f7ceb0,apps:47196/21,2023-08-31,2024-04-05,dev,0,0.195,0,1,False,0,0,0.0,,,,
0a61f8f7ceb0,apps:51424/08,2023-08-31,2024-04-05,dev,0,0.065,0,1,False,0,0,0.0,,,,
0a61f8f7ceb0,apps:70583/17,2023-08-31,2024-04-05,dev,0,0.195,0,1,False,0,0,0.0,,,,
0a61f8f7ceb0,apps:56669/18,2023-08-31,2024-04-05,dev,0,0.065,0,1,False,0,0,0.0,,,,
0a61f8f7ceb0,apps:71304/16,2023-08-31,2024-04-05,dev,0,0.065,0,1,False,0,0,0.0,,,,
0a61f8f7ceb0,apps:57752/21,2023-08-31,2024-04-05,dev,0,0.065,0,1,False,0,0,0.0,,,,
0a61f8f7ceb0,apps:36257/21,2023-08-31,2024-04-05,dev,0,0.065,0,1,False,0,0,0.0,,,,
0a61f8f7ceb0,apps:49670/16,2023-08-31,2024-04-05,dev,0,0.065,0,1,False,0,0,0.0,,,,
0a61f8f7ceb0,apps:41253/19,2023-08-31,2024-04-05,dev,0,0.065,0,1,False,0,0,0.0,,,,
0a61f8f7ceb0,apps:38609/15,2023-08-31,2024-04-05,dev,0,0.065,0,1,False,0,0,0.0,,,,
0a61f8f7ceb0,apps:50622/21,2023-08-31,2024-04-05,dev,0,0.065,0,1,False,0,0,0.0,,,,
0a61f8f7ceb0,apps:19812/18,2023-08-31,2024-04-05,dev,0,0.065,0,1,False,0,0,0.0,,,,
0a61f8f7ceb0,apps:30196/17,2023-08-31,2024-04-05,dev,0,0.065,0,1,False,0,0,0.0,,,,
0a61f8f7ceb0,apps:38066/16,2023-08-31,2024-04-05,dev,0,0.065,0,1,False,0,0,0.0,,,,
0a61f8f7ceb0,apps:49720/16,2023-08-31,2024-04-05,dev,0,0.065,0,1,False,0,0,0.0,,,,
0a61f8f7ceb0,apps:10867/18,2023-08-31,2024-04-05,dev,0,0.065,0,1,False,0,0,0.0,,,,
0a61f8f7ceb0,apps:36983/22,2023-08-31,2024-04-05,dev,0,0.065,0,1,False,0,0,0.0,,,,
0a61f8f7ceb0,apps:76865/17,2023-08-31,2024-04-05,dev,0,0.065,0,1,False,0,0,0.0,,,,
0a61f8f7ceb0,apps:27901/07,2023-08-31,2024-04-05,dev,0,0.065,0,1,False,0,0,0.0,,,,
0a61f8f7ceb0,apps:21391/18,2023-08-31,2024-04-05,dev,0,0.065,0,1,False,0,0,0.0,,,,
0faa41c7c031,apps:32891/22,2023-08-31,2024-02-17,dev,0,0.065,0,1,False,0,0,0.0,,,,
0faa41c7c031,apps:44328/18,2023-08-31,2024-02-17,dev,0,0.065,0,1,False,0,0,0.0,,,,
0faa41c7c031,apps:50568/11,2023-08-31,2024-02-17,dev,0,0.065,0,1,False,0,0,0.0,,,,
0faa41c7c031,apps:40990/18,2023-08-31,2024-02-17,dev,0,0.065,0,1,False,0,0,0.0,,,,
0faa41c7c031,apps:19071/18,2023-08-31,2024-02-17,dev,0,0.065,0,1,False,0,0,0.0,,,,
0faa41c7c031,apps:57180/16,2023-08-31,2024-02-17,dev,0,0.065,0,1,False,0,0,0.0,,,,
0faa41c7c031,apps:23972/22,2023-08-31,2024-02-17,dev,0,0.065,0,1,False,0,0,0.0,,,,
0faa41c7c031,apps:28227/18,2023-08-31,2024-02-17,dev,0,0.065,0,1,False,0,0,0.0,,,,
0faa41c7c031,apps:37706/17,2023-08-31,2024-02-17,dev,0,0.195,0,1,False,0,0,0.0,,,,
0faa41c7c031,apps:2371/11,2023-08-31,2024-02-17,dev,0,0.065,0,1,False,0,0,0.0,,,,
0faa41c7c031,apps:47196/21,2023-08-31,2024-02-17,dev,0,0.195,0,1,False,0,0,0.0,,,,
0faa41c7c031,apps:51424/08,2023-08-31,2024-02-17,dev,0,0.065,0,1,False,0,0,0.0,,,,
0faa41c7c031,apps:70583/17,2023-08-31,2024-02-17,dev,0,0.195,0,1,False,0,0,0.0,,,,
0faa41c7c031,apps:56669/18,2023-08-31,2024-02-17,dev,0,0.065,0,1,False,0,0,0.0,,,,
0faa41c7c031,apps:71304/16,2023-08-31,2024-02-17,dev,0,0.065,0,1,False,0,0,0.0,,,,
0faa41c7c031,apps:57752/21,2023-08-31,2024-02-17,dev,0,0.065,0,1,False,0,0,0.0,,,,
0faa41c7c031,apps:36257/21,2023-08-31,2024-02-17,dev,0,0.065,0,1,False,0,0,0.0,,,,
0faa41c7c031,apps:49670/16,2023-08-31,2024-02-17,dev,0,0.065,0,1,False,0,0,0.0,,,,
0faa41c7c031,apps:41253/19,2023-08-31,2024-02-17,dev,0,0.065,0,1,False,0,0,0.0,,,,
0faa41c7c031,apps:38609/15,2023-08-31,2024-02-17,dev,0,0.065,0,1,False,0,0,0.0,,,,
0faa41c7c031,apps:50622/21,2023-08-31,2024-02-17,dev,0,0.065,0,1,False,0,0,0.0,,,,
0faa41c7c031,apps:19812/18,2023-08-31,2024-02-17,dev,0,0.065,0,1,False,0,0,0.0,,,,
0faa41c7c031,apps:30196/17,2023-08-31,2024-02-17,dev,0,0.065,0,1,False,0,0,0.0,,,,
0faa41c7c031,apps:38066/16,2023-08-31,2024-02-17,dev,0,0.065,0,1,False,0,0,0.0,,,,
0faa41c7c031,apps:49720/16,2023-08-31,2024-02-17,dev,0,0.065,0,1,False,0,0,0.0,,,,
0faa41c7c031,apps:10867/18,2023-08-31,2024-02-17,dev,0,0.065,0,1,False,0,0,0.0,,,,
0faa41c7c031,apps:36983/22,2023-08-31,2024-02-17,dev,0,0.065,0,1,False,0,0,0.0,,,,
0faa41c7c031,apps:76865/17,2023-08-31,2024-02-17,dev,0,0.065,0,1,False,0,0,0.0,,,,
0faa41c7c031,apps:27901/07,2023-08-31,2024-02-17,dev,0,0.065,0,1,False,0,0,0.0,,,,
0faa41c7c031,apps:21391/18,2023-08-31,2024-02-17,dev,0,0.065,0,1,False,0,0,0.0,,,,
154b01c3289a,apps:32891/22,2023-08-31,2023-12-12,dev,0,0.065,0,1,False,0,0,0.0,,,,
154b01c3289a,apps:44328/18,2023-08-31,2023-12-12,dev,0,0.065,0,1,False,0,0,0.0,,,,
154b01c3289a,apps:50568/11,2023-08-31,2023-12-12,dev,0,0.065,0,1,False,0,0,0.0,,,,
154b01c3289a,apps:40990/18,2023-08-31,2023-12-12,dev,0,0.065,0,1,False,0,0,0.0,,,,
154b01c3289a,apps:19071/18,2023-08-31,2023-12-12,dev,0,0.065,0,1,False,0,0,0.0,,,,
154b01c3289a,apps:57180/16,2023-08-31,2023-12-12,dev,0,0.065,0,1,False,0,0,0.0,,,,
154b01c3289a,apps:23972/22,2023-08-31,2023-12-12,dev,0,0.065,0,1,False,0,0,0.0,,,,
154b01c3289a,apps:28227/18,2023-08-31,2023-12-12,dev,0,0.415,0,1,False,0,0,0.0,,,,
154b01c3289a,apps:37706/17,2023-08-31,2023-12-12,dev,0,0.545,1,0,False,0,0,0.0,,,,
154b01c3289a,apps:2371/11,2023-08-31,2023-12-12,dev,0,0.065,0,1,False,0,0,0.0,,,,
154b01c3289a,apps:47196/21,2023-08-31,2023-12-12,dev,0,0.195,0,1,False,0,0,0.0,,,,
154b01c3289a,apps:51424/08,2023-08-31,2023-12-12,dev,0,0.065,0,1,False,0,0,0.0,,,,
154b01c3289a,apps:70583/17,2023-08-31,2023-12-12,dev,0,0.545,1,0,False,0,0,0.0,,,,
154b01c3289a,apps:56669/18,2023-08-31,2023-12-12,dev,0,0.065,0,1,False,0,0,0.0,,,,
154b01c3289a,apps:71304/16,2023-08-31,2023-12-12,dev,0,0.065,0,1,False,0,0,0.0,,,,
154b01c3289a,apps:57752/21,2023-08-31,2023-12-12,dev,0,0.065,0,1,False,0,0,0.0,,,,
154b01c3289a,apps:36257/21,2023-08-31,2023-12-12,dev,0,0.065,0,1,False,0,0,0.0,,,,
154b01c3289a,apps:49670/16,2023-08-31,2023-12-12,dev,0,0.065,0,1,False,0,0,0.0,,,,
154b01c3289a,apps:41253/19,2023-08-31,2023-12-12,dev,0,0.065,0,1,False,0,0,0.0,,,,
154b01c3289a,apps:38609/15,2023-08-31,2023-12-12,dev,0,0.415,0,1,False,0,0,0.0,,,,
154b01c3289a,apps:50622/21,2023-08-31,2023-12-12,dev,0,0.065,0,1,False,0,0,0.0,,,,
154b01c3289a,apps:19812/18,2023-08-31,2023-12-12,dev,0,0.065,0,1,False,0,0,0.0,,,,
154b01c3289a,apps:30196/17,2023-08-31,2023-12-12,dev,0,0.065,0,1,False,0,0,0.0,,,,
154b01c3289a,apps:38066/16,2023-08-31,2023-12-12,dev,0,0.415,0,1,False,0,0,0.0,,,,
154b01c3289a,apps:49720/16,2023-08-31,2023-12-12,dev,0,0.415,0,1,False,0,0,0.0,,,,
154b01c3289a,apps:10867/18,2023-08-31,2023-12-12,dev,0,0.065,0,1,False,0,0,0.0,,,,
154b01c3289a,apps:36983/22,2023-08-31,2023-12-12,dev,0,0.065,0,1,False,0,0,0.0,,,,
154b01c3289a,apps:76865/17,2023-08-31,2023-12-12,dev,0,0.065,0,1,False,0,0,0.0,,,,
154b01c3289a,apps:27901/07,2023-08-31,2023-12-12,dev,0,0.065,0,1,False,0,0,0.0,,,,
154b01c3289a,apps:21391/18,2023-08-31,2023-12-12,dev,0,0.065,0,1,False,0,0,0.0,,,,
1b1f8de345be,apps:32891/22,2023-08-31,2024-02-17,dev,0,0.065,0,1,False,0,0,0.0,,,,
1b1f8de345be,apps:44328/18,2023-08-31,2024-02-17,dev,0,0.065,0,1,False,0,0,0.0,,,,
1b1f8de345be,apps:50568/11,2023-08-31,2024-02-17,dev,0,0.415,0,1,False,0,0,0.0,,,,
1b1f8de345be,apps:40990/18,2023-08-31,2024-02-17,dev,0,0.065,0,1,False,0,0,0.0,,,,
1b1f8de345be,apps:19071/18,2023-08-31,2024-02-17,dev,0,0.065,0,1,False,0,0,0.0,,,,
1b1f8de345be,apps:57180/16,2023-08-31,2024-02-17,dev,0,0.065,0,1,False,0,0,0.0,,,,
1b1f8de345be,apps:23972/22,2023-08-31,2024-02-17,dev,0,0.415,0,1,False,0,0,0.0,,,,
1b1f8de345be,apps:28227/18,2023-08-31,2024-02-17,dev,0,0.065,0,1,False,0,0,0.0,,,,
1b1f8de345be,apps:2371/11,2023-08-31,2024-02-17,dev,0,0.065,0,1,False,0,0,0.0,,,,
1b1f8de345be,apps:47196/21,2023-08-31,2024-02-17,dev,0,0.195,0,1,False,0,0,0.0,,,,
1b1f8de345be,apps:51424/08,2023-08-31,2024-02-17,dev,0,0.065,0,1,False,0,0,0.0,,,,
1b1f8de345be,apps:70583/17,2023-08-31,2024-02-17,dev,0,0.195,0,1,False,0,0,0.0,,,,
1b1f8de345be,apps:56669/18,2023-08-31,2024-02-17,dev,0,0.065,0,1,False,0,0,0.0,,,,
1b1f8de345be,apps:71304/16,2023-08-31,2024-02-17,dev,0,0.065,0,1,False,0,0,0.0,,,,
1b1f8de345be,apps:57752/21,2023-08-31,2024-02-17,dev,0,0.065,0,1,False,0,0,0.0,,,,
1b1f8de345be,apps:36257/21,2023-08-31,2024-02-17,dev,0,0.065,0,1,False,0,0,0.0,,,,
1b1f8de345be,apps:49670/16,2023-08-31,2024-02-17,dev,0,0.065,0,1,False,0,0,0.0,,,,
1b1f8de345be,apps:41253/19,2023-08-31,2024-02-17,dev,0,0.065,0,1,False,0,0,0.0,,,,
1b1f8de345be,apps:38609/15,2023-08-31,2024-02-17,dev,0,0.065,0,1,False,0,0,0.0,,,,
1b1f8de345be,apps:50622/21,2023-08-31,2024-02-17,dev,0,0.065,0,1,False,0,0,0.0,,,,
1b1f8de345be,apps:19812/18,2023-08-31,2024-02-17,dev,0,0.065,0,1,False,0,0,0.0,,,,
1b1f8de345be,apps:30196/17,2023-08-31,2024-02-17,dev,0,0.065,0,1,False,0,0,0.0,,,,
1b1f8de345be,apps:38066/16,2023-08-31,2024-02-17,dev,0,0.065,0,1,False,0,0,0.0,,,,
1b1f8de345be,apps:49720/16,2023-08-31,2024-02-17,dev,0,0.065,0,1,False,0,0,0.0,,,,
1b1f8de345be,apps:10867/18,2023-08-31,2024-02-17,dev,0,0.065,0,1,False,0,0,0.0,,,,
1b1f8de345be,apps:36983/22,2023-08-31,2024-02-17,dev,0,0.065,0,1,False,0,0,0.0,,,,
1b1f8de345be,apps:76865/17,2023-08-31,2024-02-17,dev,0,0.065,0,1,False,0,0,0.0,,,,
1b1f8de345be,apps:27901/07,2023-08-31,2024-02-17,dev,0,0.415,0,1,False,0,0,0.0,,,,
1b1f8de345be,apps:21391/18,2023-08-31,2024-02-17,dev,0,0.065,0,1,False,0,0,0.0,,,,
1b1f8de345be,apps:64330/16,2023-08-31,2024-02-17,dev,0,0.065,0,1,False,0,0,0.0,,,,
1e58f64bfb7a,apps:32891/22,2023-08-31,2023-12-06,dev,0,0.065,0,1,False,0,0,0.0,,,,
1e58f64bfb7a,apps:44328/18,2023-08-31,2023-12-06,dev,0,0.065,0,1,False,0,0,0.0,,,,
1e58f64bfb7a,apps:50568/11,2023-08-31,2023-12-06,dev,0,0.065,0,1,False,0,0,0.0,,,,
1e58f64bfb7a,apps:40990/18,2023-08-31,2023-12-06,dev,0,0.065,0,1,False,0,0,0.0,,,,
1e58f64bfb7a,apps:19071/18,2023-08-31,2023-12-06,dev,0,0.065,0,1,False,0,0,0.0,,,,
1e58f64bfb7a,apps:57180/16,2023-08-31,2023-12-06,dev,0,0.065,0,1,False,0,0,0.0,,,,
1e58f64bfb7a,apps:23972/22,2023-08-31,2023-12-06,dev,0,0.065,0,1,False,0,0,0.0,,,,
1e58f64bfb7a,apps:28227/18,2023-08-31,2023-12-06,dev,0,0.065,0,1,False,0,0,0.0,,,,
1e58f64bfb7a,apps:37706/17,2023-08-31,2023-12-06,dev,0,0.195,0,1,False,0,0,0.0,,,,
1e58f64bfb7a,apps:2371/11,2023-08-31,2023-12-06,dev,0,0.065,0,1,False,0,0,0.0,,,,
1e58f64bfb7a,apps:47196/21,2023-08-31,2023-12-06,dev,0,0.195,0,1,False,0,0,0.0,,,,
1e58f64bfb7a,apps:51424/08,2023-08-31,2023-12-06,dev,0,0.065,0,1,False,0,0,0.0,,,,
1e58f64bfb7a,apps:70583/17,2023-08-31,2023-12-06,dev,0,0.195,0,1,False,0,0,0.0,,,,
1e58f64bfb7a,apps:56669/18,2023-08-31,2023-12-06,dev,0,0.065,0,1,False,0,0,0.0,,,,
1e58f64bfb7a,apps:71304/16,2023-08-31,2023-12-06,dev,0,0.065,0,1,False,0,0,0.0,,,,
1e58f64bfb7a,apps:57752/21,2023-08-31,2023-12-06,dev,0,0.065,0,1,False,0,0,0.0,,,,
1e58f64bfb7a,apps:36257/21,2023-08-31,2023-12-06,dev,0,0.065,0,1,False,0,0,0.0,,,,
1e58f64bfb7a,apps:49670/16,2023-08-31,2023-12-06,dev,0,0.065,0,1,False,0,0,0.0,,,,
1e58f64bfb7a,apps:41253/19,2023-08-31,2023-12-06,dev,0,0.065,0,1,False,0,0,0.0,,,,
1e58f64bfb7a,apps:38609/15,2023-08-31,2023-12-06,dev,0,0.065,0,1,False,0,0,0.0,,,,
1e58f64bfb7a,apps:50622/21,2023-08-31,2023-12-06,dev,0,0.065,0,1,False,0,0,0.0,,,,
1e58f64bfb7a,apps:19812/18,2023-08-31,2023-12-06,dev,0,0.065,0,1,False,0,0,0.0,,,,
1e58f64bfb7a,apps:30196/17,2023-08-31,2023-12-06,dev,0,0.065,0,1,False,0,0,0.0,,,,
1e58f64bfb7a,apps:38066/16,2023-08-31,2023-12-06,dev,0,0.065,0,1,False,0,0,0.0,,,,
1e58f64bfb7a,apps:49720/16,2023-08-31,2023-12-06,dev,0,0.065,0,1,False,0,0,0.0,,,,
1e58f64bfb7a,apps:10867/18,2023-08-31,2023-12-06,dev,0,0.065,0,1,False,0,0,0.0,,,,
1e58f64bfb7a,apps:36983/22,2023-08-31,2023-12-06,dev,0,0.065,0,1,False,0,0,0.0,,,,
1e58f64bfb7a,apps:76865/17,2023-08-31,2023-12-06,dev,0,0.065,0,1,False,0,0,0.0,,,,
1e58f64bfb7a,apps:27901/07,2023-08-31,2023-12-06,dev,0,0.065,0,1,False,0,0,0.0,,,,
1e58f64bfb7a,apps:21391/18,2023-08-31,2023-12-06,dev,0,0.065,0,1,False,0,0,0.0,,,,
2fbc08fc30bd,apps:32891/22,2023-08-31,2024-03-29,dev,0,0.065,0,1,False,0,0,0.0,,,,
2fbc08fc30bd,apps:44328/18,2023-08-31,2024-03-29,dev,0,0.065,0,1,False,0,0,0.0,,,,
2fbc08fc30bd,apps:50568/11,2023-08-31,2024-03-29,dev,0,0.065,0,1,False,0,0,0.0,,,,
2fbc08fc30bd,apps:40990/18,2023-08-31,2024-03-29,dev,0,0.065,0,1,False,0,0,0.0,,,,
2fbc08fc30bd,apps:19071/18,2023-08-31,2024-03-29,dev,0,0.065,0,1,False,0,0,0.0,,,,
2fbc08fc30bd,apps:57180/16,2023-08-31,2024-03-29,dev,0,0.065,0,1,False,0,0,0.0,,,,
2fbc08fc30bd,apps:23972/22,2023-08-31,2024-03-29,dev,0,0.065,0,1,False,0,0,0.0,,,,
2fbc08fc30bd,apps:28227/18,2023-08-31,2024-03-29,dev,0,0.065,0,1,False,0,0,0.0,,,,
2fbc08fc30bd,apps:37706/17,2023-08-31,2024-03-29,dev,0,0.195,0,1,False,0,0,0.0,,,,
2fbc08fc30bd,apps:2371/11,2023-08-31,2024-03-29,dev,0,0.065,0,1,False,0,0,0.0,,,,
2fbc08fc30bd,apps:47196/21,2023-08-31,2024-03-29,dev,0,0.195,0,1,False,0,0,0.0,,,,
2fbc08fc30bd,apps:51424/08,2023-08-31,2024-03-29,dev,0,0.065,0,1,False,0,0,0.0,,,,
2fbc08fc30bd,apps:70583/17,2023-08-31,2024-03-29,dev,0,0.195,0,1,False,0,0,0.0,,,,
2fbc08fc30bd,apps:56669/18,2023-08-31,2024-03-29,dev,0,0.065,0,1,False,0,0,0.0,,,,
2fbc08fc30bd,apps:71304/16,2023-08-31,2024-03-29,dev,0,0.065,0,1,False,0,0,0.0,,,,
2fbc08fc30bd,apps:57752/21,2023-08-31,2024-03-29,dev,0,0.065,0,1,False,0,0,0.0,,,,
2fbc08fc30bd,apps:36257/21,2023-08-31,2024-03-29,dev,0,0.065,0,1,False,0,0,0.0,,,,
2fbc08fc30bd,apps:49670/16,2023-08-31,2024-03-29,dev,0,0.065,0,1,False,0,0,0.0,,,,
2fbc08fc30bd,apps:41253/19,2023-08-31,2024-03-29,dev,0,0.065,0,1,False,0,0,0.0,,,,
2fbc08fc30bd,apps:38609/15,2023-08-31,2024-03-29,dev,0,0.065,0,1,False,0,0,0.0,,,,
2fbc08fc30bd,apps:50622/21,2023-08-31,2024-03-29,dev,0,0.065,0,1,False,0,0,0.0,,,,
2fbc08fc30bd,apps:19812/18,2023-08-31,2024-03-29,dev,0,0.065,0,1,False,0,0,0.0,,,,
2fbc08fc30bd,apps:30196/17,2023-08-31,2024-03-29,dev,0,0.065,0,1,False,0,0,0.0,,,,
2fbc08fc30bd,apps:38066/16,2023-08-31,2024-03-29,dev,0,0.065,0,1,False,0,0,0.0,,,,
2fbc08fc30bd,apps:49720/16,2023-08-31,2024-03-29,dev,0,0.065,0,1,False,0,0,0.0,,,,
2fbc08fc30bd,apps:10867/18,2023-08-31,2024-03-29,dev,0,0.065,0,1,False,0,0,0.0,,,,
2fbc08fc30bd,apps:36983/22,2023-08-31,2024-03-29,dev,0,0.065,0,1,False,0,0,0.0,,,,
2fbc08fc30bd,apps:76865/17,2023-08-31,2024-03-29,dev,0,0.065,0,1,False,0,0,0.0,,,,
2fbc08fc30bd,apps:27901/07,2023-08-31,2024-03-29,dev,0,0.065,0,1,False,0,0,0.0,,,,
2fbc08fc30bd,apps:21391/18,2023-08-31,2024-03-29,dev,0,0.065,0,1,False,0,0,0.0,,,,
415c8994e0ed,apps:32891/22,2023-08-31,2023-12-18,dev,0,0.065,0,1,False,0,0,0.0,,,,
415c8994e0ed,apps:44328/18,2023-08-31,2023-12-18,dev,0,0.065,0,1,False,0,0,0.0,,,,
415c8994e0ed,apps:50568/11,2023-08-31,2023-12-18,dev,0,0.065,0,1,False,0,0,0.0,,,,
415c8994e0ed,apps:40990/18,2023-08-31,2023-12-18,dev,0,0.065,0,1,False,0,0,0.0,,,,
415c8994e0ed,apps:19071/18,2023-08-31,2023-12-18,dev,0,0.065,0,1,False,0,0,0.0,,,,
415c8994e0ed,apps:57180/16,2023-08-31,2023-12-18,dev,0,0.065,0,1,False,0,0,0.0,,,,
415c8994e0ed,apps:23972/22,2023-08-31,2023-12-18,dev,0,0.065,0,1,False,0,0,0.0,,,,
415c8994e0ed,apps:28227/18,2023-08-31,2023-12-18,dev,0,0.065,0,1,False,0,0,0.0,,,,
415c8994e0ed,apps:37706/17,2023-08-31,2023-12-18,dev,0,0.195,0,1,False,0,0,0.0,,,,
415c8994e0ed,apps:2371/11,2023-08-31,2023-12-18,dev,0,0.065,0,1,False,0,0,0.0,,,,
415c8994e0ed,apps:47196/21,2023-08-31,2023-12-18,dev,0,0.195,0,1,False,0,0,0.0,,,,
415c8994e0ed,apps:51424/08,2023-08-31,2023-12-18,dev,0,0.065,0,1,False,0,0,0.0,,,,
415c8994e0ed,apps:70583/17,2023-08-31,2023-12-18,dev,0,0.195,0,1,False,0,0,0.0,,,,
415c8994e0ed,apps:56669/18,2023-08-31,2023-12-18,dev,0,0.065,0,1,False,0,0,0.0,,,,
415c8994e0ed,apps:71304/16,2023-08-31,2023-12-18,dev,0,0.065,0,1,False,0,0,0.0,,,,
415c8994e0ed,apps:57752/21,2023-08-31,2023-12-18,dev,0,0.065,0,1,False,0,0,0.0,,,,
415c8994e0ed,apps:36257/21,2023-08-31,2023-12-18,dev,0,0.065,0,1,False,0,0,0.0,,,,
415c8994e0ed,apps:49670/16,2023-08-31,2023-12-18,dev,0,0.065,0,1,False,0,0,0.0,,,,
415c8994e0ed,apps:41253/19,2023-08-31,2023-12-18,dev,0,0.065,0,1,False,0,0,0.0,,,,
415c8994e0ed,apps:38609/15,2023-08-31,2023-12-18,dev,0,0.065,0,1,False,0,0,0.0,,,,
415c8994e0ed,apps:50622/21,2023-08-31,2023-12-18,dev,0,0.065,0,1,False,0,0,0.0,,,,
415c8994e0ed,apps:19812/18,2023-08-31,2023-12-18,dev,0,0.065,0,1,False,0,0,0.0,,,,
415c8994e0ed,apps:30196/17,2023-08-31,2023-12-18,dev,0,0.065,0,1,False,0,0,0.0,,,,
415c8994e0ed,apps:38066/16,2023-08-31,2023-12-18,dev,0,0.065,0,1,False,0,0,0.0,,,,
415c8994e0ed,apps:49720/16,2023-08-31,2023-12-18,dev,0,0.065,0,1,False,0,0,0.0,,,,
415c8994e0ed,apps:10867/18,2023-08-31,2023-12-18,dev,0,0.065,0,1,False,0,0,0.0,,,,
415c8994e0ed,apps:36983/22,2023-08-31,2023-12-18,dev,0,0.065,0,1,False,0,0,0.0,,,,
415c8994e0ed,apps:76865/17,2023-08-31,2023-12-18,dev,0,0.065,0,1,False,0,0,0.0,,,,
415c8994e0ed,apps:27901/07,2023-08-31,2023-12-18,dev,0,0.065,0,1,False,0,0,0.0,,,,
415c8994e0ed,apps:21391/18,2023-08-31,2023-12-18,dev,0,0.065,0,1,False,0,0,0.0,,,,
54e38e09f96e,apps:32891/22,2023-08-31,2023-12-06,dev,0,0.065,0,1,False,0,0,0.0,,,,
54e38e09f96e,apps:44328/18,2023-08-31,2023-12-06,dev,0,0.065,0,1,False,0,0,0.0,,,,
54e38e09f96e,apps:50568/11,2023-08-31,2023-12-06,dev,0,0.065,0,1,False,0,0,0.0,,,,
54e38e09f96e,apps:40990/18,2023-08-31,2023-12-06,dev,0,0.065,0,1,False,0,0,0.0,,,,
54e38e09f96e,apps:19071/18,2023-08-31,2023-12-06,dev,0,0.065,0,1,False,0,0,0.0,,,,
54e38e09f96e,apps:57180/16,2023-08-31,2023-12-06,dev,0,0.065,0,1,False,0,0,0.0,,,,
54e38e09f96e,apps:23972/22,2023-08-31,2023-12-06,dev,0,0.065,0,1,False,0,0,0.0,,,,
54e38e09f96e,apps:28227/18,2023-08-31,2023-12-06,dev,0,0.065,0,1,False,0,0,0.0,,,,
54e38e09f96e,apps:37706/17,2023-08-31,2023-12-06,dev,0,0.195,0,1,False,0,0,0.0,,,,
54e38e09f96e,apps:2371/11,2023-08-31,2023-12-06,dev,0,0.065,0,1,False,0,0,0.0,,,,
54e38e09f96e,apps:47196/21,2023-08-31,2023-12-06,dev,0,0.195,0,1,False,0,0,0.0,,,,
54e38e09f96e,apps:51424/08,2023-08-31,2023-12-06,dev,0,0.065,0,1,False,0,0,0.0,,,,
54e38e09f96e,apps:70583/17,2023-08-31,2023-12-06,dev,0,0.195,0,1,False,0,0,0.0,,,,
54e38e09f96e,apps:56669/18,2023-08-31,2023-12-06,dev,0,0.065,0,1,False,0,0,0.0,,,,
54e38e09f96e,apps:71304/16,2023-08-31,2023-12-06,dev,0,0.065,0,1,False,0,0,0.0,,,,
54e38e09f96e,apps:57752/21,2023-08-31,2023-12-06,dev,0,0.065,0,1,False,0,0,0.0,,,,
54e38e09f96e,apps:36257/21,2023-08-31,2023-12-06,dev,0,0.065,0,1,False,0,0,0.0,,,,
54e38e09f96e,apps:49670/16,2023-08-31,2023-12-06,dev,0,0.065,0,1,False,0,0,0.0,,,,
54e38e09f96e,apps:41253/19,2023-08-31,2023-12-06,dev,0,0.065,0,1,False,0,0,0.0,,,,
54e38e09f96e,apps:38609/15,2023-08-31,2023-12-06,dev,0,0.065,0,1,False,0,0,0.0,,,,
54e38e09f96e,apps:50622/21,2023-08-31,2023-12-06,dev,0,0.065,0,1,False,0,0,0.0,,,,
54e38e09f96e,apps:19812/18,2023-08-31,2023-12-06,dev,0,0.065,0,1,False,0,0,0.0,,,,
54e38e09f96e,apps:30196/17,2023-08-31,2023-12-06,dev,0,0.065,0,1,False,0,0,0.0,,,,
54e38e09f96e,apps:38066/16,2023-08-31,2023-12-06,dev,0,0.065,0,1,False,0,0,0.0,,,,
54e38e09f96e,apps:49720/16,2023-08-31,2023-12-06,dev,0,0.065,0,1,False,0,0,0.0,,,,
54e38e09f96e,apps:10867/18,2023-08-31,2023-12-06,dev,0,0.065,0,1,False,0,0,0.0,,,,
54e38e09f96e,apps:36983/22,2023-08-31,2023-12-06,dev,0,0.065,0,1,False,0,0,0.0,,,,
54e38e09f96e,apps:76865/17,2023-08-31,2023-12-06,dev,0,0.065,0,1,False,0,0,0.0,,,,
54e38e09f96e,apps:27901/07,2023-08-31,2023-12-06,dev,0,0.065,0,1,False,0,0,0.0,,,,
54e38e09f96e,apps:21391/18,2023-08-31,2023-12-06,dev,0,0.065,0,1,False,0,0,0.0,,,,
684d373b17e9,apps:32891/22,2023-08-31,2024-04-05,dev,0,0.065,0,1,False,0,0,0.0,,,,
684d373b17e9,apps:44328/18,2023-08-31,2024-04-05,dev,0,0.065,0,1,False,0,0,0.0,,,,
684d373b17e9,apps:50568/11,2023-08-31,2024-04-05,dev,0,0.065,0,1,False,0,0,0.0,,,,
684d373b17e9,apps:40990/18,2023-08-31,2024-04-05,dev,0,0.065,0,1,False,0,0,0.0,,,,
684d373b17e9,apps:19071/18,2023-08-31,2024-04-05,dev,0,0.065,0,1,False,0,0,0.0,,,,
684d373b17e9,apps:57180/16,2023-08-31,2024-04-05,dev,0,0.065,0,1,False,0,0,0.0,,,,
684d373b17e9,apps:23972/22,2023-08-31,2024-04-05,dev,0,0.065,0,1,False,0,0,0.0,,,,
684d373b17e9,apps:28227/18,2023-08-31,2024-04-05,dev,0,0.065,0,1,False,0,0,0.0,,,,
684d373b17e9,apps:37706/17,2023-08-31,2024-04-05,dev,0,0.195,0,1,False,0,0,0.0,,,,
684d373b17e9,apps:2371/11,2023-08-31,2024-04-05,dev,0,0.065,0,1,False,0,0,0.0,,,,
684d373b17e9,apps:47196/21,2023-08-31,2024-04-05,dev,0,0.195,0,1,False,0,0,0.0,,,,
684d373b17e9,apps:51424/08,2023-08-31,2024-04-05,dev,0,0.065,0,1,False,0,0,0.0,,,,
684d373b17e9,apps:70583/17,2023-08-31,2024-04-05,dev,0,0.195,0,1,False,0,0,0.0,,,,
684d373b17e9,apps:56669/18,2023-08-31,2024-04-05,dev,0,0.065,0,1,False,0,0,0.0,,,,
684d373b17e9,apps:71304/16,2023-08-31,2024-04-05,dev,0,0.065,0,1,False,0,0,0.0,,,,
684d373b17e9,apps:57752/21,2023-08-31,2024-04-05,dev,0,0.065,0,1,False,0,0,0.0,,,,
684d373b17e9,apps:36257/21,2023-08-31,2024-04-05,dev,0,0.065,0,1,False,0,0,0.0,,,,
684d373b17e9,apps:49670/16,2023-08-31,2024-04-05,dev,0,0.065,0,1,False,0,0,0.0,,,,
684d373b17e9,apps:41253/19,2023-08-31,2024-04-05,dev,0,0.065,0,1,False,0,0,0.0,,,,
684d373b17e9,apps:38609/15,2023-08-31,2024-04-05,dev,0,0.065,0,1,False,0,0,0.0,,,,
684d373b17e9,apps:50622/21,2023-08-31,2024-04-05,dev,0,0.065,0,1,False,0,0,0.0,,,,
684d373b17e9,apps:19812/18,2023-08-31,2024-04-05,dev,0,0.065,0,1,False,0,0,0.0,,,,
684d373b17e9,apps:30196/17,2023-08-31,2024-04-05,dev,0,0.065,0,1,False,0,0,0.0,,,,
684d373b17e9,apps:38066/16,2023-08-31,2024-04-05,dev,0,0.065,0,1,False,0,0,0.0,,,,
684d373b17e9,apps:49720/16,2023-08-31,2024-04-05,dev,0,0.065,0,1,False,0,0,0.0,,,,
684d373b17e9,apps:10867/18,2023-08-31,2024-04-05,dev,0,0.065,0,1,False,0,0,0.0,,,,
684d373b17e9,apps:36983/22,2023-08-31,2024-04-05,dev,0,0.065,0,1,False,0,0,0.0,,,,
684d373b17e9,apps:76865/17,2023-08-31,2024-04-05,dev,0,0.065,0,1,False,0,0,0.0,,,,
684d373b17e9,apps:27901/07,2023-08-31,2024-04-05,dev,0,0.065,0,1,False,0,0,0.0,,,,
684d373b17e9,apps:21391/18,2023-08-31,2024-04-05,dev,0,0.065,0,1,False,0,0,0.0,,,,
7a059e452dbd,apps:32891/22,2023-08-31,2023-11-14,dev,0,0.065,0,1,False,0,0,0.0,,,,
7a059e452dbd,apps:44328/18,2023-08-31,2023-11-14,dev,0,0.065,0,1,False,0,0,0.0,,,,
7a059e452dbd,apps:50568/11,2023-08-31,2023-11-14,dev,0,0.065,0,1,False,0,0,0.0,,,,
7a059e452dbd,apps:40990/18,2023-08-31,2023-11-14,dev,0,0.065,0,1,False,0,0,0.0,,,,
7a059e452dbd,apps:19071/18,2023-08-31,2023-11-14,dev,0,0.065,0,1,False,0,0,0.0,,,,
7a059e452dbd,apps:57180/16,2023-08-31,2023-11-14,dev,0,0.065,0,1,False,0,0,0.0,,,,
7a059e452dbd,apps:23972/22,2023-08-31,2023-11-14,dev,0,0.065,0,1,False,0,0,0.0,,,,
7a059e452dbd,apps:28227/18,2023-08-31,2023-11-14,dev,0,0.065,0,1,False,0,0,0.0,,,,
7a059e452dbd,apps:37706/17,2023-08-31,2023-11-14,dev,0,0.195,0,1,False,0,0,0.0,,,,
7a059e452dbd,apps:2371/11,2023-08-31,2023-11-14,dev,0,0.065,0,1,False,0,0,0.0,,,,
7a059e452dbd,apps:47196/21,2023-08-31,2023-11-14,dev,0,0.195,0,1,False,0,0,0.0,,,,
7a059e452dbd,apps:51424/08,2023-08-31,2023-11-14,dev,0,0.065,0,1,False,0,0,0.0,,,,
7a059e452dbd,apps:70583/17,2023-08-31,2023-11-14,dev,0,0.195,0,1,False,0,0,0.0,,,,
7a059e452dbd,apps:56669/18,2023-08-31,2023-11-14,dev,0,0.065,0,1,False,0,0,0.0,,,,
7a059e452dbd,apps:71304/16,2023-08-31,2023-11-14,dev,0,0.065,0,1,False,0,0,0.0,,,,
7a059e452dbd,apps:57752/21,2023-08-31,2023-11-14,dev,0,0.065,0,1,False,0,0,0.0,,,,
7a059e452dbd,apps:36257/21,2023-08-31,2023-11-14,dev,0,0.065,0,1,False,0,0,0.0,,,,
7a059e452dbd,apps:49670/16,2023-08-31,2023-11-14,dev,0,0.065,0,1,False,0,0,0.0,,,,
7a059e452dbd,apps:41253/19,2023-08-31,2023-11-14,dev,0,0.065,0,1,False,0,0,0.0,,,,
7a059e452dbd,apps:38609/15,2023-08-31,2023-11-14,dev,0,0.065,0,1,False,0,0,0.0,,,,
7a059e452dbd,apps:50622/21,2023-08-31,2023-11-14,dev,0,0.065,0,1,False,0,0,0.0,,,,
7a059e452dbd,apps:19812/18,2023-08-31,2023-11-14,dev,0,0.065,0,1,False,0,0,0.0,,,,
7a059e452dbd,apps:30196/17,2023-08-31,2023-11-14,dev,0,0.065,0,1,False,0,0,0.0,,,,
7a059e452dbd,apps:38066/16,2023-08-31,2023-11-14,dev,0,0.065,0,1,False,0,0,0.0,,,,
7a059e452dbd,apps:49720/16,2023-08-31,2023-11-14,dev,0,0.065,0,1,False,0,0,0.0,,,,
7a059e452dbd,apps:10867/18,2023-08-31,2023-11-14,dev,0,0.065,0,1,False,0,0,0.0,,,,
7a059e452dbd,apps:36983/22,2023-08-31,2023-11-14,dev,0,0.065,0,1,False,0,0,0.0,,,,
7a059e452dbd,apps:76865/17,2023-08-31,2023-11-14,dev,0,0.065,0,1,False,0,0,0.0,,,,
7a059e452dbd,apps:27901/07,2023-08-31,2023-11-14,dev,0,0.065,0,1,False,0,0,0.0,,,,
7a059e452dbd,apps:21391/18,2023-08-31,2023-11-14,dev,0,0.065,0,1,False,0,0,0.0,,,,
7b2999efc3b7,apps:32891/22,2023-08-31,2024-04-09,dev,0,0.065,0,1,False,0,0,0.0,,,,
7b2999efc3b7,apps:44328/18,2023-08-31,2024-04-09,dev,0,0.065,0,1,False,0,0,0.0,,,,
7b2999efc3b7,apps:50568/11,2023-08-31,2024-04-09,dev,0,0.065,0,1,False,0,0,0.0,,,,
7b2999efc3b7,apps:40990/18,2023-08-31,2024-04-09,dev,0,0.065,0,1,False,0,0,0.0,,,,
7b2999efc3b7,apps:19071/18,2023-08-31,2024-04-09,dev,0,0.065,0,1,False,0,0,0.0,,,,
7b2999efc3b7,apps:57180/16,2023-08-31,2024-04-09,dev,0,0.065,0,1,False,0,0,0.0,,,,
7b2999efc3b7,apps:23972/22,2023-08-31,2024-04-09,dev,0,0.065,0,1,False,0,0,0.0,,,,
7b2999efc3b7,apps:28227/18,2023-08-31,2024-04-09,dev,0,0.065,0,1,False,0,0,0.0,,,,
7b2999efc3b7,apps:37706/17,2023-08-31,2024-04-09,dev,0,0.195,0,1,False,0,0,0.0,,,,
7b2999efc3b7,apps:2371/11,2023-08-31,2024-04-09,dev,0,0.065,0,1,False,0,0,0.0,,,,
7b2999efc3b7,apps:47196/21,2023-08-31,2024-04-09,dev,0,0.195,0,1,False,0,0,0.0,,,,
7b2999efc3b7,apps:51424/08,2023-08-31,2024-04-09,dev,0,0.065,0,1,False,0,0,0.0,,,,
7b2999efc3b7,apps:70583/17,2023-08-31,2024-04-09,dev,0,0.195,0,1,False,0,0,0.0,,,,
7b2999efc3b7,apps:56669/18,2023-08-31,2024-04-09,dev,0,0.065,0,1,False,0,0,0.0,,,,
7b2999efc3b7,apps:71304/16,2023-08-31,2024-04-09,dev,0,0.065,0,1,False,0,0,0.0,,,,
7b2999efc3b7,apps:57752/21,2023-08-31,2024-04-09,dev,0,0.065,0,1,False,0,0,0.0,,,,
7b2999efc3b7,apps:36257/21,2023-08-31,2024-04-09,dev,0,0.065,0,1,False,0,0,0.0,,,,
7b2999efc3b7,apps:49670/16,2023-08-31,2024-04-09,dev,0,0.065,0,1,False,0,0,0.0,,,,
7b2999efc3b7,apps:41253/19,2023-08-31,2024-04-09,dev,0,0.065,0,1,False,0,0,0.0,,,,
7b2999efc3b7,apps:38609/15,2023-08-31,2024-04-09,dev,0,0.065,0,1,False,0,0,0.0,,,,
7b2999efc3b7,apps:50622/21,2023-08-31,2024-04-09,dev,0,0.065,0,1,False,0,0,0.0,,,,
7b2999efc3b7,apps:19812/18,2023-08-31,2024-04-09,dev,0,0.065,0,1,False,0,0,0.0,,,,
7b2999efc3b7,apps:30196/17,2023-08-31,2024-04-09,dev,0,0.065,0,1,False,0,0,0.0,,,,
7b2999efc3b7,apps:38066/16,2023-08-31,2024-04-09,dev,0,0.065,0,1,False,0,0,0.0,,,,
7b2999efc3b7,apps:49720/16,2023-08-31,2024-04-09,dev,0,0.065,0,1,False,0,0,0.0,,,,
7b2999efc3b7,apps:10867/18,2023-08-31,2024-04-09,dev,0,0.065,0,1,False,0,0,0.0,,,,
7b2999efc3b7,apps:36983/22,2023-08-31,2024-04-09,dev,0,0.065,0,1,False,0,0,0.0,,,,
7b2999efc3b7,apps:76865/17,2023-08-31,2024-04-09,dev,0,0.065,0,1,False,0,0,0.0,,,,
7b2999efc3b7,apps:27901/07,2023-08-31,2024-04-09,dev,0,0.065,0,1,False,0,0,0.0,,,,
7b2999efc3b7,apps:21391/18,2023-08-31,2024-04-09,dev,0,0.065,0,1,False,0,0,0.0,,,,
99cd2ce32cf8,apps:32891/22,2023-08-31,2024-02-17,dev,0,0.065,0,1,False,0,0,0.0,,,,
99cd2ce32cf8,apps:44328/18,2023-08-31,2024-02-17,dev,0,0.065,0,1,False,0,0,0.0,,,,
99cd2ce32cf8,apps:50568/11,2023-08-31,2024-02-17,dev,0,0.065,0,1,False,0,0,0.0,,,,
99cd2ce32cf8,apps:40990/18,2023-08-31,2024-02-17,dev,0,0.065,0,1,False,0,0,0.0,,,,
99cd2ce32cf8,apps:19071/18,2023-08-31,2024-02-17,dev,0,0.065,0,1,False,0,0,0.0,,,,
99cd2ce32cf8,apps:57180/16,2023-08-31,2024-02-17,dev,0,0.065,0,1,False,0,0,0.0,,,,
99cd2ce32cf8,apps:23972/22,2023-08-31,2024-02-17,dev,0,0.065,0,1,False,0,0,0.0,,,,
99cd2ce32cf8,apps:28227/18,2023-08-31,2024-02-17,dev,0,0.065,0,1,False,0,0,0.0,,,,
99cd2ce32cf8,apps:37706/17,2023-08-31,2024-02-17,dev,0,0.195,0,1,False,0,0,0.0,,,,
99cd2ce32cf8,apps:2371/11,2023-08-31,2024-02-17,dev,0,0.065,0,1,False,0,0,0.0,,,,
99cd2ce32cf8,apps:51424/08,2023-08-31,2024-02-17,dev,0,0.065,0,1,False,0,0,0.0,,,,
99cd2ce32cf8,apps:70583/17,2023-08-31,2024-02-17,dev,0,0.195,0,1,False,0,0,0.0,,,,
99cd2ce32cf8,apps:56669/18,2023-08-31,2024-02-17,dev,0,0.415,0,1,False,0,0,0.0,,,,
99cd2ce32cf8,apps:71304/16,2023-08-31,2024-02-17,dev,0,0.065,0,1,False,0,0,0.0,,,,
99cd2ce32cf8,apps:57752/21,2023-08-31,2024-02-17,dev,0,0.415,0,1,False,0,0,0.0,,,,
99cd2ce32cf8,apps:36257/21,2023-08-31,2024-02-17,dev,0,0.415,0,1,False,0,0,0.0,,,,
99cd2ce32cf8,apps:49670/16,2023-08-31,2024-02-17,dev,0,0.065,0,1,False,0,0,0.0,,,,
99cd2ce32cf8,apps:41253/19,2023-08-31,2024-02-17,dev,0,0.065,0,1,False,0,0,0.0,,,,
99cd2ce32cf8,apps:38609/15,2023-08-31,2024-02-17,dev,0,0.065,0,1,False,0,0,0.0,,,,
99cd2ce32cf8,apps:50622/21,2023-08-31,2024-02-17,dev,0,0.065,0,1,False,0,0,0.0,,,,
99cd2ce32cf8,apps:19812/18,2023-08-31,2024-02-17,dev,0,0.065,0,1,False,0,0,0.0,,,,
99cd2ce32cf8,apps:30196/17,2023-08-31,2024-02-17,dev,0,0.065,0,1,False,0,0,0.0,,,,
99cd2ce32cf8,apps:38066/16,2023-08-31,2024-02-17,dev,0,0.065,0,1,False,0,0,0.0,,,,
99cd2ce32cf8,apps:49720/16,2023-08-31,2024-02-17,dev,0,0.065,0,1,False,0,0,0.0,,,,
99cd2ce32cf8,apps:10867/18,2023-08-31,2024-02-17,dev,0,0.065,0,1,False,0,0,0.0,,,,
99cd2ce32cf8,apps:36983/22,2023-08-31,2024-02-17,dev,0,0.065,0,1,False,0,0,0.0,,,,
99cd2ce32cf8,apps:76865/17,2023-08-31,2024-02-17,dev,0,0.065,0,1,False,0,0,0.0,,,,
99cd2ce32cf8,apps:27901/07,2023-08-31,2024-02-17,dev,0,0.065,0,1,False,0,0,0.0,,,,
99cd2ce32cf8,apps:21391/18,2023-08-31,2024-02-17,dev,0,0.065,0,1,False,0,0,0.0,,,,
99cd2ce32cf8,apps:64330/16,2023-08-31,2024-02-17,dev,0,0.065,0,1,False,0,0,0.0,,,,
a94e3bc7e2bf,apps:32891/22,2023-08-31,2024-02-17,dev,0,0.065,0,1,False,0,0,0.0,,,,
a94e3bc7e2bf,apps:44328/18,2023-08-31,2024-02-17,dev,0,0.415,0,1,False,0,0,0.0,,,,
a94e3bc7e2bf,apps:50568/11,2023-08-31,2024-02-17,dev,0,0.065,0,1,False,0,0,0.0,,,,
a94e3bc7e2bf,apps:40990/18,2023-08-31,2024-02-17,dev,0,0.065,0,1,False,0,0,0.0,,,,
a94e3bc7e2bf,apps:19071/18,2023-08-31,2024-02-17,dev,0,0.065,0,1,False,0,0,0.0,,,,
a94e3bc7e2bf,apps:57180/16,2023-08-31,2024-02-17,dev,0,0.065,0,1,False,0,0,0.0,,,,
a94e3bc7e2bf,apps:23972/22,2023-08-31,2024-02-17,dev,0,0.065,0,1,False,0,0,0.0,,,,
a94e3bc7e2bf,apps:28227/18,2023-08-31,2024-02-17,dev,0,0.065,0,1,False,0,0,0.0,,,,
a94e3bc7e2bf,apps:37706/17,2023-08-31,2024-02-17,dev,0,0.195,0,1,False,0,0,0.0,,,,
a94e3bc7e2bf,apps:2371/11,2023-08-31,2024-02-17,dev,0,0.065,0,1,False,0,0,0.0,,,,
a94e3bc7e2bf,apps:47196/21,2023-08-31,2024-02-17,dev,0,0.195,0,1,False,0,0,0.0,,,,
a94e3bc7e2bf,apps:51424/08,2023-08-31,2024-02-17,dev,0,0.065,0,1,False,0,0,0.0,,,,
a94e3bc7e2bf,apps:70583/17,2023-08-31,2024-02-17,dev,0,0.195,0,1,False,0,0,0.0,,,,
a94e3bc7e2bf,apps:56669/18,2023-08-31,2024-02-17,dev,0,0.065,0,1,False,0,0,0.0,,,,
a94e3bc7e2bf,apps:71304/16,2023-08-31,2024-02-17,dev,0,0.065,0,1,False,0,0,0.0,,,,
a94e3bc7e2bf,apps:57752/21,2023-08-31,2024-02-17,dev,0,0.065,0,1,False,0,0,0.0,,,,
a94e3bc7e2bf,apps:36257/21,2023-08-31,2024-02-17,dev,0,0.065,0,1,False,0,0,0.0,,,,
a94e3bc7e2bf,apps:49670/16,2023-08-31,2024-02-17,dev,0,0.065,0,1,False,0,0,0.0,,,,
a94e3bc7e2bf,apps:41253/19,2023-08-31,2024-02-17,dev,0,0.065,0,1,False,0,0,0.0,,,,
a94e3bc7e2bf,apps:38609/15,2023-08-31,2024-02-17,dev,0,0.065,0,1,False,0,0,0.0,,,,
a94e3bc7e2bf,apps:50622/21,2023-08-31,2024-02-17,dev,0,0.065,0,1,False,0,0,0.0,,,,
a94e3bc7e2bf,apps:19812/18,2023-08-31,2024-02-17,dev,0,0.065,0,1,False,0,0,0.0,,,,
a94e3bc7e2bf,apps:30196/17,2023-08-31,2024-02-17,dev,0,0.065,0,1,False,0,0,0.0,,,,
a94e3bc7e2bf,apps:38066/16,2023-08-31,2024-02-17,dev,0,0.065,0,1,False,0,0,0.0,,,,
a94e3bc7e2bf,apps:49720/16,2023-08-31,2024-02-17,dev,0,0.065,0,1,False,0,0,0.0,,,,
a94e3bc7e2bf,apps:10867/18,2023-08-31,2024-02-17,dev,0,0.065,0,1,False,0,0,0.0,,,,
a94e3bc7e2bf,apps:36983/22,2023-08-31,2024-02-17,dev,0,0.065,0,1,False,0,0,0.0,,,,
a94e3bc7e2bf,apps:76865/17,2023-08-31,2024-02-17,dev,0,0.065,0,1,False,0,0,0.0,,,,
a94e3bc7e2bf,apps:27901/07,2023-08-31,2024-02-17,dev,0,0.415,0,1,False,0,0,0.0,,,,
a94e3bc7e2bf,apps:21391/18,2023-08-31,2024-02-17,dev,0,0.065,0,1,False,0,0,0.0,,,,
acdaf72cea98,apps:32891/22,2023-08-31,2024-02-23,dev,0,0.415,0,1,False,0,0,0.0,,,,
acdaf72cea98,apps:44328/18,2023-08-31,2024-02-23,dev,0,0.065,0,1,False,0,0,0.0,,,,
acdaf72cea98,apps:50568/11,2023-08-31,2024-02-23,dev,0,0.065,0,1,False,0,0,0.0,,,,
acdaf72cea98,apps:40990/18,2023-08-31,2024-02-23,dev,0,0.065,0,1,False,0,0,0.0,,,,
acdaf72cea98,apps:19071/18,2023-08-31,2024-02-23,dev,0,0.065,0,1,False,0,0,0.0,,,,
acdaf72cea98,apps:57180/16,2023-08-31,2024-02-23,dev,0,0.415,0,1,False,0,0,0.0,,,,
acdaf72cea98,apps:23972/22,2023-08-31,2024-02-23,dev,0,0.065,0,1,False,0,0,0.0,,,,
acdaf72cea98,apps:28227/18,2023-08-31,2024-02-23,dev,0,0.415,0,1,False,0,0,0.0,,,,
acdaf72cea98,apps:37706/17,2023-08-31,2024-02-23,dev,0,0.195,0,1,False,0,0,0.0,,,,
acdaf72cea98,apps:2371/11,2023-08-31,2024-02-23,dev,0,0.065,0,1,False,0,0,0.0,,,,
acdaf72cea98,apps:47196/21,2023-08-31,2024-02-23,dev,0,0.195,0,1,False,0,0,0.0,,,,
acdaf72cea98,apps:51424/08,2023-08-31,2024-02-23,dev,0,0.065,0,1,False,0,0,0.0,,,,
acdaf72cea98,apps:70583/17,2023-08-31,2024-02-23,dev,0,0.545,1,0,False,0,0,0.0,,,,
acdaf72cea98,apps:56669/18,2023-08-31,2024-02-23,dev,0,0.065,0,1,False,0,0,0.0,,,,
acdaf72cea98,apps:71304/16,2023-08-31,2024-02-23,dev,0,0.065,0,1,False,0,0,0.0,,,,
acdaf72cea98,apps:57752/21,2023-08-31,2024-02-23,dev,0,0.065,0,1,False,0,0,0.0,,,,
acdaf72cea98,apps:36257/21,2023-08-31,2024-02-23,dev,0,0.065,0,1,False,0,0,0.0,,,,
acdaf72cea98,apps:49670/16,2023-08-31,2024-02-23,dev,0,0.415,0,1,False,0,0,0.0,,,,
acdaf72cea98,apps:41253/19,2023-08-31,2024-02-23,dev,0,0.065,0,1,False,0,0,0.0,,,,
acdaf72cea98,apps:38609/15,2023-08-31,2024-02-23,dev,0,0.415,0,1,False,0,0,0.0,,,,
acdaf72cea98,apps:50622/21,2023-08-31,2024-02-23,dev,0,0.065,0,1,False,0,0,0.0,,,,
acdaf72cea98,apps:19812/18,2023-08-31,2024-02-23,dev,0,0.065,0,1,False,0,0,0.0,,,,
acdaf72cea98,apps:30196/17,2023-08-31,2024-02-23,dev,0,0.065,0,1,False,0,0,0.0,,,,
acdaf72cea98,apps:38066/16,2023-08-31,2024-02-23,dev,0,0.415,0,1,False,0,0,0.0,,,,
acdaf72cea98,apps:49720/16,2023-08-31,2024-02-23,dev,0,0.415,0,1,False,0,0,0.0,,,,
acdaf72cea98,apps:10867/18,2023-08-31,2024-02-23,dev,0,0.415,0,1,False,0,0,0.0,,,,
acdaf72cea98,apps:36983/22,2023-08-31,2024-02-23,dev,0,0.065,0,1,False,0,0,0.0,,,,
acdaf72cea98,apps:76865/17,2023-08-31,2024-02-23,dev,0,0.065,0,1,False,0,0,0.0,,,,
acdaf72cea98,apps:27901/07,2023-08-31,2024-02-23,dev,0,0.065,0,1,False,0,0,0.0,,,,
acdaf72cea98,apps:21391/18,2023-08-31,2024-02-23,dev,0,0.065,0,1,False,0,0,0.0,,,,
b8a991ab1181,apps:32891/22,2023-08-31,2023-12-06,dev,0,0.065,0,1,False,0,0,0.0,,,,
b8a991ab1181,apps:44328/18,2023-08-31,2023-12-06,dev,0,0.065,0,1,False,0,0,0.0,,,,
b8a991ab1181,apps:50568/11,2023-08-31,2023-12-06,dev,0,0.065,0,1,False,0,0,0.0,,,,
b8a991ab1181,apps:40990/18,2023-08-31,2023-12-06,dev,0,0.065,0,1,False,0,0,0.0,,,,
b8a991ab1181,apps:19071/18,2023-08-31,2023-12-06,dev,0,0.065,0,1,False,0,0,0.0,,,,
b8a991ab1181,apps:57180/16,2023-08-31,2023-12-06,dev,0,0.065,0,1,False,0,0,0.0,,,,
b8a991ab1181,apps:23972/22,2023-08-31,2023-12-06,dev,0,0.065,0,1,False,0,0,0.0,,,,
b8a991ab1181,apps:28227/18,2023-08-31,2023-12-06,dev,0,0.065,0,1,False,0,0,0.0,,,,
b8a991ab1181,apps:37706/17,2023-08-31,2023-12-06,dev,0,0.195,0,1,False,0,0,0.0,,,,
b8a991ab1181,apps:2371/11,2023-08-31,2023-12-06,dev,0,0.065,0,1,False,0,0,0.0,,,,
b8a991ab1181,apps:47196/21,2023-08-31,2023-12-06,dev,0,0.195,0,1,False,0,0,0.0,,,,
b8a991ab1181,apps:51424/08,2023-08-31,2023-12-06,dev,0,0.065,0,1,False,0,0,0.0,,,,
b8a991ab1181,apps:70583/17,2023-08-31,2023-12-06,dev,0,0.195,0,1,False,0,0,0.0,,,,
b8a991ab1181,apps:56669/18,2023-08-31,2023-12-06,dev,0,0.065,0,1,False,0,0,0.0,,,,
b8a991ab1181,apps:71304/16,2023-08-31,2023-12-06,dev,0,0.065,0,1,False,0,0,0.0,,,,
b8a991ab1181,apps:57752/21,2023-08-31,2023-12-06,dev,0,0.065,0,1,False,0,0,0.0,,,,
b8a991ab1181,apps:36257/21,2023-08-31,2023-12-06,dev,0,0.065,0,1,False,0,0,0.0,,,,
b8a991ab1181,apps:49670/16,2023-08-31,2023-12-06,dev,0,0.065,0,1,False,0,0,0.0,,,,
b8a991ab1181,apps:41253/19,2023-08-31,2023-12-06,dev,0,0.065,0,1,False,0,0,0.0,,,,
b8a991ab1181,apps:38609/15,2023-08-31,2023-12-06,dev,0,0.065,0,1,False,0,0,0.0,,,,
b8a991ab1181,apps:50622/21,2023-08-31,2023-12-06,dev,0,0.065,0,1,False,0,0,0.0,,,,
b8a991ab1181,apps:19812/18,2023-08-31,2023-12-06,dev,0,0.065,0,1,False,0,0,0.0,,,,
b8a991ab1181,apps:30196/17,2023-08-31,2023-12-06,dev,0,0.065,0,1,False,0,0,0.0,,,,
b8a991ab1181,apps:38066/16,2023-08-31,2023-12-06,dev,0,0.065,0,1,False,0,0,0.0,,,,
b8a991ab1181,apps:49720/16,2023-08-31,2023-12-06,dev,0,0.065,0,1,False,0,0,0.0,,,,
b8a991ab1181,apps:10867/18,2023-08-31,2023-12-06,dev,0,0.065,0,1,False,0,0,0.0,,,,
b8a991ab1181,apps:36983/22,2023-08-31,2023-12-06,dev,0,0.065,0,1,False,0,0,0.0,,,,
b8a991ab1181,apps:76865/17,2023-08-31,2023-12-06,dev,0,0.065,0,1,False,0,0,0.0,,,,
b8a991ab1181,apps:27901/07,2023-08-31,2023-12-06,dev,0,0.065,0,1,False,0,0,0.0,,,,
b8a991ab1181,apps:21391/18,2023-08-31,2023-12-06,dev,0,0.065,0,1,False,0,0,0.0,,,,
cfca8cb0bbc6,apps:32891/22,2023-08-31,2023-11-27,dev,0,0.065,0,1,False,0,0,0.0,,,,
cfca8cb0bbc6,apps:44328/18,2023-08-31,2023-11-27,dev,0,0.065,0,1,False,0,0,0.0,,,,
cfca8cb0bbc6,apps:50568/11,2023-08-31,2023-11-27,dev,0,0.065,0,1,False,0,0,0.0,,,,
cfca8cb0bbc6,apps:40990/18,2023-08-31,2023-11-27,dev,0,0.065,0,1,False,0,0,0.0,,,,
cfca8cb0bbc6,apps:19071/18,2023-08-31,2023-11-27,dev,0,0.065,0,1,False,0,0,0.0,,,,
cfca8cb0bbc6,apps:57180/16,2023-08-31,2023-11-27,dev,0,0.065,0,1,False,0,0,0.0,,,,
cfca8cb0bbc6,apps:23972/22,2023-08-31,2023-11-27,dev,0,0.065,0,1,False,0,0,0.0,,,,
cfca8cb0bbc6,apps:28227/18,2023-08-31,2023-11-27,dev,0,0.065,0,1,False,0,0,0.0,,,,
cfca8cb0bbc6,apps:37706/17,2023-08-31,2023-11-27,dev,0,0.195,0,1,False,0,0,0.0,,,,
cfca8cb0bbc6,apps:2371/11,2023-08-31,2023-11-27,dev,0,0.065,0,1,False,0,0,0.0,,,,
cfca8cb0bbc6,apps:47196/21,2023-08-31,2023-11-27,dev,0,0.195,0,1,False,0,0,0.0,,,,
cfca8cb0bbc6,apps:51424/08,2023-08-31,2023-11-27,dev,0,0.065,0,1,False,0,0,0.0,,,,
cfca8cb0bbc6,apps:56669/18,2023-08-31,2023-11-27,dev,0,0.065,0,1,False,0,0,0.0,,,,
cfca8cb0bbc6,apps:71304/16,2023-08-31,2023-11-27,dev,0,0.065,0,1,False,0,0,0.0,,,,
cfca8cb0bbc6,apps:57752/21,2023-08-31,2023-11-27,dev,0,0.065,0,1,False,0,0,0.0,,,,
cfca8cb0bbc6,apps:36257/21,2023-08-31,2023-11-27,dev,0,0.065,0,1,False,0,0,0.0,,,,
cfca8cb0bbc6,apps:49670/16,2023-08-31,2023-11-27,dev,0,0.065,0,1,False,0,0,0.0,,,,
cfca8cb0bbc6,apps:41253/19,2023-08-31,2023-11-27,dev,0,0.065,0,1,False,0,0,0.0,,,,
cfca8cb0bbc6,apps:38609/15,2023-08-31,2023-11-27,dev,0,0.065,0,1,False,0,0,0.0,,,,
cfca8cb0bbc6,apps:50622/21,2023-08-31,2023-11-27,dev,0,0.065,0,1,False,0,0,0.0,,,,
cfca8cb0bbc6,apps:19812/18,2023-08-31,2023-11-27,dev,0,0.065,0,1,False,0,0,0.0,,,,
cfca8cb0bbc6,apps:30196/17,2023-08-31,2023-11-27,dev,0,0.065,0,1,False,0,0,0.0,,,,
cfca8cb0bbc6,apps:38066/16,2023-08-31,2023-11-27,dev,0,0.065,0,1,False,0,0,0.0,,,,
cfca8cb0bbc6,apps:49720/16,2023-08-31,2023-11-27,dev,0,0.065,0,1,False,0,0,0.0,,,,
cfca8cb0bbc6,apps:10867/18,2023-08-31,2023-11-27,dev,0,0.065,0,1,False,0,0,0.0,,,,
cfca8cb0bbc6,apps:36983/22,2023-08-31,2023-11-27,dev,0,0.065,0,1,False,0,0,0.0,,,,
cfca8cb0bbc6,apps:76865/17,2023-08-31,2023-11-27,dev,0,0.065,0,1,False,0,0,0.0,,,,
cfca8cb0bbc6,apps:27901/07,2023-08-31,2023-11-27,dev,0,0.065,0,1,False,0,0,0.0,,,,
cfca8cb0bbc6,apps:21391/18,2023-08-31,2023-11-27,dev,0,0.065,0,1,False,0,0,0.0,,,,
cfca8cb0bbc6,apps:64330/16,2023-08-31,2023-11-27,dev,0,0.065,0,1,False,0,0,0.0,,,,
d5256ad78e38,apps:32891/22,2023-08-31,2024-03-31,dev,0,0.065,0,1,False,0,0,0.0,,,,
d5256ad78e38,apps:44328/18,2023-08-31,2024-03-31,dev,0,0.065,0,1,False,0,0,0.0,,,,
d5256ad78e38,apps:50568/11,2023-08-31,2024-03-31,dev,0,0.065,0,1,False,0,0,0.0,,,,
d5256ad78e38,apps:40990/18,2023-08-31,2024-03-31,dev,0,0.065,0,1,False,0,0,0.0,,,,
d5256ad78e38,apps:19071/18,2023-08-31,2024-03-31,dev,0,0.065,0,1,False,0,0,0.0,,,,
d5256ad78e38,apps:57180/16,2023-08-31,2024-03-31,dev,0,0.065,0,1,False,0,0,0.0,,,,
d5256ad78e38,apps:23972/22,2023-08-31,2024-03-31,dev,0,0.065,0,1,False,0,0,0.0,,,,
d5256ad78e38,apps:28227/18,2023-08-31,2024-03-31,dev,0,0.065,0,1,False,0,0,0.0,,,,
d5256ad78e38,apps:37706/17,2023-08-31,2024-03-31,dev,0,0.195,0,1,False,0,0,0.0,,,,
d5256ad78e38,apps:2371/11,2023-08-31,2024-03-31,dev,0,0.065,0,1,False,0,0,0.0,,,,
d5256ad78e38,apps:47196/21,2023-08-31,2024-03-31,dev,0,0.195,0,1,False,0,0,0.0,,,,
d5256ad78e38,apps:51424/08,2023-08-31,2024-03-31,dev,0,0.065,0,1,False,0,0,0.0,,,,
d5256ad78e38,apps:70583/17,2023-08-31,2024-03-31,dev,0,0.195,0,1,False,0,0,0.0,,,,
d5256ad78e38,apps:56669/18,2023-08-31,2024-03-31,dev,0,0.065,0,1,False,0,0,0.0,,,,
d5256ad78e38,apps:71304/16,2023-08-31,2024-03-31,dev,0,0.065,0,1,False,0,0,0.0,,,,
d5256ad78e38,apps:57752/21,2023-08-31,2024-03-31,dev,0,0.065,0,1,False,0,0,0.0,,,,
d5256ad78e38,apps:36257/21,2023-08-31,2024-03-31,dev,0,0.065,0,1,False,0,0,0.0,,,,
d5256ad78e38,apps:49670/16,2023-08-31,2024-03-31,dev,0,0.065,0,1,False,0,0,0.0,,,,
d5256ad78e38,apps:41253/19,2023-08-31,2024-03-31,dev,0,0.065,0,1,False,0,0,0.0,,,,
d5256ad78e38,apps:38609/15,2023-08-31,2024-03-31,dev,0,0.065,0,1,False,0,0,0.0,,,,
d5256ad78e38,apps:50622/21,2023-08-31,2024-03-31,dev,0,0.065,0,1,False,0,0,0.0,,,,
d5256ad78e38,apps:19812/18,2023-08-31,2024-03-31,dev,0,0.065,0,1,False,0,0,0.0,,,,
d5256ad78e38,apps:30196/17,2023-08-31,2024-03-31,dev,0,0.065,0,1,False,0,0,0.0,,,,
d5256ad78e38,apps:38066/16,2023-08-31,2024-03-31,dev,0,0.065,0,1,False,0,0,0.0,,,,
d5256ad78e38,apps:49720/16,2023-08-31,2024-03-31,dev,0,0.065,0,1,False,0,0,0.0,,,,
d5256ad78e38,apps:10867/18,2023-08-31,2024-03-31,dev,0,0.065,0,1,False,0,0,0.0,,,,
d5256ad78e38,apps:36983/22,2023-08-31,2024-03-31,dev,0,0.065,0,1,False,0,0,0.0,,,,
d5256ad78e38,apps:76865/17,2023-08-31,2024-03-31,dev,0,0.065,0,1,False,0,0,0.0,,,,
d5256ad78e38,apps:27901/07,2023-08-31,2024-03-31,dev,0,0.065,0,1,False,0,0,0.0,,,,
d5256ad78e38,apps:21391/18,2023-08-31,2024-03-31,dev,0,0.065,0,1,False,0,0,0.0,,,,
dbfbd08a4477,apps:32891/22,2023-08-31,2024-02-17,dev,0,0.065,0,1,False,0,0,0.0,,,,
dbfbd08a4477,apps:44328/18,2023-08-31,2024-02-17,dev,0,0.065,0,1,False,0,0,0.0,,,,
dbfbd08a4477,apps:50568/11,2023-08-31,2024-02-17,dev,0,0.065,0,1,False,0,0,0.0,,,,
dbfbd08a4477,apps:40990/18,2023-08-31,2024-02-17,dev,0,0.065,0,1,False,0,0,0.0,,,,
dbfbd08a4477,apps:19071/18,2023-08-31,2024-02-17,dev,0,0.065,0,1,False,0,0,0.0,,,,
dbfbd08a4477,apps:57180/16,2023-08-31,2024-02-17,dev,0,0.065,0,1,False,0,0,0.0,,,,
dbfbd08a4477,apps:23972/22,2023-08-31,2024-02-17,dev,0,0.065,0,1,False,0,0,0.0,,,,
dbfbd08a4477,apps:28227/18,2023-08-31,2024-02-17,dev,0,0.065,0,1,False,0,0,0.0,,,,
dbfbd08a4477,apps:37706/17,2023-08-31,2024-02-17,dev,0,0.195,0,1,False,0,0,0.0,,,,
dbfbd08a4477,apps:2371/11,2023-08-31,2024-02-17,dev,0,0.065,0,1,False,0,0,0.0,,,,
dbfbd08a4477,apps:47196/21,2023-08-31,2024-02-17,dev,0,0.195,0,1,False,0,0,0.0,,,,
dbfbd08a4477,apps:51424/08,2023-08-31,2024-02-17,dev,0,0.065,0,1,False,0,0,0.0,,,,
dbfbd08a4477,apps:70583/17,2023-08-31,2024-02-17,dev,0,0.195,0,1,False,0,0,0.0,,,,
dbfbd08a4477,apps:56669/18,2023-08-31,2024-02-17,dev,0,0.065,0,1,False,0,0,0.0,,,,
dbfbd08a4477,apps:71304/16,2023-08-31,2024-02-17,dev,0,0.065,0,1,False,0,0,0.0,,,,
dbfbd08a4477,apps:57752/21,2023-08-31,2024-02-17,dev,0,0.065,0,1,False,0,0,0.0,,,,
dbfbd08a4477,apps:36257/21,2023-08-31,2024-02-17,dev,0,0.065,0,1,False,0,0,0.0,,,,
dbfbd08a4477,apps:49670/16,2023-08-31,2024-02-17,dev,0,0.065,0,1,False,0,0,0.0,,,,
dbfbd08a4477,apps:41253/19,2023-08-31,2024-02-17,dev,0,0.065,0,1,False,0,0,0.0,,,,
dbfbd08a4477,apps:38609/15,2023-08-31,2024-02-17,dev,0,0.065,0,1,False,0,0,0.0,,,,
dbfbd08a4477,apps:50622/21,2023-08-31,2024-02-17,dev,0,0.065,0,1,False,0,0,0.0,,,,
dbfbd08a4477,apps:19812/18,2023-08-31,2024-02-17,dev,0,0.065,0,1,False,0,0,0.0,,,,
dbfbd08a4477,apps:30196/17,2023-08-31,2024-02-17,dev,0,0.065,0,1,False,0,0,0.0,,,,
dbfbd08a4477,apps:38066/16,2023-08-31,2024-02-17,dev,0,0.065,0,1,False,0,0,0.0,,,,
dbfbd08a4477,apps:49720/16,2023-08-31,2024-02-17,dev,0,0.065,0,1,False,0,0,0.0,,,,
dbfbd08a4477,apps:10867/18,2023-08-31,2024-02-17,dev,0,0.065,0,1,False,0,0,0.0,,,,
dbfbd08a4477,apps:36983/22,2023-08-31,2024-02-17,dev,0,0.065,0,1,False,0,0,0.0,,,,
dbfbd08a4477,apps:76865/17,2023-08-31,2024-02-17,dev,0,0.065,0,1,False,0,0,0.0,,,,
dbfbd08a4477,apps:27901/07,2023-08-31,2024-02-17,dev,0,0.065,0,1,False,0,0,0.0,,,,
dbfbd08a4477,apps:21391/18,2023-08-31,2024-02-17,dev,0,0.065,0,1,False,0,0,0.0,,,,
e12c697e461c,apps:32891/22,2023-08-31,2024-03-30,dev,0,0.065,0,1,False,0,0,0.0,,,,
e12c697e461c,apps:44328/18,2023-08-31,2024-03-30,dev,0,0.065,0,1,False,0,0,0.0,,,,
e12c697e461c,apps:50568/11,2023-08-31,2024-03-30,dev,0,0.065,0,1,False,0,0,0.0,,,,
e12c697e461c,apps:40990/18,2023-08-31,2024-03-30,dev,0,0.065,0,1,False,0,0,0.0,,,,
e12c697e461c,apps:19071/18,2023-08-31,2024-03-30,dev,0,0.065,0,1,False,0,0,0.0,,,,
e12c697e461c,apps:57180/16,2023-08-31,2024-03-30,dev,0,0.065,0,1,False,0,0,0.0,,,,
e12c697e461c,apps:23972/22,2023-08-31,2024-03-30,dev,0,0.065,0,1,False,0,0,0.0,,,,
e12c697e461c,apps:28227/18,2023-08-31,2024-03-30,dev,0,0.065,0,1,False,0,0,0.0,,,,
e12c697e461c,apps:37706/17,2023-08-31,2024-03-30,dev,0,0.195,0,1,False,0,0,0.0,,,,
e12c697e461c,apps:2371/11,2023-08-31,2024-03-30,dev,0,0.065,0,1,False,0,0,0.0,,,,
e12c697e461c,apps:47196/21,2023-08-31,2024-03-30,dev,0,0.195,0,1,False,0,0,0.0,,,,
e12c697e461c,apps:51424/08,2023-08-31,2024-03-30,dev,0,0.065,0,1,False,0,0,0.0,,,,
e12c697e461c,apps:70583/17,2023-08-31,2024-03-30,dev,0,0.195,0,1,False,0,0,0.0,,,,
e12c697e461c,apps:56669/18,2023-08-31,2024-03-30,dev,0,0.065,0,1,False,0,0,0.0,,,,
e12c697e461c,apps:71304/16,2023-08-31,2024-03-30,dev,0,0.065,0,1,False,0,0,0.0,,,,
e12c697e461c,apps:57752/21,2023-08-31,2024-03-30,dev,0,0.065,0,1,False,0,0,0.0,,,,
e12c697e461c,apps:36257/21,2023-08-31,2024-03-30,dev,0,0.065,0,1,False,0,0,0.0,,,,
e12c697e461c,apps:49670/16,2023-08-31,2024-03-30,dev,0,0.065,0,1,False,0,0,0.0,,,,
e12c697e461c,apps:41253/19,2023-08-31,2024-03-30,dev,0,0.065,0,1,False,0,0,0.0,,,,
e12c697e461c,apps:38609/15,2023-08-31,2024-03-30,dev,0,0.065,0,1,False,0,0,0.0,,,,
e12c697e461c,apps:50622/21,2023-08-31,2024-03-30,dev,0,0.065,0,1,False,0,0,0.0,,,,
e12c697e461c,apps:19812/18,2023-08-31,2024-03-30,dev,0,0.065,0,1,False,0,0,0.0,,,,
e12c697e461c,apps:30196/17,2023-08-31,2024-03-30,dev,0,0.065,0,1,False,0,0,0.0,,,,
e12c697e461c,apps:38066/16,2023-08-31,2024-03-30,dev,0,0.065,0,1,False,0,0,0.0,,,,
e12c697e461c,apps:49720/16,2023-08-31,2024-03-30,dev,0,0.065,0,1,False,0,0,0.0,,,,
e12c697e461c,apps:10867/18,2023-08-31,2024-03-30,dev,0,0.065,0,1,False,0,0,0.0,,,,
e12c697e461c,apps:36983/22,2023-08-31,2024-03-30,dev,0,0.065,0,1,False,0,0,0.0,,,,
e12c697e461c,apps:76865/17,2023-08-31,2024-03-30,dev,0,0.065,0,1,False,0,0,0.0,,,,
e12c697e461c,apps:27901/07,2023-08-31,2024-03-30,dev,0,0.065,0,1,False,0,0,0.0,,,,
e12c697e461c,apps:21391/18,2023-08-31,2024-03-30,dev,0,0.065,0,1,False,0,0,0.0,,,,
e19a063de5b3,apps:32891/22,2023-08-31,2024-03-31,dev,0,0.065,0,1,False,0,0,0.0,,,,
e19a063de5b3,apps:44328/18,2023-08-31,2024-03-31,dev,0,0.065,0,1,False,0,0,0.0,,,,
e19a063de5b3,apps:50568/11,2023-08-31,2024-03-31,dev,0,0.065,0,1,False,0,0,0.0,,,,
e19a063de5b3,apps:40990/18,2023-08-31,2024-03-31,dev,0,0.065,0,1,False,0,0,0.0,,,,
e19a063de5b3,apps:19071/18,2023-08-31,2024-03-31,dev,0,0.065,0,1,False,0,0,0.0,,,,
e19a063de5b3,apps:57180/16,2023-08-31,2024-03-31,dev,0,0.065,0,1,False,0,0,0.0,,,,
e19a063de5b3,apps:23972/22,2023-08-31,2024-03-31,dev,0,0.065,0,1,False,0,0,0.0,,,,
e19a063de5b3,apps:28227/18,2023-08-31,2024-03-31,dev,0,0.065,0,1,False,0,0,0.0,,,,
e19a063de5b3,apps:37706/17,2023-08-31,2024-03-31,dev,0,0.195,0,1,False,0,0,0.0,,,,
e19a063de5b3,apps:2371/11,2023-08-31,2024-03-31,dev,0,0.065,0,1,False,0,0,0.0,,,,
e19a063de5b3,apps:47196/21,2023-08-31,2024-03-31,dev,0,0.195,0,1,False,0,0,0.0,,,,
e19a063de5b3,apps:51424/08,2023-08-31,2024-03-31,dev,0,0.065,0,1,False,0,0,0.0,,,,
e19a063de5b3,apps:56669/18,2023-08-31,2024-03-31,dev,0,0.065,0,1,False,0,0,0.0,,,,
e19a063de5b3,apps:71304/16,2023-08-31,2024-03-31,dev,0,0.065,0,1,False,0,0,0.0,,,,
e19a063de5b3,apps:57752/21,2023-08-31,2024-03-31,dev,0,0.065,0,1,False,0,0,0.0,,,,
e19a063de5b3,apps:36257/21,2023-08-31,2024-03-31,dev,0,0.065,0,1,False,0,0,0.0,,,,
e19a063de5b3,apps:49670/16,2023-08-31,2024-03-31,dev,0,0.065,0,1,False,0,0,0.0,,,,
e19a063de5b3,apps:41253/19,2023-08-31,2024-03-31,dev,0,0.065,0,1,False,0,0,0.0,,,,
e19a063de5b3,apps:38609/15,2023-08-31,2024-03-31,dev,0,0.065,0,1,False,0,0,0.0,,,,
e19a063de5b3,apps:50622/21,2023-08-31,2024-03-31,dev,0,0.065,0,1,False,0,0,0.0,,,,
e19a063de5b3,apps:19812/18,2023-08-31,2024-03-31,dev,0,0.065,0,1,False,0,0,0.0,,,,
e19a063de5b3,apps:30196/17,2023-08-31,2024-03-31,dev,0,0.065,0,1,False,0,0,0.0,,,,
e19a063de5b3,apps:38066/16,2023-08-31,2024-03-31,dev,0,0.065,0,1,False,0,0,0.0,,,,
e19a063de5b3,apps:49720/16,2023-08-31,2024-03-31,dev,0,0.065,0,1,False,0,0,0.0,,,,
e19a063de5b3,apps:10867/18,2023-08-31,2024-03-31,dev,0,0.065,0,1,False,0,0,0.0,,,,
e19a063de5b3,apps:36983/22,2023-08-31,2024-03-31,dev,0,0.065,0,1,False,0,0,0.0,,,,
e19a063de5b3,apps:76865/17,2023-08-31,2024-03-31,dev,0,0.065,0,1,False,0,0,0.0,,,,
e19a063de5b3,apps:27901/07,2023-08-31,2024-03-31,dev,0,0.065,0,1,False,0,0,0.0,,,,
e19a063de5b3,apps:21391/18,2023-08-31,2024-03-31,dev,0,0.065,0,1,False,0,0,0.0,,,,
e19a063de5b3,apps:64330/16,2023-08-31,2024-03-31,dev,0,0.065,0,1,False,0,0,0.0,,,,
e751e8063f8b,apps:32891/22,2023-08-31,2024-04-09,dev,0,0.065,0,1,False,0,0,0.0,,,,
e751e8063f8b,apps:44328/18,2023-08-31,2024-04-09,dev,0,0.065,0,1,False,0,0,0.0,,,,
e751e8063f8b,apps:50568/11,2023-08-31,2024-04-09,dev,0,0.065,0,1,False,0,0,0.0,,,,
e751e8063f8b,apps:40990/18,2023-08-31,2024-04-09,dev,0,0.065,0,1,False,0,0,0.0,,,,
e751e8063f8b,apps:19071/18,2023-08-31,2024-04-09,dev,0,0.065,0,1,False,0,0,0.0,,,,
e751e8063f8b,apps:57180/16,2023-08-31,2024-04-09,dev,0,0.065,0,1,False,0,0,0.0,,,,
e751e8063f8b,apps:23972/22,2023-08-31,2024-04-09,dev,0,0.065,0,1,False,0,0,0.0,,,,
e751e8063f8b,apps:28227/18,2023-08-31,2024-04-09,dev,0,0.065,0,1,False,0,0,0.0,,,,
e751e8063f8b,apps:37706/17,2023-08-31,2024-04-09,dev,0,0.195,0,1,False,0,0,0.0,,,,
e751e8063f8b,apps:2371/11,2023-08-31,2024-04-09,dev,0,0.065,0,1,False,0,0,0.0,,,,
e751e8063f8b,apps:47196/21,2023-08-31,2024-04-09,dev,0,0.195,0,1,False,0,0,0.0,,,,
e751e8063f8b,apps:51424/08,2023-08-31,2024-04-09,dev,0,0.065,0,1,False,0,0,0.0,,,,
e751e8063f8b,apps:70583/17,2023-08-31,2024-04-09,dev,0,0.195,0,1,False,0,0,0.0,,,,
e751e8063f8b,apps:56669/18,2023-08-31,2024-04-09,dev,0,0.065,0,1,False,0,0,0.0,,,,
e751e8063f8b,apps:71304/16,2023-08-31,2024-04-09,dev,0,0.065,0,1,False,0,0,0.0,,,,
e751e8063f8b,apps:57752/21,2023-08-31,2024-04-09,dev,0,0.065,0,1,False,0,0,0.0,,,,
e751e8063f8b,apps:36257/21,2023-08-31,2024-04-09,dev,0,0.065,0,1,False,0,0,0.0,,,,
e751e8063f8b,apps:49670/16,2023-08-31,2024-04-09,dev,0,0.065,0,1,False,0,0,0.0,,,,
e751e8063f8b,apps:41253/19,2023-08-31,2024-04-09,dev,0,0.065,0,1,False,0,0,0.0,,,,
e751e8063f8b,apps:38609/15,2023-08-31,2024-04-09,dev,0,0.065,0,1,False,0,0,0.0,,,,
e751e8063f8b,apps:50622/21,2023-08-31,2024-04-09,dev,0,0.065,0,1,False,0,0,0.0,,,,
e751e8063f8b,apps:19812/18,2023-08-31,2024-04-09,dev,0,0.065,0,1,False,0,0,0.0,,,,
e751e8063f8b,apps:30196/17,2023-08-31,2024-04-09,dev,0,0.065,0,1,False,0,0,0.0,,,,
e751e8063f8b,apps:38066/16,2023-08-31,2024-04-09,dev,0,0.065,0,1,False,0,0,0.0,,,,
e751e8063f8b,apps:49720/16,2023-08-31,2024-04-09,dev,0,0.065,0,1,False,0,0,0.0,,,,
e751e8063f8b,apps:10867/18,2023-08-31,2024-04-09,dev,0,0.065,0,1,False,0,0,0.0,,,,
e751e8063f8b,apps:36983/22,2023-08-31,2024-04-09,dev,0,0.065,0,1,False,0,0,0.0,,,,
e751e8063f8b,apps:76865/17,2023-08-31,2024-04-09,dev,0,0.065,0,1,False,0,0,0.0,,,,
e751e8063f8b,apps:27901/07,2023-08-31,2024-04-09,dev,0,0.065,0,1,False,0,0,0.0,,,,
e751e8063f8b,apps:21391/18,2023-08-31,2024-04-09,dev,0,0.065,0,1,False,0,0,0.0,,,,
ed0ed05ac958,apps:32891/22,2023-08-31,2024-02-16,dev,0,0.065,0,1,False,0,0,0.0,,,,
ed0ed05ac958,apps:44328/18,2023-08-31,2024-02-16,dev,0,0.065,0,1,False,0,0,0.0,,,,
ed0ed05ac958,apps:50568/11,2023-08-31,2024-02-16,dev,0,0.065,0,1,False,0,0,0.0,,,,
ed0ed05ac958,apps:40990/18,2023-08-31,2024-02-16,dev,0,0.065,0,1,False,0,0,0.0,,,,
ed0ed05ac958,apps:19071/18,2023-08-31,2024-02-16,dev,0,0.065,0,1,False,0,0,0.0,,,,
ed0ed05ac958,apps:57180/16,2023-08-31,2024-02-16,dev,0,0.065,0,1,False,0,0,0.0,,,,
ed0ed05ac958,apps:23972/22,2023-08-31,2024-02-16,dev,0,0.065,0,1,False,0,0,0.0,,,,
ed0ed05ac958,apps:28227/18,2023-08-31,2024-02-16,dev,0,0.065,0,1,False,0,0,0.0,,,,
ed0ed05ac958,apps:37706/17,2023-08-31,2024-02-16,dev,0,0.195,0,1,False,0,0,0.0,,,,
ed0ed05ac958,apps:2371/11,2023-08-31,2024-02-16,dev,0,0.065,0,1,False,0,0,0.0,,,,
ed0ed05ac958,apps:47196/21,2023-08-31,2024-02-16,dev,0,0.195,0,1,False,0,0,0.0,,,,
ed0ed05ac958,apps:51424/08,2023-08-31,2024-02-16,dev,0,0.065,0,1,False,0,0,0.0,,,,
ed0ed05ac958,apps:70583/17,2023-08-31,2024-02-16,dev,0,0.195,0,1,False,0,0,0.0,,,,
ed0ed05ac958,apps:56669/18,2023-08-31,2024-02-16,dev,0,0.065,0,1,False,0,0,0.0,,,,
ed0ed05ac958,apps:71304/16,2023-08-31,2024-02-16,dev,0,0.065,0,1,False,0,0,0.0,,,,
ed0ed05ac958,apps:57752/21,2023-08-31,2024-02-16,dev,0,0.065,0,1,False,0,0,0.0,,,,
ed0ed05ac958,apps:36257/21,2023-08-31,2024-02-16,dev,0,0.065,0,1,False,0,0,0.0,,,,
ed0ed05ac958,apps:49670/16,2023-08-31,2024-02-16,dev,0,0.065,0,1,False,0,0,0.0,,,,
ed0ed05ac958,apps:41253/19,2023-08-31,2024-02-16,dev,0,0.065,0,1,False,0,0,0.0,,,,
ed0ed05ac958,apps:38609/15,2023-08-31,2024-02-16,dev,0,0.065,0,1,False,0,0,0.0,,,,
ed0ed05ac958,apps:50622/21,2023-08-31,2024-02-16,dev,0,0.065,0,1,False,0,0,0.0,,,,
ed0ed05ac958,apps:19812/18,2023-08-31,2024-02-16,dev,0,0.065,0,1,False,0,0,0.0,,,,
ed0ed05ac958,apps:30196/17,2023-08-31,2024-02-16,dev,0,0.065,0,1,False,0,0,0.0,,,,
ed0ed05ac958,apps:38066/16,2023-08-31,2024-02-16,dev,0,0.065,0,1,False,0,0,0.0,,,,
ed0ed05ac958,apps:49720/16,2023-08-31,2024-02-16,dev,0,0.065,0,1,False,0,0,0.0,,,,
ed0ed05ac958,apps:10867/18,2023-08-31,2024-02-16,dev,0,0.065,0,1,False,0,0,0.0,,,,
ed0ed05ac958,apps:36983/22,2023-08-31,2024-02-16,dev,0,0.065,0,1,False,0,0,0.0,,,,
ed0ed05ac958,apps:76865/17,2023-08-31,2024-02-16,dev,0,0.065,0,1,False,0,0,0.0,,,,
ed0ed05ac958,apps:27901/07,2023-08-31,2024-02-16,dev,0,0.065,0,1,False,0,0,0.0,,,,
ed0ed05ac958,apps:21391/18,2023-08-31,2024-02-16,dev,0,0.065,0,1,False,0,0,0.0,,,,
f1175c0d1e5c,apps:32891/22,2023-08-31,2023-12-06,dev,0,0.065,0,1,False,0,0,0.0,,,,
f1175c0d1e5c,apps:44328/18,2023-08-31,2023-12-06,dev,0,0.065,0,1,False,0,0,0.0,,,,
f1175c0d1e5c,apps:50568/11,2023-08-31,2023-12-06,dev,0,0.065,0,1,False,0,0,0.0,,,,
f1175c0d1e5c,apps:40990/18,2023-08-31,2023-12-06,dev,0,0.065,0,1,False,0,0,0.0,,,,
f1175c0d1e5c,apps:19071/18,2023-08-31,2023-12-06,dev,0,0.065,0,1,False,0,0,0.0,,,,
f1175c0d1e5c,apps:57180/16,2023-08-31,2023-12-06,dev,0,0.065,0,1,False,0,0,0.0,,,,
f1175c0d1e5c,apps:23972/22,2023-08-31,2023-12-06,dev,0,0.065,0,1,False,0,0,0.0,,,,
f1175c0d1e5c,apps:28227/18,2023-08-31,2023-12-06,dev,0,0.065,0,1,False,0,0,0.0,,,,
f1175c0d1e5c,apps:37706/17,2023-08-31,2023-12-06,dev,0,0.195,0,1,False,0,0,0.0,,,,
f1175c0d1e5c,apps:2371/11,2023-08-31,2023-12-06,dev,0,0.065,0,1,False,0,0,0.0,,,,
f1175c0d1e5c,apps:47196/21,2023-08-31,2023-12-06,dev,0,0.195,0,1,False,0,0,0.0,,,,
f1175c0d1e5c,apps:51424/08,2023-08-31,2023-12-06,dev,0,0.065,0,1,False,0,0,0.0,,,,
f1175c0d1e5c,apps:70583/17,2023-08-31,2023-12-06,dev,0,0.195,0,1,False,0,0,0.0,,,,
f1175c0d1e5c,apps:56669/18,2023-08-31,2023-12-06,dev,0,0.065,0,1,False,0,0,0.0,,,,
f1175c0d1e5c,apps:71304/16,2023-08-31,2023-12-06,dev,0,0.065,0,1,False,0,0,0.0,,,,
f1175c0d1e5c,apps:57752/21,2023-08-31,2023-12-06,dev,0,0.065,0,1,False,0,0,0.0,,,,
f1175c0d1e5c,apps:36257/21,2023-08-31,2023-12-06,dev,0,0.065,0,1,False,0,0,0.0,,,,
f1175c0d1e5c,apps:49670/16,2023-08-31,2023-12-06,dev,0,0.065,0,1,False,0,0,0.0,,,,
f1175c0d1e5c,apps:41253/19,2023-08-31,2023-12-06,dev,0,0.065,0,1,False,0,0,0.0,,,,
f1175c0d1e5c,apps:38609/15,2023-08-31,2023-12-06,dev,0,0.065,0,1,False,0,0,0.0,,,,
f1175c0d1e5c,apps:50622/21,2023-08-31,2023-12-06,dev,0,0.065,0,1,False,0,0,0.0,,,,
f1175c0d1e5c,apps:19812/18,2023-08-31,2023-12-06,dev,0,0.065,0,1,False,0,0,0.0,,,,
f1175c0d1e5c,apps:30196/17,2023-08-31,2023-12-06,dev,0,0.065,0,1,False,0,0,0.0,,,,
f1175c0d1e5c,apps:38066/16,2023-08-31,2023-12-06,dev,0,0.065,0,1,False,0,0,0.0,,,,
f1175c0d1e5c,apps:49720/16,2023-08-31,2023-12-06,dev,0,0.065,0,1,False,0,0,0.0,,,,
f1175c0d1e5c,apps:10867/18,2023-08-31,2023-12-06,dev,0,0.065,0,1,False,0,0,0.0,,,,
f1175c0d1e5c,apps:36983/22,2023-08-31,2023-12-06,dev,0,0.065,0,1,False,0,0,0.0,,,,
f1175c0d1e5c,apps:76865/17,2023-08-31,2023-12-06,dev,0,0.065,0,1,False,0,0,0.0,,,,
f1175c0d1e5c,apps:27901/07,2023-08-31,2023-12-06,dev,0,0.065,0,1,False,0,0,0.0,,,,
f1175c0d1e5c,apps:21391/18,2023-08-31,2023-12-06,dev,0,0.065,0,1,False,0,0,0.0,,,,
0bd62693ae9f,apps:45205/22,2024-02-29,2024-08-07,dev,0,0.065,0,1,False,0,0,0.0,,,,
0bd62693ae9f,apps:7827/23,2024-02-29,2024-08-07,dev,0,0.065,0,1,False,0,0,0.0,,,,
0bd62693ae9f,apps:13072/23,2024-02-29,2024-08-07,dev,0,0.065,0,1,False,0,0,0.0,,,,
0bd62693ae9f,apps:20256/20,2024-02-29,2024-08-07,dev,0,0.195,0,1,False,0,0,0.0,,,,
0bd62693ae9f,apps:45987/21,2024-02-29,2024-08-07,dev,0,0.065,0,1,False,0,0,0.0,,,,
0bd62693ae9f,apps:9166/14,2024-02-29,2024-08-07,dev,0,0.065,0,1,False,0,0,0.0,,,,
0bd62693ae9f,apps:25870/21,2024-02-29,2024-08-07,dev,0,0.065,0,1,False,0,0,0.0,,,,
0bd62693ae9f,apps:54470/21,2024-02-29,2024-08-07,dev,0,0.065,0,1,False,0,0,0.0,,,,
0bd62693ae9f,apps:16974/14,2024-02-29,2024-08-07,dev,0,0.195,0,1,False,0,0,0.0,,,,
0bd62693ae9f,apps:35012/19,2024-02-29,2024-08-07,dev,0,0.065,0,1,False,0,0,0.0,,,,
0bd62693ae9f,apps:10940/17,2024-02-29,2024-08-07,dev,0,0.195,0,1,False,0,0,0.0,,,,
0bd62693ae9f,apps:47048/21,2024-02-29,2024-08-07,dev,0,0.065,0,1,False,0,0,0.0,,,,
0bd62693ae9f,apps:31516/22,2024-02-29,2024-08-07,dev,0,0.065,0,1,False,0,0,0.0,,,,
0bd62693ae9f,apps:46570/18,2024-02-29,2024-08-07,dev,0,0.065,0,1,False,0,0,0.0,,,,
0bd62693ae9f,apps:26096/16,2024-02-29,2024-08-07,dev,0,0.065,0,1,False,0,0,0.0,,,,
0bd62693ae9f,apps:53209/17,2024-02-29,2024-08-07,dev,0,0.065,0,1,False,0,0,0.0,,,,
0bd62693ae9f,apps:9429/23,2024-02-29,2024-08-07,dev,0,0.065,0,1,False,0,0,0.0,,,,
0bd62693ae9f,apps:41877/21,2024-02-29,2024-08-07,dev,0,0.065,0,1,False,0,0,0.0,,,,
0bd62693ae9f,apps:57580/21,2024-02-29,2024-08-07,dev,0,0.065,0,1,False,0,0,0.0,,,,
0bd62693ae9f,apps:31018/09,2024-02-29,2024-08-07,dev,0,0.065,0,1,False,0,0,0.0,,,,
0bd62693ae9f,apps:62444/10,2024-02-29,2024-08-07,dev,0,0.065,0,1,False,0,0,0.0,,,,
0bd62693ae9f,apps:48029/21,2024-02-29,2024-08-07,dev,0,0.065,0,1,False,0,0,0.0,,,,
0bd62693ae9f,apps:18371/17,2024-02-29,2024-08-07,dev,0,0.065,0,1,False,0,0,0.0,,,,
0bd62693ae9f,apps:47784/18,2024-02-29,2024-08-07,dev,0,0.065,0,1,False,0,0,0.0,,,,
0bd62693ae9f,apps:19657/18,2024-02-29,2024-08-07,dev,0,0.065,0,1,False,0,0,0.0,,,,
0bd62693ae9f,apps:56716/16,2024-02-29,2024-08-07,dev,0,0.065,0,1,False,0,0,0.0,,,,
0bd62693ae9f,apps:62157/13,2024-02-29,2024-08-07,dev,0,0.065,0,1,False,0,0,0.0,,,,
0bd62693ae9f,apps:16915/21,2024-02-29,2024-08-07,dev,0,0.195,0,1,False,0,0,0.0,,,,
0bd62693ae9f,apps:48340/20,2024-02-29,2024-08-07,dev,0,0.195,0,1,False,0,0,0.0,,,,
0bd62693ae9f,apps:53162/21,2024-02-29,2024-08-07,dev,0,0.195,0,1,False,0,0,0.0,,,,
1900da194ee4,apps:45205/22,2024-02-29,2024-09-30,dev,0,0.065,0,1,False,0,0,0.0,,,,
1900da194ee4,apps:7827/23,2024-02-29,2024-09-30,dev,0,0.065,0,1,False,0,0,0.0,,,,
1900da194ee4,apps:13072/23,2024-02-29,2024-09-30,dev,0,0.065,0,1,False,0,0,0.0,,,,
1900da194ee4,apps:20256/20,2024-02-29,2024-09-30,dev,0,0.195,0,1,False,0,0,0.0,,,,
1900da194ee4,apps:45987/21,2024-02-29,2024-09-30,dev,0,0.065,0,1,False,0,0,0.0,,,,
1900da194ee4,apps:9166/14,2024-02-29,2024-09-30,dev,0,0.065,0,1,False,0,0,0.0,,,,
1900da194ee4,apps:25870/21,2024-02-29,2024-09-30,dev,0,0.065,0,1,False,0,0,0.0,,,,
1900da194ee4,apps:54470/21,2024-02-29,2024-09-30,dev,0,0.065,0,1,False,0,0,0.0,,,,
1900da194ee4,apps:16974/14,2024-02-29,2024-09-30,dev,0,0.195,0,1,False,0,0,0.0,,,,
1900da194ee4,apps:35012/19,2024-02-29,2024-09-30,dev,0,0.065,0,1,False,0,0,0.0,,,,
1900da194ee4,apps:10940/17,2024-02-29,2024-09-30,dev,0,0.195,0,1,False,0,0,0.0,,,,
1900da194ee4,apps:47048/21,2024-02-29,2024-09-30,dev,0,0.065,0,1,False,0,0,0.0,,,,
1900da194ee4,apps:31516/22,2024-02-29,2024-09-30,dev,0,0.065,0,1,False,0,0,0.0,,,,
1900da194ee4,apps:46570/18,2024-02-29,2024-09-30,dev,0,0.415,0,1,False,0,0,0.0,,,,
1900da194ee4,apps:26096/16,2024-02-29,2024-09-30,dev,0,0.065,0,1,False,0,0,0.0,,,,
1900da194ee4,apps:53209/17,2024-02-29,2024-09-30,dev,0,0.065,0,1,False,0,0,0.0,,,,
1900da194ee4,apps:9429/23,2024-02-29,2024-09-30,dev,0,0.065,0,1,False,0,0,0.0,,,,
1900da194ee4,apps:41877/21,2024-02-29,2024-09-30,dev,0,0.065,0,1,False,0,0,0.0,,,,
1900da194ee4,apps:57580/21,2024-02-29,2024-09-30,dev,0,0.065,0,1,False,0,0,0.0,,,,
1900da194ee4,apps:31018/09,2024-02-29,2024-09-30,dev,0,0.065,0,1,False,0,0,0.0,,,,
1900da194ee4,apps:62444/10,2024-02-29,2024-09-30,dev,0,0.065,0,1,False,0,0,0.0,,,,
1900da194ee4,apps:48029/21,2024-02-29,2024-09-30,dev,0,0.065,0,1,False,0,0,0.0,,,,
1900da194ee4,apps:18371/17,2024-02-29,2024-09-30,dev,0,0.065,0,1,False,0,0,0.0,,,,
1900da194ee4,apps:47784/18,2024-02-29,2024-09-30,dev,0,0.415,0,1,False,0,0,0.0,,,,
1900da194ee4,apps:19657/18,2024-02-29,2024-09-30,dev,0,0.065,0,1,False,0,0,0.0,,,,
1900da194ee4,apps:56716/16,2024-02-29,2024-09-30,dev,0,0.065,0,1,False,0,0,0.0,,,,
1900da194ee4,apps:62157/13,2024-02-29,2024-09-30,dev,0,0.065,0,1,False,0,0,0.0,,,,
1900da194ee4,apps:16915/21,2024-02-29,2024-09-30,dev,0,0.545,1,0,False,0,0,0.0,,,,
1900da194ee4,apps:53162/21,2024-02-29,2024-09-30,dev,0,0.195,0,1,False,0,0,0.0,,,,
1900da194ee4,apps:36609/16,2024-02-29,2024-09-30,dev,0,0.065,0,1,False,0,0,0.0,,,,
22935893a6e6,apps:45205/22,2024-02-29,2024-04-09,dev,0,0.415,0,1,False,0,0,0.0,,,,
22935893a6e6,apps:7827/23,2024-02-29,2024-04-09,dev,0,0.065,0,1,False,0,0,0.0,,,,
22935893a6e6,apps:13072/23,2024-02-29,2024-04-09,dev,0,0.065,0,1,False,0,0,0.0,,,,
22935893a6e6,apps:20256/20,2024-02-29,2024-04-09,dev,0,0.195,0,1,False,0,0,0.0,,,,
22935893a6e6,apps:45987/21,2024-02-29,2024-04-09,dev,0,0.065,0,1,False,0,0,0.0,,,,
22935893a6e6,apps:9166/14,2024-02-29,2024-04-09,dev,0,0.065,0,1,False,0,0,0.0,,,,
22935893a6e6,apps:25870/21,2024-02-29,2024-04-09,dev,0,0.415,0,1,False,0,0,0.0,,,,
22935893a6e6,apps:54470/21,2024-02-29,2024-04-09,dev,0,0.415,0,1,False,0,0,0.0,,,,
22935893a6e6,apps:16974/14,2024-02-29,2024-04-09,dev,0,0.195,0,1,False,0,0,0.0,,,,
22935893a6e6,apps:35012/19,2024-02-29,2024-04-09,dev,0,0.415,0,1,False,0,0,0.0,,,,
22935893a6e6,apps:10940/17,2024-02-29,2024-04-09,dev,0,0.545,1,0,False,0,0,0.0,,,,
22935893a6e6,apps:47048/21,2024-02-29,2024-04-09,dev,0,0.415,0,1,False,0,0,0.0,,,,
22935893a6e6,apps:31516/22,2024-02-29,2024-04-09,dev,0,0.065,0,1,False,0,0,0.0,,,,
22935893a6e6,apps:46570/18,2024-02-29,2024-04-09,dev,0,0.415,0,1,False,0,0,0.0,,,,
22935893a6e6,apps:26096/16,2024-02-29,2024-04-09,dev,0,0.065,0,1,False,0,0,0.0,,,,
22935893a6e6,apps:53209/17,2024-02-29,2024-04-09,dev,0,0.415,0,1,False,0,0,0.0,,,,
22935893a6e6,apps:9429/23,2024-02-29,2024-04-09,dev,0,0.415,0,1,False,0,0,0.0,,,,
22935893a6e6,apps:41877/21,2024-02-29,2024-04-09,dev,0,0.065,0,1,False,0,0,0.0,,,,
22935893a6e6,apps:57580/21,2024-02-29,2024-04-09,dev,0,0.415,0,1,False,0,0,0.0,,,,
22935893a6e6,apps:31018/09,2024-02-29,2024-04-09,dev,0,0.065,0,1,False,0,0,0.0,,,,
22935893a6e6,apps:62444/10,2024-02-29,2024-04-09,dev,0,0.065,0,1,False,0,0,0.0,,,,
22935893a6e6,apps:48029/21,2024-02-29,2024-04-09,dev,0,0.415,0,1,False,0,0,0.0,,,,
22935893a6e6,apps:18371/17,2024-02-29,2024-04-09,dev,0,0.065,0,1,False,0,0,0.0,,,,
22935893a6e6,apps:47784/18,2024-02-29,2024-04-09,dev,0,0.415,0,1,False,0,0,0.0,,,,
22935893a6e6,apps:19657/18,2024-02-29,2024-04-09,dev,0,0.415,0,1,False,0,0,0.0,,,,
22935893a6e6,apps:56716/16,2024-02-29,2024-04-09,dev,0,0.065,0,1,False,0,0,0.0,,,,
22935893a6e6,apps:62157/13,2024-02-29,2024-04-09,dev,0,0.065,0,1,False,0,0,0.0,,,,
22935893a6e6,apps:16915/21,2024-02-29,2024-04-09,dev,0,0.195,0,1,False,0,0,0.0,,,,
22935893a6e6,apps:48340/20,2024-02-29,2024-04-09,dev,0,0.195,0,1,False,0,0,0.0,,,,
22935893a6e6,apps:53162/21,2024-02-29,2024-04-09,dev,0,0.195,0,1,False,0,0,0.0,,,,
4026b1621d4a,apps:45205/22,2024-02-29,2024-04-09,dev,0,0.415,0,1,False,0,0,0.0,,,,
4026b1621d4a,apps:7827/23,2024-02-29,2024-04-09,dev,0,0.415,0,1,False,0,0,0.0,,,,
4026b1621d4a,apps:13072/23,2024-02-29,2024-04-09,dev,0,0.415,0,1,False,0,0,0.0,,,,
4026b1621d4a,apps:20256/20,2024-02-29,2024-04-09,dev,0,0.195,0,1,False,0,0,0.0,,,,
4026b1621d4a,apps:45987/21,2024-02-29,2024-04-09,dev,0,0.065,0,1,False,0,0,0.0,,,,
4026b1621d4a,apps:9166/14,2024-02-29,2024-04-09,dev,0,0.065,0,1,False,0,0,0.0,,,,
4026b1621d4a,apps:25870/21,2024-02-29,2024-04-09,dev,0,0.415,0,1,False,0,0,0.0,,,,
4026b1621d4a,apps:54470/21,2024-02-29,2024-04-09,dev,0,0.415,0,1,False,0,0,0.0,,,,
4026b1621d4a,apps:16974/14,2024-02-29,2024-04-09,dev,0,0.195,0,1,False,0,0,0.0,,,,
4026b1621d4a,apps:35012/19,2024-02-29,2024-04-09,dev,0,0.065,0,1,False,0,0,0.0,,,,
4026b1621d4a,apps:10940/17,2024-02-29,2024-04-09,dev,0,0.195,0,1,False,0,0,0.0,,,,
4026b1621d4a,apps:47048/21,2024-02-29,2024-04-09,dev,0,0.415,0,1,False,0,0,0.0,,,,
4026b1621d4a,apps:31516/22,2024-02-29,2024-04-09,dev,0,0.065,0,1,False,0,0,0.0,,,,
4026b1621d4a,apps:46570/18,2024-02-29,2024-04-09,dev,0,0.415,0,1,False,0,0,0.0,,,,
4026b1621d4a,apps:26096/16,2024-02-29,2024-04-09,dev,0,0.065,0,1,False,0,0,0.0,,,,
4026b1621d4a,apps:53209/17,2024-02-29,2024-04-09,dev,0,0.065,0,1,False,0,0,0.0,,,,
4026b1621d4a,apps:9429/23,2024-02-29,2024-04-09,dev,0,0.065,0,1,False,0,0,0.0,,,,
4026b1621d4a,apps:41877/21,2024-02-29,2024-04-09,dev,0,0.065,0,1,False,0,0,0.0,,,,
4026b1621d4a,apps:57580/21,2024-02-29,2024-04-09,dev,0,0.415,0,1,False,0,0,0.0,,,,
4026b1621d4a,apps:31018/09,2024-02-29,2024-04-09,dev,0,0.415,0,1,False,0,0,0.0,,,,
4026b1621d4a,apps:62444/10,2024-02-29,2024-04-09,dev,0,0.415,0,1,False,0,0,0.0,,,,
4026b1621d4a,apps:48029/21,2024-02-29,2024-04-09,dev,0,0.415,0,1,False,0,0,0.0,,,,
4026b1621d4a,apps:18371/17,2024-02-29,2024-04-09,dev,0,0.415,0,1,False,0,0,0.0,,,,
4026b1621d4a,apps:47784/18,2024-02-29,2024-04-09,dev,0,0.415,0,1,False,0,0,0.0,,,,
4026b1621d4a,apps:19657/18,2024-02-29,2024-04-09,dev,0,0.065,0,1,False,0,0,0.0,,,,
4026b1621d4a,apps:56716/16,2024-02-29,2024-04-09,dev,0,0.065,0,1,False,0,0,0.0,,,,
4026b1621d4a,apps:62157/13,2024-02-29,2024-04-09,dev,0,0.415,0,1,False,0,0,0.0,,,,
4026b1621d4a,apps:16915/21,2024-02-29,2024-04-09,dev,0,0.195,0,1,False,0,0,0.0,,,,
4026b1621d4a,apps:48340/20,2024-02-29,2024-04-09,dev,0,0.195,0,1,False,0,0,0.0,,,,
4026b1621d4a,apps:53162/21,2024-02-29,2024-04-09,dev,0,0.195,0,1,False,0,0,0.0,,,,
6d86f7b0f9c7,apps:45205/22,2024-02-29,2024-03-29,dev,0,0.065,0,1,False,0,0,0.0,,,,
6d86f7b0f9c7,apps:7827/23,2024-02-29,2024-03-29,dev,0,0.065,0,1,False,0,0,0.0,,,,
6d86f7b0f9c7,apps:13072/23,2024-02-29,2024-03-29,dev,0,0.065,0,1,False,0,0,0.0,,,,
6d86f7b0f9c7,apps:20256/20,2024-02-29,2024-03-29,dev,0,0.195,0,1,False,0,0,0.0,,,,
6d86f7b0f9c7,apps:45987/21,2024-02-29,2024-03-29,dev,0,0.065,0,1,False,0,0,0.0,,,,
6d86f7b0f9c7,apps:9166/14,2024-02-29,2024-03-29,dev,0,0.065,0,1,False,0,0,0.0,,,,
6d86f7b0f9c7,apps:25870/21,2024-02-29,2024-03-29,dev,0,0.415,0,1,False,0,0,0.0,,,,
6d86f7b0f9c7,apps:54470/21,2024-02-29,2024-03-29,dev,0,0.065,0,1,False,0,0,0.0,,,,
6d86f7b0f9c7,apps:16974/14,2024-02-29,2024-03-29,dev,0,0.195,0,1,False,0,0,0.0,,,,
6d86f7b0f9c7,apps:35012/19,2024-02-29,2024-03-29,dev,0,0.065,0,1,False,0,0,0.0,,,,
6d86f7b0f9c7,apps:10940/17,2024-02-29,2024-03-29,dev,0,0.195,0,1,False,0,0,0.0,,,,
6d86f7b0f9c7,apps:47048/21,2024-02-29,2024-03-29,dev,0,0.065,0,1,False,0,0,0.0,,,,
6d86f7b0f9c7,apps:31516/22,2024-02-29,2024-03-29,dev,0,0.065,0,1,False,0,0,0.0,,,,
6d86f7b0f9c7,apps:46570/18,2024-02-29,2024-03-29,dev,0,0.065,0,1,False,0,0,0.0,,,,
6d86f7b0f9c7,apps:26096/16,2024-02-29,2024-03-29,dev,0,0.065,0,1,False,0,0,0.0,,,,
6d86f7b0f9c7,apps:53209/17,2024-02-29,2024-03-29,dev,0,0.065,0,1,False,0,0,0.0,,,,
6d86f7b0f9c7,apps:9429/23,2024-02-29,2024-03-29,dev,0,0.065,0,1,False,0,0,0.0,,,,
6d86f7b0f9c7,apps:41877/21,2024-02-29,2024-03-29,dev,0,0.065,0,1,False,0,0,0.0,,,,
6d86f7b0f9c7,apps:57580/21,2024-02-29,2024-03-29,dev,0,0.065,0,1,False,0,0,0.0,,,,
6d86f7b0f9c7,apps:31018/09,2024-02-29,2024-03-29,dev,0,0.065,0,1,False,0,0,0.0,,,,
6d86f7b0f9c7,apps:62444/10,2024-02-29,2024-03-29,dev,0,0.065,0,1,False,0,0,0.0,,,,
6d86f7b0f9c7,apps:48029/21,2024-02-29,2024-03-29,dev,0,0.415,0,1,False,0,0,0.0,,,,
6d86f7b0f9c7,apps:18371/17,2024-02-29,2024-03-29,dev,0,0.065,0,1,False,0,0,0.0,,,,
6d86f7b0f9c7,apps:47784/18,2024-02-29,2024-03-29,dev,0,0.415,0,1,False,0,0,0.0,,,,
6d86f7b0f9c7,apps:19657/18,2024-02-29,2024-03-29,dev,0,0.065,0,1,False,0,0,0.0,,,,
6d86f7b0f9c7,apps:56716/16,2024-02-29,2024-03-29,dev,0,0.065,0,1,False,0,0,0.0,,,,
6d86f7b0f9c7,apps:62157/13,2024-02-29,2024-03-29,dev,0,0.065,0,1,False,0,0,0.0,,,,
6d86f7b0f9c7,apps:16915/21,2024-02-29,2024-03-29,dev,0,0.195,0,1,False,0,0,0.0,,,,
6d86f7b0f9c7,apps:48340/20,2024-02-29,2024-03-29,dev,0,0.195,0,1,False,0,0,0.0,,,,
6d86f7b0f9c7,apps:53162/21,2024-02-29,2024-03-29,dev,0,0.195,0,1,False,0,0,0.0,,,,
726c25db1ffb,apps:45205/22,2024-02-29,2024-04-09,dev,0,0.065,0,1,False,0,0,0.0,,,,
726c25db1ffb,apps:7827/23,2024-02-29,2024-04-09,dev,0,0.065,0,1,False,0,0,0.0,,,,
726c25db1ffb,apps:13072/23,2024-02-29,2024-04-09,dev,0,0.065,0,1,False,0,0,0.0,,,,
726c25db1ffb,apps:20256/20,2024-02-29,2024-04-09,dev,0,0.195,0,1,False,0,0,0.0,,,,
726c25db1ffb,apps:45987/21,2024-02-29,2024-04-09,dev,0,0.065,0,1,False,0,0,0.0,,,,
726c25db1ffb,apps:9166/14,2024-02-29,2024-04-09,dev,0,0.065,0,1,False,0,0,0.0,,,,
726c25db1ffb,apps:25870/21,2024-02-29,2024-04-09,dev,0,0.065,0,1,False,0,0,0.0,,,,
726c25db1ffb,apps:54470/21,2024-02-29,2024-04-09,dev,0,0.065,0,1,False,0,0,0.0,,,,
726c25db1ffb,apps:16974/14,2024-02-29,2024-04-09,dev,0,0.195,0,1,False,0,0,0.0,,,,
726c25db1ffb,apps:35012/19,2024-02-29,2024-04-09,dev,0,0.065,0,1,False,0,0,0.0,,,,
726c25db1ffb,apps:10940/17,2024-02-29,2024-04-09,dev,0,0.195,0,1,False,0,0,0.0,,,,
726c25db1ffb,apps:47048/21,2024-02-29,2024-04-09,dev,0,0.065,0,1,False,0,0,0.0,,,,
726c25db1ffb,apps:31516/22,2024-02-29,2024-04-09,dev,0,0.065,0,1,False,0,0,0.0,,,,
726c25db1ffb,apps:46570/18,2024-02-29,2024-04-09,dev,0,0.065,0,1,False,0,0,0.0,,,,
726c25db1ffb,apps:26096/16,2024-02-29,2024-04-09,dev,0,0.065,0,1,False,0,0,0.0,,,,
726c25db1ffb,apps:53209/17,2024-02-29,2024-04-09,dev,0,0.065,0,1,False,0,0,0.0,,,,
726c25db1ffb,apps:9429/23,2024-02-29,2024-04-09,dev,0,0.065,0,1,False,0,0,0.0,,,,
726c25db1ffb,apps:41877/21,2024-02-29,2024-04-09,dev,0,0.065,0,1,False,0,0,0.0,,,,
726c25db1ffb,apps:57580/21,2024-02-29,2024-04-09,dev,0,0.065,0,1,False,0,0,0.0,,,,
726c25db1ffb,apps:31018/09,2024-02-29,2024-04-09,dev,0,0.065,0,1,False,0,0,0.0,,,,
726c25db1ffb,apps:62444/10,2024-02-29,2024-04-09,dev,0,0.065,0,1,False,0,0,0.0,,,,
726c25db1ffb,apps:48029/21,2024-02-29,2024-04-09,dev,0,0.065,0,1,False,0,0,0.0,,,,
726c25db1ffb,apps:18371/17,2024-02-29,2024-04-09,dev,0,0.065,0,1,False,0,0,0.0,,,,
726c25db1ffb,apps:47784/18,2024-02-29,2024-04-09,dev,0,0.065,0,1,False,0,0,0.0,,,,
726c25db1ffb,apps:19657/18,2024-02-29,2024-04-09,dev,0,0.065,0,1,False,0,0,0.0,,,,
726c25db1ffb,apps:56716/16,2024-02-29,2024-04-09,dev,0,0.065,0,1,False,0,0,0.0,,,,
726c25db1ffb,apps:62157/13,2024-02-29,2024-04-09,dev,0,0.065,0,1,False,0,0,0.0,,,,
726c25db1ffb,apps:16915/21,2024-02-29,2024-04-09,dev,0,0.195,0,1,False,0,0,0.0,,,,
726c25db1ffb,apps:48340/20,2024-02-29,2024-04-09,dev,0,0.195,0,1,False,0,0,0.0,,,,
726c25db1ffb,apps:53162/21,2024-02-29,2024-04-09,dev,0,0.195,0,1,False,0,0,0.0,,,,
762f0abff297,apps:40776/16,2024-08-31,2024-09-30,dev,0,0.065,0,1,False,0,0,0.0,,,,
762f0abff297,apps:59464/21,2024-08-31,2024-09-30,dev,0,0.195,0,1,False,0,0,0.0,,,,
762f0abff297,apps:12767/21,2024-08-31,2024-09-30,dev,0,0.065,0,1,False,0,0,0.0,,,,
762f0abff297,apps:24622/22,2024-08-31,2024-09-30,dev,0,0.65,1,0,False,0,0,0.0,,,,
762f0abff297,apps:44681/21,2024-08-31,2024-09-30,dev,0,0.195,0,1,False,0,0,0.0,,,,
762f0abff297,apps:33394/12,2024-08-31,2024-09-30,dev,0,0.065,0,1,False,0,0,0.0,,,,
762f0abff297,apps:28540/20,2024-08-31,2024-09-30,dev,0,0.065,0,1,False,0,0,0.0,,,,
762f0abff297,apps:50058/12,2024-08-31,2024-09-30,dev,0,0.065,0,1,False,0,0,0.0,,,,
762f0abff297,apps:20007/22,2024-08-31,2024-09-30,dev,0,0.195,0,1,False,0,0,0.0,,,,
762f0abff297,apps:15028/16,2024-08-31,2024-09-30,dev,0,0.195,0,1,False,0,0,0.0,,,,
762f0abff297,apps:32887/19,2024-08-31,2024-09-30,dev,0,0.195,0,1,False,0,0,0.0,,,,
762f0abff297,apps:28791/10,2024-08-31,2024-09-30,dev,0,0.195,0,1,False,0,0,0.0,,,,
762f0abff297,apps:989/18,2024-08-31,2024-09-30,dev,0,0.065,0,1,False,0,0,0.0,,,,
762f0abff297,apps:17389/20,2024-08-31,2024-09-30,dev,0,0.195,0,1,False,0,0,0.0,,,,
762f0abff297,apps:35780/18,2024-08-31,2024-09-30,dev,0,0.065,0,1,False,0,0,0.0,,,,
762f0abff297,apps:22463/17,2024-08-31,2024-09-30,dev,0,0.065,0,1,False,0,0,0.0,,,,
762f0abff297,apps:2327/20,2024-08-31,2024-09-30,dev,0,0.195,0,1,False,0,0,0.0,,,,
762f0abff297,apps:34210/19,2024-08-31,2024-09-30,dev,0,0.195,0,1,False,0,0,0.0,,,,
762f0abff297,apps:63664/19,2024-08-31,2024-09-30,dev,0,0.65,1,0,False,0,0,0.0,,,,
762f0abff297,apps:49755/18,2024-08-31,2024-09-30,dev,0,0.195,0,1,False,0,0,0.0,,,,
762f0abff297,apps:42221/18,2024-08-31,2024-09-30,dev,0,0.195,0,1,False,0,0,0.0,,,,
762f0abff297,apps:50374/21,2024-08-31,2024-09-30,dev,0,0.065,0,1,False,0,0,0.0,,,,
762f0abff297,apps:28467/18,2024-08-31,2024-09-30,dev,0,0.065,0,1,False,0,0,0.0,,,,
762f0abff297,apps:23734/21,2024-08-31,2024-09-30,dev,0,0.065,0,1,False,0,0,0.0,,,,
762f0abff297,apps:205/22,2024-08-31,2024-09-30,dev,0,0.065,0,1,False,0,0,0.0,,,,
762f0abff297,apps:4325/22,2024-08-31,2024-09-30,dev,0,0.065,0,1,False,0,0,0.0,,,,
762f0abff297,apps:50942/20,2024-08-31,2024-09-30,dev,0,0.195,0,1,False,0,0,0.0,,,,
762f0abff297,apps:40861/22,2024-08-31,2024-09-30,dev,0,0.195,0,1,False,0,0,0.0,,,,
762f0abff297,apps:6823/19,2024-08-31,2024-09-30,dev,0,0.065,0,1,False,0,0,0.0,,,,
762f0abff297,apps:50764/18,2024-08-31,2024-09-30,dev,0,0.065,0,1,False,0,0,0.0,,,,
0a61f8f7ceb0,apps:45205/22,2024-02-29,2024-06-13,dev,0,0.065,0,1,False,0,0,0.0,,,,
0a61f8f7ceb0,apps:7827/23,2024-02-29,2024-06-13,dev,0,0.065,0,1,False,0,0,0.0,,,,
0a61f8f7ceb0,apps:13072/23,2024-02-29,2024-06-13,dev,0,0.065,0,1,False,0,0,0.0,,,,
0a61f8f7ceb0,apps:20256/20,2024-02-29,2024-06-13,dev,0,0.195,0,1,False,0,0,0.0,,,,
0a61f8f7ceb0,apps:45987/21,2024-02-29,2024-06-13,dev,0,0.065,0,1,False,0,0,0.0,,,,
0a61f8f7ceb0,apps:9166/14,2024-02-29,2024-06-13,dev,0,0.065,0,1,False,0,0,0.0,,,,
0a61f8f7ceb0,apps:25870/21,2024-02-29,2024-06-13,dev,0,0.065,0,1,False,0,0,0.0,,,,
0a61f8f7ceb0,apps:54470/21,2024-02-29,2024-06-13,dev,0,0.065,0,1,False,0,0,0.0,,,,
0a61f8f7ceb0,apps:16974/14,2024-02-29,2024-06-13,dev,0,0.195,0,1,False,0,0,0.0,,,,
0a61f8f7ceb0,apps:35012/19,2024-02-29,2024-06-13,dev,0,0.065,0,1,False,0,0,0.0,,,,
0a61f8f7ceb0,apps:10940/17,2024-02-29,2024-06-13,dev,0,0.195,0,1,False,0,0,0.0,,,,
0a61f8f7ceb0,apps:47048/21,2024-02-29,2024-06-13,dev,0,0.065,0,1,False,0,0,0.0,,,,
0a61f8f7ceb0,apps:31516/22,2024-02-29,2024-06-13,dev,0,0.065,0,1,False,0,0,0.0,,,,
0a61f8f7ceb0,apps:46570/18,2024-02-29,2024-06-13,dev,0,0.065,0,1,False,0,0,0.0,,,,
0a61f8f7ceb0,apps:26096/16,2024-02-29,2024-06-13,dev,0,0.065,0,1,False,0,0,0.0,,,,
0a61f8f7ceb0,apps:53209/17,2024-02-29,2024-06-13,dev,0,0.065,0,1,False,0,0,0.0,,,,
0a61f8f7ceb0,apps:9429/23,2024-02-29,2024-06-13,dev,0,0.065,0,1,False,0,0,0.0,,,,
0a61f8f7ceb0,apps:41877/21,2024-02-29,2024-06-13,dev,0,0.065,0,1,False,0,0,0.0,,,,
0a61f8f7ceb0,apps:57580/21,2024-02-29,2024-06-13,dev,0,0.065,0,1,False,0,0,0.0,,,,
0a61f8f7ceb0,apps:31018/09,2024-02-29,2024-06-13,dev,0,0.065,0,1,False,0,0,0.0,,,,
0a61f8f7ceb0,apps:62444/10,2024-02-29,2024-06-13,dev,0,0.065,0,1,False,0,0,0.0,,,,
0a61f8f7ceb0,apps:48029/21,2024-02-29,2024-06-13,dev,0,0.065,0,1,False,0,0,0.0,,,,
0a61f8f7ceb0,apps:18371/17,2024-02-29,2024-06-13,dev,0,0.065,0,1,False,0,0,0.0,,,,
0a61f8f7ceb0,apps:47784/18,2024-02-29,2024-06-13,dev,0,0.065,0,1,False,0,0,0.0,,,,
0a61f8f7ceb0,apps:19657/18,2024-02-29,2024-06-13,dev,0,0.065,0,1,False,0,0,0.0,,,,
0a61f8f7ceb0,apps:56716/16,2024-02-29,2024-06-13,dev,0,0.065,0,1,False,0,0,0.0,,,,
0a61f8f7ceb0,apps:62157/13,2024-02-29,2024-06-13,dev,0,0.065,0,1,False,0,0,0.0,,,,
0a61f8f7ceb0,apps:16915/21,2024-02-29,2024-06-13,dev,0,0.195,0,1,False,0,0,0.0,,,,
0a61f8f7ceb0,apps:48340/20,2024-02-29,2024-06-13,dev,0,0.195,0,1,False,0,0,0.0,,,,
0a61f8f7ceb0,apps:53162/21,2024-02-29,2024-06-13,dev,0,0.195,0,1,False,0,0,0.0,,,,
0faa41c7c031,apps:45205/22,2024-02-29,2024-04-09,dev,0,0.065,0,1,False,0,0,0.0,,,,
0faa41c7c031,apps:7827/23,2024-02-29,2024-04-09,dev,0,0.065,0,1,False,0,0,0.0,,,,
0faa41c7c031,apps:13072/23,2024-02-29,2024-04-09,dev,0,0.065,0,1,False,0,0,0.0,,,,
0faa41c7c031,apps:20256/20,2024-02-29,2024-04-09,dev,0,0.195,0,1,False,0,0,0.0,,,,
0faa41c7c031,apps:45987/21,2024-02-29,2024-04-09,dev,0,0.065,0,1,False,0,0,0.0,,,,
0faa41c7c031,apps:9166/14,2024-02-29,2024-04-09,dev,0,0.065,0,1,False,0,0,0.0,,,,
0faa41c7c031,apps:25870/21,2024-02-29,2024-04-09,dev,0,0.065,0,1,False,0,0,0.0,,,,
0faa41c7c031,apps:54470/21,2024-02-29,2024-04-09,dev,0,0.065,0,1,False,0,0,0.0,,,,
0faa41c7c031,apps:16974/14,2024-02-29,2024-04-09,dev,0,0.195,0,1,False,0,0,0.0,,,,
0faa41c7c031,apps:35012/19,2024-02-29,2024-04-09,dev,0,0.065,0,1,False,0,0,0.0,,,,
0faa41c7c031,apps:10940/17,2024-02-29,2024-04-09,dev,0,0.195,0,1,False,0,0,0.0,,,,
0faa41c7c031,apps:47048/21,2024-02-29,2024-04-09,dev,0,0.065,0,1,False,0,0,0.0,,,,
0faa41c7c031,apps:31516/22,2024-02-29,2024-04-09,dev,0,0.065,0,1,False,0,0,0.0,,,,
0faa41c7c031,apps:46570/18,2024-02-29,2024-04-09,dev,0,0.065,0,1,False,0,0,0.0,,,,
0faa41c7c031,apps:26096/16,2024-02-29,2024-04-09,dev,0,0.065,0,1,False,0,0,0.0,,,,
0faa41c7c031,apps:53209/17,2024-02-29,2024-04-09,dev,0,0.065,0,1,False,0,0,0.0,,,,
0faa41c7c031,apps:9429/23,2024-02-29,2024-04-09,dev,0,0.065,0,1,False,0,0,0.0,,,,
0faa41c7c031,apps:41877/21,2024-02-29,2024-04-09,dev,0,0.065,0,1,False,0,0,0.0,,,,
0faa41c7c031,apps:57580/21,2024-02-29,2024-04-09,dev,0,0.065,0,1,False,0,0,0.0,,,,
0faa41c7c031,apps:31018/09,2024-02-29,2024-04-09,dev,0,0.065,0,1,False,0,0,0.0,,,,
0faa41c7c031,apps:62444/10,2024-02-29,2024-04-09,dev,0,0.065,0,1,False,0,0,0.0,,,,
0faa41c7c031,apps:48029/21,2024-02-29,2024-04-09,dev,0,0.065,0,1,False,0,0,0.0,,,,
0faa41c7c031,apps:18371/17,2024-02-29,2024-04-09,dev,0,0.065,0,1,False,0,0,0.0,,,,
0faa41c7c031,apps:47784/18,2024-02-29,2024-04-09,dev,0,0.065,0,1,False,0,0,0.0,,,,
0faa41c7c031,apps:19657/18,2024-02-29,2024-04-09,dev,0,0.065,0,1,False,0,0,0.0,,,,
0faa41c7c031,apps:56716/16,2024-02-29,2024-04-09,dev,0,0.065,0,1,False,0,0,0.0,,,,
0faa41c7c031,apps:62157/13,2024-02-29,2024-04-09,dev,0,0.065,0,1,False,0,0,0.0,,,,
0faa41c7c031,apps:16915/21,2024-02-29,2024-04-09,dev,0,0.195,0,1,False,0,0,0.0,,,,
0faa41c7c031,apps:48340/20,2024-02-29,2024-04-09,dev,0,0.195,0,1,False,0,0,0.0,,,,
0faa41c7c031,apps:53162/21,2024-02-29,2024-04-09,dev,0,0.195,0,1,False,0,0,0.0,,,,
1b1f8de345be,apps:45205/22,2024-02-29,2024-08-28,dev,0,0.065,0,1,False,0,0,0.0,,,,
1b1f8de345be,apps:7827/23,2024-02-29,2024-08-28,dev,0,0.065,0,1,False,0,0,0.0,,,,
1b1f8de345be,apps:13072/23,2024-02-29,2024-08-28,dev,0,0.065,0,1,False,0,0,0.0,,,,
1b1f8de345be,apps:20256/20,2024-02-29,2024-08-28,dev,0,0.195,0,1,False,0,0,0.0,,,,
1b1f8de345be,apps:45987/21,2024-02-29,2024-08-28,dev,0,0.065,0,1,False,0,0,0.0,,,,
1b1f8de345be,apps:9166/14,2024-02-29,2024-08-28,dev,0,0.415,0,1,False,0,0,0.0,,,,
1b1f8de345be,apps:25870/21,2024-02-29,2024-08-28,dev,0,0.065,0,1,False,0,0,0.0,,,,
1b1f8de345be,apps:54470/21,2024-02-29,2024-08-28,dev,0,0.065,0,1,False,0,0,0.0,,,,
1b1f8de345be,apps:16974/14,2024-02-29,2024-08-28,dev,0,0.195,0,1,False,0,0,0.0,,,,
1b1f8de345be,apps:35012/19,2024-02-29,2024-08-28,dev,0,0.065,0,1,False,0,0,0.0,,,,
1b1f8de345be,apps:10940/17,2024-02-29,2024-08-28,dev,0,0.195,0,1,False,0,0,0.0,,,,
1b1f8de345be,apps:47048/21,2024-02-29,2024-08-28,dev,0,0.065,0,1,False,0,0,0.0,,,,
1b1f8de345be,apps:31516/22,2024-02-29,2024-08-28,dev,0,0.065,0,1,False,0,0,0.0,,,,
1b1f8de345be,apps:46570/18,2024-02-29,2024-08-28,dev,0,0.065,0,1,False,0,0,0.0,,,,
1b1f8de345be,apps:26096/16,2024-02-29,2024-08-28,dev,0,0.065,0,1,False,0,0,0.0,,,,
1b1f8de345be,apps:53209/17,2024-02-29,2024-08-28,dev,0,0.065,0,1,False,0,0,0.0,,,,
1b1f8de345be,apps:9429/23,2024-02-29,2024-08-28,dev,0,0.065,0,1,False,0,0,0.0,,,,
1b1f8de345be,apps:41877/21,2024-02-29,2024-08-28,dev,0,0.065,0,1,False,0,0,0.0,,,,
1b1f8de345be,apps:57580/21,2024-02-29,2024-08-28,dev,0,0.065,0,1,False,0,0,0.0,,,,
1b1f8de345be,apps:31018/09,2024-02-29,2024-08-28,dev,0,0.065,0,1,False,0,0,0.0,,,,
1b1f8de345be,apps:62444/10,2024-02-29,2024-08-28,dev,0,0.415,0,1,False,0,0,0.0,,,,
1b1f8de345be,apps:48029/21,2024-02-29,2024-08-28,dev,0,0.065,0,1,False,0,0,0.0,,,,
1b1f8de345be,apps:18371/17,2024-02-29,2024-08-28,dev,0,0.065,0,1,False,0,0,0.0,,,,
1b1f8de345be,apps:47784/18,2024-02-29,2024-08-28,dev,0,0.065,0,1,False,0,0,0.0,,,,
1b1f8de345be,apps:19657/18,2024-02-29,2024-08-28,dev,0,0.065,0,1,False,0,0,0.0,,,,
1b1f8de345be,apps:56716/16,2024-02-29,2024-08-28,dev,0,0.065,0,1,False,0,0,0.0,,,,
1b1f8de345be,apps:62157/13,2024-02-29,2024-08-28,dev,0,0.065,0,1,False,0,0,0.0,,,,
1b1f8de345be,apps:16915/21,2024-02-29,2024-08-28,dev,0,0.195,0,1,False,0,0,0.0,,,,
1b1f8de345be,apps:48340/20,2024-02-29,2024-08-28,dev,0,0.195,0,1,False,0,0,0.0,,,,
1b1f8de345be,apps:53162/21,2024-02-29,2024-08-28,dev,0,0.195,0,1,False,0,0,0.0,,,,
2fbc08fc30bd,apps:45205/22,2024-02-29,2024-09-13,dev,0,0.065,0,1,False,0,0,0.0,,,,
2fbc08fc30bd,apps:7827/23,2024-02-29,2024-09-13,dev,0,0.065,0,1,False,0,0,0.0,,,,
2fbc08fc30bd,apps:13072/23,2024-02-29,2024-09-13,dev,0,0.065,0,1,False,0,0,0.0,,,,
2fbc08fc30bd,apps:20256/20,2024-02-29,2024-09-13,dev,0,0.195,0,1,False,0,0,0.0,,,,
2fbc08fc30bd,apps:45987/21,2024-02-29,2024-09-13,dev,0,0.065,0,1,False,0,0,0.0,,,,
2fbc08fc30bd,apps:9166/14,2024-02-29,2024-09-13,dev,0,0.065,0,1,False,0,0,0.0,,,,
2fbc08fc30bd,apps:25870/21,2024-02-29,2024-09-13,dev,0,0.065,0,1,False,0,0,0.0,,,,
2fbc08fc30bd,apps:54470/21,2024-02-29,2024-09-13,dev,0,0.065,0,1,False,0,0,0.0,,,,
2fbc08fc30bd,apps:16974/14,2024-02-29,2024-09-13,dev,0,0.195,0,1,False,0,0,0.0,,,,
2fbc08fc30bd,apps:35012/19,2024-02-29,2024-09-13,dev,0,0.065,0,1,False,0,0,0.0,,,,
2fbc08fc30bd,apps:10940/17,2024-02-29,2024-09-13,dev,0,0.195,0,1,False,0,0,0.0,,,,
2fbc08fc30bd,apps:47048/21,2024-02-29,2024-09-13,dev,0,0.065,0,1,False,0,0,0.0,,,,
2fbc08fc30bd,apps:31516/22,2024-02-29,2024-09-13,dev,0,0.065,0,1,False,0,0,0.0,,,,
2fbc08fc30bd,apps:46570/18,2024-02-29,2024-09-13,dev,0,0.065,0,1,False,0,0,0.0,,,,
2fbc08fc30bd,apps:26096/16,2024-02-29,2024-09-13,dev,0,0.065,0,1,False,0,0,0.0,,,,
2fbc08fc30bd,apps:53209/17,2024-02-29,2024-09-13,dev,0,0.065,0,1,False,0,0,0.0,,,,
2fbc08fc30bd,apps:9429/23,2024-02-29,2024-09-13,dev,0,0.065,0,1,False,0,0,0.0,,,,
2fbc08fc30bd,apps:41877/21,2024-02-29,2024-09-13,dev,0,0.065,0,1,False,0,0,0.0,,,,
2fbc08fc30bd,apps:57580/21,2024-02-29,2024-09-13,dev,0,0.065,0,1,False,0,0,0.0,,,,
2fbc08fc30bd,apps:31018/09,2024-02-29,2024-09-13,dev,0,0.065,0,1,False,0,0,0.0,,,,
2fbc08fc30bd,apps:62444/10,2024-02-29,2024-09-13,dev,0,0.065,0,1,False,0,0,0.0,,,,
2fbc08fc30bd,apps:48029/21,2024-02-29,2024-09-13,dev,0,0.065,0,1,False,0,0,0.0,,,,
2fbc08fc30bd,apps:18371/17,2024-02-29,2024-09-13,dev,0,0.065,0,1,False,0,0,0.0,,,,
2fbc08fc30bd,apps:47784/18,2024-02-29,2024-09-13,dev,0,0.065,0,1,False,0,0,0.0,,,,
2fbc08fc30bd,apps:19657/18,2024-02-29,2024-09-13,dev,0,0.065,0,1,False,0,0,0.0,,,,
2fbc08fc30bd,apps:56716/16,2024-02-29,2024-09-13,dev,0,0.065,0,1,False,0,0,0.0,,,,
2fbc08fc30bd,apps:62157/13,2024-02-29,2024-09-13,dev,0,0.065,0,1,False,0,0,0.0,,,,
2fbc08fc30bd,apps:16915/21,2024-02-29,2024-09-13,dev,0,0.195,0,1,False,0,0,0.0,,,,
2fbc08fc30bd,apps:48340/20,2024-02-29,2024-09-13,dev,0,0.195,0,1,False,0,0,0.0,,,,
2fbc08fc30bd,apps:53162/21,2024-02-29,2024-09-13,dev,0,0.195,0,1,False,0,0,0.0,,,,
41c295afbaa0,apps:45205/22,2024-02-29,2024-03-29,dev,0,0.065,0,1,False,0,0,0.0,,,,
41c295afbaa0,apps:7827/23,2024-02-29,2024-03-29,dev,0,0.065,0,1,False,0,0,0.0,,,,
41c295afbaa0,apps:13072/23,2024-02-29,2024-03-29,dev,0,0.065,0,1,False,0,0,0.0,,,,
41c295afbaa0,apps:20256/20,2024-02-29,2024-03-29,dev,0,0.195,0,1,False,0,0,0.0,,,,
41c295afbaa0,apps:45987/21,2024-02-29,2024-03-29,dev,0,0.065,0,1,False,0,0,0.0,,,,
41c295afbaa0,apps:9166/14,2024-02-29,2024-03-29,dev,0,0.065,0,1,False,0,0,0.0,,,,
41c295afbaa0,apps:25870/21,2024-02-29,2024-03-29,dev,0,0.065,0,1,False,0,0,0.0,,,,
41c295afbaa0,apps:54470/21,2024-02-29,2024-03-29,dev,0,0.065,0,1,False,0,0,0.0,,,,
41c295afbaa0,apps:16974/14,2024-02-29,2024-03-29,dev,0,0.195,0,1,False,0,0,0.0,,,,
41c295afbaa0,apps:35012/19,2024-02-29,2024-03-29,dev,0,0.065,0,1,False,0,0,0.0,,,,
41c295afbaa0,apps:10940/17,2024-02-29,2024-03-29,dev,0,0.195,0,1,False,0,0,0.0,,,,
41c295afbaa0,apps:47048/21,2024-02-29,2024-03-29,dev,0,0.065,0,1,False,0,0,0.0,,,,
41c295afbaa0,apps:31516/22,2024-02-29,2024-03-29,dev,0,0.065,0,1,False,0,0,0.0,,,,
41c295afbaa0,apps:46570/18,2024-02-29,2024-03-29,dev,0,0.065,0,1,False,0,0,0.0,,,,
41c295afbaa0,apps:26096/16,2024-02-29,2024-03-29,dev,0,0.065,0,1,False,0,0,0.0,,,,
41c295afbaa0,apps:53209/17,2024-02-29,2024-03-29,dev,0,0.065,0,1,False,0,0,0.0,,,,
41c295afbaa0,apps:9429/23,2024-02-29,2024-03-29,dev,0,0.065,0,1,False,0,0,0.0,,,,
41c295afbaa0,apps:41877/21,2024-02-29,2024-03-29,dev,0,0.065,0,1,False,0,0,0.0,,,,
41c295afbaa0,apps:57580/21,2024-02-29,2024-03-29,dev,0,0.065,0,1,False,0,0,0.0,,,,
41c295afbaa0,apps:31018/09,2024-02-29,2024-03-29,dev,0,0.065,0,1,False,0,0,0.0,,,,
41c295afbaa0,apps:62444/10,2024-02-29,2024-03-29,dev,0,0.065,0,1,False,0,0,0.0,,,,
41c295afbaa0,apps:48029/21,2024-02-29,2024-03-29,dev,0,0.065,0,1,False,0,0,0.0,,,,
41c295afbaa0,apps:18371/17,2024-02-29,2024-03-29,dev,0,0.065,0,1,False,0,0,0.0,,,,
41c295afbaa0,apps:47784/18,2024-02-29,2024-03-29,dev,0,0.065,0,1,False,0,0,0.0,,,,
41c295afbaa0,apps:19657/18,2024-02-29,2024-03-29,dev,0,0.065,0,1,False,0,0,0.0,,,,
41c295afbaa0,apps:56716/16,2024-02-29,2024-03-29,dev,0,0.065,0,1,False,0,0,0.0,,,,
41c295afbaa0,apps:62157/13,2024-02-29,2024-03-29,dev,0,0.065,0,1,False,0,0,0.0,,,,
41c295afbaa0,apps:16915/21,2024-02-29,2024-03-29,dev,0,0.195,0,1,False,0,0,0.0,,,,
41c295afbaa0,apps:48340/20,2024-02-29,2024-03-29,dev,0,0.195,0,1,False,0,0,0.0,,,,
41c295afbaa0,apps:53162/21,2024-02-29,2024-03-29,dev,0,0.195,0,1,False,0,0,0.0,,,,
54e38e09f96e,apps:45205/22,2024-02-29,2024-03-30,dev,0,0.065,0,1,False,0,0,0.0,,,,
54e38e09f96e,apps:7827/23,2024-02-29,2024-03-30,dev,0,0.065,0,1,False,0,0,0.0,,,,
54e38e09f96e,apps:13072/23,2024-02-29,2024-03-30,dev,0,0.065,0,1,False,0,0,0.0,,,,
54e38e09f96e,apps:20256/20,2024-02-29,2024-03-30,dev,0,0.195,0,1,False,0,0,0.0,,,,
54e38e09f96e,apps:45987/21,2024-02-29,2024-03-30,dev,0,0.065,0,1,False,0,0,0.0,,,,
54e38e09f96e,apps:9166/14,2024-02-29,2024-03-30,dev,0,0.065,0,1,False,0,0,0.0,,,,
54e38e09f96e,apps:25870/21,2024-02-29,2024-03-30,dev,0,0.065,0,1,False,0,0,0.0,,,,
54e38e09f96e,apps:54470/21,2024-02-29,2024-03-30,dev,0,0.065,0,1,False,0,0,0.0,,,,
54e38e09f96e,apps:16974/14,2024-02-29,2024-03-30,dev,0,0.195,0,1,False,0,0,0.0,,,,
54e38e09f96e,apps:35012/19,2024-02-29,2024-03-30,dev,0,0.065,0,1,False,0,0,0.0,,,,
54e38e09f96e,apps:10940/17,2024-02-29,2024-03-30,dev,0,0.195,0,1,False,0,0,0.0,,,,
54e38e09f96e,apps:47048/21,2024-02-29,2024-03-30,dev,0,0.065,0,1,False,0,0,0.0,,,,
54e38e09f96e,apps:31516/22,2024-02-29,2024-03-30,dev,0,0.065,0,1,False,0,0,0.0,,,,
54e38e09f96e,apps:46570/18,2024-02-29,2024-03-30,dev,0,0.065,0,1,False,0,0,0.0,,,,
54e38e09f96e,apps:26096/16,2024-02-29,2024-03-30,dev,0,0.065,0,1,False,0,0,0.0,,,,
54e38e09f96e,apps:53209/17,2024-02-29,2024-03-30,dev,0,0.065,0,1,False,0,0,0.0,,,,
54e38e09f96e,apps:9429/23,2024-02-29,2024-03-30,dev,0,0.065,0,1,False,0,0,0.0,,,,
54e38e09f96e,apps:41877/21,2024-02-29,2024-03-30,dev,0,0.065,0,1,False,0,0,0.0,,,,
54e38e09f96e,apps:57580/21,2024-02-29,2024-03-30,dev,0,0.065,0,1,False,0,0,0.0,,,,
54e38e09f96e,apps:31018/09,2024-02-29,2024-03-30,dev,0,0.065,0,1,False,0,0,0.0,,,,
54e38e09f96e,apps:62444/10,2024-02-29,2024-03-30,dev,0,0.065,0,1,False,0,0,0.0,,,,
54e38e09f96e,apps:48029/21,2024-02-29,2024-03-30,dev,0,0.065,0,1,False,0,0,0.0,,,,
54e38e09f96e,apps:18371/17,2024-02-29,2024-03-30,dev,0,0.065,0,1,False,0,0,0.0,,,,
54e38e09f96e,apps:47784/18,2024-02-29,2024-03-30,dev,0,0.065,0,1,False,0,0,0.0,,,,
54e38e09f96e,apps:19657/18,2024-02-29,2024-03-30,dev,0,0.065,0,1,False,0,0,0.0,,,,
54e38e09f96e,apps:56716/16,2024-02-29,2024-03-30,dev,0,0.065,0,1,False,0,0,0.0,,,,
54e38e09f96e,apps:62157/13,2024-02-29,2024-03-30,dev,0,0.065,0,1,False,0,0,0.0,,,,
54e38e09f96e,apps:16915/21,2024-02-29,2024-03-30,dev,0,0.195,0,1,False,0,0,0.0,,,,
54e38e09f96e,apps:48340/20,2024-02-29,2024-03-30,dev,0,0.195,0,1,False,0,0,0.0,,,,
54e38e09f96e,apps:53162/21,2024-02-29,2024-03-30,dev,0,0.195,0,1,False,0,0,0.0,,,,
7ff3d5fc46dd,apps:45205/22,2024-02-29,2024-04-05,dev,0,0.065,0,1,False,0,0,0.0,,,,
7ff3d5fc46dd,apps:7827/23,2024-02-29,2024-04-05,dev,0,0.065,0,1,False,0,0,0.0,,,,
7ff3d5fc46dd,apps:13072/23,2024-02-29,2024-04-05,dev,0,0.065,0,1,False,0,0,0.0,,,,
7ff3d5fc46dd,apps:20256/20,2024-02-29,2024-04-05,dev,0,0.195,0,1,False,0,0,0.0,,,,
7ff3d5fc46dd,apps:45987/21,2024-02-29,2024-04-05,dev,0,0.065,0,1,False,0,0,0.0,,,,
7ff3d5fc46dd,apps:9166/14,2024-02-29,2024-04-05,dev,0,0.065,0,1,False,0,0,0.0,,,,
7ff3d5fc46dd,apps:25870/21,2024-02-29,2024-04-05,dev,0,0.065,0,1,False,0,0,0.0,,,,
7ff3d5fc46dd,apps:54470/21,2024-02-29,2024-04-05,dev,0,0.065,0,1,False,0,0,0.0,,,,
7ff3d5fc46dd,apps:16974/14,2024-02-29,2024-04-05,dev,0,0.195,0,1,False,0,0,0.0,,,,
7ff3d5fc46dd,apps:35012/19,2024-02-29,2024-04-05,dev,0,0.065,0,1,False,0,0,0.0,,,,
7ff3d5fc46dd,apps:10940/17,2024-02-29,2024-04-05,dev,0,0.195,0,1,False,0,0,0.0,,,,
7ff3d5fc46dd,apps:47048/21,2024-02-29,2024-04-05,dev,0,0.065,0,1,False,0,0,0.0,,,,
7ff3d5fc46dd,apps:31516/22,2024-02-29,2024-04-05,dev,0,0.065,0,1,False,0,0,0.0,,,,
7ff3d5fc46dd,apps:46570/18,2024-02-29,2024-04-05,dev,0,0.065,0,1,False,0,0,0.0,,,,
7ff3d5fc46dd,apps:26096/16,2024-02-29,2024-04-05,dev,0,0.065,0,1,False,0,0,0.0,,,,
7ff3d5fc46dd,apps:53209/17,2024-02-29,2024-04-05,dev,0,0.065,0,1,False,0,0,0.0,,,,
7ff3d5fc46dd,apps:9429/23,2024-02-29,2024-04-05,dev,0,0.065,0,1,False,0,0,0.0,,,,
7ff3d5fc46dd,apps:41877/21,2024-02-29,2024-04-05,dev,0,0.065,0,1,False,0,0,0.0,,,,
7ff3d5fc46dd,apps:57580/21,2024-02-29,2024-04-05,dev,0,0.065,0,1,False,0,0,0.0,,,,
7ff3d5fc46dd,apps:31018/09,2024-02-29,2024-04-05,dev,0,0.065,0,1,False,0,0,0.0,,,,
7ff3d5fc46dd,apps:62444/10,2024-02-29,2024-04-05,dev,0,0.065,0,1,False,0,0,0.0,,,,
7ff3d5fc46dd,apps:48029/21,2024-02-29,2024-04-05,dev,0,0.065,0,1,False,0,0,0.0,,,,
7ff3d5fc46dd,apps:18371/17,2024-02-29,2024-04-05,dev,0,0.065,0,1,False,0,0,0.0,,,,
7ff3d5fc46dd,apps:47784/18,2024-02-29,2024-04-05,dev,0,0.065,0,1,False,0,0,0.0,,,,
7ff3d5fc46dd,apps:19657/18,2024-02-29,2024-04-05,dev,0,0.065,0,1,False,0,0,0.0,,,,
7ff3d5fc46dd,apps:56716/16,2024-02-29,2024-04-05,dev,0,0.065,0,1,False,0,0,0.0,,,,
7ff3d5fc46dd,apps:62157/13,2024-02-29,2024-04-05,dev,0,0.065,0,1,False,0,0,0.0,,,,
7ff3d5fc46dd,apps:16915/21,2024-02-29,2024-04-05,dev,0,0.195,0,1,False,0,0,0.0,,,,
7ff3d5fc46dd,apps:48340/20,2024-02-29,2024-04-05,dev,0,0.195,0,1,False,0,0,0.0,,,,
7ff3d5fc46dd,apps:53162/21,2024-02-29,2024-04-05,dev,0,0.195,0,1,False,0,0,0.0,,,,
96d370a07ab1,apps:45205/22,2024-02-29,2024-09-30,dev,0,0.415,0,1,False,0,0,0.0,,,,
96d370a07ab1,apps:7827/23,2024-02-29,2024-09-30,dev,0,0.415,0,1,False,0,0,0.0,,,,
96d370a07ab1,apps:13072/23,2024-02-29,2024-09-30,dev,0,0.415,0,1,False,0,0,0.0,,,,
96d370a07ab1,apps:20256/20,2024-02-29,2024-09-30,dev,0,0.195,0,1,False,0,0,0.0,,,,
96d370a07ab1,apps:45987/21,2024-02-29,2024-09-30,dev,0,0.065,0,1,False,0,0,0.0,,,,
96d370a07ab1,apps:9166/14,2024-02-29,2024-09-30,dev,0,0.065,0,1,False,0,0,0.0,,,,
96d370a07ab1,apps:25870/21,2024-02-29,2024-09-30,dev,0,0.415,0,1,False,0,0,0.0,,,,
96d370a07ab1,apps:54470/21,2024-02-29,2024-09-30,dev,0,0.415,0,1,False,0,0,0.0,,,,
96d370a07ab1,apps:16974/14,2024-02-29,2024-09-30,dev,0,0.195,0,1,False,0,0,0.0,,,,
96d370a07ab1,apps:35012/19,2024-02-29,2024-09-30,dev,0,0.065,0,1,False,0,0,0.0,,,,
96d370a07ab1,apps:10940/17,2024-02-29,2024-09-30,dev,0,0.195,0,1,False,0,0,0.0,,,,
96d370a07ab1,apps:47048/21,2024-02-29,2024-09-30,dev,0,0.415,0,1,False,0,0,0.0,,,,
96d370a07ab1,apps:31516/22,2024-02-29,2024-09-30,dev,0,0.065,0,1,False,0,0,0.0,,,,
96d370a07ab1,apps:46570/18,2024-02-29,2024-09-30,dev,0,0.415,0,1,False,0,0,0.0,,,,
96d370a07ab1,apps:26096/16,2024-02-29,2024-09-30,dev,0,0.065,0,1,False,0,0,0.0,,,,
96d370a07ab1,apps:53209/17,2024-02-29,2024-09-30,dev,0,0.065,0,1,False,0,0,0.0,,,,
96d370a07ab1,apps:9429/23,2024-02-29,2024-09-30,dev,0,0.065,0,1,False,0,0,0.0,,,,
96d370a07ab1,apps:41877/21,2024-02-29,2024-09-30,dev,0,0.065,0,1,False,0,0,0.0,,,,
96d370a07ab1,apps:57580/21,2024-02-29,2024-09-30,dev,0,0.415,0,1,False,0,0,0.0,,,,
96d370a07ab1,apps:31018/09,2024-02-29,2024-09-30,dev,0,0.415,0,1,False,0,0,0.0,,,,
96d370a07ab1,apps:62444/10,2024-02-29,2024-09-30,dev,0,0.415,0,1,False,0,0,0.0,,,,
96d370a07ab1,apps:48029/21,2024-02-29,2024-09-30,dev,0,0.415,0,1,False,0,0,0.0,,,,
96d370a07ab1,apps:18371/17,2024-02-29,2024-09-30,dev,0,0.415,0,1,False,0,0,0.0,,,,
96d370a07ab1,apps:47784/18,2024-02-29,2024-09-30,dev,0,0.415,0,1,False,0,0,0.0,,,,
96d370a07ab1,apps:19657/18,2024-02-29,2024-09-30,dev,0,0.065,0,1,False,0,0,0.0,,,,
96d370a07ab1,apps:56716/16,2024-02-29,2024-09-30,dev,0,0.065,0,1,False,0,0,0.0,,,,
96d370a07ab1,apps:62157/13,2024-02-29,2024-09-30,dev,0,0.415,0,1,False,0,0,0.0,,,,
96d370a07ab1,apps:16915/21,2024-02-29,2024-09-30,dev,0,0.195,0,1,False,0,0,0.0,,,,
96d370a07ab1,apps:48340/20,2024-02-29,2024-09-30,dev,0,0.195,0,1,False,0,0,0.0,,,,
96d370a07ab1,apps:53162/21,2024-02-29,2024-09-30,dev,0,0.195,0,1,False,0,0,0.0,,,,
a94e3bc7e2bf,apps:45205/22,2024-02-29,2024-04-09,dev,0,0.065,0,1,False,0,0,0.0,,,,
a94e3bc7e2bf,apps:7827/23,2024-02-29,2024-04-09,dev,0,0.415,0,1,False,0,0,0.0,,,,
a94e3bc7e2bf,apps:13072/23,2024-02-29,2024-04-09,dev,0,0.065,0,1,False,0,0,0.0,,,,
a94e3bc7e2bf,apps:20256/20,2024-02-29,2024-04-09,dev,0,0.195,0,1,False,0,0,0.0,,,,
a94e3bc7e2bf,apps:45987/21,2024-02-29,2024-04-09,dev,0,0.065,0,1,False,0,0,0.0,,,,
a94e3bc7e2bf,apps:9166/14,2024-02-29,2024-04-09,dev,0,0.065,0,1,False,0,0,0.0,,,,
a94e3bc7e2bf,apps:25870/21,2024-02-29,2024-04-09,dev,0,0.065,0,1,False,0,0,0.0,,,,
a94e3bc7e2bf,apps:54470/21,2024-02-29,2024-04-09,dev,0,0.065,0,1,False,0,0,0.0,,,,
a94e3bc7e2bf,apps:16974/14,2024-02-29,2024-04-09,dev,0,0.195,0,1,False,0,0,0.0,,,,
a94e3bc7e2bf,apps:35012/19,2024-02-29,2024-04-09,dev,0,0.415,0,1,False,0,0,0.0,,,,
a94e3bc7e2bf,apps:10940/17,2024-02-29,2024-04-09,dev,0,0.195,0,1,False,0,0,0.0,,,,
a94e3bc7e2bf,apps:47048/21,2024-02-29,2024-04-09,dev,0,0.065,0,1,False,0,0,0.0,,,,
a94e3bc7e2bf,apps:31516/22,2024-02-29,2024-04-09,dev,0,0.415,0,1,False,0,0,0.0,,,,
a94e3bc7e2bf,apps:46570/18,2024-02-29,2024-04-09,dev,0,0.065,0,1,False,0,0,0.0,,,,
a94e3bc7e2bf,apps:26096/16,2024-02-29,2024-04-09,dev,0,0.065,0,1,False,0,0,0.0,,,,
a94e3bc7e2bf,apps:53209/17,2024-02-29,2024-04-09,dev,0,0.065,0,1,False,0,0,0.0,,,,
a94e3bc7e2bf,apps:9429/23,2024-02-29,2024-04-09,dev,0,0.065,0,1,False,0,0,0.0,,,,
a94e3bc7e2bf,apps:41877/21,2024-02-29,2024-04-09,dev,0,0.415,0,1,False,0,0,0.0,,,,
a94e3bc7e2bf,apps:57580/21,2024-02-29,2024-04-09,dev,0,0.065,0,1,False,0,0,0.0,,,,
a94e3bc7e2bf,apps:31018/09,2024-02-29,2024-04-09,dev,0,0.065,0,1,False,0,0,0.0,,,,
a94e3bc7e2bf,apps:62444/10,2024-02-29,2024-04-09,dev,0,0.065,0,1,False,0,0,0.0,,,,
a94e3bc7e2bf,apps:48029/21,2024-02-29,2024-04-09,dev,0,0.065,0,1,False,0,0,0.0,,,,
a94e3bc7e2bf,apps:18371/17,2024-02-29,2024-04-09,dev,0,0.415,0,1,False,0,0,0.0,,,,
a94e3bc7e2bf,apps:47784/18,2024-02-29,2024-04-09,dev,0,0.065,0,1,False,0,0,0.0,,,,
a94e3bc7e2bf,apps:19657/18,2024-02-29,2024-04-09,dev,0,0.415,0,1,False,0,0,0.0,,,,
a94e3bc7e2bf,apps:56716/16,2024-02-29,2024-04-09,dev,0,0.415,0,1,False,0,0,0.0,,,,
a94e3bc7e2bf,apps:62157/13,2024-02-29,2024-04-09,dev,0,0.065,0,1,False,0,0,0.0,,,,
a94e3bc7e2bf,apps:16915/21,2024-02-29,2024-04-09,dev,0,0.195,0,1,False,0,0,0.0,,,,
a94e3bc7e2bf,apps:48340/20,2024-02-29,2024-04-09,dev,0,0.195,0,1,False,0,0,0.0,,,,
a94e3bc7e2bf,apps:53162/21,2024-02-29,2024-04-09,dev,0,0.195,0,1,False,0,0,0.0,,,,
d5256ad78e38,apps:45205/22,2024-02-29,2024-06-13,dev,0,0.065,0,1,False,0,0,0.0,,,,
d5256ad78e38,apps:7827/23,2024-02-29,2024-06-13,dev,0,0.065,0,1,False,0,0,0.0,,,,
d5256ad78e38,apps:13072/23,2024-02-29,2024-06-13,dev,0,0.065,0,1,False,0,0,0.0,,,,
d5256ad78e38,apps:20256/20,2024-02-29,2024-06-13,dev,0,0.195,0,1,False,0,0,0.0,,,,
d5256ad78e38,apps:45987/21,2024-02-29,2024-06-13,dev,0,0.065,0,1,False,0,0,0.0,,,,
d5256ad78e38,apps:9166/14,2024-02-29,2024-06-13,dev,0,0.065,0,1,False,0,0,0.0,,,,
d5256ad78e38,apps:25870/21,2024-02-29,2024-06-13,dev,0,0.065,0,1,False,0,0,0.0,,,,
d5256ad78e38,apps:54470/21,2024-02-29,2024-06-13,dev,0,0.065,0,1,False,0,0,0.0,,,,
d5256ad78e38,apps:35012/19,2024-02-29,2024-06-13,dev,0,0.065,0,1,False,0,0,0.0,,,,
d5256ad78e38,apps:10940/17,2024-02-29,2024-06-13,dev,0,0.195,0,1,False,0,0,0.0,,,,
d5256ad78e38,apps:47048/21,2024-02-29,2024-06-13,dev,0,0.065,0,1,False,0,0,0.0,,,,
d5256ad78e38,apps:31516/22,2024-02-29,2024-06-13,dev,0,0.065,0,1,False,0,0,0.0,,,,
d5256ad78e38,apps:46570/18,2024-02-29,2024-06-13,dev,0,0.065,0,1,False,0,0,0.0,,,,
d5256ad78e38,apps:26096/16,2024-02-29,2024-06-13,dev,0,0.065,0,1,False,0,0,0.0,,,,
d5256ad78e38,apps:53209/17,2024-02-29,2024-06-13,dev,0,0.065,0,1,False,0,0,0.0,,,,
d5256ad78e38,apps:9429/23,2024-02-29,2024-06-13,dev,0,0.065,0,1,False,0,0,0.0,,,,
d5256ad78e38,apps:41877/21,2024-02-29,2024-06-13,dev,0,0.065,0,1,False,0,0,0.0,,,,
d5256ad78e38,apps:57580/21,2024-02-29,2024-06-13,dev,0,0.065,0,1,False,0,0,0.0,,,,
d5256ad78e38,apps:31018/09,2024-02-29,2024-06-13,dev,0,0.065,0,1,False,0,0,0.0,,,,
d5256ad78e38,apps:62444/10,2024-02-29,2024-06-13,dev,0,0.065,0,1,False,0,0,0.0,,,,
d5256ad78e38,apps:48029/21,2024-02-29,2024-06-13,dev,0,0.065,0,1,False,0,0,0.0,,,,
d5256ad78e38,apps:18371/17,2024-02-29,2024-06-13,dev,0,0.065,0,1,False,0,0,0.0,,,,
d5256ad78e38,apps:47784/18,2024-02-29,2024-06-13,dev,0,0.065,0,1,False,0,0,0.0,,,,
d5256ad78e38,apps:19657/18,2024-02-29,2024-06-13,dev,0,0.065,0,1,False,0,0,0.0,,,,
d5256ad78e38,apps:56716/16,2024-02-29,2024-06-13,dev,0,0.065,0,1,False,0,0,0.0,,,,
d5256ad78e38,apps:62157/13,2024-02-29,2024-06-13,dev,0,0.065,0,1,False,0,0,0.0,,,,
d5256ad78e38,apps:16915/21,2024-02-29,2024-06-13,dev,0,0.195,0,1,False,0,0,0.0,,,,
d5256ad78e38,apps:48340/20,2024-02-29,2024-06-13,dev,0,0.195,0,1,False,0,0,0.0,,,,
d5256ad78e38,apps:53162/21,2024-02-29,2024-06-13,dev,0,0.195,0,1,False,0,0,0.0,,,,
d5256ad78e38,apps:36609/16,2024-02-29,2024-06-13,dev,0,0.065,0,1,False,0,0,0.0,,,,
dbfbd08a4477,apps:45205/22,2024-02-29,2024-09-30,dev,0,0.065,0,1,False,0,0,0.0,,,,
dbfbd08a4477,apps:7827/23,2024-02-29,2024-09-30,dev,0,0.065,0,1,False,0,0,0.0,,,,
dbfbd08a4477,apps:13072/23,2024-02-29,2024-09-30,dev,0,0.065,0,1,False,0,0,0.0,,,,
dbfbd08a4477,apps:20256/20,2024-02-29,2024-09-30,dev,0,0.195,0,1,False,0,0,0.0,,,,
dbfbd08a4477,apps:45987/21,2024-02-29,2024-09-30,dev,0,0.065,0,1,False,0,0,0.0,,,,
dbfbd08a4477,apps:9166/14,2024-02-29,2024-09-30,dev,0,0.065,0,1,False,0,0,0.0,,,,
dbfbd08a4477,apps:25870/21,2024-02-29,2024-09-30,dev,0,0.065,0,1,False,0,0,0.0,,,,
dbfbd08a4477,apps:54470/21,2024-02-29,2024-09-30,dev,0,0.065,0,1,False,0,0,0.0,,,,
dbfbd08a4477,apps:16974/14,2024-02-29,2024-09-30,dev,0,0.195,0,1,False,0,0,0.0,,,,
dbfbd08a4477,apps:35012/19,2024-02-29,2024-09-30,dev,0,0.065,0,1,False,0,0,0.0,,,,
dbfbd08a4477,apps:10940/17,2024-02-29,2024-09-30,dev,0,0.195,0,1,False,0,0,0.0,,,,
dbfbd08a4477,apps:47048/21,2024-02-29,2024-09-30,dev,0,0.065,0,1,False,0,0,0.0,,,,
dbfbd08a4477,apps:31516/22,2024-02-29,2024-09-30,dev,0,0.065,0,1,False,0,0,0.0,,,,
dbfbd08a4477,apps:46570/18,2024-02-29,2024-09-30,dev,0,0.065,0,1,False,0,0,0.0,,,,
dbfbd08a4477,apps:26096/16,2024-02-29,2024-09-30,dev,0,0.065,0,1,False,0,0,0.0,,,,
dbfbd08a4477,apps:53209/17,2024-02-29,2024-09-30,dev,0,0.065,0,1,False,0,0,0.0,,,,
dbfbd08a4477,apps:9429/23,2024-02-29,2024-09-30,dev,0,0.065,0,1,False,0,0,0.0,,,,
dbfbd08a4477,apps:41877/21,2024-02-29,2024-09-30,dev,0,0.065,0,1,False,0,0,0.0,,,,
dbfbd08a4477,apps:57580/21,2024-02-29,2024-09-30,dev,0,0.065,0,1,False,0,0,0.0,,,,
dbfbd08a4477,apps:31018/09,2024-02-29,2024-09-30,dev,0,0.065,0,1,False,0,0,0.0,,,,
dbfbd08a4477,apps:62444/10,2024-02-29,2024-09-30,dev,0,0.065,0,1,False,0,0,0.0,,,,
dbfbd08a4477,apps:48029/21,2024-02-29,2024-09-30,dev,0,0.065,0,1,False,0,0,0.0,,,,
dbfbd08a4477,apps:18371/17,2024-02-29,2024-09-30,dev,0,0.065,0,1,False,0,0,0.0,,,,
dbfbd08a4477,apps:47784/18,2024-02-29,2024-09-30,dev,0,0.065,0,1,False,0,0,0.0,,,,
dbfbd08a4477,apps:19657/18,2024-02-29,2024-09-30,dev,0,0.065,0,1,False,0,0,0.0,,,,
dbfbd08a4477,apps:56716/16,2024-02-29,2024-09-30,dev,0,0.065,0,1,False,0,0,0.0,,,,
dbfbd08a4477,apps:62157/13,2024-02-29,2024-09-30,dev,0,0.065,0,1,False,0,0,0.0,,,,
dbfbd08a4477,apps:16915/21,2024-02-29,2024-09-30,dev,0,0.195,0,1,False,0,0,0.0,,,,
dbfbd08a4477,apps:48340/20,2024-02-29,2024-09-30,dev,0,0.195,0,1,False,0,0,0.0,,,,
dbfbd08a4477,apps:53162/21,2024-02-29,2024-09-30,dev,0,0.195,0,1,False,0,0,0.0,,,,
e12c697e461c,apps:45205/22,2024-02-29,2024-09-30,dev,0,0.065,0,1,False,0,0,0.0,,,,
e12c697e461c,apps:7827/23,2024-02-29,2024-09-30,dev,0,0.065,0,1,False,0,0,0.0,,,,
e12c697e461c,apps:13072/23,2024-02-29,2024-09-30,dev,0,0.065,0,1,False,0,0,0.0,,,,
e12c697e461c,apps:20256/20,2024-02-29,2024-09-30,dev,0,0.195,0,1,False,0,0,0.0,,,,
e12c697e461c,apps:45987/21,2024-02-29,2024-09-30,dev,0,0.065,0,1,False,0,0,0.0,,,,
e12c697e461c,apps:9166/14,2024-02-29,2024-09-30,dev,0,0.065,0,1,False,0,0,0.0,,,,
e12c697e461c,apps:25870/21,2024-02-29,2024-09-30,dev,0,0.065,0,1,False,0,0,0.0,,,,
e12c697e461c,apps:54470/21,2024-02-29,2024-09-30,dev,0,0.065,0,1,False,0,0,0.0,,,,
e12c697e461c,apps:16974/14,2024-02-29,2024-09-30,dev,0,0.195,0,1,False,0,0,0.0,,,,
e12c697e461c,apps:35012/19,2024-02-29,2024-09-30,dev,0,0.415,0,1,False,0,0,0.0,,,,
e12c697e461c,apps:10940/17,2024-02-29,2024-09-30,dev,0,0.195,0,1,False,0,0,0.0,,,,
e12c697e461c,apps:47048/21,2024-02-29,2024-09-30,dev,0,0.065,0,1,False,0,0,0.0,,,,
e12c697e461c,apps:31516/22,2024-02-29,2024-09-30,dev,0,0.065,0,1,False,0,0,0.0,,,,
e12c697e461c,apps:46570/18,2024-02-29,2024-09-30,dev,0,0.065,0,1,False,0,0,0.0,,,,
e12c697e461c,apps:26096/16,2024-02-29,2024-09-30,dev,0,0.065,0,1,False,0,0,0.0,,,,
e12c697e461c,apps:53209/17,2024-02-29,2024-09-30,dev,0,0.065,0,1,False,0,0,0.0,,,,
e12c697e461c,apps:9429/23,2024-02-29,2024-09-30,dev,0,0.065,0,1,False,0,0,0.0,,,,
e12c697e461c,apps:41877/21,2024-02-29,2024-09-30,dev,0,0.065,0,1,False,0,0,0.0,,,,
e12c697e461c,apps:57580/21,2024-02-29,2024-09-30,dev,0,0.065,0,1,False,0,0,0.0,,,,
e12c697e461c,apps:31018/09,2024-02-29,2024-09-30,dev,0,0.065,0,1,False,0,0,0.0,,,,
e12c697e461c,apps:62444/10,2024-02-29,2024-09-30,dev,0,0.065,0,1,False,0,0,0.0,,,,
e12c697e461c,apps:48029/21,2024-02-29,2024-09-30,dev,0,0.065,0,1,False,0,0,0.0,,,,
e12c697e461c,apps:18371/17,2024-02-29,2024-09-30,dev,0,0.065,0,1,False,0,0,0.0,,,,
e12c697e461c,apps:47784/18,2024-02-29,2024-09-30,dev,0,0.065,0,1,False,0,0,0.0,,,,
e12c697e461c,apps:19657/18,2024-02-29,2024-09-30,dev,0,0.065,0,1,False,0,0,0.0,,,,
e12c697e461c,apps:56716/16,2024-02-29,2024-09-30,dev,0,0.065,0,1,False,0,0,0.0,,,,
e12c697e461c,apps:62157/13,2024-02-29,2024-09-30,dev,0,0.065,0,1,False,0,0,0.0,,,,
e12c697e461c,apps:16915/21,2024-02-29,2024-09-30,dev,0,0.195,0,1,False,0,0,0.0,,,,
e12c697e461c,apps:48340/20,2024-02-29,2024-09-30,dev,0,0.195,0,1,False,0,0,0.0,,,,
e12c697e461c,apps:53162/21,2024-02-29,2024-09-30,dev,0,0.195,0,1,False,0,0,0.0,,,,
e19a063de5b3,apps:45205/22,2024-02-29,2024-09-04,dev,0,0.065,0,1,False,0,0,0.0,,,,
e19a063de5b3,apps:7827/23,2024-02-29,2024-09-04,dev,0,0.065,0,1,False,0,0,0.0,,,,
e19a063de5b3,apps:13072/23,2024-02-29,2024-09-04,dev,0,0.065,0,1,False,0,0,0.0,,,,
e19a063de5b3,apps:20256/20,2024-02-29,2024-09-04,dev,0,0.195,0,1,False,0,0,0.0,,,,
e19a063de5b3,apps:45987/21,2024-02-29,2024-09-04,dev,0,0.065,0,1,False,0,0,0.0,,,,
e19a063de5b3,apps:9166/14,2024-02-29,2024-09-04,dev,0,0.065,0,1,False,0,0,0.0,,,,
e19a063de5b3,apps:25870/21,2024-02-29,2024-09-04,dev,0,0.065,0,1,False,0,0,0.0,,,,
e19a063de5b3,apps:54470/21,2024-02-29,2024-09-04,dev,0,0.065,0,1,False,0,0,0.0,,,,
e19a063de5b3,apps:16974/14,2024-02-29,2024-09-04,dev,0,0.195,0,1,False,0,0,0.0,,,,
e19a063de5b3,apps:35012/19,2024-02-29,2024-09-04,dev,0,0.065,0,1,False,0,0,0.0,,,,
e19a063de5b3,apps:47048/21,2024-02-29,2024-09-04,dev,0,0.065,0,1,False,0,0,0.0,,,,
e19a063de5b3,apps:31516/22,2024-02-29,2024-09-04,dev,0,0.065,0,1,False,0,0,0.0,,,,
e19a063de5b3,apps:46570/18,2024-02-29,2024-09-04,dev,0,0.065,0,1,False,0,0,0.0,,,,
e19a063de5b3,apps:26096/16,2024-02-29,2024-09-04,dev,0,0.065,0,1,False,0,0,0.0,,,,
e19a063de5b3,apps:53209/17,2024-02-29,2024-09-04,dev,0,0.065,0,1,False,0,0,0.0,,,,
e19a063de5b3,apps:9429/23,2024-02-29,2024-09-04,dev,0,0.065,0,1,False,0,0,0.0,,,,
e19a063de5b3,apps:41877/21,2024-02-29,2024-09-04,dev,0,0.065,0,1,False,0,0,0.0,,,,
e19a063de5b3,apps:57580/21,2024-02-29,2024-09-04,dev,0,0.065,0,1,False,0,0,0.0,,,,
e19a063de5b3,apps:31018/09,2024-02-29,2024-09-04,dev,0,0.065,0,1,False,0,0,0.0,,,,
e19a063de5b3,apps:62444/10,2024-02-29,2024-09-04,dev,0,0.065,0,1,False,0,0,0.0,,,,
e19a063de5b3,apps:48029/21,2024-02-29,2024-09-04,dev,0,0.065,0,1,False,0,0,0.0,,,,
e19a063de5b3,apps:18371/17,2024-02-29,2024-09-04,dev,0,0.065,0,1,False,0,0,0.0,,,,
e19a063de5b3,apps:47784/18,2024-02-29,2024-09-04,dev,0,0.065,0,1,False,0,0,0.0,,,,
e19a063de5b3,apps:19657/18,2024-02-29,2024-09-04,dev,0,0.065,0,1,False,0,0,0.0,,,,
e19a063de5b3,apps:56716/16,2024-02-29,2024-09-04,dev,0,0.065,0,1,False,0,0,0.0,,,,
e19a063de5b3,apps:62157/13,2024-02-29,2024-09-04,dev,0,0.065,0,1,False,0,0,0.0,,,,
e19a063de5b3,apps:16915/21,2024-02-29,2024-09-04,dev,0,0.195,0,1,False,0,0,0.0,,,,
e19a063de5b3,apps:48340/20,2024-02-29,2024-09-04,dev,0,0.195,0,1,False,0,0,0.0,,,,
e19a063de5b3,apps:53162/21,2024-02-29,2024-09-04,dev,0,0.195,0,1,False,0,0,0.0,,,,
e19a063de5b3,apps:36609/16,2024-02-29,2024-09-04,dev,0,0.065,0,1,False,0,0,0.0,,,,
99cd2ce32cf8,apps:21141/20,2024-04-09,2024-06-18,dev,0,0.415,0,1,False,0,0,0.0,,,,
99cd2ce32cf8,apps:7189/21,2024-04-09,2024-06-18,dev,0,1.0,1,0,False,0,0,0.0,,,,
99cd2ce32cf8,apps:23332/20,2024-04-09,2024-06-18,dev,0,0.065,0,1,False,0,0,0.0,,,,
99cd2ce32cf8,apps:49512/22,2024-04-09,2024-06-18,dev,0,0.065,0,1,False,0,0,0.0,,,,
99cd2ce32cf8,apps:12471/20,2024-04-09,2024-06-18,dev,0,0.195,0,1,False,0,0,0.0,,,,
99cd2ce32cf8,apps:39611/18,2024-04-09,2024-06-18,dev,0,0.545,1,0,False,0,0,0.0,,,,
99cd2ce32cf8,apps:20183/21,2024-04-09,2024-06-18,dev,0,0.195,0,1,False,0,0,0.0,,,,
99cd2ce32cf8,apps:19124/21,2024-04-09,2024-06-18,dev,0,0.195,0,1,False,0,0,0.0,,,,
99cd2ce32cf8,apps:40516/19,2024-04-09,2024-06-18,dev,0,0.065,0,1,False,0,0,0.0,,,,
99cd2ce32cf8,apps:2116/21,2024-04-09,2024-06-18,dev,0,0.415,0,1,False,0,0,0.0,,,,
99cd2ce32cf8,apps:19866/21,2024-04-09,2024-06-18,dev,0,0.415,0,1,False,0,0,0.0,,,,
99cd2ce32cf8,apps:73532/16,2024-04-09,2024-06-18,dev,0,0.195,0,1,False,0,0,0.0,,,,
99cd2ce32cf8,apps:963/18,2024-04-09,2024-06-18,dev,0,0.065,0,1,False,0,0,0.0,,,,
99cd2ce32cf8,apps:31022/20,2024-04-09,2024-06-18,dev,0,0.415,0,1,False,0,0,0.0,,,,
99cd2ce32cf8,apps:51301/22,2024-04-09,2024-06-18,dev,0,0.415,0,1,False,0,0,0.0,,,,
99cd2ce32cf8,apps:39371/20,2024-04-09,2024-06-18,dev,0,1.0,1,0,False,0,0,0.0,,,,
99cd2ce32cf8,apps:13129/19,2024-04-09,2024-06-18,dev,0,0.065,0,1,False,0,0,0.0,,,,
99cd2ce32cf8,apps:11589/16,2024-04-09,2024-06-18,dev,0,0.065,0,1,False,0,0,0.0,,,,
99cd2ce32cf8,apps:59556/19,2024-04-09,2024-06-18,dev,0,0.065,0,1,False,0,0,0.0,,,,
99cd2ce32cf8,apps:70643/17,2024-04-09,2024-06-18,dev,0,0.065,0,1,False,0,0,0.0,,,,
99cd2ce32cf8,apps:26597/23,2024-04-09,2024-06-18,dev,0,0.065,0,1,False,0,0,0.0,,,,
99cd2ce32cf8,apps:6389/21,2024-04-09,2024-06-18,dev,0,0.065,0,1,False,0,0,0.0,,,,
99cd2ce32cf8,apps:46184/21,2024-04-09,2024-06-18,dev,0,0.065,0,1,False,0,0,0.0,,,,
99cd2ce32cf8,apps:19638/18,2024-04-09,2024-06-18,dev,0,0.065,0,1,False,0,0,0.0,,,,
99cd2ce32cf8,apps:78654/17,2024-04-09,2024-06-18,dev,0,0.065,0,1,False,0,0,0.0,,,,
99cd2ce32cf8,apps:29248/18,2024-04-09,2024-06-18,dev,0,0.065,0,1,False,0,0,0.0,,,,
99cd2ce32cf8,apps:49118/21,2024-04-09,2024-06-18,dev,0,0.065,0,1,False,0,0,0.0,,,,
99cd2ce32cf8,apps:78465/16,2024-04-09,2024-06-18,dev,0,0.065,0,1,False,0,0,0.0,,,,
99cd2ce32cf8,apps:47083/19,2024-04-09,2024-06-18,dev,0,0.065,0,1,False,0,0,0.0,,,,
99cd2ce32cf8,apps:41907/20,2024-04-09,2024-06-18,dev,0,0.415,0,1,False,0,0,0.0,,,,
154b01c3289a,apps:40776/16,2024-08-31,2025-01-26,dev,0,0.065,0,1,False,0,0,0.0,,,,
154b01c3289a,apps:59464/21,2024-08-31,2025-01-26,dev,0,0.545,1,0,False,0,0,0.0,,,,
154b01c3289a,apps:12767/21,2024-08-31,2025-01-26,dev,0,0.065,0,1,False,0,0,0.0,,,,
154b01c3289a,apps:24622/22,2024-08-31,2025-01-26,dev,0,1.0,1,0,False,0,0,0.0,,,,
154b01c3289a,apps:44681/21,2024-08-31,2025-01-26,dev,0,0.195,0,1,False,0,0,0.0,,,,
154b01c3289a,apps:33394/12,2024-08-31,2025-01-26,dev,0,0.415,0,1,False,0,0,0.0,,,,
154b01c3289a,apps:28540/20,2024-08-31,2025-01-26,dev,0,0.415,0,1,False,0,0,0.0,,,,
154b01c3289a,apps:50058/12,2024-08-31,2025-01-26,dev,0,0.065,0,1,False,0,0,0.0,,,,
154b01c3289a,apps:20007/22,2024-08-31,2025-01-26,dev,0,0.195,0,1,False,0,0,0.0,,,,
154b01c3289a,apps:15028/16,2024-08-31,2025-01-26,dev,0,0.195,0,1,False,0,0,0.0,,,,
154b01c3289a,apps:32887/19,2024-08-31,2025-01-26,dev,0,0.545,1,0,False,0,0,0.0,,,,
154b01c3289a,apps:28791/10,2024-08-31,2025-01-26,dev,0,0.195,0,1,False,0,0,0.0,,,,
154b01c3289a,apps:989/18,2024-08-31,2025-01-26,dev,0,0.065,0,1,False,0,0,0.0,,,,
154b01c3289a,apps:17389/20,2024-08-31,2025-01-26,dev,0,0.545,1,0,False,0,0,0.0,,,,
154b01c3289a,apps:35780/18,2024-08-31,2025-01-26,dev,0,0.415,0,1,False,0,0,0.0,,,,
154b01c3289a,apps:22463/17,2024-08-31,2025-01-26,dev,0,0.415,0,1,False,0,0,0.0,,,,
154b01c3289a,apps:2327/20,2024-08-31,2025-01-26,dev,0,0.195,0,1,False,0,0,0.0,,,,
154b01c3289a,apps:34210/19,2024-08-31,2025-01-26,dev,0,0.545,1,0,False,0,0,0.0,,,,
154b01c3289a,apps:63664/19,2024-08-31,2025-01-26,dev,0,0.65,1,0,False,0,0,0.0,,,,
154b01c3289a,apps:49755/18,2024-08-31,2025-01-26,dev,0,0.545,1,0,False,0,0,0.0,,,,
154b01c3289a,apps:42221/18,2024-08-31,2025-01-26,dev,0,0.195,0,1,False,0,0,0.0,,,,
154b01c3289a,apps:50374/21,2024-08-31,2025-01-26,dev,0,0.065,0,1,False,0,0,0.0,,,,
154b01c3289a,apps:28467/18,2024-08-31,2025-01-26,dev,0,0.065,0,1,False,0,0,0.0,,,,
154b01c3289a,apps:23734/21,2024-08-31,2025-01-26,dev,0,0.065,0,1,False,0,0,0.0,,,,
154b01c3289a,apps:205/22,2024-08-31,2025-01-26,dev,0,0.065,0,1,False,0,0,0.0,,,,
154b01c3289a,apps:4325/22,2024-08-31,2025-01-26,dev,0,0.065,0,1,False,0,0,0.0,,,,
154b01c3289a,apps:50942/20,2024-08-31,2025-01-26,dev,0,0.545,1,0,False,0,0,0.0,,,,
154b01c3289a,apps:40861/22,2024-08-31,2025-01-26,dev,0,0.545,1,0,False,0,0,0.0,,,,
154b01c3289a,apps:6823/19,2024-08-31,2025-01-26,dev,0,0.065,0,1,False,0,0,0.0,,,,
154b01c3289a,apps:50764/18,2024-08-31,2025-01-26,dev,0,0.065,0,1,False,0,0,0.0,,,,
415c8994e0ed,apps:40776/16,2024-08-31,2025-01-22,dev,0,0.065,0,1,False,0,0,0.0,,,,
415c8994e0ed,apps:59464/21,2024-08-31,2025-01-22,dev,0,0.195,0,1,False,0,0,0.0,,,,
415c8994e0ed,apps:12767/21,2024-08-31,2025-01-22,dev,0,0.065,0,1,False,0,0,0.0,,,,
415c8994e0ed,apps:24622/22,2024-08-31,2025-01-22,dev,0,0.65,1,0,False,0,0,0.0,,,,
415c8994e0ed,apps:44681/21,2024-08-31,2025-01-22,dev,0,0.195,0,1,False,0,0,0.0,,,,
415c8994e0ed,apps:33394/12,2024-08-31,2025-01-22,dev,0,0.065,0,1,False,0,0,0.0,,,,
415c8994e0ed,apps:28540/20,2024-08-31,2025-01-22,dev,0,0.065,0,1,False,0,0,0.0,,,,
415c8994e0ed,apps:50058/12,2024-08-31,2025-01-22,dev,0,0.065,0,1,False,0,0,0.0,,,,
415c8994e0ed,apps:20007/22,2024-08-31,2025-01-22,dev,0,0.545,1,0,False,0,0,0.0,,,,
415c8994e0ed,apps:15028/16,2024-08-31,2025-01-22,dev,0,0.195,0,1,False,0,0,0.0,,,,
415c8994e0ed,apps:32887/19,2024-08-31,2025-01-22,dev,0,0.195,0,1,False,0,0,0.0,,,,
415c8994e0ed,apps:28791/10,2024-08-31,2025-01-22,dev,0,0.195,0,1,False,0,0,0.0,,,,
415c8994e0ed,apps:989/18,2024-08-31,2025-01-22,dev,0,0.065,0,1,False,0,0,0.0,,,,
415c8994e0ed,apps:17389/20,2024-08-31,2025-01-22,dev,0,0.195,0,1,False,0,0,0.0,,,,
415c8994e0ed,apps:35780/18,2024-08-31,2025-01-22,dev,0,0.065,0,1,False,0,0,0.0,,,,
415c8994e0ed,apps:22463/17,2024-08-31,2025-01-22,dev,0,0.065,0,1,False,0,0,0.0,,,,
415c8994e0ed,apps:2327/20,2024-08-31,2025-01-22,dev,0,0.195,0,1,False,0,0,0.0,,,,
415c8994e0ed,apps:34210/19,2024-08-31,2025-01-22,dev,0,0.195,0,1,False,0,0,0.0,,,,
415c8994e0ed,apps:63664/19,2024-08-31,2025-01-22,dev,0,0.65,1,0,False,0,0,0.0,,,,
415c8994e0ed,apps:49755/18,2024-08-31,2025-01-22,dev,0,0.195,0,1,False,0,0,0.0,,,,
415c8994e0ed,apps:42221/18,2024-08-31,2025-01-22,dev,0,0.195,0,1,False,0,0,0.0,,,,
415c8994e0ed,apps:50374/21,2024-08-31,2025-01-22,dev,0,0.065,0,1,False,0,0,0.0,,,,
415c8994e0ed,apps:28467/18,2024-08-31,2025-01-22,dev,0,0.065,0,1,False,0,0,0.0,,,,
415c8994e0ed,apps:23734/21,2024-08-31,2025-01-22,dev,0,0.065,0,1,False,0,0,0.0,,,,
415c8994e0ed,apps:205/22,2024-08-31,2025-01-22,dev,0,0.065,0,1,False,0,0,0.0,,,,
415c8994e0ed,apps:4325/22,2024-08-31,2025-01-22,dev,0,0.065,0,1,False,0,0,0.0,,,,
415c8994e0ed,apps:50942/20,2024-08-31,2025-01-22,dev,0,0.195,0,1,False,0,0,0.0,,,,
415c8994e0ed,apps:40861/22,2024-08-31,2025-01-22,dev,0,0.195,0,1,False,0,0,0.0,,,,
415c8994e0ed,apps:6823/19,2024-08-31,2025-01-22,dev,0,0.065,0,1,False,0,0,0.0,,,,
415c8994e0ed,apps:50764/18,2024-08-31,2025-01-22,dev,0,0.065,0,1,False,0,0,0.0,,,,
684d373b17e9,apps:40776/16,2024-08-31,2024-09-30,dev,0,0.065,0,1,False,0,0,0.0,,,,
684d373b17e9,apps:59464/21,2024-08-31,2024-09-30,dev,0,0.195,0,1,False,0,0,0.0,,,,
684d373b17e9,apps:12767/21,2024-08-31,2024-09-30,dev,0,0.065,0,1,False,0,0,0.0,,,,
684d373b17e9,apps:24622/22,2024-08-31,2024-09-30,dev,0,0.65,1,0,False,0,0,0.0,,,,
684d373b17e9,apps:44681/21,2024-08-31,2024-09-30,dev,0,0.195,0,1,False,0,0,0.0,,,,
684d373b17e9,apps:33394/12,2024-08-31,2024-09-30,dev,0,0.065,0,1,False,0,0,0.0,,,,
684d373b17e9,apps:28540/20,2024-08-31,2024-09-30,dev,0,0.065,0,1,False,0,0,0.0,,,,
684d373b17e9,apps:50058/12,2024-08-31,2024-09-30,dev,0,0.065,0,1,False,0,0,0.0,,,,
684d373b17e9,apps:20007/22,2024-08-31,2024-09-30,dev,0,0.195,0,1,False,0,0,0.0,,,,
684d373b17e9,apps:15028/16,2024-08-31,2024-09-30,dev,0,0.195,0,1,False,0,0,0.0,,,,
684d373b17e9,apps:32887/19,2024-08-31,2024-09-30,dev,0,0.195,0,1,False,0,0,0.0,,,,
684d373b17e9,apps:28791/10,2024-08-31,2024-09-30,dev,0,0.195,0,1,False,0,0,0.0,,,,
684d373b17e9,apps:989/18,2024-08-31,2024-09-30,dev,0,0.065,0,1,False,0,0,0.0,,,,
684d373b17e9,apps:17389/20,2024-08-31,2024-09-30,dev,0,0.195,0,1,False,0,0,0.0,,,,
684d373b17e9,apps:35780/18,2024-08-31,2024-09-30,dev,0,0.065,0,1,False,0,0,0.0,,,,
684d373b17e9,apps:22463/17,2024-08-31,2024-09-30,dev,0,0.065,0,1,False,0,0,0.0,,,,
684d373b17e9,apps:2327/20,2024-08-31,2024-09-30,dev,0,0.195,0,1,False,0,0,0.0,,,,
684d373b17e9,apps:34210/19,2024-08-31,2024-09-30,dev,0,0.195,0,1,False,0,0,0.0,,,,
684d373b17e9,apps:63664/19,2024-08-31,2024-09-30,dev,0,0.65,1,0,False,0,0,0.0,,,,
684d373b17e9,apps:49755/18,2024-08-31,2024-09-30,dev,0,0.195,0,1,False,0,0,0.0,,,,
684d373b17e9,apps:42221/18,2024-08-31,2024-09-30,dev,0,0.195,0,1,False,0,0,0.0,,,,
684d373b17e9,apps:50374/21,2024-08-31,2024-09-30,dev,0,0.415,0,1,False,0,0,0.0,,,,
684d373b17e9,apps:28467/18,2024-08-31,2024-09-30,dev,0,0.065,0,1,False,0,0,0.0,,,,
684d373b17e9,apps:23734/21,2024-08-31,2024-09-30,dev,0,0.065,0,1,False,0,0,0.0,,,,
684d373b17e9,apps:205/22,2024-08-31,2024-09-30,dev,0,0.065,0,1,False,0,0,0.0,,,,
684d373b17e9,apps:4325/22,2024-08-31,2024-09-30,dev,0,0.065,0,1,False,0,0,0.0,,,,
684d373b17e9,apps:50942/20,2024-08-31,2024-09-30,dev,0,0.195,0,1,False,0,0,0.0,,,,
684d373b17e9,apps:40861/22,2024-08-31,2024-09-30,dev,0,0.195,0,1,False,0,0,0.0,,,,
684d373b17e9,apps:6823/19,2024-08-31,2024-09-30,dev,0,0.065,0,1,False,0,0,0.0,,,,
684d373b17e9,apps:50764/18,2024-08-31,2024-09-30,dev,0,0.065,0,1,False,0,0,0.0,,,,
7a059e452dbd,apps:40776/16,2024-08-31,2024-12-19,dev,0,0.065,0,1,False,0,0,0.0,,,,
7a059e452dbd,apps:59464/21,2024-08-31,2024-12-19,dev,0,0.195,0,1,False,0,0,0.0,,,,
7a059e452dbd,apps:12767/21,2024-08-31,2024-12-19,dev,0,0.065,0,1,False,0,0,0.0,,,,
7a059e452dbd,apps:24622/22,2024-08-31,2024-12-19,dev,0,0.65,1,0,False,0,0,0.0,,,,
7a059e452dbd,apps:44681/21,2024-08-31,2024-12-19,dev,0,0.195,0,1,False,0,0,0.0,,,,
7a059e452dbd,apps:33394/12,2024-08-31,2024-12-19,dev,0,0.065,0,1,False,0,0,0.0,,,,
7a059e452dbd,apps:28540/20,2024-08-31,2024-12-19,dev,0,0.065,0,1,False,0,0,0.0,,,,
7a059e452dbd,apps:50058/12,2024-08-31,2024-12-19,dev,0,0.065,0,1,False,0,0,0.0,,,,
7a059e452dbd,apps:20007/22,2024-08-31,2024-12-19,dev,0,0.195,0,1,False,0,0,0.0,,,,
7a059e452dbd,apps:15028/16,2024-08-31,2024-12-19,dev,0,0.195,0,1,False,0,0,0.0,,,,
7a059e452dbd,apps:32887/19,2024-08-31,2024-12-19,dev,0,0.195,0,1,False,0,0,0.0,,,,
7a059e452dbd,apps:28791/10,2024-08-31,2024-12-19,dev,0,0.195,0,1,False,0,0,0.0,,,,
7a059e452dbd,apps:989/18,2024-08-31,2024-12-19,dev,0,0.065,0,1,False,0,0,0.0,,,,
7a059e452dbd,apps:17389/20,2024-08-31,2024-12-19,dev,0,0.195,0,1,False,0,0,0.0,,,,
7a059e452dbd,apps:35780/18,2024-08-31,2024-12-19,dev,0,0.065,0,1,False,0,0,0.0,,,,
7a059e452dbd,apps:22463/17,2024-08-31,2024-12-19,dev,0,0.065,0,1,False,0,0,0.0,,,,
7a059e452dbd,apps:34210/19,2024-08-31,2024-12-19,dev,0,0.195,0,1,False,0,0,0.0,,,,
7a059e452dbd,apps:63664/19,2024-08-31,2024-12-19,dev,0,0.65,1,0,False,0,0,0.0,,,,
7a059e452dbd,apps:49755/18,2024-08-31,2024-12-19,dev,0,0.195,0,1,False,0,0,0.0,,,,
7a059e452dbd,apps:42221/18,2024-08-31,2024-12-19,dev,0,0.195,0,1,False,0,0,0.0,,,,
7a059e452dbd,apps:50374/21,2024-08-31,2024-12-19,dev,0,0.065,0,1,False,0,0,0.0,,,,
7a059e452dbd,apps:28467/18,2024-08-31,2024-12-19,dev,0,0.065,0,1,False,0,0,0.0,,,,
7a059e452dbd,apps:23734/21,2024-08-31,2024-12-19,dev,0,0.065,0,1,False,0,0,0.0,,,,
7a059e452dbd,apps:205/22,2024-08-31,2024-12-19,dev,0,0.065,0,1,False,0,0,0.0,,,,
7a059e452dbd,apps:4325/22,2024-08-31,2024-12-19,dev,0,0.065,0,1,False,0,0,0.0,,,,
7a059e452dbd,apps:50942/20,2024-08-31,2024-12-19,dev,0,0.195,0,1,False,0,0,0.0,,,,
7a059e452dbd,apps:40861/22,2024-08-31,2024-12-19,dev,0,0.195,0,1,False,0,0,0.0,,,,
7a059e452dbd,apps:6823/19,2024-08-31,2024-12-19,dev,0,0.065,0,1,False,0,0,0.0,,,,
7a059e452dbd,apps:50764/18,2024-08-31,2024-12-19,dev,0,0.065,0,1,False,0,0,0.0,,,,
7a059e452dbd,apps:16174/19,2024-08-31,2024-12-19,dev,0,0.065,0,1,False,0,0,0.0,,,,
7b2999efc3b7,apps:40776/16,2024-08-31,2024-09-30,dev,0,0.065,0,1,False,0,0,0.0,,,,
7b2999efc3b7,apps:59464/21,2024-08-31,2024-09-30,dev,0,0.195,0,1,False,0,0,0.0,,,,
7b2999efc3b7,apps:12767/21,2024-08-31,2024-09-30,dev,0,0.065,0,1,False,0,0,0.0,,,,
7b2999efc3b7,apps:24622/22,2024-08-31,2024-09-30,dev,0,0.65,1,0,False,0,0,0.0,,,,
7b2999efc3b7,apps:44681/21,2024-08-31,2024-09-30,dev,0,0.195,0,1,False,0,0,0.0,,,,
7b2999efc3b7,apps:33394/12,2024-08-31,2024-09-30,dev,0,0.065,0,1,False,0,0,0.0,,,,
7b2999efc3b7,apps:28540/20,2024-08-31,2024-09-30,dev,0,0.065,0,1,False,0,0,0.0,,,,
7b2999efc3b7,apps:50058/12,2024-08-31,2024-09-30,dev,0,0.065,0,1,False,0,0,0.0,,,,
7b2999efc3b7,apps:20007/22,2024-08-31,2024-09-30,dev,0,0.195,0,1,False,0,0,0.0,,,,
7b2999efc3b7,apps:15028/16,2024-08-31,2024-09-30,dev,0,0.195,0,1,False,0,0,0.0,,,,
7b2999efc3b7,apps:32887/19,2024-08-31,2024-09-30,dev,0,0.195,0,1,False,0,0,0.0,,,,
7b2999efc3b7,apps:28791/10,2024-08-31,2024-09-30,dev,0,0.195,0,1,False,0,0,0.0,,,,
7b2999efc3b7,apps:989/18,2024-08-31,2024-09-30,dev,0,0.065,0,1,False,0,0,0.0,,,,
7b2999efc3b7,apps:17389/20,2024-08-31,2024-09-30,dev,0,0.195,0,1,False,0,0,0.0,,,,
7b2999efc3b7,apps:35780/18,2024-08-31,2024-09-30,dev,0,0.065,0,1,False,0,0,0.0,,,,
7b2999efc3b7,apps:22463/17,2024-08-31,2024-09-30,dev,0,0.065,0,1,False,0,0,0.0,,,,
7b2999efc3b7,apps:2327/20,2024-08-31,2024-09-30,dev,0,0.195,0,1,False,0,0,0.0,,,,
7b2999efc3b7,apps:34210/19,2024-08-31,2024-09-30,dev,0,0.195,0,1,False,0,0,0.0,,,,
7b2999efc3b7,apps:63664/19,2024-08-31,2024-09-30,dev,0,0.65,1,0,False,0,0,0.0,,,,
7b2999efc3b7,apps:49755/18,2024-08-31,2024-09-30,dev,0,0.195,0,1,False,0,0,0.0,,,,
7b2999efc3b7,apps:42221/18,2024-08-31,2024-09-30,dev,0,0.195,0,1,False,0,0,0.0,,,,
7b2999efc3b7,apps:50374/21,2024-08-31,2024-09-30,dev,0,0.065,0,1,False,0,0,0.0,,,,
7b2999efc3b7,apps:28467/18,2024-08-31,2024-09-30,dev,0,0.065,0,1,False,0,0,0.0,,,,
7b2999efc3b7,apps:23734/21,2024-08-31,2024-09-30,dev,0,0.065,0,1,False,0,0,0.0,,,,
7b2999efc3b7,apps:205/22,2024-08-31,2024-09-30,dev,0,0.065,0,1,False,0,0,0.0,,,,
7b2999efc3b7,apps:4325/22,2024-08-31,2024-09-30,dev,0,0.065,0,1,False,0,0,0.0,,,,
7b2999efc3b7,apps:50942/20,2024-08-31,2024-09-30,dev,0,0.195,0,1,False,0,0,0.0,,,,
7b2999efc3b7,apps:40861/22,2024-08-31,2024-09-30,dev,0,0.195,0,1,False,0,0,0.0,,,,
7b2999efc3b7,apps:6823/19,2024-08-31,2024-09-30,dev,0,0.065,0,1,False,0,0,0.0,,,,
7b2999efc3b7,apps:50764/18,2024-08-31,2024-09-30,dev,0,0.065,0,1,False,0,0,0.0,,,,
acdaf72cea98,apps:40776/16,2024-08-31,2024-09-30,dev,0,0.065,0,1,False,0,0,0.0,,,,
acdaf72cea98,apps:59464/21,2024-08-31,2024-09-30,dev,0,0.195,0,1,False,0,0,0.0,,,,
acdaf72cea98,apps:12767/21,2024-08-31,2024-09-30,dev,0,0.065,0,1,False,0,0,0.0,,,,
acdaf72cea98,apps:24622/22,2024-08-31,2024-09-30,dev,0,0.65,1,0,False,0,0,0.0,,,,
acdaf72cea98,apps:44681/21,2024-08-31,2024-09-30,dev,0,0.195,0,1,False,0,0,0.0,,,,
acdaf72cea98,apps:33394/12,2024-08-31,2024-09-30,dev,0,0.065,0,1,False,0,0,0.0,,,,
acdaf72cea98,apps:28540/20,2024-08-31,2024-09-30,dev,0,0.065,0,1,False,0,0,0.0,,,,
acdaf72cea98,apps:50058/12,2024-08-31,2024-09-30,dev,0,0.065,0,1,False,0,0,0.0,,,,
acdaf72cea98,apps:20007/22,2024-08-31,2024-09-30,dev,0,0.195,0,1,False,0,0,0.0,,,,
acdaf72cea98,apps:15028/16,2024-08-31,2024-09-30,dev,0,0.195,0,1,False,0,0,0.0,,,,
acdaf72cea98,apps:32887/19,2024-08-31,2024-09-30,dev,0,0.545,1,0,False,0,0,0.0,,,,
acdaf72cea98,apps:28791/10,2024-08-31,2024-09-30,dev,0,0.195,0,1,False,0,0,0.0,,,,
acdaf72cea98,apps:989/18,2024-08-31,2024-09-30,dev,0,0.065,0,1,False,0,0,0.0,,,,
acdaf72cea98,apps:17389/20,2024-08-31,2024-09-30,dev,0,0.545,1,0,False,0,0,0.0,,,,
acdaf72cea98,apps:35780/18,2024-08-31,2024-09-30,dev,0,0.065,0,1,False,0,0,0.0,,,,
acdaf72cea98,apps:22463/17,2024-08-31,2024-09-30,dev,0,0.415,0,1,False,0,0,0.0,,,,
acdaf72cea98,apps:2327/20,2024-08-31,2024-09-30,dev,0,0.195,0,1,False,0,0,0.0,,,,
acdaf72cea98,apps:34210/19,2024-08-31,2024-09-30,dev,0,0.195,0,1,False,0,0,0.0,,,,
acdaf72cea98,apps:63664/19,2024-08-31,2024-09-30,dev,0,0.65,1,0,False,0,0,0.0,,,,
acdaf72cea98,apps:49755/18,2024-08-31,2024-09-30,dev,0,0.195,0,1,False,0,0,0.0,,,,
acdaf72cea98,apps:42221/18,2024-08-31,2024-09-30,dev,0,0.195,0,1,False,0,0,0.0,,,,
acdaf72cea98,apps:50374/21,2024-08-31,2024-09-30,dev,0,0.065,0,1,False,0,0,0.0,,,,
acdaf72cea98,apps:28467/18,2024-08-31,2024-09-30,dev,0,0.065,0,1,False,0,0,0.0,,,,
acdaf72cea98,apps:23734/21,2024-08-31,2024-09-30,dev,0,0.065,0,1,False,0,0,0.0,,,,
acdaf72cea98,apps:205/22,2024-08-31,2024-09-30,dev,0,0.065,0,1,False,0,0,0.0,,,,
acdaf72cea98,apps:4325/22,2024-08-31,2024-09-30,dev,0,0.065,0,1,False,0,0,0.0,,,,
acdaf72cea98,apps:50942/20,2024-08-31,2024-09-30,dev,0,0.195,0,1,False,0,0,0.0,,,,
acdaf72cea98,apps:40861/22,2024-08-31,2024-09-30,dev,0,0.545,1,0,False,0,0,0.0,,,,
acdaf72cea98,apps:6823/19,2024-08-31,2024-09-30,dev,0,0.065,0,1,False,0,0,0.0,,,,
acdaf72cea98,apps:50764/18,2024-08-31,2024-09-30,dev,0,0.415,0,1,False,0,0,0.0,,,,
e751e8063f8b,apps:40776/16,2024-08-31,2025-06-04,dev,0,0.065,0,1,False,0,0,0.0,,,,
e751e8063f8b,apps:59464/21,2024-08-31,2025-06-04,dev,0,0.195,0,1,False,0,0,0.0,,,,
e751e8063f8b,apps:12767/21,2024-08-31,2025-06-04,dev,0,0.065,0,1,False,0,0,0.0,,,,
e751e8063f8b,apps:24622/22,2024-08-31,2025-06-04,dev,0,0.65,1,0,False,0,0,0.0,,,,
e751e8063f8b,apps:44681/21,2024-08-31,2025-06-04,dev,0,0.195,0,1,False,0,0,0.0,,,,
e751e8063f8b,apps:33394/12,2024-08-31,2025-06-04,dev,0,0.065,0,1,False,0,0,0.0,,,,
e751e8063f8b,apps:28540/20,2024-08-31,2025-06-04,dev,0,0.065,0,1,False,0,0,0.0,,,,
e751e8063f8b,apps:50058/12,2024-08-31,2025-06-04,dev,0,0.065,0,1,False,0,0,0.0,,,,
e751e8063f8b,apps:20007/22,2024-08-31,2025-06-04,dev,0,0.195,0,1,False,0,0,0.0,,,,
e751e8063f8b,apps:15028/16,2024-08-31,2025-06-04,dev,0,0.195,0,1,False,0,0,0.0,,,,
e751e8063f8b,apps:32887/19,2024-08-31,2025-06-04,dev,0,0.195,0,1,False,0,0,0.0,,,,
e751e8063f8b,apps:28791/10,2024-08-31,2025-06-04,dev,0,0.195,0,1,False,0,0,0.0,,,,
e751e8063f8b,apps:989/18,2024-08-31,2025-06-04,dev,0,0.065,0,1,False,0,0,0.0,,,,
e751e8063f8b,apps:17389/20,2024-08-31,2025-06-04,dev,0,0.195,0,1,False,0,0,0.0,,,,
e751e8063f8b,apps:35780/18,2024-08-31,2025-06-04,dev,0,0.065,0,1,False,0,0,0.0,,,,
e751e8063f8b,apps:22463/17,2024-08-31,2025-06-04,dev,0,0.065,0,1,False,0,0,0.0,,,,
e751e8063f8b,apps:2327/20,2024-08-31,2025-06-04,dev,0,0.195,0,1,False,0,0,0.0,,,,
e751e8063f8b,apps:34210/19,2024-08-31,2025-06-04,dev,0,0.195,0,1,False,0,0,0.0,,,,
e751e8063f8b,apps:63664/19,2024-08-31,2025-06-04,dev,0,0.65,1,0,False,0,0,0.0,,,,
e751e8063f8b,apps:49755/18,2024-08-31,2025-06-04,dev,0,0.195,0,1,False,0,0,0.0,,,,
e751e8063f8b,apps:42221/18,2024-08-31,2025-06-04,dev,0,0.195,0,1,False,0,0,0.0,,,,
e751e8063f8b,apps:50374/21,2024-08-31,2025-06-04,dev,0,0.065,0,1,False,0,0,0.0,,,,
e751e8063f8b,apps:28467/18,2024-08-31,2025-06-04,dev,0,0.065,0,1,False,0,0,0.0,,,,
e751e8063f8b,apps:23734/21,2024-08-31,2025-06-04,dev,0,0.065,0,1,False,0,0,0.0,,,,
e751e8063f8b,apps:205/22,2024-08-31,2025-06-04,dev,0,0.065,0,1,False,0,0,0.0,,,,
e751e8063f8b,apps:4325/22,2024-08-31,2025-06-04,dev,0,0.065,0,1,False,0,0,0.0,,,,
e751e8063f8b,apps:50942/20,2024-08-31,2025-06-04,dev,0,0.195,0,1,False,0,0,0.0,,,,
e751e8063f8b,apps:40861/22,2024-08-31,2025-06-04,dev,0,0.195,0,1,False,0,0,0.0,,,,
e751e8063f8b,apps:6823/19,2024-08-31,2025-06-04,dev,0,0.065,0,1,False,0,0,0.0,,,,
e751e8063f8b,apps:50764/18,2024-08-31,2025-06-04,dev,0,0.065,0,1,False,0,0,0.0,,,,
ed0ed05ac958,apps:40776/16,2024-08-31,2024-09-30,dev,0,0.065,0,1,False,0,0,0.0,,,,
ed0ed05ac958,apps:59464/21,2024-08-31,2024-09-30,dev,0,0.195,0,1,False,0,0,0.0,,,,
ed0ed05ac958,apps:12767/21,2024-08-31,2024-09-30,dev,0,0.065,0,1,False,0,0,0.0,,,,
ed0ed05ac958,apps:24622/22,2024-08-31,2024-09-30,dev,0,0.65,1,0,False,0,0,0.0,,,,
ed0ed05ac958,apps:44681/21,2024-08-31,2024-09-30,dev,0,0.195,0,1,False,0,0,0.0,,,,
ed0ed05ac958,apps:33394/12,2024-08-31,2024-09-30,dev,0,0.065,0,1,False,0,0,0.0,,,,
ed0ed05ac958,apps:28540/20,2024-08-31,2024-09-30,dev,0,0.065,0,1,False,0,0,0.0,,,,
ed0ed05ac958,apps:50058/12,2024-08-31,2024-09-30,dev,0,0.065,0,1,False,0,0,0.0,,,,
ed0ed05ac958,apps:20007/22,2024-08-31,2024-09-30,dev,0,0.195,0,1,False,0,0,0.0,,,,
ed0ed05ac958,apps:15028/16,2024-08-31,2024-09-30,dev,0,0.195,0,1,False,0,0,0.0,,,,
ed0ed05ac958,apps:32887/19,2024-08-31,2024-09-30,dev,0,0.195,0,1,False,0,0,0.0,,,,
ed0ed05ac958,apps:28791/10,2024-08-31,2024-09-30,dev,0,0.195,0,1,False,0,0,0.0,,,,
ed0ed05ac958,apps:989/18,2024-08-31,2024-09-30,dev,0,0.065,0,1,False,0,0,0.0,,,,
ed0ed05ac958,apps:17389/20,2024-08-31,2024-09-30,dev,0,0.195,0,1,False,0,0,0.0,,,,
ed0ed05ac958,apps:35780/18,2024-08-31,2024-09-30,dev,0,0.065,0,1,False,0,0,0.0,,,,
ed0ed05ac958,apps:22463/17,2024-08-31,2024-09-30,dev,0,0.065,0,1,False,0,0,0.0,,,,
ed0ed05ac958,apps:2327/20,2024-08-31,2024-09-30,dev,0,0.195,0,1,False,0,0,0.0,,,,
ed0ed05ac958,apps:34210/19,2024-08-31,2024-09-30,dev,0,0.195,0,1,False,0,0,0.0,,,,
ed0ed05ac958,apps:63664/19,2024-08-31,2024-09-30,dev,0,0.65,1,0,False,0,0,0.0,,,,
ed0ed05ac958,apps:49755/18,2024-08-31,2024-09-30,dev,0,0.195,0,1,False,0,0,0.0,,,,
ed0ed05ac958,apps:42221/18,2024-08-31,2024-09-30,dev,0,0.195,0,1,False,0,0,0.0,,,,
ed0ed05ac958,apps:50374/21,2024-08-31,2024-09-30,dev,0,0.065,0,1,False,0,0,0.0,,,,
ed0ed05ac958,apps:28467/18,2024-08-31,2024-09-30,dev,0,0.065,0,1,False,0,0,0.0,,,,
ed0ed05ac958,apps:23734/21,2024-08-31,2024-09-30,dev,0,0.065,0,1,False,0,0,0.0,,,,
ed0ed05ac958,apps:205/22,2024-08-31,2024-09-30,dev,0,0.065,0,1,False,0,0,0.0,,,,
ed0ed05ac958,apps:4325/22,2024-08-31,2024-09-30,dev,0,0.065,0,1,False,0,0,0.0,,,,
ed0ed05ac958,apps:50942/20,2024-08-31,2024-09-30,dev,0,0.195,0,1,False,0,0,0.0,,,,
ed0ed05ac958,apps:40861/22,2024-08-31,2024-09-30,dev,0,0.195,0,1,False,0,0,0.0,,,,
ed0ed05ac958,apps:6823/19,2024-08-31,2024-09-30,dev,0,0.065,0,1,False,0,0,0.0,,,,
ed0ed05ac958,apps:50764/18,2024-08-31,2024-09-30,dev,0,0.065,0,1,False,0,0,0.0,,,,
1d874b186d3e,apps:23956/24,2025-02-28,2025-10-25,dev,0,0.065,0,1,False,0,0,0.0,,,,
1d874b186d3e,apps:15545/24,2025-02-28,2025-10-25,dev,0,0.065,0,1,False,0,0,0.0,,,,
1d874b186d3e,apps:21166/20,2025-02-28,2025-10-25,dev,0,0.065,0,1,False,0,0,0.0,,,,
1d874b186d3e,apps:18493/21,2025-02-28,2025-10-25,dev,0,0.065,0,1,False,0,0,0.0,,,,
1d874b186d3e,apps:56929/18,2025-02-28,2025-10-25,dev,0,0.065,0,1,False,0,0,0.0,,,,
1d874b186d3e,apps:19274/20,2025-02-28,2025-10-25,dev,0,0.065,0,1,False,0,0,0.0,,,,
1d874b186d3e,apps:78280/14,2025-02-28,2025-10-25,dev,0,0.065,0,1,False,0,0,0.0,,,,
1d874b186d3e,apps:47626/21,2025-02-28,2025-10-25,dev,0,0.195,0,1,False,0,0,0.0,,,,
1d874b186d3e,apps:56795/11,2025-02-28,2025-10-25,dev,0,0.065,0,1,False,0,0,0.0,,,,
1d874b186d3e,apps:36436/22,2025-02-28,2025-10-25,dev,0,0.195,0,1,False,0,0,0.0,,,,
1d874b186d3e,apps:31381/17,2025-02-28,2025-10-25,dev,0,0.065,0,1,False,0,0,0.0,,,,
1d874b186d3e,apps:44283/19,2025-02-28,2025-10-25,dev,0,0.065,0,1,False,0,0,0.0,,,,
1d874b186d3e,apps:48636/19,2025-02-28,2025-10-25,dev,0,0.065,0,1,False,0,0,0.0,,,,
1d874b186d3e,apps:29359/22,2025-02-28,2025-10-25,dev,0,0.195,0,1,False,0,0,0.0,,,,
1d874b186d3e,apps:60716/10,2025-02-28,2025-10-25,dev,0,0.065,0,1,False,0,0,0.0,,,,
1d874b186d3e,apps:78030/14,2025-02-28,2025-10-25,dev,0,0.065,0,1,False,0,0,0.0,,,,
1d874b186d3e,apps:40733/22,2025-02-28,2025-10-25,dev,0,0.65,1,0,False,0,0,0.0,,,,
1d874b186d3e,apps:32543/18,2025-02-28,2025-10-25,dev,0,0.065,0,1,False,0,0,0.0,,,,
1d874b186d3e,apps:35054/22,2025-02-28,2025-10-25,dev,0,0.065,0,1,False,0,0,0.0,,,,
1d874b186d3e,apps:10691/24,2025-02-28,2025-10-25,dev,0,0.065,0,1,False,0,0,0.0,,,,
1d874b186d3e,apps:10896/24,2025-02-28,2025-10-25,dev,0,0.065,0,1,False,0,0,0.0,,,,
1d874b186d3e,apps:16240/23,2025-02-28,2025-10-25,dev,0,0.065,0,1,False,0,0,0.0,,,,
1d874b186d3e,apps:53499/20,2025-02-28,2025-10-25,dev,0,0.065,0,1,False,0,0,0.0,,,,
1d874b186d3e,apps:18413/24,2025-02-28,2025-10-25,dev,0,0.065,0,1,False,0,0,0.0,,,,
1d874b186d3e,apps:39466/17,2025-02-28,2025-10-25,dev,0,0.065,0,1,False,0,0,0.0,,,,
1d874b186d3e,apps:21375/24,2025-02-28,2025-10-25,dev,0,0.065,0,1,False,0,0,0.0,,,,
1d874b186d3e,apps:25248/22,2025-02-28,2025-10-25,dev,0,0.065,0,1,False,0,0,0.0,,,,
1d874b186d3e,apps:43307/22,2025-02-28,2025-10-25,dev,0,0.065,0,1,False,0,0,0.0,,,,
1d874b186d3e,apps:10462/23,2025-02-28,2025-10-25,dev,0,0.065,0,1,False,0,0,0.0,,,,
1d874b186d3e,apps:43481/18,2025-02-28,2025-10-25,dev,0,0.065,0,1,False,0,0,0.0,,,,
1e58f64bfb7a,apps:23956/24,2025-02-28,2025-09-06,dev,0,0.065,0,1,False,0,0,0.0,,,,
1e58f64bfb7a,apps:15545/24,2025-02-28,2025-09-06,dev,0,0.065,0,1,False,0,0,0.0,,,,
1e58f64bfb7a,apps:21166/20,2025-02-28,2025-09-06,dev,0,0.065,0,1,False,0,0,0.0,,,,
1e58f64bfb7a,apps:18493/21,2025-02-28,2025-09-06,dev,0,0.065,0,1,False,0,0,0.0,,,,
1e58f64bfb7a,apps:56929/18,2025-02-28,2025-09-06,dev,0,0.065,0,1,False,0,0,0.0,,,,
1e58f64bfb7a,apps:19274/20,2025-02-28,2025-09-06,dev,0,0.065,0,1,False,0,0,0.0,,,,
1e58f64bfb7a,apps:78280/14,2025-02-28,2025-09-06,dev,0,0.065,0,1,False,0,0,0.0,,,,
1e58f64bfb7a,apps:47626/21,2025-02-28,2025-09-06,dev,0,0.195,0,1,False,0,0,0.0,,,,
1e58f64bfb7a,apps:56795/11,2025-02-28,2025-09-06,dev,0,0.065,0,1,False,0,0,0.0,,,,
1e58f64bfb7a,apps:36436/22,2025-02-28,2025-09-06,dev,0,0.195,0,1,False,0,0,0.0,,,,
1e58f64bfb7a,apps:31381/17,2025-02-28,2025-09-06,dev,0,0.065,0,1,False,0,0,0.0,,,,
1e58f64bfb7a,apps:44283/19,2025-02-28,2025-09-06,dev,0,0.065,0,1,False,0,0,0.0,,,,
1e58f64bfb7a,apps:48636/19,2025-02-28,2025-09-06,dev,0,0.065,0,1,False,0,0,0.0,,,,
1e58f64bfb7a,apps:29359/22,2025-02-28,2025-09-06,dev,0,0.195,0,1,False,0,0,0.0,,,,
1e58f64bfb7a,apps:60716/10,2025-02-28,2025-09-06,dev,0,0.065,0,1,False,0,0,0.0,,,,
1e58f64bfb7a,apps:78030/14,2025-02-28,2025-09-06,dev,0,0.065,0,1,False,0,0,0.0,,,,
1e58f64bfb7a,apps:40733/22,2025-02-28,2025-09-06,dev,0,0.65,1,0,False,0,0,0.0,,,,
1e58f64bfb7a,apps:32543/18,2025-02-28,2025-09-06,dev,0,0.065,0,1,False,0,0,0.0,,,,
1e58f64bfb7a,apps:35054/22,2025-02-28,2025-09-06,dev,0,0.065,0,1,False,0,0,0.0,,,,
1e58f64bfb7a,apps:10691/24,2025-02-28,2025-09-06,dev,0,0.065,0,1,False,0,0,0.0,,,,
1e58f64bfb7a,apps:10896/24,2025-02-28,2025-09-06,dev,0,0.065,0,1,False,0,0,0.0,,,,
1e58f64bfb7a,apps:16240/23,2025-02-28,2025-09-06,dev,0,0.065,0,1,False,0,0,0.0,,,,
1e58f64bfb7a,apps:53499/20,2025-02-28,2025-09-06,dev,0,0.065,0,1,False,0,0,0.0,,,,
1e58f64bfb7a,apps:18413/24,2025-02-28,2025-09-06,dev,0,0.065,0,1,False,0,0,0.0,,,,
1e58f64bfb7a,apps:39466/17,2025-02-28,2025-09-06,dev,0,0.065,0,1,False,0,0,0.0,,,,
1e58f64bfb7a,apps:21375/24,2025-02-28,2025-09-06,dev,0,0.065,0,1,False,0,0,0.0,,,,
1e58f64bfb7a,apps:25248/22,2025-02-28,2025-09-06,dev,0,0.065,0,1,False,0,0,0.0,,,,
1e58f64bfb7a,apps:43307/22,2025-02-28,2025-09-06,dev,0,0.065,0,1,False,0,0,0.0,,,,
1e58f64bfb7a,apps:10462/23,2025-02-28,2025-09-06,dev,0,0.065,0,1,False,0,0,0.0,,,,
1e58f64bfb7a,apps:43481/18,2025-02-28,2025-09-06,dev,0,0.065,0,1,False,0,0,0.0,,,,
b8a991ab1181,apps:23956/24,2025-02-28,2025-08-13,dev,0,0.065,0,1,False,0,0,0.0,,,,
b8a991ab1181,apps:15545/24,2025-02-28,2025-08-13,dev,0,0.065,0,1,False,0,0,0.0,,,,
b8a991ab1181,apps:21166/20,2025-02-28,2025-08-13,dev,0,0.065,0,1,False,0,0,0.0,,,,
b8a991ab1181,apps:18493/21,2025-02-28,2025-08-13,dev,0,0.065,0,1,False,0,0,0.0,,,,
b8a991ab1181,apps:56929/18,2025-02-28,2025-08-13,dev,0,0.065,0,1,False,0,0,0.0,,,,
b8a991ab1181,apps:19274/20,2025-02-28,2025-08-13,dev,0,0.065,0,1,False,0,0,0.0,,,,
b8a991ab1181,apps:78280/14,2025-02-28,2025-08-13,dev,0,0.065,0,1,False,0,0,0.0,,,,
b8a991ab1181,apps:56795/11,2025-02-28,2025-08-13,dev,0,0.065,0,1,False,0,0,0.0,,,,
b8a991ab1181,apps:36436/22,2025-02-28,2025-08-13,dev,0,0.195,0,1,False,0,0,0.0,,,,
b8a991ab1181,apps:31381/17,2025-02-28,2025-08-13,dev,0,0.065,0,1,False,0,0,0.0,,,,
b8a991ab1181,apps:44283/19,2025-02-28,2025-08-13,dev,0,0.065,0,1,False,0,0,0.0,,,,
b8a991ab1181,apps:48636/19,2025-02-28,2025-08-13,dev,0,0.065,0,1,False,0,0,0.0,,,,
b8a991ab1181,apps:29359/22,2025-02-28,2025-08-13,dev,0,0.195,0,1,False,0,0,0.0,,,,
b8a991ab1181,apps:60716/10,2025-02-28,2025-08-13,dev,0,0.065,0,1,False,0,0,0.0,,,,
b8a991ab1181,apps:78030/14,2025-02-28,2025-08-13,dev,0,0.065,0,1,False,0,0,0.0,,,,
b8a991ab1181,apps:40733/22,2025-02-28,2025-08-13,dev,0,0.65,1,0,False,0,0,0.0,,,,
b8a991ab1181,apps:32543/18,2025-02-28,2025-08-13,dev,0,0.065,0,1,False,0,0,0.0,,,,
b8a991ab1181,apps:35054/22,2025-02-28,2025-08-13,dev,0,0.065,0,1,False,0,0,0.0,,,,
b8a991ab1181,apps:10691/24,2025-02-28,2025-08-13,dev,0,0.065,0,1,False,0,0,0.0,,,,
b8a991ab1181,apps:10896/24,2025-02-28,2025-08-13,dev,0,0.065,0,1,False,0,0,0.0,,,,
b8a991ab1181,apps:16240/23,2025-02-28,2025-08-13,dev,0,0.065,0,1,False,0,0,0.0,,,,
b8a991ab1181,apps:53499/20,2025-02-28,2025-08-13,dev,0,0.065,0,1,False,0,0,0.0,,,,
b8a991ab1181,apps:18413/24,2025-02-28,2025-08-13,dev,0,0.065,0,1,False,0,0,0.0,,,,
b8a991ab1181,apps:39466/17,2025-02-28,2025-08-13,dev,0,0.065,0,1,False,0,0,0.0,,,,
b8a991ab1181,apps:21375/24,2025-02-28,2025-08-13,dev,0,0.065,0,1,False,0,0,0.0,,,,
b8a991ab1181,apps:25248/22,2025-02-28,2025-08-13,dev,0,0.065,0,1,False,0,0,0.0,,,,
b8a991ab1181,apps:43307/22,2025-02-28,2025-08-13,dev,0,0.065,0,1,False,0,0,0.0,,,,
b8a991ab1181,apps:10462/23,2025-02-28,2025-08-13,dev,0,0.065,0,1,False,0,0,0.0,,,,
b8a991ab1181,apps:43481/18,2025-02-28,2025-08-13,dev,0,0.065,0,1,False,0,0,0.0,,,,
b8a991ab1181,apps:20014/24,2025-02-28,2025-08-13,dev,0,0.065,0,1,False,0,0,0.0,,,,
cfca8cb0bbc6,apps:23956/24,2025-02-28,2025-11-04,dev,0,0.065,0,1,False,0,0,0.0,,,,
cfca8cb0bbc6,apps:15545/24,2025-02-28,2025-11-04,dev,0,0.065,0,1,False,0,0,0.0,,,,
cfca8cb0bbc6,apps:21166/20,2025-02-28,2025-11-04,dev,0,0.065,0,1,False,0,0,0.0,,,,
cfca8cb0bbc6,apps:18493/21,2025-02-28,2025-11-04,dev,0,0.065,0,1,False,0,0,0.0,,,,
cfca8cb0bbc6,apps:56929/18,2025-02-28,2025-11-04,dev,0,0.065,0,1,False,0,0,0.0,,,,
cfca8cb0bbc6,apps:19274/20,2025-02-28,2025-11-04,dev,0,0.065,0,1,False,0,0,0.0,,,,
cfca8cb0bbc6,apps:78280/14,2025-02-28,2025-11-04,dev,0,0.065,0,1,False,0,0,0.0,,,,
cfca8cb0bbc6,apps:47626/21,2025-02-28,2025-11-04,dev,0,0.195,0,1,False,0,0,0.0,,,,
cfca8cb0bbc6,apps:56795/11,2025-02-28,2025-11-04,dev,0,0.065,0,1,False,0,0,0.0,,,,
cfca8cb0bbc6,apps:36436/22,2025-02-28,2025-11-04,dev,0,0.195,0,1,False,0,0,0.0,,,,
cfca8cb0bbc6,apps:31381/17,2025-02-28,2025-11-04,dev,0,0.065,0,1,False,0,0,0.0,,,,
cfca8cb0bbc6,apps:44283/19,2025-02-28,2025-11-04,dev,0,0.065,0,1,False,0,0,0.0,,,,
cfca8cb0bbc6,apps:48636/19,2025-02-28,2025-11-04,dev,0,0.065,0,1,False,0,0,0.0,,,,
cfca8cb0bbc6,apps:60716/10,2025-02-28,2025-11-04,dev,0,0.065,0,1,False,0,0,0.0,,,,
cfca8cb0bbc6,apps:78030/14,2025-02-28,2025-11-04,dev,0,0.065,0,1,False,0,0,0.0,,,,
cfca8cb0bbc6,apps:40733/22,2025-02-28,2025-11-04,dev,0,0.65,1,0,False,0,0,0.0,,,,
cfca8cb0bbc6,apps:32543/18,2025-02-28,2025-11-04,dev,0,0.065,0,1,False,0,0,0.0,,,,
cfca8cb0bbc6,apps:35054/22,2025-02-28,2025-11-04,dev,0,0.065,0,1,False,0,0,0.0,,,,
cfca8cb0bbc6,apps:10691/24,2025-02-28,2025-11-04,dev,0,0.065,0,1,False,0,0,0.0,,,,
cfca8cb0bbc6,apps:10896/24,2025-02-28,2025-11-04,dev,0,0.065,0,1,False,0,0,0.0,,,,
cfca8cb0bbc6,apps:16240/23,2025-02-28,2025-11-04,dev,0,0.065,0,1,False,0,0,0.0,,,,
cfca8cb0bbc6,apps:53499/20,2025-02-28,2025-11-04,dev,0,0.065,0,1,False,0,0,0.0,,,,
cfca8cb0bbc6,apps:18413/24,2025-02-28,2025-11-04,dev,0,0.065,0,1,False,0,0,0.0,,,,
cfca8cb0bbc6,apps:39466/17,2025-02-28,2025-11-04,dev,0,0.065,0,1,False,0,0,0.0,,,,
cfca8cb0bbc6,apps:21375/24,2025-02-28,2025-11-04,dev,0,0.065,0,1,False,0,0,0.0,,,,
cfca8cb0bbc6,apps:25248/22,2025-02-28,2025-11-04,dev,0,0.065,0,1,False,0,0,0.0,,,,
cfca8cb0bbc6,apps:43307/22,2025-02-28,2025-11-04,dev,0,0.065,0,1,False,0,0,0.0,,,,
cfca8cb0bbc6,apps:10462/23,2025-02-28,2025-11-04,dev,0,0.065,0,1,False,0,0,0.0,,,,
cfca8cb0bbc6,apps:43481/18,2025-02-28,2025-11-04,dev,0,0.065,0,1,False,0,0,0.0,,,,
cfca8cb0bbc6,apps:20014/24,2025-02-28,2025-11-04,dev,0,0.065,0,1,False,0,0,0.0,,,,
e8704f851a2b,apps:23956/24,2025-02-28,2025-07-08,dev,0,0.065,0,1,False,0,0,0.0,,,,
e8704f851a2b,apps:15545/24,2025-02-28,2025-07-08,dev,0,0.065,0,1,False,0,0,0.0,,,,
e8704f851a2b,apps:21166/20,2025-02-28,2025-07-08,dev,0,0.065,0,1,False,0,0,0.0,,,,
e8704f851a2b,apps:18493/21,2025-02-28,2025-07-08,dev,0,0.065,0,1,False,0,0,0.0,,,,
e8704f851a2b,apps:56929/18,2025-02-28,2025-07-08,dev,0,0.065,0,1,False,0,0,0.0,,,,
e8704f851a2b,apps:19274/20,2025-02-28,2025-07-08,dev,0,0.065,0,1,False,0,0,0.0,,,,
e8704f851a2b,apps:78280/14,2025-02-28,2025-07-08,dev,0,0.065,0,1,False,0,0,0.0,,,,
e8704f851a2b,apps:47626/21,2025-02-28,2025-07-08,dev,0,0.195,0,1,False,0,0,0.0,,,,
e8704f851a2b,apps:56795/11,2025-02-28,2025-07-08,dev,0,0.065,0,1,False,0,0,0.0,,,,
e8704f851a2b,apps:36436/22,2025-02-28,2025-07-08,dev,0,0.195,0,1,False,0,0,0.0,,,,
e8704f851a2b,apps:31381/17,2025-02-28,2025-07-08,dev,0,0.065,0,1,False,0,0,0.0,,,,
e8704f851a2b,apps:44283/19,2025-02-28,2025-07-08,dev,0,0.065,0,1,False,0,0,0.0,,,,
e8704f851a2b,apps:48636/19,2025-02-28,2025-07-08,dev,0,0.065,0,1,False,0,0,0.0,,,,
e8704f851a2b,apps:29359/22,2025-02-28,2025-07-08,dev,0,0.195,0,1,False,0,0,0.0,,,,
e8704f851a2b,apps:60716/10,2025-02-28,2025-07-08,dev,0,0.065,0,1,False,0,0,0.0,,,,
e8704f851a2b,apps:78030/14,2025-02-28,2025-07-08,dev,0,0.065,0,1,False,0,0,0.0,,,,
e8704f851a2b,apps:40733/22,2025-02-28,2025-07-08,dev,0,0.65,1,0,False,0,0,0.0,,,,
e8704f851a2b,apps:32543/18,2025-02-28,2025-07-08,dev,0,0.065,0,1,False,0,0,0.0,,,,
e8704f851a2b,apps:35054/22,2025-02-28,2025-07-08,dev,0,0.065,0,1,False,0,0,0.0,,,,
e8704f851a2b,apps:10691/24,2025-02-28,2025-07-08,dev,0,0.065,0,1,False,0,0,0.0,,,,
e8704f851a2b,apps:10896/24,2025-02-28,2025-07-08,dev,0,0.065,0,1,False,0,0,0.0,,,,
e8704f851a2b,apps:16240/23,2025-02-28,2025-07-08,dev,0,0.065,0,1,False,0,0,0.0,,,,
e8704f851a2b,apps:53499/20,2025-02-28,2025-07-08,dev,0,0.065,0,1,False,0,0,0.0,,,,
e8704f851a2b,apps:18413/24,2025-02-28,2025-07-08,dev,0,0.065,0,1,False,0,0,0.0,,,,
e8704f851a2b,apps:39466/17,2025-02-28,2025-07-08,dev,0,0.065,0,1,False,0,0,0.0,,,,
e8704f851a2b,apps:21375/24,2025-02-28,2025-07-08,dev,0,0.065,0,1,False,0,0,0.0,,,,
e8704f851a2b,apps:25248/22,2025-02-28,2025-07-08,dev,0,0.065,0,1,False,0,0,0.0,,,,
e8704f851a2b,apps:43307/22,2025-02-28,2025-07-08,dev,0,0.065,0,1,False,0,0,0.0,,,,
e8704f851a2b,apps:10462/23,2025-02-28,2025-07-08,dev,0,0.065,0,1,False,0,0,0.0,,,,
e8704f851a2b,apps:43481/18,2025-02-28,2025-07-08,dev,0,0.065,0,1,False,0,0,0.0,,,,
0bd62693ae9f,apps:40776/16,2024-08-31,2024-10-30,dev,0,0.065,0,1,False,0,0,0.0,,,,
0bd62693ae9f,apps:59464/21,2024-08-31,2024-10-30,dev,0,0.195,0,1,False,0,0,0.0,,,,
0bd62693ae9f,apps:12767/21,2024-08-31,2024-10-30,dev,0,0.065,0,1,False,0,0,0.0,,,,
0bd62693ae9f,apps:24622/22,2024-08-31,2024-10-30,dev,0,0.65,1,0,False,0,0,0.0,,,,
0bd62693ae9f,apps:44681/21,2024-08-31,2024-10-30,dev,0,0.195,0,1,False,0,0,0.0,,,,
0bd62693ae9f,apps:33394/12,2024-08-31,2024-10-30,dev,0,0.065,0,1,False,0,0,0.0,,,,
0bd62693ae9f,apps:28540/20,2024-08-31,2024-10-30,dev,0,0.065,0,1,False,0,0,0.0,,,,
0bd62693ae9f,apps:50058/12,2024-08-31,2024-10-30,dev,0,0.065,0,1,False,0,0,0.0,,,,
0bd62693ae9f,apps:20007/22,2024-08-31,2024-10-30,dev,0,0.195,0,1,False,0,0,0.0,,,,
0bd62693ae9f,apps:15028/16,2024-08-31,2024-10-30,dev,0,0.195,0,1,False,0,0,0.0,,,,
0bd62693ae9f,apps:32887/19,2024-08-31,2024-10-30,dev,0,0.195,0,1,False,0,0,0.0,,,,
0bd62693ae9f,apps:28791/10,2024-08-31,2024-10-30,dev,0,0.195,0,1,False,0,0,0.0,,,,
0bd62693ae9f,apps:989/18,2024-08-31,2024-10-30,dev,0,0.065,0,1,False,0,0,0.0,,,,
0bd62693ae9f,apps:17389/20,2024-08-31,2024-10-30,dev,0,0.195,0,1,False,0,0,0.0,,,,
0bd62693ae9f,apps:35780/18,2024-08-31,2024-10-30,dev,0,0.065,0,1,False,0,0,0.0,,,,
0bd62693ae9f,apps:22463/17,2024-08-31,2024-10-30,dev,0,0.065,0,1,False,0,0,0.0,,,,
0bd62693ae9f,apps:2327/20,2024-08-31,2024-10-30,dev,0,0.195,0,1,False,0,0,0.0,,,,
0bd62693ae9f,apps:34210/19,2024-08-31,2024-10-30,dev,0,0.195,0,1,False,0,0,0.0,,,,
0bd62693ae9f,apps:63664/19,2024-08-31,2024-10-30,dev,0,0.65,1,0,False,0,0,0.0,,,,
0bd62693ae9f,apps:49755/18,2024-08-31,2024-10-30,dev,0,0.195,0,1,False,0,0,0.0,,,,
0bd62693ae9f,apps:50374/21,2024-08-31,2024-10-30,dev,0,0.065,0,1,False,0,0,0.0,,,,
0bd62693ae9f,apps:28467/18,2024-08-31,2024-10-30,dev,0,0.065,0,1,False,0,0,0.0,,,,
0bd62693ae9f,apps:23734/21,2024-08-31,2024-10-30,dev,0,0.065,0,1,False,0,0,0.0,,,,
0bd62693ae9f,apps:205/22,2024-08-31,2024-10-30,dev,0,0.065,0,1,False,0,0,0.0,,,,
0bd62693ae9f,apps:4325/22,2024-08-31,2024-10-30,dev,0,0.065,0,1,False,0,0,0.0,,,,
0bd62693ae9f,apps:50942/20,2024-08-31,2024-10-30,dev,0,0.195,0,1,False,0,0,0.0,,,,
0bd62693ae9f,apps:40861/22,2024-08-31,2024-10-30,dev,0,0.195,0,1,False,0,0,0.0,,,,
0bd62693ae9f,apps:6823/19,2024-08-31,2024-10-30,dev,0,0.065,0,1,False,0,0,0.0,,,,
0bd62693ae9f,apps:50764/18,2024-08-31,2024-10-30,dev,0,0.065,0,1,False,0,0,0.0,,,,
0bd62693ae9f,apps:16174/19,2024-08-31,2024-10-30,dev,0,0.065,0,1,False,0,0,0.0,,,,
1900da194ee4,apps:40776/16,2024-08-31,2025-01-15,dev,0,0.065,0,1,False,0,0,0.0,,,,
1900da194ee4,apps:59464/21,2024-08-31,2025-01-15,dev,0,0.195,0,1,False,0,0,0.0,,,,
1900da194ee4,apps:12767/21,2024-08-31,2025-01-15,dev,0,0.415,0,1,False,0,0,0.0,,,,
1900da194ee4,apps:24622/22,2024-08-31,2025-01-15,dev,0,0.65,1,0,False,0,0,0.0,,,,
1900da194ee4,apps:44681/21,2024-08-31,2025-01-15,dev,0,0.195,0,1,False,0,0,0.0,,,,
1900da194ee4,apps:33394/12,2024-08-31,2025-01-15,dev,0,0.415,0,1,False,0,0,0.0,,,,
1900da194ee4,apps:28540/20,2024-08-31,2025-01-15,dev,0,0.065,0,1,False,0,0,0.0,,,,
1900da194ee4,apps:50058/12,2024-08-31,2025-01-15,dev,0,0.065,0,1,False,0,0,0.0,,,,
1900da194ee4,apps:32887/19,2024-08-31,2025-01-15,dev,0,0.195,0,1,False,0,0,0.0,,,,
1900da194ee4,apps:28791/10,2024-08-31,2025-01-15,dev,0,0.195,0,1,False,0,0,0.0,,,,
1900da194ee4,apps:989/18,2024-08-31,2025-01-15,dev,0,0.065,0,1,False,0,0,0.0,,,,
1900da194ee4,apps:17389/20,2024-08-31,2025-01-15,dev,0,0.195,0,1,False,0,0,0.0,,,,
1900da194ee4,apps:35780/18,2024-08-31,2025-01-15,dev,0,0.065,0,1,False,0,0,0.0,,,,
1900da194ee4,apps:22463/17,2024-08-31,2025-01-15,dev,0,0.065,0,1,False,0,0,0.0,,,,
1900da194ee4,apps:2327/20,2024-08-31,2025-01-15,dev,0,0.195,0,1,False,0,0,0.0,,,,
1900da194ee4,apps:34210/19,2024-08-31,2025-01-15,dev,0,0.195,0,1,False,0,0,0.0,,,,
1900da194ee4,apps:63664/19,2024-08-31,2025-01-15,dev,0,0.65,1,0,False,0,0,0.0,,,,
1900da194ee4,apps:49755/18,2024-08-31,2025-01-15,dev,0,0.195,0,1,False,0,0,0.0,,,,
1900da194ee4,apps:42221/18,2024-08-31,2025-01-15,dev,0,0.195,0,1,False,0,0,0.0,,,,
1900da194ee4,apps:50374/21,2024-08-31,2025-01-15,dev,0,0.415,0,1,False,0,0,0.0,,,,
1900da194ee4,apps:28467/18,2024-08-31,2025-01-15,dev,0,0.065,0,1,False,0,0,0.0,,,,
1900da194ee4,apps:23734/21,2024-08-31,2025-01-15,dev,0,0.065,0,1,False,0,0,0.0,,,,
1900da194ee4,apps:205/22,2024-08-31,2025-01-15,dev,0,0.065,0,1,False,0,0,0.0,,,,
1900da194ee4,apps:4325/22,2024-08-31,2025-01-15,dev,0,0.065,0,1,False,0,0,0.0,,,,
1900da194ee4,apps:50942/20,2024-08-31,2025-01-15,dev,0,0.195,0,1,False,0,0,0.0,,,,
1900da194ee4,apps:40861/22,2024-08-31,2025-01-15,dev,0,0.195,0,1,False,0,0,0.0,,,,
1900da194ee4,apps:6823/19,2024-08-31,2025-01-15,dev,0,0.065,0,1,False,0,0,0.0,,,,
1900da194ee4,apps:50764/18,2024-08-31,2025-01-15,dev,0,0.065,0,1,False,0,0,0.0,,,,
1900da194ee4,apps:16174/19,2024-08-31,2025-01-15,dev,0,0.415,0,1,False,0,0,0.0,,,,
1900da194ee4,apps:48859/16,2024-08-31,2025-01-15,dev,0,0.415,0,1,False,0,0,0.0,,,,
2fbc08fc30bd,apps:40776/16,2024-08-31,2025-05-06,dev,0,0.065,0,1,False,0,0,0.0,,,,
2fbc08fc30bd,apps:59464/21,2024-08-31,2025-05-06,dev,0,0.195,0,1,False,0,0,0.0,,,,
2fbc08fc30bd,apps:12767/21,2024-08-31,2025-05-06,dev,0,0.065,0,1,False,0,0,0.0,,,,
2fbc08fc30bd,apps:24622/22,2024-08-31,2025-05-06,dev,0,0.65,1,0,False,0,0,0.0,,,,
2fbc08fc30bd,apps:44681/21,2024-08-31,2025-05-06,dev,0,0.195,0,1,False,0,0,0.0,,,,
2fbc08fc30bd,apps:33394/12,2024-08-31,2025-05-06,dev,0,0.065,0,1,False,0,0,0.0,,,,
2fbc08fc30bd,apps:28540/20,2024-08-31,2025-05-06,dev,0,0.065,0,1,False,0,0,0.0,,,,
2fbc08fc30bd,apps:50058/12,2024-08-31,2025-05-06,dev,0,0.065,0,1,False,0,0,0.0,,,,
2fbc08fc30bd,apps:20007/22,2024-08-31,2025-05-06,dev,0,0.195,0,1,False,0,0,0.0,,,,
2fbc08fc30bd,apps:15028/16,2024-08-31,2025-05-06,dev,0,0.195,0,1,False,0,0,0.0,,,,
2fbc08fc30bd,apps:32887/19,2024-08-31,2025-05-06,dev,0,0.195,0,1,False,0,0,0.0,,,,
2fbc08fc30bd,apps:28791/10,2024-08-31,2025-05-06,dev,0,0.195,0,1,False,0,0,0.0,,,,
2fbc08fc30bd,apps:989/18,2024-08-31,2025-05-06,dev,0,0.065,0,1,False,0,0,0.0,,,,
2fbc08fc30bd,apps:17389/20,2024-08-31,2025-05-06,dev,0,0.195,0,1,False,0,0,0.0,,,,
2fbc08fc30bd,apps:35780/18,2024-08-31,2025-05-06,dev,0,0.065,0,1,False,0,0,0.0,,,,
2fbc08fc30bd,apps:22463/17,2024-08-31,2025-05-06,dev,0,0.065,0,1,False,0,0,0.0,,,,
2fbc08fc30bd,apps:2327/20,2024-08-31,2025-05-06,dev,0,0.195,0,1,False,0,0,0.0,,,,
2fbc08fc30bd,apps:34210/19,2024-08-31,2025-05-06,dev,0,0.195,0,1,False,0,0,0.0,,,,
2fbc08fc30bd,apps:63664/19,2024-08-31,2025-05-06,dev,0,0.65,1,0,False,0,0,0.0,,,,
2fbc08fc30bd,apps:49755/18,2024-08-31,2025-05-06,dev,0,0.195,0,1,False,0,0,0.0,,,,
2fbc08fc30bd,apps:42221/18,2024-08-31,2025-05-06,dev,0,0.195,0,1,False,0,0,0.0,,,,
2fbc08fc30bd,apps:50374/21,2024-08-31,2025-05-06,dev,0,0.065,0,1,False,0,0,0.0,,,,
2fbc08fc30bd,apps:28467/18,2024-08-31,2025-05-06,dev,0,0.065,0,1,False,0,0,0.0,,,,
2fbc08fc30bd,apps:23734/21,2024-08-31,2025-05-06,dev,0,0.065,0,1,False,0,0,0.0,,,,
2fbc08fc30bd,apps:205/22,2024-08-31,2025-05-06,dev,0,0.065,0,1,False,0,0,0.0,,,,
2fbc08fc30bd,apps:4325/22,2024-08-31,2025-05-06,dev,0,0.065,0,1,False,0,0,0.0,,,,
2fbc08fc30bd,apps:50942/20,2024-08-31,2025-05-06,dev,0,0.195,0,1,False,0,0,0.0,,,,
2fbc08fc30bd,apps:40861/22,2024-08-31,2025-05-06,dev,0,0.195,0,1,False,0,0,0.0,,,,
2fbc08fc30bd,apps:6823/19,2024-08-31,2025-05-06,dev,0,0.065,0,1,False,0,0,0.0,,,,
2fbc08fc30bd,apps:50764/18,2024-08-31,2025-05-06,dev,0,0.065,0,1,False,0,0,0.0,,,,
4026b1621d4a,apps:40776/16,2024-08-31,2024-09-30,dev,0,0.065,0,1,False,0,0,0.0,,,,
4026b1621d4a,apps:12767/21,2024-08-31,2024-09-30,dev,0,0.065,0,1,False,0,0,0.0,,,,
4026b1621d4a,apps:24622/22,2024-08-31,2024-09-30,dev,0,0.65,1,0,False,0,0,0.0,,,,
4026b1621d4a,apps:33394/12,2024-08-31,2024-09-30,dev,0,0.415,0,1,False,0,0,0.0,,,,
4026b1621d4a,apps:28540/20,2024-08-31,2024-09-30,dev,0,0.065,0,1,False,0,0,0.0,,,,
4026b1621d4a,apps:50058/12,2024-08-31,2024-09-30,dev,0,0.065,0,1,False,0,0,0.0,,,,
4026b1621d4a,apps:20007/22,2024-08-31,2024-09-30,dev,0,0.195,0,1,False,0,0,0.0,,,,
4026b1621d4a,apps:15028/16,2024-08-31,2024-09-30,dev,0,0.195,0,1,False,0,0,0.0,,,,
4026b1621d4a,apps:32887/19,2024-08-31,2024-09-30,dev,0,0.195,0,1,False,0,0,0.0,,,,
4026b1621d4a,apps:28791/10,2024-08-31,2024-09-30,dev,0,0.195,0,1,False,0,0,0.0,,,,
4026b1621d4a,apps:989/18,2024-08-31,2024-09-30,dev,0,0.415,0,1,False,0,0,0.0,,,,
4026b1621d4a,apps:17389/20,2024-08-31,2024-09-30,dev,0,0.195,0,1,False,0,0,0.0,,,,
4026b1621d4a,apps:35780/18,2024-08-31,2024-09-30,dev,0,0.415,0,1,False,0,0,0.0,,,,
4026b1621d4a,apps:22463/17,2024-08-31,2024-09-30,dev,0,0.065,0,1,False,0,0,0.0,,,,
4026b1621d4a,apps:2327/20,2024-08-31,2024-09-30,dev,0,0.545,1,0,False,0,0,0.0,,,,
4026b1621d4a,apps:34210/19,2024-08-31,2024-09-30,dev,0,0.195,0,1,False,0,0,0.0,,,,
4026b1621d4a,apps:63664/19,2024-08-31,2024-09-30,dev,0,0.65,1,0,False,0,0,0.0,,,,
4026b1621d4a,apps:49755/18,2024-08-31,2024-09-30,dev,0,0.195,0,1,False,0,0,0.0,,,,
4026b1621d4a,apps:42221/18,2024-08-31,2024-09-30,dev,0,0.195,0,1,False,0,0,0.0,,,,
4026b1621d4a,apps:50374/21,2024-08-31,2024-09-30,dev,0,0.415,0,1,False,0,0,0.0,,,,
4026b1621d4a,apps:28467/18,2024-08-31,2024-09-30,dev,0,0.415,0,1,False,0,0,0.0,,,,
4026b1621d4a,apps:23734/21,2024-08-31,2024-09-30,dev,0,0.415,0,1,False,0,0,0.0,,,,
4026b1621d4a,apps:205/22,2024-08-31,2024-09-30,dev,0,0.415,0,1,False,0,0,0.0,,,,
4026b1621d4a,apps:4325/22,2024-08-31,2024-09-30,dev,0,0.415,0,1,False,0,0,0.0,,,,
4026b1621d4a,apps:50942/20,2024-08-31,2024-09-30,dev,0,0.195,0,1,False,0,0,0.0,,,,
4026b1621d4a,apps:40861/22,2024-08-31,2024-09-30,dev,0,0.195,0,1,False,0,0,0.0,,,,
4026b1621d4a,apps:6823/19,2024-08-31,2024-09-30,dev,0,0.415,0,1,False,0,0,0.0,,,,
4026b1621d4a,apps:50764/18,2024-08-31,2024-09-30,dev,0,0.065,0,1,False,0,0,0.0,,,,
4026b1621d4a,apps:16174/19,2024-08-31,2024-09-30,dev,0,0.415,0,1,False,0,0,0.0,,,,
4026b1621d4a,apps:48859/16,2024-08-31,2024-09-30,dev,0,0.415,0,1,False,0,0,0.0,,,,
7ff3d5fc46dd,apps:40776/16,2024-08-31,2024-09-28,dev,0,0.065,0,1,False,0,0,0.0,,,,
7ff3d5fc46dd,apps:59464/21,2024-08-31,2024-09-28,dev,0,0.195,0,1,False,0,0,0.0,,,,
7ff3d5fc46dd,apps:12767/21,2024-08-31,2024-09-28,dev,0,0.065,0,1,False,0,0,0.0,,,,
7ff3d5fc46dd,apps:24622/22,2024-08-31,2024-09-28,dev,0,0.65,1,0,False,0,0,0.0,,,,
7ff3d5fc46dd,apps:44681/21,2024-08-31,2024-09-28,dev,0,0.195,0,1,False,0,0,0.0,,,,
7ff3d5fc46dd,apps:33394/12,2024-08-31,2024-09-28,dev,0,0.065,0,1,False,0,0,0.0,,,,
7ff3d5fc46dd,apps:28540/20,2024-08-31,2024-09-28,dev,0,0.065,0,1,False,0,0,0.0,,,,
7ff3d5fc46dd,apps:50058/12,2024-08-31,2024-09-28,dev,0,0.065,0,1,False,0,0,0.0,,,,
7ff3d5fc46dd,apps:20007/22,2024-08-31,2024-09-28,dev,0,0.195,0,1,False,0,0,0.0,,,,
7ff3d5fc46dd,apps:15028/16,2024-08-31,2024-09-28,dev,0,0.195,0,1,False,0,0,0.0,,,,
7ff3d5fc46dd,apps:32887/19,2024-08-31,2024-09-28,dev,0,0.195,0,1,False,0,0,0.0,,,,
7ff3d5fc46dd,apps:989/18,2024-08-31,2024-09-28,dev,0,0.065,0,1,False,0,0,0.0,,,,
7ff3d5fc46dd,apps:35780/18,2024-08-31,2024-09-28,dev,0,0.065,0,1,False,0,0,0.0,,,,
7ff3d5fc46dd,apps:22463/17,2024-08-31,2024-09-28,dev,0,0.065,0,1,False,0,0,0.0,,,,
7ff3d5fc46dd,apps:2327/20,2024-08-31,2024-09-28,dev,0,0.195,0,1,False,0,0,0.0,,,,
7ff3d5fc46dd,apps:34210/19,2024-08-31,2024-09-28,dev,0,0.195,0,1,False,0,0,0.0,,,,
7ff3d5fc46dd,apps:63664/19,2024-08-31,2024-09-28,dev,0,0.65,1,0,False,0,0,0.0,,,,
7ff3d5fc46dd,apps:49755/18,2024-08-31,2024-09-28,dev,0,0.195,0,1,False,0,0,0.0,,,,
7ff3d5fc46dd,apps:42221/18,2024-08-31,2024-09-28,dev,0,0.195,0,1,False,0,0,0.0,,,,
7ff3d5fc46dd,apps:50374/21,2024-08-31,2024-09-28,dev,0,0.065,0,1,False,0,0,0.0,,,,
7ff3d5fc46dd,apps:28467/18,2024-08-31,2024-09-28,dev,0,0.065,0,1,False,0,0,0.0,,,,
7ff3d5fc46dd,apps:23734/21,2024-08-31,2024-09-28,dev,0,0.065,0,1,False,0,0,0.0,,,,
7ff3d5fc46dd,apps:205/22,2024-08-31,2024-09-28,dev,0,0.065,0,1,False,0,0,0.0,,,,
7ff3d5fc46dd,apps:4325/22,2024-08-31,2024-09-28,dev,0,0.065,0,1,False,0,0,0.0,,,,
7ff3d5fc46dd,apps:50942/20,2024-08-31,2024-09-28,dev,0,0.195,0,1,False,0,0,0.0,,,,
7ff3d5fc46dd,apps:40861/22,2024-08-31,2024-09-28,dev,0,0.195,0,1,False,0,0,0.0,,,,
7ff3d5fc46dd,apps:6823/19,2024-08-31,2024-09-28,dev,0,0.065,0,1,False,0,0,0.0,,,,
7ff3d5fc46dd,apps:50764/18,2024-08-31,2024-09-28,dev,0,0.065,0,1,False,0,0,0.0,,,,
7ff3d5fc46dd,apps:16174/19,2024-08-31,2024-09-28,dev,0,0.065,0,1,False,0,0,0.0,,,,
7ff3d5fc46dd,apps:48859/16,2024-08-31,2024-09-28,dev,0,0.065,0,1,False,0,0,0.0,,,,
d24a9ac722de,apps:40776/16,2024-08-31,2024-11-11,dev,0,0.065,0,1,False,0,0,0.0,,,,
d24a9ac722de,apps:59464/21,2024-08-31,2024-11-11,dev,0,0.195,0,1,False,0,0,0.0,,,,
d24a9ac722de,apps:12767/21,2024-08-31,2024-11-11,dev,0,0.065,0,1,False,0,0,0.0,,,,
d24a9ac722de,apps:24622/22,2024-08-31,2024-11-11,dev,0,0.65,1,0,False,0,0,0.0,,,,
d24a9ac722de,apps:44681/21,2024-08-31,2024-11-11,dev,0,0.195,0,1,False,0,0,0.0,,,,
d24a9ac722de,apps:33394/12,2024-08-31,2024-11-11,dev,0,0.065,0,1,False,0,0,0.0,,,,
d24a9ac722de,apps:28540/20,2024-08-31,2024-11-11,dev,0,0.065,0,1,False,0,0,0.0,,,,
d24a9ac722de,apps:50058/12,2024-08-31,2024-11-11,dev,0,0.065,0,1,False,0,0,0.0,,,,
d24a9ac722de,apps:20007/22,2024-08-31,2024-11-11,dev,0,0.195,0,1,False,0,0,0.0,,,,
d24a9ac722de,apps:15028/16,2024-08-31,2024-11-11,dev,0,0.195,0,1,False,0,0,0.0,,,,
d24a9ac722de,apps:32887/19,2024-08-31,2024-11-11,dev,0,0.195,0,1,False,0,0,0.0,,,,
d24a9ac722de,apps:28791/10,2024-08-31,2024-11-11,dev,0,0.195,0,1,False,0,0,0.0,,,,
d24a9ac722de,apps:989/18,2024-08-31,2024-11-11,dev,0,0.065,0,1,False,0,0,0.0,,,,
d24a9ac722de,apps:17389/20,2024-08-31,2024-11-11,dev,0,0.195,0,1,False,0,0,0.0,,,,
d24a9ac722de,apps:35780/18,2024-08-31,2024-11-11,dev,0,0.065,0,1,False,0,0,0.0,,,,
d24a9ac722de,apps:22463/17,2024-08-31,2024-11-11,dev,0,0.065,0,1,False,0,0,0.0,,,,
d24a9ac722de,apps:2327/20,2024-08-31,2024-11-11,dev,0,0.195,0,1,False,0,0,0.0,,,,
d24a9ac722de,apps:34210/19,2024-08-31,2024-11-11,dev,0,0.195,0,1,False,0,0,0.0,,,,
d24a9ac722de,apps:63664/19,2024-08-31,2024-11-11,dev,0,0.65,1,0,False,0,0,0.0,,,,
d24a9ac722de,apps:49755/18,2024-08-31,2024-11-11,dev,0,0.195,0,1,False,0,0,0.0,,,,
d24a9ac722de,apps:42221/18,2024-08-31,2024-11-11,dev,0,0.195,0,1,False,0,0,0.0,,,,
d24a9ac722de,apps:50374/21,2024-08-31,2024-11-11,dev,0,0.065,0,1,False,0,0,0.0,,,,
d24a9ac722de,apps:28467/18,2024-08-31,2024-11-11,dev,0,0.065,0,1,False,0,0,0.0,,,,
d24a9ac722de,apps:23734/21,2024-08-31,2024-11-11,dev,0,0.065,0,1,False,0,0,0.0,,,,
d24a9ac722de,apps:205/22,2024-08-31,2024-11-11,dev,0,0.065,0,1,False,0,0,0.0,,,,
d24a9ac722de,apps:4325/22,2024-08-31,2024-11-11,dev,0,0.065,0,1,False,0,0,0.0,,,,
d24a9ac722de,apps:50942/20,2024-08-31,2024-11-11,dev,0,0.195,0,1,False,0,0,0.0,,,,
d24a9ac722de,apps:40861/22,2024-08-31,2024-11-11,dev,0,0.195,0,1,False,0,0,0.0,,,,
d24a9ac722de,apps:6823/19,2024-08-31,2024-11-11,dev,0,0.065,0,1,False,0,0,0.0,,,,
d24a9ac722de,apps:50764/18,2024-08-31,2024-11-11,dev,0,0.065,0,1,False,0,0,0.0,,,,
0a61f8f7ceb0,apps:23956/24,2025-02-28,2025-06-12,dev,0,0.065,0,1,False,0,0,0.0,,,,
0a61f8f7ceb0,apps:15545/24,2025-02-28,2025-06-12,dev,0,0.065,0,1,False,0,0,0.0,,,,
0a61f8f7ceb0,apps:21166/20,2025-02-28,2025-06-12,dev,0,0.065,0,1,False,0,0,0.0,,,,
0a61f8f7ceb0,apps:18493/21,2025-02-28,2025-06-12,dev,0,0.065,0,1,False,0,0,0.0,,,,
0a61f8f7ceb0,apps:56929/18,2025-02-28,2025-06-12,dev,0,0.065,0,1,False,0,0,0.0,,,,
0a61f8f7ceb0,apps:19274/20,2025-02-28,2025-06-12,dev,0,0.065,0,1,False,0,0,0.0,,,,
0a61f8f7ceb0,apps:78280/14,2025-02-28,2025-06-12,dev,0,0.065,0,1,False,0,0,0.0,,,,
0a61f8f7ceb0,apps:47626/21,2025-02-28,2025-06-12,dev,0,0.195,0,1,False,0,0,0.0,,,,
0a61f8f7ceb0,apps:56795/11,2025-02-28,2025-06-12,dev,0,0.065,0,1,False,0,0,0.0,,,,
0a61f8f7ceb0,apps:36436/22,2025-02-28,2025-06-12,dev,0,0.195,0,1,False,0,0,0.0,,,,
0a61f8f7ceb0,apps:31381/17,2025-02-28,2025-06-12,dev,0,0.065,0,1,False,0,0,0.0,,,,
0a61f8f7ceb0,apps:44283/19,2025-02-28,2025-06-12,dev,0,0.065,0,1,False,0,0,0.0,,,,
0a61f8f7ceb0,apps:48636/19,2025-02-28,2025-06-12,dev,0,0.065,0,1,False,0,0,0.0,,,,
0a61f8f7ceb0,apps:29359/22,2025-02-28,2025-06-12,dev,0,0.195,0,1,False,0,0,0.0,,,,
0a61f8f7ceb0,apps:60716/10,2025-02-28,2025-06-12,dev,0,0.065,0,1,False,0,0,0.0,,,,
0a61f8f7ceb0,apps:78030/14,2025-02-28,2025-06-12,dev,0,0.065,0,1,False,0,0,0.0,,,,
0a61f8f7ceb0,apps:40733/22,2025-02-28,2025-06-12,dev,0,0.65,1,0,False,0,0,0.0,,,,
0a61f8f7ceb0,apps:32543/18,2025-02-28,2025-06-12,dev,0,0.065,0,1,False,0,0,0.0,,,,
0a61f8f7ceb0,apps:35054/22,2025-02-28,2025-06-12,dev,0,0.065,0,1,False,0,0,0.0,,,,
0a61f8f7ceb0,apps:10691/24,2025-02-28,2025-06-12,dev,0,0.065,0,1,False,0,0,0.0,,,,
0a61f8f7ceb0,apps:10896/24,2025-02-28,2025-06-12,dev,0,0.065,0,1,False,0,0,0.0,,,,
0a61f8f7ceb0,apps:16240/23,2025-02-28,2025-06-12,dev,0,0.065,0,1,False,0,0,0.0,,,,
0a61f8f7ceb0,apps:53499/20,2025-02-28,2025-06-12,dev,0,0.065,0,1,False,0,0,0.0,,,,
0a61f8f7ceb0,apps:18413/24,2025-02-28,2025-06-12,dev,0,0.065,0,1,False,0,0,0.0,,,,
0a61f8f7ceb0,apps:39466/17,2025-02-28,2025-06-12,dev,0,0.065,0,1,False,0,0,0.0,,,,
0a61f8f7ceb0,apps:21375/24,2025-02-28,2025-06-12,dev,0,0.065,0,1,False,0,0,0.0,,,,
0a61f8f7ceb0,apps:25248/22,2025-02-28,2025-06-12,dev,0,0.065,0,1,False,0,0,0.0,,,,
0a61f8f7ceb0,apps:43307/22,2025-02-28,2025-06-12,dev,0,0.065,0,1,False,0,0,0.0,,,,
0a61f8f7ceb0,apps:10462/23,2025-02-28,2025-06-12,dev,0,0.065,0,1,False,0,0,0.0,,,,
0a61f8f7ceb0,apps:43481/18,2025-02-28,2025-06-12,dev,0,0.065,0,1,False,0,0,0.0,,,,
0faa41c7c031,apps:23956/24,2025-02-28,2025-04-03,dev,0,0.065,0,1,False,0,0,0.0,,,,
0faa41c7c031,apps:15545/24,2025-02-28,2025-04-03,dev,0,0.065,0,1,False,0,0,0.0,,,,
0faa41c7c031,apps:21166/20,2025-02-28,2025-04-03,dev,0,0.065,0,1,False,0,0,0.0,,,,
0faa41c7c031,apps:18493/21,2025-02-28,2025-04-03,dev,0,0.065,0,1,False,0,0,0.0,,,,
0faa41c7c031,apps:56929/18,2025-02-28,2025-04-03,dev,0,0.065,0,1,False,0,0,0.0,,,,
0faa41c7c031,apps:19274/20,2025-02-28,2025-04-03,dev,0,0.065,0,1,False,0,0,0.0,,,,
0faa41c7c031,apps:78280/14,2025-02-28,2025-04-03,dev,0,0.065,0,1,False,0,0,0.0,,,,
0faa41c7c031,apps:47626/21,2025-02-28,2025-04-03,dev,0,0.195,0,1,False,0,0,0.0,,,,
0faa41c7c031,apps:56795/11,2025-02-28,2025-04-03,dev,0,0.065,0,1,False,0,0,0.0,,,,
0faa41c7c031,apps:36436/22,2025-02-28,2025-04-03,dev,0,0.195,0,1,False,0,0,0.0,,,,
0faa41c7c031,apps:31381/17,2025-02-28,2025-04-03,dev,0,0.065,0,1,False,0,0,0.0,,,,
0faa41c7c031,apps:44283/19,2025-02-28,2025-04-03,dev,0,0.065,0,1,False,0,0,0.0,,,,
0faa41c7c031,apps:48636/19,2025-02-28,2025-04-03,dev,0,0.065,0,1,False,0,0,0.0,,,,
0faa41c7c031,apps:29359/22,2025-02-28,2025-04-03,dev,0,0.195,0,1,False,0,0,0.0,,,,
0faa41c7c031,apps:60716/10,2025-02-28,2025-04-03,dev,0,0.065,0,1,False,0,0,0.0,,,,
0faa41c7c031,apps:78030/14,2025-02-28,2025-04-03,dev,0,0.065,0,1,False,0,0,0.0,,,,
0faa41c7c031,apps:40733/22,2025-02-28,2025-04-03,dev,0,0.65,1,0,False,0,0,0.0,,,,
0faa41c7c031,apps:32543/18,2025-02-28,2025-04-03,dev,0,0.065,0,1,False,0,0,0.0,,,,
0faa41c7c031,apps:35054/22,2025-02-28,2025-04-03,dev,0,0.065,0,1,False,0,0,0.0,,,,
0faa41c7c031,apps:10691/24,2025-02-28,2025-04-03,dev,0,0.065,0,1,False,0,0,0.0,,,,
0faa41c7c031,apps:10896/24,2025-02-28,2025-04-03,dev,0,0.065,0,1,False,0,0,0.0,,,,
0faa41c7c031,apps:16240/23,2025-02-28,2025-04-03,dev,0,0.065,0,1,False,0,0,0.0,,,,
0faa41c7c031,apps:53499/20,2025-02-28,2025-04-03,dev,0,0.065,0,1,False,0,0,0.0,,,,
0faa41c7c031,apps:18413/24,2025-02-28,2025-04-03,dev,0,0.065,0,1,False,0,0,0.0,,,,
0faa41c7c031,apps:39466/17,2025-02-28,2025-04-03,dev,0,0.065,0,1,False,0,0,0.0,,,,
0faa41c7c031,apps:21375/24,2025-02-28,2025-04-03,dev,0,0.065,0,1,False,0,0,0.0,,,,
0faa41c7c031,apps:25248/22,2025-02-28,2025-04-03,dev,0,0.065,0,1,False,0,0,0.0,,,,
0faa41c7c031,apps:43307/22,2025-02-28,2025-04-03,dev,0,0.065,0,1,False,0,0,0.0,,,,
0faa41c7c031,apps:10462/23,2025-02-28,2025-04-03,dev,0,0.065,0,1,False,0,0,0.0,,,,
0faa41c7c031,apps:43481/18,2025-02-28,2025-04-03,dev,0,0.065,0,1,False,0,0,0.0,,,,
1b1f8de345be,apps:23956/24,2025-02-28,2025-06-12,dev,0,0.065,0,1,False,0,0,0.0,,,,
1b1f8de345be,apps:15545/24,2025-02-28,2025-06-12,dev,0,0.065,0,1,False,0,0,0.0,,,,
1b1f8de345be,apps:21166/20,2025-02-28,2025-06-12,dev,0,0.065,0,1,False,0,0,0.0,,,,
1b1f8de345be,apps:18493/21,2025-02-28,2025-06-12,dev,0,0.065,0,1,False,0,0,0.0,,,,
1b1f8de345be,apps:56929/18,2025-02-28,2025-06-12,dev,0,0.065,0,1,False,0,0,0.0,,,,
1b1f8de345be,apps:19274/20,2025-02-28,2025-06-12,dev,0,0.065,0,1,False,0,0,0.0,,,,
1b1f8de345be,apps:78280/14,2025-02-28,2025-06-12,dev,0,0.065,0,1,False,0,0,0.0,,,,
1b1f8de345be,apps:47626/21,2025-02-28,2025-06-12,dev,0,0.195,0,1,False,0,0,0.0,,,,
1b1f8de345be,apps:56795/11,2025-02-28,2025-06-12,dev,0,0.415,0,1,False,0,0,0.0,,,,
1b1f8de345be,apps:36436/22,2025-02-28,2025-06-12,dev,0,0.195,0,1,False,0,0,0.0,,,,
1b1f8de345be,apps:31381/17,2025-02-28,2025-06-12,dev,0,0.415,0,1,False,0,0,0.0,,,,
1b1f8de345be,apps:44283/19,2025-02-28,2025-06-12,dev,0,0.065,0,1,False,0,0,0.0,,,,
1b1f8de345be,apps:48636/19,2025-02-28,2025-06-12,dev,0,0.065,0,1,False,0,0,0.0,,,,
1b1f8de345be,apps:29359/22,2025-02-28,2025-06-12,dev,0,0.195,0,1,False,0,0,0.0,,,,
1b1f8de345be,apps:60716/10,2025-02-28,2025-06-12,dev,0,0.065,0,1,False,0,0,0.0,,,,
1b1f8de345be,apps:78030/14,2025-02-28,2025-06-12,dev,0,0.065,0,1,False,0,0,0.0,,,,
1b1f8de345be,apps:40733/22,2025-02-28,2025-06-12,dev,0,0.65,1,0,False,0,0,0.0,,,,
1b1f8de345be,apps:32543/18,2025-02-28,2025-06-12,dev,0,0.065,0,1,False,0,0,0.0,,,,
1b1f8de345be,apps:35054/22,2025-02-28,2025-06-12,dev,0,0.065,0,1,False,0,0,0.0,,,,
1b1f8de345be,apps:10691/24,2025-02-28,2025-06-12,dev,0,0.065,0,1,False,0,0,0.0,,,,
1b1f8de345be,apps:10896/24,2025-02-28,2025-06-12,dev,0,0.065,0,1,False,0,0,0.0,,,,
1b1f8de345be,apps:16240/23,2025-02-28,2025-06-12,dev,0,0.415,0,1,False,0,0,0.0,,,,
1b1f8de345be,apps:53499/20,2025-02-28,2025-06-12,dev,0,0.065,0,1,False,0,0,0.0,,,,
1b1f8de345be,apps:18413/24,2025-02-28,2025-06-12,dev,0,0.065,0,1,False,0,0,0.0,,,,
1b1f8de345be,apps:39466/17,2025-02-28,2025-06-12,dev,0,0.065,0,1,False,0,0,0.0,,,,
1b1f8de345be,apps:21375/24,2025-02-28,2025-06-12,dev,0,0.065,0,1,False,0,0,0.0,,,,
1b1f8de345be,apps:25248/22,2025-02-28,2025-06-12,dev,0,0.065,0,1,False,0,0,0.0,,,,
1b1f8de345be,apps:43307/22,2025-02-28,2025-06-12,dev,0,0.065,0,1,False,0,0,0.0,,,,
1b1f8de345be,apps:10462/23,2025-02-28,2025-06-12,dev,0,0.065,0,1,False,0,0,0.0,,,,
1b1f8de345be,apps:43481/18,2025-02-28,2025-06-12,dev,0,0.065,0,1,False,0,0,0.0,,,,
41c295afbaa0,apps:23956/24,2025-02-28,2025-06-04,dev,0,0.065,0,1,False,0,0,0.0,,,,
41c295afbaa0,apps:15545/24,2025-02-28,2025-06-04,dev,0,0.065,0,1,False,0,0,0.0,,,,
41c295afbaa0,apps:21166/20,2025-02-28,2025-06-04,dev,0,0.065,0,1,False,0,0,0.0,,,,
41c295afbaa0,apps:18493/21,2025-02-28,2025-06-04,dev,0,0.065,0,1,False,0,0,0.0,,,,
41c295afbaa0,apps:56929/18,2025-02-28,2025-06-04,dev,0,0.065,0,1,False,0,0,0.0,,,,
41c295afbaa0,apps:19274/20,2025-02-28,2025-06-04,dev,0,0.065,0,1,False,0,0,0.0,,,,
41c295afbaa0,apps:78280/14,2025-02-28,2025-06-04,dev,0,0.065,0,1,False,0,0,0.0,,,,
41c295afbaa0,apps:47626/21,2025-02-28,2025-06-04,dev,0,0.195,0,1,False,0,0,0.0,,,,
41c295afbaa0,apps:56795/11,2025-02-28,2025-06-04,dev,0,0.065,0,1,False,0,0,0.0,,,,
41c295afbaa0,apps:36436/22,2025-02-28,2025-06-04,dev,0,0.195,0,1,False,0,0,0.0,,,,
41c295afbaa0,apps:31381/17,2025-02-28,2025-06-04,dev,0,0.065,0,1,False,0,0,0.0,,,,
41c295afbaa0,apps:44283/19,2025-02-28,2025-06-04,dev,0,0.065,0,1,False,0,0,0.0,,,,
41c295afbaa0,apps:48636/19,2025-02-28,2025-06-04,dev,0,0.065,0,1,False,0,0,0.0,,,,
41c295afbaa0,apps:29359/22,2025-02-28,2025-06-04,dev,0,0.195,0,1,False,0,0,0.0,,,,
41c295afbaa0,apps:60716/10,2025-02-28,2025-06-04,dev,0,0.065,0,1,False,0,0,0.0,,,,
41c295afbaa0,apps:78030/14,2025-02-28,2025-06-04,dev,0,0.065,0,1,False,0,0,0.0,,,,
41c295afbaa0,apps:40733/22,2025-02-28,2025-06-04,dev,0,0.65,1,0,False,0,0,0.0,,,,
41c295afbaa0,apps:32543/18,2025-02-28,2025-06-04,dev,0,0.065,0,1,False,0,0,0.0,,,,
41c295afbaa0,apps:35054/22,2025-02-28,2025-06-04,dev,0,0.065,0,1,False,0,0,0.0,,,,
41c295afbaa0,apps:10691/24,2025-02-28,2025-06-04,dev,0,0.065,0,1,False,0,0,0.0,,,,
41c295afbaa0,apps:10896/24,2025-02-28,2025-06-04,dev,0,0.065,0,1,False,0,0,0.0,,,,
41c295afbaa0,apps:16240/23,2025-02-28,2025-06-04,dev,0,0.065,0,1,False,0,0,0.0,,,,
41c295afbaa0,apps:53499/20,2025-02-28,2025-06-04,dev,0,0.065,0,1,False,0,0,0.0,,,,
41c295afbaa0,apps:18413/24,2025-02-28,2025-06-04,dev,0,0.065,0,1,False,0,0,0.0,,,,
41c295afbaa0,apps:39466/17,2025-02-28,2025-06-04,dev,0,0.065,0,1,False,0,0,0.0,,,,
41c295afbaa0,apps:21375/24,2025-02-28,2025-06-04,dev,0,0.065,0,1,False,0,0,0.0,,,,
41c295afbaa0,apps:25248/22,2025-02-28,2025-06-04,dev,0,0.065,0,1,False,0,0,0.0,,,,
41c295afbaa0,apps:43307/22,2025-02-28,2025-06-04,dev,0,0.065,0,1,False,0,0,0.0,,,,
41c295afbaa0,apps:10462/23,2025-02-28,2025-06-04,dev,0,0.065,0,1,False,0,0,0.0,,,,
41c295afbaa0,apps:43481/18,2025-02-28,2025-06-04,dev,0,0.065,0,1,False,0,0,0.0,,,,
54e38e09f96e,apps:23956/24,2025-02-28,2025-04-24,dev,0,0.065,0,1,False,0,0,0.0,,,,
54e38e09f96e,apps:15545/24,2025-02-28,2025-04-24,dev,0,0.065,0,1,False,0,0,0.0,,,,
54e38e09f96e,apps:21166/20,2025-02-28,2025-04-24,dev,0,0.065,0,1,False,0,0,0.0,,,,
54e38e09f96e,apps:18493/21,2025-02-28,2025-04-24,dev,0,0.065,0,1,False,0,0,0.0,,,,
54e38e09f96e,apps:56929/18,2025-02-28,2025-04-24,dev,0,0.065,0,1,False,0,0,0.0,,,,
54e38e09f96e,apps:19274/20,2025-02-28,2025-04-24,dev,0,0.065,0,1,False,0,0,0.0,,,,
54e38e09f96e,apps:78280/14,2025-02-28,2025-04-24,dev,0,0.065,0,1,False,0,0,0.0,,,,
54e38e09f96e,apps:47626/21,2025-02-28,2025-04-24,dev,0,0.195,0,1,False,0,0,0.0,,,,
54e38e09f96e,apps:56795/11,2025-02-28,2025-04-24,dev,0,0.065,0,1,False,0,0,0.0,,,,
54e38e09f96e,apps:36436/22,2025-02-28,2025-04-24,dev,0,0.195,0,1,False,0,0,0.0,,,,
54e38e09f96e,apps:31381/17,2025-02-28,2025-04-24,dev,0,0.065,0,1,False,0,0,0.0,,,,
54e38e09f96e,apps:44283/19,2025-02-28,2025-04-24,dev,0,0.065,0,1,False,0,0,0.0,,,,
54e38e09f96e,apps:48636/19,2025-02-28,2025-04-24,dev,0,0.065,0,1,False,0,0,0.0,,,,
54e38e09f96e,apps:29359/22,2025-02-28,2025-04-24,dev,0,0.545,1,0,False,0,0,0.0,,,,
54e38e09f96e,apps:60716/10,2025-02-28,2025-04-24,dev,0,0.065,0,1,False,0,0,0.0,,,,
54e38e09f96e,apps:78030/14,2025-02-28,2025-04-24,dev,0,0.065,0,1,False,0,0,0.0,,,,
54e38e09f96e,apps:40733/22,2025-02-28,2025-04-24,dev,0,0.65,1,0,False,0,0,0.0,,,,
54e38e09f96e,apps:32543/18,2025-02-28,2025-04-24,dev,0,0.065,0,1,False,0,0,0.0,,,,
54e38e09f96e,apps:35054/22,2025-02-28,2025-04-24,dev,0,0.065,0,1,False,0,0,0.0,,,,
54e38e09f96e,apps:10691/24,2025-02-28,2025-04-24,dev,0,0.065,0,1,False,0,0,0.0,,,,
54e38e09f96e,apps:10896/24,2025-02-28,2025-04-24,dev,0,0.065,0,1,False,0,0,0.0,,,,
54e38e09f96e,apps:16240/23,2025-02-28,2025-04-24,dev,0,0.065,0,1,False,0,0,0.0,,,,
54e38e09f96e,apps:53499/20,2025-02-28,2025-04-24,dev,0,0.065,0,1,False,0,0,0.0,,,,
54e38e09f96e,apps:18413/24,2025-02-28,2025-04-24,dev,0,0.065,0,1,False,0,0,0.0,,,,
54e38e09f96e,apps:39466/17,2025-02-28,2025-04-24,dev,0,0.065,0,1,False,0,0,0.0,,,,
54e38e09f96e,apps:21375/24,2025-02-28,2025-04-24,dev,0,0.065,0,1,False,0,0,0.0,,,,
54e38e09f96e,apps:25248/22,2025-02-28,2025-04-24,dev,0,0.065,0,1,False,0,0,0.0,,,,
54e38e09f96e,apps:43307/22,2025-02-28,2025-04-24,dev,0,0.065,0,1,False,0,0,0.0,,,,
54e38e09f96e,apps:10462/23,2025-02-28,2025-04-24,dev,0,0.065,0,1,False,0,0,0.0,,,,
54e38e09f96e,apps:43481/18,2025-02-28,2025-04-24,dev,0,0.065,0,1,False,0,0,0.0,,,,
96d370a07ab1,apps:23956/24,2025-02-28,2025-06-26,dev,0,0.415,0,1,False,0,0,0.0,,,,
96d370a07ab1,apps:15545/24,2025-02-28,2025-06-26,dev,0,0.415,0,1,False,0,0,0.0,,,,
96d370a07ab1,apps:21166/20,2025-02-28,2025-06-26,dev,0,0.065,0,1,False,0,0,0.0,,,,
96d370a07ab1,apps:18493/21,2025-02-28,2025-06-26,dev,0,0.065,0,1,False,0,0,0.0,,,,
96d370a07ab1,apps:56929/18,2025-02-28,2025-06-26,dev,0,0.415,0,1,False,0,0,0.0,,,,
96d370a07ab1,apps:19274/20,2025-02-28,2025-06-26,dev,0,0.065,0,1,False,0,0,0.0,,,,
96d370a07ab1,apps:78280/14,2025-02-28,2025-06-26,dev,0,0.065,0,1,False,0,0,0.0,,,,
96d370a07ab1,apps:47626/21,2025-02-28,2025-06-26,dev,0,0.195,0,1,False,0,0,0.0,,,,
96d370a07ab1,apps:56795/11,2025-02-28,2025-06-26,dev,0,0.065,0,1,False,0,0,0.0,,,,
96d370a07ab1,apps:36436/22,2025-02-28,2025-06-26,dev,0,0.195,0,1,False,0,0,0.0,,,,
96d370a07ab1,apps:31381/17,2025-02-28,2025-06-26,dev,0,0.065,0,1,False,0,0,0.0,,,,
96d370a07ab1,apps:44283/19,2025-02-28,2025-06-26,dev,0,0.065,0,1,False,0,0,0.0,,,,
96d370a07ab1,apps:48636/19,2025-02-28,2025-06-26,dev,0,0.065,0,1,False,0,0,0.0,,,,
96d370a07ab1,apps:29359/22,2025-02-28,2025-06-26,dev,0,0.195,0,1,False,0,0,0.0,,,,
96d370a07ab1,apps:60716/10,2025-02-28,2025-06-26,dev,0,0.415,0,1,False,0,0,0.0,,,,
96d370a07ab1,apps:78030/14,2025-02-28,2025-06-26,dev,0,0.065,0,1,False,0,0,0.0,,,,
96d370a07ab1,apps:40733/22,2025-02-28,2025-06-26,dev,0,0.65,1,0,False,0,0,0.0,,,,
96d370a07ab1,apps:32543/18,2025-02-28,2025-06-26,dev,0,0.415,0,1,False,0,0,0.0,,,,
96d370a07ab1,apps:35054/22,2025-02-28,2025-06-26,dev,0,0.415,0,1,False,0,0,0.0,,,,
96d370a07ab1,apps:10691/24,2025-02-28,2025-06-26,dev,0,0.415,0,1,False,0,0,0.0,,,,
96d370a07ab1,apps:10896/24,2025-02-28,2025-06-26,dev,0,0.415,0,1,False,0,0,0.0,,,,
96d370a07ab1,apps:16240/23,2025-02-28,2025-06-26,dev,0,0.415,0,1,False,0,0,0.0,,,,
96d370a07ab1,apps:53499/20,2025-02-28,2025-06-26,dev,0,0.065,0,1,False,0,0,0.0,,,,
96d370a07ab1,apps:18413/24,2025-02-28,2025-06-26,dev,0,0.065,0,1,False,0,0,0.0,,,,
96d370a07ab1,apps:39466/17,2025-02-28,2025-06-26,dev,0,0.415,0,1,False,0,0,0.0,,,,
96d370a07ab1,apps:21375/24,2025-02-28,2025-06-26,dev,0,0.415,0,1,False,0,0,0.0,,,,
96d370a07ab1,apps:25248/22,2025-02-28,2025-06-26,dev,0,0.065,0,1,False,0,0,0.0,,,,
96d370a07ab1,apps:43307/22,2025-02-28,2025-06-26,dev,0,0.065,0,1,False,0,0,0.0,,,,
96d370a07ab1,apps:10462/23,2025-02-28,2025-06-26,dev,0,0.415,0,1,False,0,0,0.0,,,,
96d370a07ab1,apps:43481/18,2025-02-28,2025-06-26,dev,0,0.065,0,1,False,0,0,0.0,,,,
a94e3bc7e2bf,apps:23956/24,2025-02-28,2025-06-19,dev,0,0.065,0,1,False,0,0,0.0,,,,
a94e3bc7e2bf,apps:15545/24,2025-02-28,2025-06-19,dev,0,0.065,0,1,False,0,0,0.0,,,,
a94e3bc7e2bf,apps:21166/20,2025-02-28,2025-06-19,dev,0,0.065,0,1,False,0,0,0.0,,,,
a94e3bc7e2bf,apps:18493/21,2025-02-28,2025-06-19,dev,0,0.065,0,1,False,0,0,0.0,,,,
a94e3bc7e2bf,apps:56929/18,2025-02-28,2025-06-19,dev,0,0.065,0,1,False,0,0,0.0,,,,
a94e3bc7e2bf,apps:19274/20,2025-02-28,2025-06-19,dev,0,0.065,0,1,False,0,0,0.0,,,,
a94e3bc7e2bf,apps:78280/14,2025-02-28,2025-06-19,dev,0,0.065,0,1,False,0,0,0.0,,,,
a94e3bc7e2bf,apps:47626/21,2025-02-28,2025-06-19,dev,0,0.195,0,1,False,0,0,0.0,,,,
a94e3bc7e2bf,apps:56795/11,2025-02-28,2025-06-19,dev,0,0.065,0,1,False,0,0,0.0,,,,
a94e3bc7e2bf,apps:36436/22,2025-02-28,2025-06-19,dev,0,0.195,0,1,False,0,0,0.0,,,,
a94e3bc7e2bf,apps:31381/17,2025-02-28,2025-06-19,dev,0,0.065,0,1,False,0,0,0.0,,,,
a94e3bc7e2bf,apps:44283/19,2025-02-28,2025-06-19,dev,0,0.065,0,1,False,0,0,0.0,,,,
a94e3bc7e2bf,apps:48636/19,2025-02-28,2025-06-19,dev,0,0.415,0,1,False,0,0,0.0,,,,
a94e3bc7e2bf,apps:29359/22,2025-02-28,2025-06-19,dev,0,0.195,0,1,False,0,0,0.0,,,,
a94e3bc7e2bf,apps:60716/10,2025-02-28,2025-06-19,dev,0,0.065,0,1,False,0,0,0.0,,,,
a94e3bc7e2bf,apps:78030/14,2025-02-28,2025-06-19,dev,0,0.065,0,1,False,0,0,0.0,,,,
a94e3bc7e2bf,apps:40733/22,2025-02-28,2025-06-19,dev,0,0.65,1,0,False,0,0,0.0,,,,
a94e3bc7e2bf,apps:32543/18,2025-02-28,2025-06-19,dev,0,0.065,0,1,False,0,0,0.0,,,,
a94e3bc7e2bf,apps:35054/22,2025-02-28,2025-06-19,dev,0,0.065,0,1,False,0,0,0.0,,,,
a94e3bc7e2bf,apps:10691/24,2025-02-28,2025-06-19,dev,0,0.415,0,1,False,0,0,0.0,,,,
a94e3bc7e2bf,apps:10896/24,2025-02-28,2025-06-19,dev,0,0.415,0,1,False,0,0,0.0,,,,
a94e3bc7e2bf,apps:16240/23,2025-02-28,2025-06-19,dev,0,0.065,0,1,False,0,0,0.0,,,,
a94e3bc7e2bf,apps:53499/20,2025-02-28,2025-06-19,dev,0,0.065,0,1,False,0,0,0.0,,,,
a94e3bc7e2bf,apps:18413/24,2025-02-28,2025-06-19,dev,0,0.065,0,1,False,0,0,0.0,,,,
a94e3bc7e2bf,apps:39466/17,2025-02-28,2025-06-19,dev,0,0.415,0,1,False,0,0,0.0,,,,
a94e3bc7e2bf,apps:21375/24,2025-02-28,2025-06-19,dev,0,0.415,0,1,False,0,0,0.0,,,,
a94e3bc7e2bf,apps:25248/22,2025-02-28,2025-06-19,dev,0,0.415,0,1,False,0,0,0.0,,,,
a94e3bc7e2bf,apps:43307/22,2025-02-28,2025-06-19,dev,0,0.065,0,1,False,0,0,0.0,,,,
a94e3bc7e2bf,apps:10462/23,2025-02-28,2025-06-19,dev,0,0.065,0,1,False,0,0,0.0,,,,
a94e3bc7e2bf,apps:43481/18,2025-02-28,2025-06-19,dev,0,0.065,0,1,False,0,0,0.0,,,,
d5256ad78e38,apps:23956/24,2025-02-28,2025-07-05,dev,0,0.065,0,1,False,0,0,0.0,,,,
d5256ad78e38,apps:15545/24,2025-02-28,2025-07-05,dev,0,0.065,0,1,False,0,0,0.0,,,,
d5256ad78e38,apps:21166/20,2025-02-28,2025-07-05,dev,0,0.065,0,1,False,0,0,0.0,,,,
d5256ad78e38,apps:18493/21,2025-02-28,2025-07-05,dev,0,0.065,0,1,False,0,0,0.0,,,,
d5256ad78e38,apps:56929/18,2025-02-28,2025-07-05,dev,0,0.065,0,1,False,0,0,0.0,,,,
d5256ad78e38,apps:19274/20,2025-02-28,2025-07-05,dev,0,0.065,0,1,False,0,0,0.0,,,,
d5256ad78e38,apps:78280/14,2025-02-28,2025-07-05,dev,0,0.065,0,1,False,0,0,0.0,,,,
d5256ad78e38,apps:47626/21,2025-02-28,2025-07-05,dev,0,0.195,0,1,False,0,0,0.0,,,,
d5256ad78e38,apps:56795/11,2025-02-28,2025-07-05,dev,0,0.065,0,1,False,0,0,0.0,,,,
d5256ad78e38,apps:36436/22,2025-02-28,2025-07-05,dev,0,0.195,0,1,False,0,0,0.0,,,,
d5256ad78e38,apps:31381/17,2025-02-28,2025-07-05,dev,0,0.065,0,1,False,0,0,0.0,,,,
d5256ad78e38,apps:44283/19,2025-02-28,2025-07-05,dev,0,0.065,0,1,False,0,0,0.0,,,,
d5256ad78e38,apps:48636/19,2025-02-28,2025-07-05,dev,0,0.065,0,1,False,0,0,0.0,,,,
d5256ad78e38,apps:29359/22,2025-02-28,2025-07-05,dev,0,0.195,0,1,False,0,0,0.0,,,,
d5256ad78e38,apps:60716/10,2025-02-28,2025-07-05,dev,0,0.065,0,1,False,0,0,0.0,,,,
d5256ad78e38,apps:78030/14,2025-02-28,2025-07-05,dev,0,0.065,0,1,False,0,0,0.0,,,,
d5256ad78e38,apps:40733/22,2025-02-28,2025-07-05,dev,0,0.65,1,0,False,0,0,0.0,,,,
d5256ad78e38,apps:32543/18,2025-02-28,2025-07-05,dev,0,0.065,0,1,False,0,0,0.0,,,,
d5256ad78e38,apps:35054/22,2025-02-28,2025-07-05,dev,0,0.065,0,1,False,0,0,0.0,,,,
d5256ad78e38,apps:10691/24,2025-02-28,2025-07-05,dev,0,0.065,0,1,False,0,0,0.0,,,,
d5256ad78e38,apps:10896/24,2025-02-28,2025-07-05,dev,0,0.065,0,1,False,0,0,0.0,,,,
d5256ad78e38,apps:16240/23,2025-02-28,2025-07-05,dev,0,0.065,0,1,False,0,0,0.0,,,,
d5256ad78e38,apps:53499/20,2025-02-28,2025-07-05,dev,0,0.065,0,1,False,0,0,0.0,,,,
d5256ad78e38,apps:18413/24,2025-02-28,2025-07-05,dev,0,0.065,0,1,False,0,0,0.0,,,,
d5256ad78e38,apps:39466/17,2025-02-28,2025-07-05,dev,0,0.065,0,1,False,0,0,0.0,,,,
d5256ad78e38,apps:21375/24,2025-02-28,2025-07-05,dev,0,0.065,0,1,False,0,0,0.0,,,,
d5256ad78e38,apps:25248/22,2025-02-28,2025-07-05,dev,0,0.065,0,1,False,0,0,0.0,,,,
d5256ad78e38,apps:43307/22,2025-02-28,2025-07-05,dev,0,0.065,0,1,False,0,0,0.0,,,,
d5256ad78e38,apps:10462/23,2025-02-28,2025-07-05,dev,0,0.065,0,1,False,0,0,0.0,,,,
d5256ad78e38,apps:43481/18,2025-02-28,2025-07-05,dev,0,0.065,0,1,False,0,0,0.0,,,,
e12c697e461c,apps:23956/24,2025-02-28,2025-05-23,dev,0,0.065,0,1,False,0,0,0.0,,,,
e12c697e461c,apps:15545/24,2025-02-28,2025-05-23,dev,0,0.065,0,1,False,0,0,0.0,,,,
e12c697e461c,apps:21166/20,2025-02-28,2025-05-23,dev,0,0.065,0,1,False,0,0,0.0,,,,
e12c697e461c,apps:18493/21,2025-02-28,2025-05-23,dev,0,0.065,0,1,False,0,0,0.0,,,,
e12c697e461c,apps:56929/18,2025-02-28,2025-05-23,dev,0,0.065,0,1,False,0,0,0.0,,,,
e12c697e461c,apps:19274/20,2025-02-28,2025-05-23,dev,0,0.065,0,1,False,0,0,0.0,,,,
e12c697e461c,apps:78280/14,2025-02-28,2025-05-23,dev,0,0.065,0,1,False,0,0,0.0,,,,
e12c697e461c,apps:47626/21,2025-02-28,2025-05-23,dev,0,0.195,0,1,False,0,0,0.0,,,,
e12c697e461c,apps:56795/11,2025-02-28,2025-05-23,dev,0,0.065,0,1,False,0,0,0.0,,,,
e12c697e461c,apps:31381/17,2025-02-28,2025-05-23,dev,0,0.065,0,1,False,0,0,0.0,,,,
e12c697e461c,apps:44283/19,2025-02-28,2025-05-23,dev,0,0.065,0,1,False,0,0,0.0,,,,
e12c697e461c,apps:48636/19,2025-02-28,2025-05-23,dev,0,0.065,0,1,False,0,0,0.0,,,,
e12c697e461c,apps:60716/10,2025-02-28,2025-05-23,dev,0,0.065,0,1,False,0,0,0.0,,,,
e12c697e461c,apps:78030/14,2025-02-28,2025-05-23,dev,0,0.065,0,1,False,0,0,0.0,,,,
e12c697e461c,apps:40733/22,2025-02-28,2025-05-23,dev,0,0.65,1,0,False,0,0,0.0,,,,
e12c697e461c,apps:32543/18,2025-02-28,2025-05-23,dev,0,0.065,0,1,False,0,0,0.0,,,,
e12c697e461c,apps:35054/22,2025-02-28,2025-05-23,dev,0,0.065,0,1,False,0,0,0.0,,,,
e12c697e461c,apps:10691/24,2025-02-28,2025-05-23,dev,0,0.065,0,1,False,0,0,0.0,,,,
e12c697e461c,apps:10896/24,2025-02-28,2025-05-23,dev,0,0.065,0,1,False,0,0,0.0,,,,
e12c697e461c,apps:16240/23,2025-02-28,2025-05-23,dev,0,0.065,0,1,False,0,0,0.0,,,,
e12c697e461c,apps:53499/20,2025-02-28,2025-05-23,dev,0,0.065,0,1,False,0,0,0.0,,,,
e12c697e461c,apps:18413/24,2025-02-28,2025-05-23,dev,0,0.065,0,1,False,0,0,0.0,,,,
e12c697e461c,apps:39466/17,2025-02-28,2025-05-23,dev,0,0.065,0,1,False,0,0,0.0,,,,
e12c697e461c,apps:21375/24,2025-02-28,2025-05-23,dev,0,0.065,0,1,False,0,0,0.0,,,,
e12c697e461c,apps:25248/22,2025-02-28,2025-05-23,dev,0,0.065,0,1,False,0,0,0.0,,,,
e12c697e461c,apps:43307/22,2025-02-28,2025-05-23,dev,0,0.065,0,1,False,0,0,0.0,,,,
e12c697e461c,apps:10462/23,2025-02-28,2025-05-23,dev,0,0.065,0,1,False,0,0,0.0,,,,
e12c697e461c,apps:43481/18,2025-02-28,2025-05-23,dev,0,0.065,0,1,False,0,0,0.0,,,,
e12c697e461c,apps:20014/24,2025-02-28,2025-05-23,dev,0,0.065,0,1,False,0,0,0.0,,,,
e12c697e461c,apps:62113/19,2025-02-28,2025-05-23,dev,0,0.065,0,1,False,0,0,0.0,,,,
e19a063de5b3,apps:23956/24,2025-02-28,2025-06-02,dev,0,0.065,0,1,False,0,0,0.0,,,,
e19a063de5b3,apps:15545/24,2025-02-28,2025-06-02,dev,0,0.065,0,1,False,0,0,0.0,,,,
e19a063de5b3,apps:21166/20,2025-02-28,2025-06-02,dev,0,0.065,0,1,False,0,0,0.0,,,,
e19a063de5b3,apps:18493/21,2025-02-28,2025-06-02,dev,0,0.065,0,1,False,0,0,0.0,,,,
e19a063de5b3,apps:56929/18,2025-02-28,2025-06-02,dev,0,0.065,0,1,False,0,0,0.0,,,,
e19a063de5b3,apps:19274/20,2025-02-28,2025-06-02,dev,0,0.065,0,1,False,0,0,0.0,,,,
e19a063de5b3,apps:78280/14,2025-02-28,2025-06-02,dev,0,0.065,0,1,False,0,0,0.0,,,,
e19a063de5b3,apps:47626/21,2025-02-28,2025-06-02,dev,0,0.195,0,1,False,0,0,0.0,,,,
e19a063de5b3,apps:56795/11,2025-02-28,2025-06-02,dev,0,0.065,0,1,False,0,0,0.0,,,,
e19a063de5b3,apps:36436/22,2025-02-28,2025-06-02,dev,0,0.195,0,1,False,0,0,0.0,,,,
e19a063de5b3,apps:31381/17,2025-02-28,2025-06-02,dev,0,0.065,0,1,False,0,0,0.0,,,,
e19a063de5b3,apps:44283/19,2025-02-28,2025-06-02,dev,0,0.065,0,1,False,0,0,0.0,,,,
e19a063de5b3,apps:48636/19,2025-02-28,2025-06-02,dev,0,0.065,0,1,False,0,0,0.0,,,,
e19a063de5b3,apps:29359/22,2025-02-28,2025-06-02,dev,0,0.195,0,1,False,0,0,0.0,,,,
e19a063de5b3,apps:60716/10,2025-02-28,2025-06-02,dev,0,0.065,0,1,False,0,0,0.0,,,,
e19a063de5b3,apps:78030/14,2025-02-28,2025-06-02,dev,0,0.065,0,1,False,0,0,0.0,,,,
e19a063de5b3,apps:40733/22,2025-02-28,2025-06-02,dev,0,0.65,1,0,False,0,0,0.0,,,,
e19a063de5b3,apps:32543/18,2025-02-28,2025-06-02,dev,0,0.065,0,1,False,0,0,0.0,,,,
e19a063de5b3,apps:35054/22,2025-02-28,2025-06-02,dev,0,0.065,0,1,False,0,0,0.0,,,,
e19a063de5b3,apps:10691/24,2025-02-28,2025-06-02,dev,0,0.065,0,1,False,0,0,0.0,,,,
e19a063de5b3,apps:10896/24,2025-02-28,2025-06-02,dev,0,0.065,0,1,False,0,0,0.0,,,,
e19a063de5b3,apps:16240/23,2025-02-28,2025-06-02,dev,0,0.065,0,1,False,0,0,0.0,,,,
e19a063de5b3,apps:53499/20,2025-02-28,2025-06-02,dev,0,0.065,0,1,False,0,0,0.0,,,,
e19a063de5b3,apps:18413/24,2025-02-28,2025-06-02,dev,0,0.065,0,1,False,0,0,0.0,,,,
e19a063de5b3,apps:39466/17,2025-02-28,2025-06-02,dev,0,0.065,0,1,False,0,0,0.0,,,,
e19a063de5b3,apps:21375/24,2025-02-28,2025-06-02,dev,0,0.065,0,1,False,0,0,0.0,,,,
e19a063de5b3,apps:25248/22,2025-02-28,2025-06-02,dev,0,0.065,0,1,False,0,0,0.0,,,,
e19a063de5b3,apps:43307/22,2025-02-28,2025-06-02,dev,0,0.065,0,1,False,0,0,0.0,,,,
e19a063de5b3,apps:10462/23,2025-02-28,2025-06-02,dev,0,0.065,0,1,False,0,0,0.0,,,,
e19a063de5b3,apps:43481/18,2025-02-28,2025-06-02,dev,0,0.065,0,1,False,0,0,0.0,,,,
22935893a6e6,apps:10416/24,2025-08-31,2025-11-28,test,0,0.415,0,1,False,0,0,0.0,,,,
22935893a6e6,apps:14875/23,2025-08-31,2025-11-28,test,0,0.065,0,1,False,0,0,0.0,,,,
22935893a6e6,apps:278/15,2025-08-31,2025-11-28,test,0,0.065,0,1,False,0,0,0.0,,,,
22935893a6e6,apps:23095/24,2025-08-31,2025-11-28,test,0,0.065,0,1,False,0,0,0.0,,,,
22935893a6e6,apps:56234/16,2025-08-31,2025-11-28,test,0,0.065,0,1,False,0,0,0.0,,,,
22935893a6e6,apps:25321/24,2025-08-31,2025-11-28,test,0,0.065,0,1,False,0,0,0.0,,,,
22935893a6e6,apps:22971/19,2025-08-31,2025-11-28,test,0,0.065,0,1,False,0,0,0.0,,,,
22935893a6e6,apps:587/24,2025-08-31,2025-11-28,test,0,0.065,0,1,False,0,0,0.0,,,,
22935893a6e6,apps:22973/23,2025-08-31,2025-11-28,test,0,0.415,0,1,False,0,0,0.0,,,,
22935893a6e6,apps:21429/24,2025-08-31,2025-11-28,test,0,0.065,0,1,False,0,0,0.0,,,,
22935893a6e6,apps:4735/22,2025-08-31,2025-11-28,test,0,0.065,0,1,False,0,0,0.0,,,,
22935893a6e6,apps:46115/20,2025-08-31,2025-11-28,test,0,0.065,0,1,False,0,0,0.0,,,,
22935893a6e6,apps:38336/21,2025-08-31,2025-11-28,test,0,0.415,0,1,False,0,0,0.0,,,,
22935893a6e6,apps:17006/20,2025-08-31,2025-11-28,test,0,0.195,0,1,False,0,0,0.0,,,,
22935893a6e6,apps:35777/15,2025-08-31,2025-11-28,test,0,0.065,0,1,False,0,0,0.0,,,,
22935893a6e6,apps:37957/14,2025-08-31,2025-11-28,test,0,0.195,0,1,False,0,0,0.0,,,,
22935893a6e6,apps:41192/22,2025-08-31,2025-11-28,test,0,0.065,0,1,False,0,0,0.0,,,,
22935893a6e6,apps:33975/21,2025-08-31,2025-11-28,test,0,0.065,0,1,False,0,0,0.0,,,,
22935893a6e6,apps:84056/17,2025-08-31,2025-11-28,test,0,0.195,0,1,False,0,0,0.0,,,,
22935893a6e6,apps:59813/19,2025-08-31,2025-11-28,test,0,0.195,0,1,False,0,0,0.0,,,,
22935893a6e6,apps:3524/22,2025-08-31,2025-11-28,test,0,0.065,0,1,False,0,0,0.0,,,,
22935893a6e6,apps:46913/20,2025-08-31,2025-11-28,test,0,0.065,0,1,False,0,0,0.0,,,,
22935893a6e6,apps:15816/20,2025-08-31,2025-11-28,test,0,0.065,0,1,False,0,0,0.0,,,,
22935893a6e6,apps:34012/20,2025-08-31,2025-11-28,test,0,0.195,0,1,False,0,0,0.0,,,,
22935893a6e6,apps:24338/21,2025-08-31,2025-11-28,test,0,0.065,0,1,False,0,0,0.0,,,,
22935893a6e6,apps:8761/23,2025-08-31,2025-11-28,test,0,0.065,0,1,False,0,0,0.0,,,,
22935893a6e6,apps:31687/15,2025-08-31,2025-11-28,test,0,0.065,0,1,False,0,0,0.0,,,,
22935893a6e6,apps:15653/22,2025-08-31,2025-11-28,test,0,0.65,1,0,False,0,0,0.0,,,,
22935893a6e6,apps:1595/20,2025-08-31,2025-11-28,test,0,0.065,0,1,False,0,0,0.0,,,,
22935893a6e6,apps:46673/18,2025-08-31,2025-11-28,test,0,0.195,0,1,False,0,0,0.0,,,,
ee9a61e98635,apps:10416/24,2025-08-31,2025-11-26,test,0,0.065,0,1,False,0,0,0.0,,,,
ee9a61e98635,apps:14875/23,2025-08-31,2025-11-26,test,0,0.065,0,1,False,0,0,0.0,,,,
ee9a61e98635,apps:278/15,2025-08-31,2025-11-26,test,0,0.065,0,1,False,0,0,0.0,,,,
ee9a61e98635,apps:23095/24,2025-08-31,2025-11-26,test,0,0.065,0,1,False,0,0,0.0,,,,
ee9a61e98635,apps:56234/16,2025-08-31,2025-11-26,test,0,0.065,0,1,False,0,0,0.0,,,,
ee9a61e98635,apps:25321/24,2025-08-31,2025-11-26,test,0,0.065,0,1,False,0,0,0.0,,,,
ee9a61e98635,apps:22971/19,2025-08-31,2025-11-26,test,0,0.065,0,1,False,0,0,0.0,,,,
ee9a61e98635,apps:587/24,2025-08-31,2025-11-26,test,0,0.065,0,1,False,0,0,0.0,,,,
ee9a61e98635,apps:22973/23,2025-08-31,2025-11-26,test,0,0.065,0,1,False,0,0,0.0,,,,
ee9a61e98635,apps:21429/24,2025-08-31,2025-11-26,test,0,0.065,0,1,False,0,0,0.0,,,,
ee9a61e98635,apps:4735/22,2025-08-31,2025-11-26,test,0,0.065,0,1,False,0,0,0.0,,,,
ee9a61e98635,apps:46115/20,2025-08-31,2025-11-26,test,0,0.065,0,1,False,0,0,0.0,,,,
ee9a61e98635,apps:38336/21,2025-08-31,2025-11-26,test,0,0.065,0,1,False,0,0,0.0,,,,
ee9a61e98635,apps:17006/20,2025-08-31,2025-11-26,test,0,0.195,0,1,False,0,0,0.0,,,,
ee9a61e98635,apps:35777/15,2025-08-31,2025-11-26,test,0,0.065,0,1,False,0,0,0.0,,,,
ee9a61e98635,apps:41192/22,2025-08-31,2025-11-26,test,0,0.065,0,1,False,0,0,0.0,,,,
ee9a61e98635,apps:33975/21,2025-08-31,2025-11-26,test,0,0.065,0,1,False,0,0,0.0,,,,
ee9a61e98635,apps:84056/17,2025-08-31,2025-11-26,test,0,0.195,0,1,False,0,0,0.0,,,,
ee9a61e98635,apps:59813/19,2025-08-31,2025-11-26,test,0,0.195,0,1,False,0,0,0.0,,,,
ee9a61e98635,apps:3524/22,2025-08-31,2025-11-26,test,0,0.065,0,1,False,0,0,0.0,,,,
ee9a61e98635,apps:46913/20,2025-08-31,2025-11-26,test,0,0.065,0,1,False,0,0,0.0,,,,
ee9a61e98635,apps:15816/20,2025-08-31,2025-11-26,test,0,0.065,0,1,False,0,0,0.0,,,,
ee9a61e98635,apps:34012/20,2025-08-31,2025-11-26,test,0,0.195,0,1,False,0,0,0.0,,,,
ee9a61e98635,apps:24338/21,2025-08-31,2025-11-26,test,0,0.065,0,1,False,0,0,0.0,,,,
ee9a61e98635,apps:8761/23,2025-08-31,2025-11-26,test,0,0.065,0,1,False,0,0,0.0,,,,
ee9a61e98635,apps:13375/18,2025-08-31,2025-11-26,test,0,0.195,0,1,False,0,0,0.0,,,,
ee9a61e98635,apps:42975/19,2025-08-31,2025-11-26,test,0,0.195,0,1,False,0,0,0.0,,,,
ee9a61e98635,apps:31687/15,2025-08-31,2025-11-26,test,0,0.065,0,1,False,0,0,0.0,,,,
ee9a61e98635,apps:15653/22,2025-08-31,2025-11-26,test,0,0.65,1,0,False,0,0,0.0,,,,
ee9a61e98635,apps:1595/20,2025-08-31,2025-11-26,test,0,0.065,0,1,False,0,0,0.0,,,,
99cd2ce32cf8,apps:23956/24,2025-02-28,2025-05-23,dev,0,0.065,0,1,False,0,0,0.0,,,,
99cd2ce32cf8,apps:15545/24,2025-02-28,2025-05-23,dev,0,0.065,0,1,False,0,0,0.0,,,,
99cd2ce32cf8,apps:21166/20,2025-02-28,2025-05-23,dev,0,0.065,0,1,False,0,0,0.0,,,,
99cd2ce32cf8,apps:18493/21,2025-02-28,2025-05-23,dev,0,0.065,0,1,False,0,0,0.0,,,,
99cd2ce32cf8,apps:56929/18,2025-02-28,2025-05-23,dev,0,0.065,0,1,False,0,0,0.0,,,,
99cd2ce32cf8,apps:19274/20,2025-02-28,2025-05-23,dev,0,0.065,0,1,False,0,0,0.0,,,,
99cd2ce32cf8,apps:78280/14,2025-02-28,2025-05-23,dev,0,0.415,0,1,False,0,0,0.0,,,,
99cd2ce32cf8,apps:47626/21,2025-02-28,2025-05-23,dev,0,0.195,0,1,False,0,0,0.0,,,,
99cd2ce32cf8,apps:56795/11,2025-02-28,2025-05-23,dev,0,0.065,0,1,False,0,0,0.0,,,,
99cd2ce32cf8,apps:36436/22,2025-02-28,2025-05-23,dev,0,0.545,1,0,False,0,0,0.0,,,,
99cd2ce32cf8,apps:31381/17,2025-02-28,2025-05-23,dev,0,0.065,0,1,False,0,0,0.0,,,,
99cd2ce32cf8,apps:44283/19,2025-02-28,2025-05-23,dev,0,0.065,0,1,False,0,0,0.0,,,,
99cd2ce32cf8,apps:48636/19,2025-02-28,2025-05-23,dev,0,0.415,0,1,False,0,0,0.0,,,,
99cd2ce32cf8,apps:29359/22,2025-02-28,2025-05-23,dev,0,0.195,0,1,False,0,0,0.0,,,,
99cd2ce32cf8,apps:60716/10,2025-02-28,2025-05-23,dev,0,0.065,0,1,False,0,0,0.0,,,,
99cd2ce32cf8,apps:78030/14,2025-02-28,2025-05-23,dev,0,0.415,0,1,False,0,0,0.0,,,,
99cd2ce32cf8,apps:40733/22,2025-02-28,2025-05-23,dev,0,1.0,1,0,False,0,0,0.0,,,,
99cd2ce32cf8,apps:32543/18,2025-02-28,2025-05-23,dev,0,0.065,0,1,False,0,0,0.0,,,,
99cd2ce32cf8,apps:35054/22,2025-02-28,2025-05-23,dev,0,0.065,0,1,False,0,0,0.0,,,,
99cd2ce32cf8,apps:10691/24,2025-02-28,2025-05-23,dev,0,0.065,0,1,False,0,0,0.0,,,,
99cd2ce32cf8,apps:10896/24,2025-02-28,2025-05-23,dev,0,0.065,0,1,False,0,0,0.0,,,,
99cd2ce32cf8,apps:16240/23,2025-02-28,2025-05-23,dev,0,0.065,0,1,False,0,0,0.0,,,,
99cd2ce32cf8,apps:53499/20,2025-02-28,2025-05-23,dev,0,0.415,0,1,False,0,0,0.0,,,,
99cd2ce32cf8,apps:18413/24,2025-02-28,2025-05-23,dev,0,0.065,0,1,False,0,0,0.0,,,,
99cd2ce32cf8,apps:39466/17,2025-02-28,2025-05-23,dev,0,0.065,0,1,False,0,0,0.0,,,,
99cd2ce32cf8,apps:21375/24,2025-02-28,2025-05-23,dev,0,0.065,0,1,False,0,0,0.0,,,,
99cd2ce32cf8,apps:25248/22,2025-02-28,2025-05-23,dev,0,0.065,0,1,False,0,0,0.0,,,,
99cd2ce32cf8,apps:43307/22,2025-02-28,2025-05-23,dev,0,0.065,0,1,False,0,0,0.0,,,,
99cd2ce32cf8,apps:10462/23,2025-02-28,2025-05-23,dev,0,0.065,0,1,False,0,0,0.0,,,,
99cd2ce32cf8,apps:43481/18,2025-02-28,2025-05-23,dev,0,0.065,0,1,False,0,0,0.0,,,,
154b01c3289a,apps:23956/24,2025-02-28,2025-06-04,dev,0,0.065,0,1,False,0,0,0.0,,,,
154b01c3289a,apps:15545/24,2025-02-28,2025-06-04,dev,0,0.065,0,1,False,0,0,0.0,,,,
154b01c3289a,apps:21166/20,2025-02-28,2025-06-04,dev,0,0.065,0,1,False,0,0,0.0,,,,
154b01c3289a,apps:18493/21,2025-02-28,2025-06-04,dev,0,0.065,0,1,False,0,0,0.0,,,,
154b01c3289a,apps:56929/18,2025-02-28,2025-06-04,dev,0,0.065,0,1,False,0,0,0.0,,,,
154b01c3289a,apps:19274/20,2025-02-28,2025-06-04,dev,0,0.065,0,1,False,0,0,0.0,,,,
154b01c3289a,apps:78280/14,2025-02-28,2025-06-04,dev,0,0.065,0,1,False,0,0,0.0,,,,
154b01c3289a,apps:47626/21,2025-02-28,2025-06-04,dev,0,0.195,0,1,False,0,0,0.0,,,,
154b01c3289a,apps:56795/11,2025-02-28,2025-06-04,dev,0,0.065,0,1,False,0,0,0.0,,,,
154b01c3289a,apps:36436/22,2025-02-28,2025-06-04,dev,0,0.545,1,0,False,0,0,0.0,,,,
154b01c3289a,apps:31381/17,2025-02-28,2025-06-04,dev,0,0.065,0,1,False,0,0,0.0,,,,
154b01c3289a,apps:44283/19,2025-02-28,2025-06-04,dev,0,0.065,0,1,False,0,0,0.0,,,,
154b01c3289a,apps:48636/19,2025-02-28,2025-06-04,dev,0,0.065,0,1,False,0,0,0.0,,,,
154b01c3289a,apps:29359/22,2025-02-28,2025-06-04,dev,0,0.195,0,1,False,0,0,0.0,,,,
154b01c3289a,apps:60716/10,2025-02-28,2025-06-04,dev,0,0.065,0,1,False,0,0,0.0,,,,
154b01c3289a,apps:78030/14,2025-02-28,2025-06-04,dev,0,0.065,0,1,False,0,0,0.0,,,,
154b01c3289a,apps:40733/22,2025-02-28,2025-06-04,dev,0,1.0,1,0,False,0,0,0.0,,,,
154b01c3289a,apps:32543/18,2025-02-28,2025-06-04,dev,0,0.065,0,1,False,0,0,0.0,,,,
154b01c3289a,apps:35054/22,2025-02-28,2025-06-04,dev,0,0.065,0,1,False,0,0,0.0,,,,
154b01c3289a,apps:10691/24,2025-02-28,2025-06-04,dev,0,0.065,0,1,False,0,0,0.0,,,,
154b01c3289a,apps:10896/24,2025-02-28,2025-06-04,dev,0,0.065,0,1,False,0,0,0.0,,,,
154b01c3289a,apps:16240/23,2025-02-28,2025-06-04,dev,0,0.415,0,1,False,0,0,0.0,,,,
154b01c3289a,apps:53499/20,2025-02-28,2025-06-04,dev,0,0.065,0,1,False,0,0,0.0,,,,
154b01c3289a,apps:18413/24,2025-02-28,2025-06-04,dev,0,0.065,0,1,False,0,0,0.0,,,,
154b01c3289a,apps:39466/17,2025-02-28,2025-06-04,dev,0,0.415,0,1,False,0,0,0.0,,,,
154b01c3289a,apps:21375/24,2025-02-28,2025-06-04,dev,0,0.065,0,1,False,0,0,0.0,,,,
154b01c3289a,apps:25248/22,2025-02-28,2025-06-04,dev,0,0.065,0,1,False,0,0,0.0,,,,
154b01c3289a,apps:43307/22,2025-02-28,2025-06-04,dev,0,0.415,0,1,False,0,0,0.0,,,,
154b01c3289a,apps:10462/23,2025-02-28,2025-06-04,dev,0,0.065,0,1,False,0,0,0.0,,,,
154b01c3289a,apps:43481/18,2025-02-28,2025-06-04,dev,0,0.065,0,1,False,0,0,0.0,,,,
1900da194ee4,apps:23956/24,2025-02-28,2025-09-18,dev,0,0.065,0,1,False,0,0,0.0,,,,
1900da194ee4,apps:15545/24,2025-02-28,2025-09-18,dev,0,0.065,0,1,False,0,0,0.0,,,,
1900da194ee4,apps:21166/20,2025-02-28,2025-09-18,dev,0,0.065,0,1,False,0,0,0.0,,,,
1900da194ee4,apps:18493/21,2025-02-28,2025-09-18,dev,0,0.415,0,1,False,0,0,0.0,,,,
1900da194ee4,apps:56929/18,2025-02-28,2025-09-18,dev,0,0.065,0,1,False,0,0,0.0,,,,
1900da194ee4,apps:19274/20,2025-02-28,2025-09-18,dev,0,0.065,0,1,False,0,0,0.0,,,,
1900da194ee4,apps:78280/14,2025-02-28,2025-09-18,dev,0,0.065,0,1,False,0,0,0.0,,,,
1900da194ee4,apps:47626/21,2025-02-28,2025-09-18,dev,0,0.195,0,1,False,0,0,0.0,,,,
1900da194ee4,apps:56795/11,2025-02-28,2025-09-18,dev,0,0.065,0,1,False,0,0,0.0,,,,
1900da194ee4,apps:36436/22,2025-02-28,2025-09-18,dev,0,0.195,0,1,False,0,0,0.0,,,,
1900da194ee4,apps:31381/17,2025-02-28,2025-09-18,dev,0,0.065,0,1,False,0,0,0.0,,,,
1900da194ee4,apps:44283/19,2025-02-28,2025-09-18,dev,0,0.065,0,1,False,0,0,0.0,,,,
1900da194ee4,apps:48636/19,2025-02-28,2025-09-18,dev,0,0.065,0,1,False,0,0,0.0,,,,
1900da194ee4,apps:29359/22,2025-02-28,2025-09-18,dev,0,0.195,0,1,False,0,0,0.0,,,,
1900da194ee4,apps:60716/10,2025-02-28,2025-09-18,dev,0,0.065,0,1,False,0,0,0.0,,,,
1900da194ee4,apps:78030/14,2025-02-28,2025-09-18,dev,0,0.065,0,1,False,0,0,0.0,,,,
1900da194ee4,apps:40733/22,2025-02-28,2025-09-18,dev,0,0.65,1,0,False,0,0,0.0,,,,
1900da194ee4,apps:32543/18,2025-02-28,2025-09-18,dev,0,0.065,0,1,False,0,0,0.0,,,,
1900da194ee4,apps:35054/22,2025-02-28,2025-09-18,dev,0,0.065,0,1,False,0,0,0.0,,,,
1900da194ee4,apps:10691/24,2025-02-28,2025-09-18,dev,0,0.065,0,1,False,0,0,0.0,,,,
1900da194ee4,apps:10896/24,2025-02-28,2025-09-18,dev,0,0.065,0,1,False,0,0,0.0,,,,
1900da194ee4,apps:16240/23,2025-02-28,2025-09-18,dev,0,0.065,0,1,False,0,0,0.0,,,,
1900da194ee4,apps:53499/20,2025-02-28,2025-09-18,dev,0,0.065,0,1,False,0,0,0.0,,,,
1900da194ee4,apps:18413/24,2025-02-28,2025-09-18,dev,0,0.065,0,1,False,0,0,0.0,,,,
1900da194ee4,apps:39466/17,2025-02-28,2025-09-18,dev,0,0.065,0,1,False,0,0,0.0,,,,
1900da194ee4,apps:21375/24,2025-02-28,2025-09-18,dev,0,0.065,0,1,False,0,0,0.0,,,,
1900da194ee4,apps:25248/22,2025-02-28,2025-09-18,dev,0,0.065,0,1,False,0,0,0.0,,,,
1900da194ee4,apps:43307/22,2025-02-28,2025-09-18,dev,0,0.065,0,1,False,0,0,0.0,,,,
1900da194ee4,apps:10462/23,2025-02-28,2025-09-18,dev,0,0.065,0,1,False,0,0,0.0,,,,
1900da194ee4,apps:43481/18,2025-02-28,2025-09-18,dev,0,0.065,0,1,False,0,0,0.0,,,,
2fbc08fc30bd,apps:23956/24,2025-02-28,2025-05-31,dev,0,0.065,0,1,False,0,0,0.0,,,,
2fbc08fc30bd,apps:15545/24,2025-02-28,2025-05-31,dev,0,0.065,0,1,False,0,0,0.0,,,,
2fbc08fc30bd,apps:21166/20,2025-02-28,2025-05-31,dev,0,0.065,0,1,False,0,0,0.0,,,,
2fbc08fc30bd,apps:18493/21,2025-02-28,2025-05-31,dev,0,0.065,0,1,False,0,0,0.0,,,,
2fbc08fc30bd,apps:56929/18,2025-02-28,2025-05-31,dev,0,0.065,0,1,False,0,0,0.0,,,,
2fbc08fc30bd,apps:19274/20,2025-02-28,2025-05-31,dev,0,0.065,0,1,False,0,0,0.0,,,,
2fbc08fc30bd,apps:78280/14,2025-02-28,2025-05-31,dev,0,0.065,0,1,False,0,0,0.0,,,,
2fbc08fc30bd,apps:47626/21,2025-02-28,2025-05-31,dev,0,0.195,0,1,False,0,0,0.0,,,,
2fbc08fc30bd,apps:56795/11,2025-02-28,2025-05-31,dev,0,0.065,0,1,False,0,0,0.0,,,,
2fbc08fc30bd,apps:36436/22,2025-02-28,2025-05-31,dev,0,0.195,0,1,False,0,0,0.0,,,,
2fbc08fc30bd,apps:31381/17,2025-02-28,2025-05-31,dev,0,0.065,0,1,False,0,0,0.0,,,,
2fbc08fc30bd,apps:44283/19,2025-02-28,2025-05-31,dev,0,0.065,0,1,False,0,0,0.0,,,,
2fbc08fc30bd,apps:48636/19,2025-02-28,2025-05-31,dev,0,0.065,0,1,False,0,0,0.0,,,,
2fbc08fc30bd,apps:29359/22,2025-02-28,2025-05-31,dev,0,0.195,0,1,False,0,0,0.0,,,,
2fbc08fc30bd,apps:60716/10,2025-02-28,2025-05-31,dev,0,0.065,0,1,False,0,0,0.0,,,,
2fbc08fc30bd,apps:78030/14,2025-02-28,2025-05-31,dev,0,0.065,0,1,False,0,0,0.0,,,,
2fbc08fc30bd,apps:40733/22,2025-02-28,2025-05-31,dev,0,0.65,1,0,False,0,0,0.0,,,,
2fbc08fc30bd,apps:32543/18,2025-02-28,2025-05-31,dev,0,0.065,0,1,False,0,0,0.0,,,,
2fbc08fc30bd,apps:35054/22,2025-02-28,2025-05-31,dev,0,0.065,0,1,False,0,0,0.0,,,,
2fbc08fc30bd,apps:10691/24,2025-02-28,2025-05-31,dev,0,0.065,0,1,False,0,0,0.0,,,,
2fbc08fc30bd,apps:10896/24,2025-02-28,2025-05-31,dev,0,0.065,0,1,False,0,0,0.0,,,,
2fbc08fc30bd,apps:16240/23,2025-02-28,2025-05-31,dev,0,0.065,0,1,False,0,0,0.0,,,,
2fbc08fc30bd,apps:53499/20,2025-02-28,2025-05-31,dev,0,0.065,0,1,False,0,0,0.0,,,,
2fbc08fc30bd,apps:18413/24,2025-02-28,2025-05-31,dev,0,0.065,0,1,False,0,0,0.0,,,,
2fbc08fc30bd,apps:39466/17,2025-02-28,2025-05-31,dev,0,0.065,0,1,False,0,0,0.0,,,,
2fbc08fc30bd,apps:21375/24,2025-02-28,2025-05-31,dev,0,0.065,0,1,False,0,0,0.0,,,,
2fbc08fc30bd,apps:25248/22,2025-02-28,2025-05-31,dev,0,0.065,0,1,False,0,0,0.0,,,,
2fbc08fc30bd,apps:43307/22,2025-02-28,2025-05-31,dev,0,0.065,0,1,False,0,0,0.0,,,,
2fbc08fc30bd,apps:10462/23,2025-02-28,2025-05-31,dev,0,0.065,0,1,False,0,0,0.0,,,,
2fbc08fc30bd,apps:43481/18,2025-02-28,2025-05-31,dev,0,0.065,0,1,False,0,0,0.0,,,,
4026b1621d4a,apps:23956/24,2025-02-28,2025-06-12,dev,0,0.415,0,1,False,0,0,0.0,,,,
4026b1621d4a,apps:15545/24,2025-02-28,2025-06-12,dev,0,0.415,0,1,False,0,0,0.0,,,,
4026b1621d4a,apps:21166/20,2025-02-28,2025-06-12,dev,0,0.065,0,1,False,0,0,0.0,,,,
4026b1621d4a,apps:18493/21,2025-02-28,2025-06-12,dev,0,0.065,0,1,False,0,0,0.0,,,,
4026b1621d4a,apps:56929/18,2025-02-28,2025-06-12,dev,0,0.415,0,1,False,0,0,0.0,,,,
4026b1621d4a,apps:19274/20,2025-02-28,2025-06-12,dev,0,0.065,0,1,False,0,0,0.0,,,,
4026b1621d4a,apps:78280/14,2025-02-28,2025-06-12,dev,0,0.065,0,1,False,0,0,0.0,,,,
4026b1621d4a,apps:47626/21,2025-02-28,2025-06-12,dev,0,0.195,0,1,False,0,0,0.0,,,,
4026b1621d4a,apps:56795/11,2025-02-28,2025-06-12,dev,0,0.065,0,1,False,0,0,0.0,,,,
4026b1621d4a,apps:36436/22,2025-02-28,2025-06-12,dev,0,0.195,0,1,False,0,0,0.0,,,,
4026b1621d4a,apps:31381/17,2025-02-28,2025-06-12,dev,0,0.065,0,1,False,0,0,0.0,,,,
4026b1621d4a,apps:44283/19,2025-02-28,2025-06-12,dev,0,0.065,0,1,False,0,0,0.0,,,,
4026b1621d4a,apps:48636/19,2025-02-28,2025-06-12,dev,0,0.065,0,1,False,0,0,0.0,,,,
4026b1621d4a,apps:29359/22,2025-02-28,2025-06-12,dev,0,0.195,0,1,False,0,0,0.0,,,,
4026b1621d4a,apps:60716/10,2025-02-28,2025-06-12,dev,0,0.415,0,1,False,0,0,0.0,,,,
4026b1621d4a,apps:78030/14,2025-02-28,2025-06-12,dev,0,0.065,0,1,False,0,0,0.0,,,,
4026b1621d4a,apps:40733/22,2025-02-28,2025-06-12,dev,0,0.65,1,0,False,0,0,0.0,,,,
4026b1621d4a,apps:32543/18,2025-02-28,2025-06-12,dev,0,0.415,0,1,False,0,0,0.0,,,,
4026b1621d4a,apps:35054/22,2025-02-28,2025-06-12,dev,0,0.415,0,1,False,0,0,0.0,,,,
4026b1621d4a,apps:10691/24,2025-02-28,2025-06-12,dev,0,0.415,0,1,False,0,0,0.0,,,,
4026b1621d4a,apps:10896/24,2025-02-28,2025-06-12,dev,0,0.415,0,1,False,0,0,0.0,,,,
4026b1621d4a,apps:16240/23,2025-02-28,2025-06-12,dev,0,0.415,0,1,False,0,0,0.0,,,,
4026b1621d4a,apps:53499/20,2025-02-28,2025-06-12,dev,0,0.065,0,1,False,0,0,0.0,,,,
4026b1621d4a,apps:18413/24,2025-02-28,2025-06-12,dev,0,0.065,0,1,False,0,0,0.0,,,,
4026b1621d4a,apps:39466/17,2025-02-28,2025-06-12,dev,0,0.415,0,1,False,0,0,0.0,,,,
4026b1621d4a,apps:21375/24,2025-02-28,2025-06-12,dev,0,0.415,0,1,False,0,0,0.0,,,,
4026b1621d4a,apps:25248/22,2025-02-28,2025-06-12,dev,0,0.065,0,1,False,0,0,0.0,,,,
4026b1621d4a,apps:43307/22,2025-02-28,2025-06-12,dev,0,0.065,0,1,False,0,0,0.0,,,,
4026b1621d4a,apps:10462/23,2025-02-28,2025-06-12,dev,0,0.415,0,1,False,0,0,0.0,,,,
4026b1621d4a,apps:43481/18,2025-02-28,2025-06-12,dev,0,0.065,0,1,False,0,0,0.0,,,,
415c8994e0ed,apps:23956/24,2025-02-28,2025-06-19,dev,0,0.065,0,1,False,0,0,0.0,,,,
415c8994e0ed,apps:15545/24,2025-02-28,2025-06-19,dev,0,0.065,0,1,False,0,0,0.0,,,,
415c8994e0ed,apps:21166/20,2025-02-28,2025-06-19,dev,0,0.065,0,1,False,0,0,0.0,,,,
415c8994e0ed,apps:18493/21,2025-02-28,2025-06-19,dev,0,0.065,0,1,False,0,0,0.0,,,,
415c8994e0ed,apps:56929/18,2025-02-28,2025-06-19,dev,0,0.065,0,1,False,0,0,0.0,,,,
415c8994e0ed,apps:19274/20,2025-02-28,2025-06-19,dev,0,0.065,0,1,False,0,0,0.0,,,,
415c8994e0ed,apps:78280/14,2025-02-28,2025-06-19,dev,0,0.065,0,1,False,0,0,0.0,,,,
415c8994e0ed,apps:56795/11,2025-02-28,2025-06-19,dev,0,0.065,0,1,False,0,0,0.0,,,,
415c8994e0ed,apps:36436/22,2025-02-28,2025-06-19,dev,0,0.195,0,1,False,0,0,0.0,,,,
415c8994e0ed,apps:31381/17,2025-02-28,2025-06-19,dev,0,0.065,0,1,False,0,0,0.0,,,,
415c8994e0ed,apps:44283/19,2025-02-28,2025-06-19,dev,0,0.065,0,1,False,0,0,0.0,,,,
415c8994e0ed,apps:48636/19,2025-02-28,2025-06-19,dev,0,0.065,0,1,False,0,0,0.0,,,,
415c8994e0ed,apps:29359/22,2025-02-28,2025-06-19,dev,0,0.195,0,1,False,0,0,0.0,,,,
415c8994e0ed,apps:60716/10,2025-02-28,2025-06-19,dev,0,0.065,0,1,False,0,0,0.0,,,,
415c8994e0ed,apps:78030/14,2025-02-28,2025-06-19,dev,0,0.065,0,1,False,0,0,0.0,,,,
415c8994e0ed,apps:40733/22,2025-02-28,2025-06-19,dev,0,0.65,1,0,False,0,0,0.0,,,,
415c8994e0ed,apps:32543/18,2025-02-28,2025-06-19,dev,0,0.065,0,1,False,0,0,0.0,,,,
415c8994e0ed,apps:35054/22,2025-02-28,2025-06-19,dev,0,0.065,0,1,False,0,0,0.0,,,,
415c8994e0ed,apps:10691/24,2025-02-28,2025-06-19,dev,0,0.065,0,1,False,0,0,0.0,,,,
415c8994e0ed,apps:10896/24,2025-02-28,2025-06-19,dev,0,0.065,0,1,False,0,0,0.0,,,,
415c8994e0ed,apps:16240/23,2025-02-28,2025-06-19,dev,0,0.065,0,1,False,0,0,0.0,,,,
415c8994e0ed,apps:53499/20,2025-02-28,2025-06-19,dev,0,0.065,0,1,False,0,0,0.0,,,,
415c8994e0ed,apps:18413/24,2025-02-28,2025-06-19,dev,0,0.065,0,1,False,0,0,0.0,,,,
415c8994e0ed,apps:39466/17,2025-02-28,2025-06-19,dev,0,0.065,0,1,False,0,0,0.0,,,,
415c8994e0ed,apps:21375/24,2025-02-28,2025-06-19,dev,0,0.065,0,1,False,0,0,0.0,,,,
415c8994e0ed,apps:25248/22,2025-02-28,2025-06-19,dev,0,0.065,0,1,False,0,0,0.0,,,,
415c8994e0ed,apps:43307/22,2025-02-28,2025-06-19,dev,0,0.065,0,1,False,0,0,0.0,,,,
415c8994e0ed,apps:10462/23,2025-02-28,2025-06-19,dev,0,0.065,0,1,False,0,0,0.0,,,,
415c8994e0ed,apps:43481/18,2025-02-28,2025-06-19,dev,0,0.065,0,1,False,0,0,0.0,,,,
415c8994e0ed,apps:20014/24,2025-02-28,2025-06-19,dev,0,0.065,0,1,False,0,0,0.0,,,,
7a059e452dbd,apps:23956/24,2025-02-28,2025-06-26,dev,0,0.065,0,1,False,0,0,0.0,,,,
7a059e452dbd,apps:15545/24,2025-02-28,2025-06-26,dev,0,0.065,0,1,False,0,0,0.0,,,,
7a059e452dbd,apps:21166/20,2025-02-28,2025-06-26,dev,0,0.065,0,1,False,0,0,0.0,,,,
7a059e452dbd,apps:18493/21,2025-02-28,2025-06-26,dev,0,0.065,0,1,False,0,0,0.0,,,,
7a059e452dbd,apps:56929/18,2025-02-28,2025-06-26,dev,0,0.065,0,1,False,0,0,0.0,,,,
7a059e452dbd,apps:19274/20,2025-02-28,2025-06-26,dev,0,0.065,0,1,False,0,0,0.0,,,,
7a059e452dbd,apps:78280/14,2025-02-28,2025-06-26,dev,0,0.065,0,1,False,0,0,0.0,,,,
7a059e452dbd,apps:47626/21,2025-02-28,2025-06-26,dev,0,0.195,0,1,False,0,0,0.0,,,,
7a059e452dbd,apps:56795/11,2025-02-28,2025-06-26,dev,0,0.065,0,1,False,0,0,0.0,,,,
7a059e452dbd,apps:36436/22,2025-02-28,2025-06-26,dev,0,0.195,0,1,False,0,0,0.0,,,,
7a059e452dbd,apps:31381/17,2025-02-28,2025-06-26,dev,0,0.065,0,1,False,0,0,0.0,,,,
7a059e452dbd,apps:44283/19,2025-02-28,2025-06-26,dev,0,0.065,0,1,False,0,0,0.0,,,,
7a059e452dbd,apps:48636/19,2025-02-28,2025-06-26,dev,0,0.065,0,1,False,0,0,0.0,,,,
7a059e452dbd,apps:29359/22,2025-02-28,2025-06-26,dev,0,0.195,0,1,False,0,0,0.0,,,,
7a059e452dbd,apps:60716/10,2025-02-28,2025-06-26,dev,0,0.065,0,1,False,0,0,0.0,,,,
7a059e452dbd,apps:78030/14,2025-02-28,2025-06-26,dev,0,0.065,0,1,False,0,0,0.0,,,,
7a059e452dbd,apps:40733/22,2025-02-28,2025-06-26,dev,0,0.65,1,0,False,0,0,0.0,,,,
7a059e452dbd,apps:32543/18,2025-02-28,2025-06-26,dev,0,0.065,0,1,False,0,0,0.0,,,,
7a059e452dbd,apps:35054/22,2025-02-28,2025-06-26,dev,0,0.065,0,1,False,0,0,0.0,,,,
7a059e452dbd,apps:10691/24,2025-02-28,2025-06-26,dev,0,0.065,0,1,False,0,0,0.0,,,,
7a059e452dbd,apps:10896/24,2025-02-28,2025-06-26,dev,0,0.065,0,1,False,0,0,0.0,,,,
7a059e452dbd,apps:16240/23,2025-02-28,2025-06-26,dev,0,0.065,0,1,False,0,0,0.0,,,,
7a059e452dbd,apps:53499/20,2025-02-28,2025-06-26,dev,0,0.065,0,1,False,0,0,0.0,,,,
7a059e452dbd,apps:18413/24,2025-02-28,2025-06-26,dev,0,0.065,0,1,False,0,0,0.0,,,,
7a059e452dbd,apps:39466/17,2025-02-28,2025-06-26,dev,0,0.065,0,1,False,0,0,0.0,,,,
7a059e452dbd,apps:21375/24,2025-02-28,2025-06-26,dev,0,0.065,0,1,False,0,0,0.0,,,,
7a059e452dbd,apps:25248/22,2025-02-28,2025-06-26,dev,0,0.065,0,1,False,0,0,0.0,,,,
7a059e452dbd,apps:43307/22,2025-02-28,2025-06-26,dev,0,0.065,0,1,False,0,0,0.0,,,,
7a059e452dbd,apps:10462/23,2025-02-28,2025-06-26,dev,0,0.065,0,1,False,0,0,0.0,,,,
7a059e452dbd,apps:43481/18,2025-02-28,2025-06-26,dev,0,0.065,0,1,False,0,0,0.0,,,,
7b2999efc3b7,apps:23956/24,2025-02-28,2025-09-18,dev,0,0.065,0,1,False,0,0,0.0,,,,
7b2999efc3b7,apps:15545/24,2025-02-28,2025-09-18,dev,0,0.065,0,1,False,0,0,0.0,,,,
7b2999efc3b7,apps:21166/20,2025-02-28,2025-09-18,dev,0,0.065,0,1,False,0,0,0.0,,,,
7b2999efc3b7,apps:18493/21,2025-02-28,2025-09-18,dev,0,0.065,0,1,False,0,0,0.0,,,,
7b2999efc3b7,apps:56929/18,2025-02-28,2025-09-18,dev,0,0.065,0,1,False,0,0,0.0,,,,
7b2999efc3b7,apps:19274/20,2025-02-28,2025-09-18,dev,0,0.065,0,1,False,0,0,0.0,,,,
7b2999efc3b7,apps:78280/14,2025-02-28,2025-09-18,dev,0,0.065,0,1,False,0,0,0.0,,,,
7b2999efc3b7,apps:47626/21,2025-02-28,2025-09-18,dev,0,0.195,0,1,False,0,0,0.0,,,,
7b2999efc3b7,apps:56795/11,2025-02-28,2025-09-18,dev,0,0.065,0,1,False,0,0,0.0,,,,
7b2999efc3b7,apps:36436/22,2025-02-28,2025-09-18,dev,0,0.195,0,1,False,0,0,0.0,,,,
7b2999efc3b7,apps:31381/17,2025-02-28,2025-09-18,dev,0,0.065,0,1,False,0,0,0.0,,,,
7b2999efc3b7,apps:44283/19,2025-02-28,2025-09-18,dev,0,0.065,0,1,False,0,0,0.0,,,,
7b2999efc3b7,apps:48636/19,2025-02-28,2025-09-18,dev,0,0.065,0,1,False,0,0,0.0,,,,
7b2999efc3b7,apps:29359/22,2025-02-28,2025-09-18,dev,0,0.195,0,1,False,0,0,0.0,,,,
7b2999efc3b7,apps:60716/10,2025-02-28,2025-09-18,dev,0,0.065,0,1,False,0,0,0.0,,,,
7b2999efc3b7,apps:78030/14,2025-02-28,2025-09-18,dev,0,0.065,0,1,False,0,0,0.0,,,,
7b2999efc3b7,apps:40733/22,2025-02-28,2025-09-18,dev,0,0.65,1,0,False,0,0,0.0,,,,
7b2999efc3b7,apps:32543/18,2025-02-28,2025-09-18,dev,0,0.065,0,1,False,0,0,0.0,,,,
7b2999efc3b7,apps:35054/22,2025-02-28,2025-09-18,dev,0,0.065,0,1,False,0,0,0.0,,,,
7b2999efc3b7,apps:10691/24,2025-02-28,2025-09-18,dev,0,0.065,0,1,False,0,0,0.0,,,,
7b2999efc3b7,apps:10896/24,2025-02-28,2025-09-18,dev,0,0.065,0,1,False,0,0,0.0,,,,
7b2999efc3b7,apps:16240/23,2025-02-28,2025-09-18,dev,0,0.065,0,1,False,0,0,0.0,,,,
7b2999efc3b7,apps:53499/20,2025-02-28,2025-09-18,dev,0,0.065,0,1,False,0,0,0.0,,,,
7b2999efc3b7,apps:18413/24,2025-02-28,2025-09-18,dev,0,0.065,0,1,False,0,0,0.0,,,,
7b2999efc3b7,apps:39466/17,2025-02-28,2025-09-18,dev,0,0.065,0,1,False,0,0,0.0,,,,
7b2999efc3b7,apps:21375/24,2025-02-28,2025-09-18,dev,0,0.065,0,1,False,0,0,0.0,,,,
7b2999efc3b7,apps:25248/22,2025-02-28,2025-09-18,dev,0,0.065,0,1,False,0,0,0.0,,,,
7b2999efc3b7,apps:43307/22,2025-02-28,2025-09-18,dev,0,0.065,0,1,False,0,0,0.0,,,,
7b2999efc3b7,apps:10462/23,2025-02-28,2025-09-18,dev,0,0.065,0,1,False,0,0,0.0,,,,
7b2999efc3b7,apps:43481/18,2025-02-28,2025-09-18,dev,0,0.065,0,1,False,0,0,0.0,,,,
8ad6b528df3f,apps:23956/24,2025-02-28,2025-06-01,dev,0,0.065,0,1,False,0,0,0.0,,,,
8ad6b528df3f,apps:15545/24,2025-02-28,2025-06-01,dev,0,0.065,0,1,False,0,0,0.0,,,,
8ad6b528df3f,apps:21166/20,2025-02-28,2025-06-01,dev,0,0.065,0,1,False,0,0,0.0,,,,
8ad6b528df3f,apps:18493/21,2025-02-28,2025-06-01,dev,0,0.065,0,1,False,0,0,0.0,,,,
8ad6b528df3f,apps:56929/18,2025-02-28,2025-06-01,dev,0,0.065,0,1,False,0,0,0.0,,,,
8ad6b528df3f,apps:19274/20,2025-02-28,2025-06-01,dev,0,0.065,0,1,False,0,0,0.0,,,,
8ad6b528df3f,apps:78280/14,2025-02-28,2025-06-01,dev,0,0.065,0,1,False,0,0,0.0,,,,
8ad6b528df3f,apps:47626/21,2025-02-28,2025-06-01,dev,0,0.195,0,1,False,0,0,0.0,,,,
8ad6b528df3f,apps:56795/11,2025-02-28,2025-06-01,dev,0,0.065,0,1,False,0,0,0.0,,,,
8ad6b528df3f,apps:36436/22,2025-02-28,2025-06-01,dev,0,0.195,0,1,False,0,0,0.0,,,,
8ad6b528df3f,apps:31381/17,2025-02-28,2025-06-01,dev,0,0.065,0,1,False,0,0,0.0,,,,
8ad6b528df3f,apps:44283/19,2025-02-28,2025-06-01,dev,0,0.065,0,1,False,0,0,0.0,,,,
8ad6b528df3f,apps:48636/19,2025-02-28,2025-06-01,dev,0,0.065,0,1,False,0,0,0.0,,,,
8ad6b528df3f,apps:60716/10,2025-02-28,2025-06-01,dev,0,0.065,0,1,False,0,0,0.0,,,,
8ad6b528df3f,apps:78030/14,2025-02-28,2025-06-01,dev,0,0.065,0,1,False,0,0,0.0,,,,
8ad6b528df3f,apps:40733/22,2025-02-28,2025-06-01,dev,0,0.65,1,0,False,0,0,0.0,,,,
8ad6b528df3f,apps:32543/18,2025-02-28,2025-06-01,dev,0,0.065,0,1,False,0,0,0.0,,,,
8ad6b528df3f,apps:35054/22,2025-02-28,2025-06-01,dev,0,0.065,0,1,False,0,0,0.0,,,,
8ad6b528df3f,apps:10691/24,2025-02-28,2025-06-01,dev,0,0.065,0,1,False,0,0,0.0,,,,
8ad6b528df3f,apps:10896/24,2025-02-28,2025-06-01,dev,0,0.065,0,1,False,0,0,0.0,,,,
8ad6b528df3f,apps:16240/23,2025-02-28,2025-06-01,dev,0,0.065,0,1,False,0,0,0.0,,,,
8ad6b528df3f,apps:53499/20,2025-02-28,2025-06-01,dev,0,0.065,0,1,False,0,0,0.0,,,,
8ad6b528df3f,apps:18413/24,2025-02-28,2025-06-01,dev,0,0.065,0,1,False,0,0,0.0,,,,
8ad6b528df3f,apps:39466/17,2025-02-28,2025-06-01,dev,0,0.065,0,1,False,0,0,0.0,,,,
8ad6b528df3f,apps:21375/24,2025-02-28,2025-06-01,dev,0,0.065,0,1,False,0,0,0.0,,,,
8ad6b528df3f,apps:25248/22,2025-02-28,2025-06-01,dev,0,0.065,0,1,False,0,0,0.0,,,,
8ad6b528df3f,apps:43307/22,2025-02-28,2025-06-01,dev,0,0.065,0,1,False,0,0,0.0,,,,
8ad6b528df3f,apps:10462/23,2025-02-28,2025-06-01,dev,0,0.065,0,1,False,0,0,0.0,,,,
8ad6b528df3f,apps:43481/18,2025-02-28,2025-06-01,dev,0,0.065,0,1,False,0,0,0.0,,,,
8ad6b528df3f,apps:20014/24,2025-02-28,2025-06-01,dev,0,0.065,0,1,False,0,0,0.0,,,,
acdaf72cea98,apps:23956/24,2025-02-28,2025-06-22,dev,0,0.065,0,1,False,0,0,0.0,,,,
acdaf72cea98,apps:15545/24,2025-02-28,2025-06-22,dev,0,0.065,0,1,False,0,0,0.0,,,,
acdaf72cea98,apps:21166/20,2025-02-28,2025-06-22,dev,0,0.065,0,1,False,0,0,0.0,,,,
acdaf72cea98,apps:18493/21,2025-02-28,2025-06-22,dev,0,0.065,0,1,False,0,0,0.0,,,,
acdaf72cea98,apps:56929/18,2025-02-28,2025-06-22,dev,0,0.065,0,1,False,0,0,0.0,,,,
acdaf72cea98,apps:19274/20,2025-02-28,2025-06-22,dev,0,0.065,0,1,False,0,0,0.0,,,,
acdaf72cea98,apps:78280/14,2025-02-28,2025-06-22,dev,0,0.065,0,1,False,0,0,0.0,,,,
acdaf72cea98,apps:47626/21,2025-02-28,2025-06-22,dev,0,0.195,0,1,False,0,0,0.0,,,,
acdaf72cea98,apps:56795/11,2025-02-28,2025-06-22,dev,0,0.065,0,1,False,0,0,0.0,,,,
acdaf72cea98,apps:31381/17,2025-02-28,2025-06-22,dev,0,0.065,0,1,False,0,0,0.0,,,,
acdaf72cea98,apps:44283/19,2025-02-28,2025-06-22,dev,0,0.415,0,1,False,0,0,0.0,,,,
acdaf72cea98,apps:48636/19,2025-02-28,2025-06-22,dev,0,0.065,0,1,False,0,0,0.0,,,,
acdaf72cea98,apps:29359/22,2025-02-28,2025-06-22,dev,0,0.195,0,1,False,0,0,0.0,,,,
acdaf72cea98,apps:60716/10,2025-02-28,2025-06-22,dev,0,0.065,0,1,False,0,0,0.0,,,,
acdaf72cea98,apps:78030/14,2025-02-28,2025-06-22,dev,0,0.065,0,1,False,0,0,0.0,,,,
acdaf72cea98,apps:40733/22,2025-02-28,2025-06-22,dev,0,1.0,1,0,False,0,0,0.0,,,,
acdaf72cea98,apps:32543/18,2025-02-28,2025-06-22,dev,0,0.065,0,1,False,0,0,0.0,,,,
acdaf72cea98,apps:35054/22,2025-02-28,2025-06-22,dev,0,0.065,0,1,False,0,0,0.0,,,,
acdaf72cea98,apps:10691/24,2025-02-28,2025-06-22,dev,0,0.065,0,1,False,0,0,0.0,,,,
acdaf72cea98,apps:10896/24,2025-02-28,2025-06-22,dev,0,0.065,0,1,False,0,0,0.0,,,,
acdaf72cea98,apps:16240/23,2025-02-28,2025-06-22,dev,0,0.065,0,1,False,0,0,0.0,,,,
acdaf72cea98,apps:53499/20,2025-02-28,2025-06-22,dev,0,0.065,0,1,False,0,0,0.0,,,,
acdaf72cea98,apps:18413/24,2025-02-28,2025-06-22,dev,0,0.065,0,1,False,0,0,0.0,,,,
acdaf72cea98,apps:39466/17,2025-02-28,2025-06-22,dev,0,0.065,0,1,False,0,0,0.0,,,,
acdaf72cea98,apps:21375/24,2025-02-28,2025-06-22,dev,0,0.065,0,1,False,0,0,0.0,,,,
acdaf72cea98,apps:25248/22,2025-02-28,2025-06-22,dev,0,0.415,0,1,False,0,0,0.0,,,,
acdaf72cea98,apps:43307/22,2025-02-28,2025-06-22,dev,0,0.415,0,1,False,0,0,0.0,,,,
acdaf72cea98,apps:10462/23,2025-02-28,2025-06-22,dev,0,0.065,0,1,False,0,0,0.0,,,,
acdaf72cea98,apps:43481/18,2025-02-28,2025-06-22,dev,0,0.415,0,1,False,0,0,0.0,,,,
acdaf72cea98,apps:20014/24,2025-02-28,2025-06-22,dev,0,0.065,0,1,False,0,0,0.0,,,,
ed0ed05ac958,apps:23956/24,2025-02-28,2025-09-18,dev,0,0.065,0,1,False,0,0,0.0,,,,
ed0ed05ac958,apps:15545/24,2025-02-28,2025-09-18,dev,0,0.065,0,1,False,0,0,0.0,,,,
ed0ed05ac958,apps:21166/20,2025-02-28,2025-09-18,dev,0,0.065,0,1,False,0,0,0.0,,,,
ed0ed05ac958,apps:18493/21,2025-02-28,2025-09-18,dev,0,0.065,0,1,False,0,0,0.0,,,,
ed0ed05ac958,apps:56929/18,2025-02-28,2025-09-18,dev,0,0.065,0,1,False,0,0,0.0,,,,
ed0ed05ac958,apps:19274/20,2025-02-28,2025-09-18,dev,0,0.065,0,1,False,0,0,0.0,,,,
ed0ed05ac958,apps:78280/14,2025-02-28,2025-09-18,dev,0,0.065,0,1,False,0,0,0.0,,,,
ed0ed05ac958,apps:47626/21,2025-02-28,2025-09-18,dev,0,0.195,0,1,False,0,0,0.0,,,,
ed0ed05ac958,apps:56795/11,2025-02-28,2025-09-18,dev,0,0.065,0,1,False,0,0,0.0,,,,
ed0ed05ac958,apps:36436/22,2025-02-28,2025-09-18,dev,0,0.195,0,1,False,0,0,0.0,,,,
ed0ed05ac958,apps:31381/17,2025-02-28,2025-09-18,dev,0,0.065,0,1,False,0,0,0.0,,,,
ed0ed05ac958,apps:44283/19,2025-02-28,2025-09-18,dev,0,0.065,0,1,False,0,0,0.0,,,,
ed0ed05ac958,apps:48636/19,2025-02-28,2025-09-18,dev,0,0.065,0,1,False,0,0,0.0,,,,
ed0ed05ac958,apps:29359/22,2025-02-28,2025-09-18,dev,0,0.195,0,1,False,0,0,0.0,,,,
ed0ed05ac958,apps:60716/10,2025-02-28,2025-09-18,dev,0,0.065,0,1,False,0,0,0.0,,,,
ed0ed05ac958,apps:78030/14,2025-02-28,2025-09-18,dev,0,0.065,0,1,False,0,0,0.0,,,,
ed0ed05ac958,apps:40733/22,2025-02-28,2025-09-18,dev,0,0.65,1,0,False,0,0,0.0,,,,
ed0ed05ac958,apps:32543/18,2025-02-28,2025-09-18,dev,0,0.065,0,1,False,0,0,0.0,,,,
ed0ed05ac958,apps:35054/22,2025-02-28,2025-09-18,dev,0,0.065,0,1,False,0,0,0.0,,,,
ed0ed05ac958,apps:10691/24,2025-02-28,2025-09-18,dev,0,0.065,0,1,False,0,0,0.0,,,,
ed0ed05ac958,apps:10896/24,2025-02-28,2025-09-18,dev,0,0.065,0,1,False,0,0,0.0,,,,
ed0ed05ac958,apps:16240/23,2025-02-28,2025-09-18,dev,0,0.065,0,1,False,0,0,0.0,,,,
ed0ed05ac958,apps:53499/20,2025-02-28,2025-09-18,dev,0,0.065,0,1,False,0,0,0.0,,,,
ed0ed05ac958,apps:18413/24,2025-02-28,2025-09-18,dev,0,0.065,0,1,False,0,0,0.0,,,,
ed0ed05ac958,apps:39466/17,2025-02-28,2025-09-18,dev,0,0.065,0,1,False,0,0,0.0,,,,
ed0ed05ac958,apps:21375/24,2025-02-28,2025-09-18,dev,0,0.065,0,1,False,0,0,0.0,,,,
ed0ed05ac958,apps:25248/22,2025-02-28,2025-09-18,dev,0,0.065,0,1,False,0,0,0.0,,,,
ed0ed05ac958,apps:43307/22,2025-02-28,2025-09-18,dev,0,0.065,0,1,False,0,0,0.0,,,,
ed0ed05ac958,apps:10462/23,2025-02-28,2025-09-18,dev,0,0.065,0,1,False,0,0,0.0,,,,
ed0ed05ac958,apps:43481/18,2025-02-28,2025-09-18,dev,0,0.065,0,1,False,0,0,0.0,,,,
0bd62693ae9f,apps:10416/24,2025-08-31,2025-12-20,test,0,0.065,0,1,False,0,0,0.0,,,,
0bd62693ae9f,apps:14875/23,2025-08-31,2025-12-20,test,0,0.065,0,1,False,0,0,0.0,,,,
0bd62693ae9f,apps:278/15,2025-08-31,2025-12-20,test,0,0.065,0,1,False,0,0,0.0,,,,
0bd62693ae9f,apps:23095/24,2025-08-31,2025-12-20,test,0,0.065,0,1,False,0,0,0.0,,,,
0bd62693ae9f,apps:56234/16,2025-08-31,2025-12-20,test,0,0.065,0,1,False,0,0,0.0,,,,
0bd62693ae9f,apps:25321/24,2025-08-31,2025-12-20,test,0,0.065,0,1,False,0,0,0.0,,,,
0bd62693ae9f,apps:22971/19,2025-08-31,2025-12-20,test,0,0.065,0,1,False,0,0,0.0,,,,
0bd62693ae9f,apps:587/24,2025-08-31,2025-12-20,test,0,0.065,0,1,False,0,0,0.0,,,,
0bd62693ae9f,apps:22973/23,2025-08-31,2025-12-20,test,0,0.065,0,1,False,0,0,0.0,,,,
0bd62693ae9f,apps:21429/24,2025-08-31,2025-12-20,test,0,0.065,0,1,False,0,0,0.0,,,,
0bd62693ae9f,apps:4735/22,2025-08-31,2025-12-20,test,0,0.065,0,1,False,0,0,0.0,,,,
0bd62693ae9f,apps:46115/20,2025-08-31,2025-12-20,test,0,0.065,0,1,False,0,0,0.0,,,,
0bd62693ae9f,apps:38336/21,2025-08-31,2025-12-20,test,0,0.065,0,1,False,0,0,0.0,,,,
0bd62693ae9f,apps:17006/20,2025-08-31,2025-12-20,test,0,0.195,0,1,False,0,0,0.0,,,,
0bd62693ae9f,apps:35777/15,2025-08-31,2025-12-20,test,0,0.065,0,1,False,0,0,0.0,,,,
0bd62693ae9f,apps:37957/14,2025-08-31,2025-12-20,test,0,0.195,0,1,False,0,0,0.0,,,,
0bd62693ae9f,apps:41192/22,2025-08-31,2025-12-20,test,0,0.065,0,1,False,0,0,0.0,,,,
0bd62693ae9f,apps:33975/21,2025-08-31,2025-12-20,test,0,0.065,0,1,False,0,0,0.0,,,,
0bd62693ae9f,apps:84056/17,2025-08-31,2025-12-20,test,0,0.195,0,1,False,0,0,0.0,,,,
0bd62693ae9f,apps:59813/19,2025-08-31,2025-12-20,test,0,0.195,0,1,False,0,0,0.0,,,,
0bd62693ae9f,apps:3524/22,2025-08-31,2025-12-20,test,0,0.065,0,1,False,0,0,0.0,,,,
0bd62693ae9f,apps:46913/20,2025-08-31,2025-12-20,test,0,0.065,0,1,False,0,0,0.0,,,,
0bd62693ae9f,apps:15816/20,2025-08-31,2025-12-20,test,0,0.065,0,1,False,0,0,0.0,,,,
0bd62693ae9f,apps:34012/20,2025-08-31,2025-12-20,test,0,0.195,0,1,False,0,0,0.0,,,,
0bd62693ae9f,apps:24338/21,2025-08-31,2025-12-20,test,0,0.065,0,1,False,0,0,0.0,,,,
0bd62693ae9f,apps:8761/23,2025-08-31,2025-12-20,test,0,0.065,0,1,False,0,0,0.0,,,,
0bd62693ae9f,apps:13375/18,2025-08-31,2025-12-20,test,0,0.195,0,1,False,0,0,0.0,,,,
0bd62693ae9f,apps:42975/19,2025-08-31,2025-12-20,test,0,0.195,0,1,False,0,0,0.0,,,,
0bd62693ae9f,apps:31687/15,2025-08-31,2025-12-20,test,0,0.065,0,1,False,0,0,0.0,,,,
0bd62693ae9f,apps:1595/20,2025-08-31,2025-12-20,test,0,0.065,0,1,False,0,0,0.0,,,,
684d373b17e9,apps:10416/24,2025-08-31,2025-12-10,test,0,0.065,0,1,False,0,0,0.0,,,,
684d373b17e9,apps:14875/23,2025-08-31,2025-12-10,test,0,0.065,0,1,False,0,0,0.0,,,,
684d373b17e9,apps:278/15,2025-08-31,2025-12-10,test,0,0.065,0,1,False,0,0,0.0,,,,
684d373b17e9,apps:23095/24,2025-08-31,2025-12-10,test,0,0.065,0,1,False,0,0,0.0,,,,
684d373b17e9,apps:56234/16,2025-08-31,2025-12-10,test,0,0.065,0,1,False,0,0,0.0,,,,
684d373b17e9,apps:25321/24,2025-08-31,2025-12-10,test,0,0.065,0,1,False,0,0,0.0,,,,
684d373b17e9,apps:22971/19,2025-08-31,2025-12-10,test,0,0.065,0,1,False,0,0,0.0,,,,
684d373b17e9,apps:587/24,2025-08-31,2025-12-10,test,0,0.065,0,1,False,0,0,0.0,,,,
684d373b17e9,apps:22973/23,2025-08-31,2025-12-10,test,0,0.065,0,1,False,0,0,0.0,,,,
684d373b17e9,apps:21429/24,2025-08-31,2025-12-10,test,0,0.065,0,1,False,0,0,0.0,,,,
684d373b17e9,apps:4735/22,2025-08-31,2025-12-10,test,0,0.065,0,1,False,0,0,0.0,,,,
684d373b17e9,apps:46115/20,2025-08-31,2025-12-10,test,0,0.065,0,1,False,0,0,0.0,,,,
684d373b17e9,apps:38336/21,2025-08-31,2025-12-10,test,0,0.065,0,1,False,0,0,0.0,,,,
684d373b17e9,apps:17006/20,2025-08-31,2025-12-10,test,0,0.195,0,1,False,0,0,0.0,,,,
684d373b17e9,apps:35777/15,2025-08-31,2025-12-10,test,0,0.065,0,1,False,0,0,0.0,,,,
684d373b17e9,apps:37957/14,2025-08-31,2025-12-10,test,0,0.195,0,1,False,0,0,0.0,,,,
684d373b17e9,apps:41192/22,2025-08-31,2025-12-10,test,0,0.065,0,1,False,0,0,0.0,,,,
684d373b17e9,apps:33975/21,2025-08-31,2025-12-10,test,0,0.065,0,1,False,0,0,0.0,,,,
684d373b17e9,apps:84056/17,2025-08-31,2025-12-10,test,0,0.195,0,1,False,0,0,0.0,,,,
684d373b17e9,apps:59813/19,2025-08-31,2025-12-10,test,0,0.195,0,1,False,0,0,0.0,,,,
684d373b17e9,apps:3524/22,2025-08-31,2025-12-10,test,0,0.065,0,1,False,0,0,0.0,,,,
684d373b17e9,apps:46913/20,2025-08-31,2025-12-10,test,0,0.065,0,1,False,0,0,0.0,,,,
684d373b17e9,apps:15816/20,2025-08-31,2025-12-10,test,0,0.065,0,1,False,0,0,0.0,,,,
684d373b17e9,apps:34012/20,2025-08-31,2025-12-10,test,0,0.195,0,1,False,0,0,0.0,,,,
684d373b17e9,apps:24338/21,2025-08-31,2025-12-10,test,0,0.065,0,1,False,0,0,0.0,,,,
684d373b17e9,apps:8761/23,2025-08-31,2025-12-10,test,0,0.065,0,1,False,0,0,0.0,,,,
684d373b17e9,apps:13375/18,2025-08-31,2025-12-10,test,0,0.195,0,1,False,0,0,0.0,,,,
684d373b17e9,apps:42975/19,2025-08-31,2025-12-10,test,0,0.195,0,1,False,0,0,0.0,,,,
684d373b17e9,apps:31687/15,2025-08-31,2025-12-10,test,0,0.065,0,1,False,0,0,0.0,,,,
684d373b17e9,apps:15653/22,2025-08-31,2025-12-10,test,0,0.65,1,0,False,0,0,0.0,,,,
e751e8063f8b,apps:9915/19,2025-09-17,2025-12-12,test,0,0.065,0,1,False,0,0,0.0,,,,
e751e8063f8b,apps:33988/21,2025-09-17,2025-12-12,test,0,0.065,0,1,False,0,0,0.0,,,,
e751e8063f8b,apps:46890/21,2025-09-17,2025-12-12,test,0,0.065,0,1,False,0,0,0.0,,,,
e751e8063f8b,apps:31722/22,2025-09-17,2025-12-12,test,0,0.195,0,1,False,0,0,0.0,,,,
e751e8063f8b,apps:23420/22,2025-09-17,2025-12-12,test,0,0.065,0,1,False,0,0,0.0,,,,
e751e8063f8b,apps:40492/20,2025-09-17,2025-12-12,test,0,0.065,0,1,False,0,0,0.0,,,,
e751e8063f8b,apps:15118/22,2025-09-17,2025-12-12,test,0,0.065,0,1,False,0,0,0.0,,,,
e751e8063f8b,apps:57978/14,2025-09-17,2025-12-12,test,0,0.065,0,1,False,0,0,0.0,,,,
e751e8063f8b,apps:34288/19,2025-09-17,2025-12-12,test,0,0.065,0,1,False,0,0,0.0,,,,
e751e8063f8b,apps:21670/24,2025-09-17,2025-12-12,test,0,0.065,0,1,False,0,0,0.0,,,,
e751e8063f8b,apps:23705/15,2025-09-17,2025-12-12,test,0,0.065,0,1,False,0,0,0.0,,,,
e751e8063f8b,apps:28473/22,2025-09-17,2025-12-12,test,0,0.195,0,1,False,0,0,0.0,,,,
e751e8063f8b,apps:14335/18,2025-09-17,2025-12-12,test,0,0.065,0,1,False,0,0,0.0,,,,
e751e8063f8b,apps:7210/15,2025-09-17,2025-12-12,test,0,0.065,0,1,False,0,0,0.0,,,,
e751e8063f8b,apps:33944/13,2025-09-17,2025-12-12,test,0,0.065,0,1,False,0,0,0.0,,,,
e751e8063f8b,apps:37185/18,2025-09-17,2025-12-12,test,0,0.065,0,1,False,0,0,0.0,,,,
e751e8063f8b,apps:21217/17,2025-09-17,2025-12-12,test,0,0.065,0,1,False,0,0,0.0,,,,
e751e8063f8b,apps:8010/05,2025-09-17,2025-12-12,test,0,0.065,0,1,False,0,0,0.0,,,,
e751e8063f8b,apps:15440/22,2025-09-17,2025-12-12,test,0,0.195,0,1,False,0,0,0.0,,,,
e751e8063f8b,apps:26519/16,2025-09-17,2025-12-12,test,0,0.195,0,1,False,0,0,0.0,,,,
e751e8063f8b,apps:32985/18,2025-09-17,2025-12-12,test,0,0.065,0,1,False,0,0,0.0,,,,
e751e8063f8b,apps:11843/16,2025-09-17,2025-12-12,test,0,0.065,0,1,False,0,0,0.0,,,,
e751e8063f8b,apps:51547/22,2025-09-17,2025-12-12,test,0,0.065,0,1,False,0,0,0.0,,,,
e751e8063f8b,apps:18789/21,2025-09-17,2025-12-12,test,0,0.065,0,1,False,0,0,0.0,,,,
e751e8063f8b,apps:31652/21,2025-09-17,2025-12-12,test,0,0.065,0,1,False,0,0,0.0,,,,
e751e8063f8b,apps:9047/14,2025-09-17,2025-12-12,test,0,0.065,0,1,False,0,0,0.0,,,,
e751e8063f8b,apps:42887/14,2025-09-17,2025-12-12,test,0,0.065,0,1,False,0,0,0.0,,,,
e751e8063f8b,apps:8284/22,2025-09-17,2025-12-12,test,0,0.065,0,1,False,0,0,0.0,,,,
e751e8063f8b,apps:45513/21,2025-09-17,2025-12-12,test,0,0.065,0,1,False,0,0,0.0,,,,
e751e8063f8b,apps:24729/17,2025-09-17,2025-12-12,test,0,0.195,0,1,False,0,0,0.0,,,,
154b01c3289a,apps:10416/24,2025-08-31,2025-12-02,test,0,0.065,0,1,False,0,0,0.0,,,,
154b01c3289a,apps:14875/23,2025-08-31,2025-12-02,test,0,0.065,0,1,False,0,0,0.0,,,,
154b01c3289a,apps:278/15,2025-08-31,2025-12-02,test,0,0.065,0,1,False,0,0,0.0,,,,
154b01c3289a,apps:23095/24,2025-08-31,2025-12-02,test,0,0.065,0,1,False,0,0,0.0,,,,
154b01c3289a,apps:56234/16,2025-08-31,2025-12-02,test,0,0.065,0,1,False,0,0,0.0,,,,
154b01c3289a,apps:25321/24,2025-08-31,2025-12-02,test,0,0.065,0,1,False,0,0,0.0,,,,
154b01c3289a,apps:22971/19,2025-08-31,2025-12-02,test,0,0.065,0,1,False,0,0,0.0,,,,
154b01c3289a,apps:587/24,2025-08-31,2025-12-02,test,0,0.065,0,1,False,0,0,0.0,,,,
154b01c3289a,apps:22973/23,2025-08-31,2025-12-02,test,0,0.065,0,1,False,0,0,0.0,,,,
154b01c3289a,apps:21429/24,2025-08-31,2025-12-02,test,0,0.065,0,1,False,0,0,0.0,,,,
154b01c3289a,apps:4735/22,2025-08-31,2025-12-02,test,0,0.065,0,1,False,0,0,0.0,,,,
154b01c3289a,apps:46115/20,2025-08-31,2025-12-02,test,0,0.415,0,1,False,0,0,0.0,,,,
154b01c3289a,apps:38336/21,2025-08-31,2025-12-02,test,0,0.065,0,1,False,0,0,0.0,,,,
154b01c3289a,apps:17006/20,2025-08-31,2025-12-02,test,0,0.195,0,1,False,0,0,0.0,,,,
154b01c3289a,apps:35777/15,2025-08-31,2025-12-02,test,0,0.065,0,1,False,0,0,0.0,,,,
154b01c3289a,apps:37957/14,2025-08-31,2025-12-02,test,0,0.545,1,0,False,0,0,0.0,,,,
154b01c3289a,apps:41192/22,2025-08-31,2025-12-02,test,0,0.065,0,1,False,0,0,0.0,,,,
154b01c3289a,apps:33975/21,2025-08-31,2025-12-02,test,0,0.065,0,1,False,0,0,0.0,,,,
154b01c3289a,apps:84056/17,2025-08-31,2025-12-02,test,0,0.195,0,1,False,0,0,0.0,,,,
154b01c3289a,apps:59813/19,2025-08-31,2025-12-02,test,0,0.195,0,1,False,0,0,0.0,,,,
154b01c3289a,apps:3524/22,2025-08-31,2025-12-02,test,0,0.065,0,1,False,0,0,0.0,,,,
154b01c3289a,apps:46913/20,2025-08-31,2025-12-02,test,0,0.065,0,1,False,0,0,0.0,,,,
154b01c3289a,apps:15816/20,2025-08-31,2025-12-02,test,0,0.065,0,1,False,0,0,0.0,,,,
154b01c3289a,apps:34012/20,2025-08-31,2025-12-02,test,0,0.545,1,0,False,0,0,0.0,,,,
154b01c3289a,apps:24338/21,2025-08-31,2025-12-02,test,0,0.415,0,1,False,0,0,0.0,,,,
154b01c3289a,apps:8761/23,2025-08-31,2025-12-02,test,0,0.415,0,1,False,0,0,0.0,,,,
154b01c3289a,apps:13375/18,2025-08-31,2025-12-02,test,0,0.545,1,0,False,0,0,0.0,,,,
154b01c3289a,apps:42975/19,2025-08-31,2025-12-02,test,0,0.195,0,1,False,0,0,0.0,,,,
154b01c3289a,apps:31687/15,2025-08-31,2025-12-02,test,0,0.065,0,1,False,0,0,0.0,,,,
154b01c3289a,apps:15653/22,2025-08-31,2025-12-02,test,0,1.0,1,0,False,0,0,0.0,,,,
1b1f8de345be,apps:10416/24,2025-08-31,2026-01-04,test,0,0.065,0,1,False,0,0,0.0,,,,
1b1f8de345be,apps:14875/23,2025-08-31,2026-01-04,test,0,0.065,0,1,False,0,0,0.0,,,,
1b1f8de345be,apps:278/15,2025-08-31,2026-01-04,test,0,0.065,0,1,False,0,0,0.0,,,,
1b1f8de345be,apps:23095/24,2025-08-31,2026-01-04,test,0,0.065,0,1,False,0,0,0.0,,,,
1b1f8de345be,apps:56234/16,2025-08-31,2026-01-04,test,0,0.065,0,1,False,0,0,0.0,,,,
1b1f8de345be,apps:25321/24,2025-08-31,2026-01-04,test,0,0.065,0,1,False,0,0,0.0,,,,
1b1f8de345be,apps:22971/19,2025-08-31,2026-01-04,test,0,0.065,0,1,False,0,0,0.0,,,,
1b1f8de345be,apps:587/24,2025-08-31,2026-01-04,test,0,0.065,0,1,False,0,0,0.0,,,,
1b1f8de345be,apps:22973/23,2025-08-31,2026-01-04,test,0,0.065,0,1,False,0,0,0.0,,,,
1b1f8de345be,apps:21429/24,2025-08-31,2026-01-04,test,0,0.065,0,1,False,0,0,0.0,,,,
1b1f8de345be,apps:4735/22,2025-08-31,2026-01-04,test,0,0.065,0,1,False,0,0,0.0,,,,
1b1f8de345be,apps:46115/20,2025-08-31,2026-01-04,test,0,0.065,0,1,False,0,0,0.0,,,,
1b1f8de345be,apps:38336/21,2025-08-31,2026-01-04,test,0,0.065,0,1,False,0,0,0.0,,,,
1b1f8de345be,apps:17006/20,2025-08-31,2026-01-04,test,0,0.195,0,1,False,0,0,0.0,,,,
1b1f8de345be,apps:35777/15,2025-08-31,2026-01-04,test,0,0.065,0,1,False,0,0,0.0,,,,
1b1f8de345be,apps:37957/14,2025-08-31,2026-01-04,test,0,0.195,0,1,False,0,0,0.0,,,,
1b1f8de345be,apps:41192/22,2025-08-31,2026-01-04,test,0,0.065,0,1,False,0,0,0.0,,,,
1b1f8de345be,apps:33975/21,2025-08-31,2026-01-04,test,0,0.065,0,1,False,0,0,0.0,,,,
1b1f8de345be,apps:84056/17,2025-08-31,2026-01-04,test,0,0.195,0,1,False,0,0,0.0,,,,
1b1f8de345be,apps:59813/19,2025-08-31,2026-01-04,test,0,0.195,0,1,False,0,0,0.0,,,,
1b1f8de345be,apps:3524/22,2025-08-31,2026-01-04,test,0,0.065,0,1,False,0,0,0.0,,,,
1b1f8de345be,apps:46913/20,2025-08-31,2026-01-04,test,0,0.415,0,1,False,0,0,0.0,,,,
1b1f8de345be,apps:15816/20,2025-08-31,2026-01-04,test,0,0.065,0,1,False,0,0,0.0,,,,
1b1f8de345be,apps:34012/20,2025-08-31,2026-01-04,test,0,0.195,0,1,False,0,0,0.0,,,,
1b1f8de345be,apps:24338/21,2025-08-31,2026-01-04,test,0,0.415,0,1,False,0,0,0.0,,,,
1b1f8de345be,apps:8761/23,2025-08-31,2026-01-04,test,0,0.065,0,1,False,0,0,0.0,,,,
1b1f8de345be,apps:13375/18,2025-08-31,2026-01-04,test,0,0.195,0,1,False,0,0,0.0,,,,
1b1f8de345be,apps:42975/19,2025-08-31,2026-01-04,test,0,0.195,0,1,False,0,0,0.0,,,,
1b1f8de345be,apps:31687/15,2025-08-31,2026-01-04,test,0,0.065,0,1,False,0,0,0.0,,,,
1b1f8de345be,apps:15653/22,2025-08-31,2026-01-04,test,0,1.0,1,0,False,0,0,0.0,,,,
2fbc08fc30bd,apps:10416/24,2025-08-31,2025-11-22,test,0,0.065,0,1,False,0,0,0.0,,,,
2fbc08fc30bd,apps:14875/23,2025-08-31,2025-11-22,test,0,0.065,0,1,False,0,0,0.0,,,,
2fbc08fc30bd,apps:278/15,2025-08-31,2025-11-22,test,0,0.065,0,1,False,0,0,0.0,,,,
2fbc08fc30bd,apps:23095/24,2025-08-31,2025-11-22,test,0,0.065,0,1,False,0,0,0.0,,,,
2fbc08fc30bd,apps:56234/16,2025-08-31,2025-11-22,test,0,0.065,0,1,False,0,0,0.0,,,,
2fbc08fc30bd,apps:25321/24,2025-08-31,2025-11-22,test,0,0.065,0,1,False,0,0,0.0,,,,
2fbc08fc30bd,apps:22971/19,2025-08-31,2025-11-22,test,0,0.065,0,1,False,0,0,0.0,,,,
2fbc08fc30bd,apps:587/24,2025-08-31,2025-11-22,test,0,0.065,0,1,False,0,0,0.0,,,,
2fbc08fc30bd,apps:22973/23,2025-08-31,2025-11-22,test,0,0.065,0,1,False,0,0,0.0,,,,
2fbc08fc30bd,apps:21429/24,2025-08-31,2025-11-22,test,0,0.065,0,1,False,0,0,0.0,,,,
2fbc08fc30bd,apps:4735/22,2025-08-31,2025-11-22,test,0,0.065,0,1,False,0,0,0.0,,,,
2fbc08fc30bd,apps:46115/20,2025-08-31,2025-11-22,test,0,0.065,0,1,False,0,0,0.0,,,,
2fbc08fc30bd,apps:38336/21,2025-08-31,2025-11-22,test,0,0.065,0,1,False,0,0,0.0,,,,
2fbc08fc30bd,apps:17006/20,2025-08-31,2025-11-22,test,0,0.195,0,1,False,0,0,0.0,,,,
2fbc08fc30bd,apps:35777/15,2025-08-31,2025-11-22,test,0,0.065,0,1,False,0,0,0.0,,,,
2fbc08fc30bd,apps:37957/14,2025-08-31,2025-11-22,test,0,0.195,0,1,False,0,0,0.0,,,,
2fbc08fc30bd,apps:41192/22,2025-08-31,2025-11-22,test,0,0.065,0,1,False,0,0,0.0,,,,
2fbc08fc30bd,apps:33975/21,2025-08-31,2025-11-22,test,0,0.065,0,1,False,0,0,0.0,,,,
2fbc08fc30bd,apps:84056/17,2025-08-31,2025-11-22,test,0,0.195,0,1,False,0,0,0.0,,,,
2fbc08fc30bd,apps:59813/19,2025-08-31,2025-11-22,test,0,0.195,0,1,False,0,0,0.0,,,,
2fbc08fc30bd,apps:3524/22,2025-08-31,2025-11-22,test,0,0.065,0,1,False,0,0,0.0,,,,
2fbc08fc30bd,apps:46913/20,2025-08-31,2025-11-22,test,0,0.065,0,1,False,0,0,0.0,,,,
2fbc08fc30bd,apps:15816/20,2025-08-31,2025-11-22,test,0,0.415,0,1,False,0,0,0.0,,,,
2fbc08fc30bd,apps:34012/20,2025-08-31,2025-11-22,test,0,0.195,0,1,False,0,0,0.0,,,,
2fbc08fc30bd,apps:24338/21,2025-08-31,2025-11-22,test,0,0.065,0,1,False,0,0,0.0,,,,
2fbc08fc30bd,apps:8761/23,2025-08-31,2025-11-22,test,0,0.065,0,1,False,0,0,0.0,,,,
2fbc08fc30bd,apps:13375/18,2025-08-31,2025-11-22,test,0,0.195,0,1,False,0,0,0.0,,,,
2fbc08fc30bd,apps:42975/19,2025-08-31,2025-11-22,test,0,0.195,0,1,False,0,0,0.0,,,,
2fbc08fc30bd,apps:31687/15,2025-08-31,2025-11-22,test,0,0.065,0,1,False,0,0,0.0,,,,
2fbc08fc30bd,apps:15653/22,2025-08-31,2025-11-22,test,0,0.65,1,0,False,0,0,0.0,,,,
4026b1621d4a,apps:10416/24,2025-08-31,2026-02-17,test,0,0.065,0,1,False,0,0,0.0,,,,
4026b1621d4a,apps:14875/23,2025-08-31,2026-02-17,test,0,0.065,0,1,False,0,0,0.0,,,,
4026b1621d4a,apps:278/15,2025-08-31,2026-02-17,test,0,0.415,0,1,False,0,0,0.0,,,,
4026b1621d4a,apps:23095/24,2025-08-31,2026-02-17,test,0,0.415,0,1,False,0,0,0.0,,,,
4026b1621d4a,apps:56234/16,2025-08-31,2026-02-17,test,0,0.415,0,1,False,0,0,0.0,,,,
4026b1621d4a,apps:25321/24,2025-08-31,2026-02-17,test,0,0.415,0,1,False,0,0,0.0,,,,
4026b1621d4a,apps:22971/19,2025-08-31,2026-02-17,test,0,0.065,0,1,False,0,0,0.0,,,,
4026b1621d4a,apps:587/24,2025-08-31,2026-02-17,test,0,0.415,0,1,False,0,0,0.0,,,,
4026b1621d4a,apps:22973/23,2025-08-31,2026-02-17,test,0,0.065,0,1,False,0,0,0.0,,,,
4026b1621d4a,apps:21429/24,2025-08-31,2026-02-17,test,0,0.415,0,1,False,0,0,0.0,,,,
4026b1621d4a,apps:4735/22,2025-08-31,2026-02-17,test,0,0.415,0,1,False,0,0,0.0,,,,
4026b1621d4a,apps:46115/20,2025-08-31,2026-02-17,test,0,0.065,0,1,False,0,0,0.0,,,,
4026b1621d4a,apps:38336/21,2025-08-31,2026-02-17,test,0,0.065,0,1,False,0,0,0.0,,,,
4026b1621d4a,apps:17006/20,2025-08-31,2026-02-17,test,0,0.195,0,1,False,0,0,0.0,,,,
4026b1621d4a,apps:35777/15,2025-08-31,2026-02-17,test,0,0.065,0,1,False,0,0,0.0,,,,
4026b1621d4a,apps:37957/14,2025-08-31,2026-02-17,test,0,0.195,0,1,False,0,0,0.0,,,,
4026b1621d4a,apps:41192/22,2025-08-31,2026-02-17,test,0,0.065,0,1,False,0,0,0.0,,,,
4026b1621d4a,apps:33975/21,2025-08-31,2026-02-17,test,0,0.065,0,1,False,0,0,0.0,,,,
4026b1621d4a,apps:84056/17,2025-08-31,2026-02-17,test,0,0.545,1,0,False,0,0,0.0,,,,
4026b1621d4a,apps:59813/19,2025-08-31,2026-02-17,test,0,0.195,0,1,False,0,0,0.0,,,,
4026b1621d4a,apps:3524/22,2025-08-31,2026-02-17,test,0,0.065,0,1,False,0,0,0.0,,,,
4026b1621d4a,apps:46913/20,2025-08-31,2026-02-17,test,0,0.065,0,1,False,0,0,0.0,,,,
4026b1621d4a,apps:15816/20,2025-08-31,2026-02-17,test,0,0.065,0,1,False,0,0,0.0,,,,
4026b1621d4a,apps:34012/20,2025-08-31,2026-02-17,test,0,0.545,1,0,False,0,0,0.0,,,,
4026b1621d4a,apps:24338/21,2025-08-31,2026-02-17,test,0,0.065,0,1,False,0,0,0.0,,,,
4026b1621d4a,apps:8761/23,2025-08-31,2026-02-17,test,0,0.415,0,1,False,0,0,0.0,,,,
4026b1621d4a,apps:13375/18,2025-08-31,2026-02-17,test,0,0.195,0,1,False,0,0,0.0,,,,
4026b1621d4a,apps:42975/19,2025-08-31,2026-02-17,test,0,0.195,0,1,False,0,0,0.0,,,,
4026b1621d4a,apps:31687/15,2025-08-31,2026-02-17,test,0,0.415,0,1,False,0,0,0.0,,,,
4026b1621d4a,apps:15653/22,2025-08-31,2026-02-17,test,0,0.65,1,0,False,0,0,0.0,,,,
415c8994e0ed,apps:10416/24,2025-08-31,2025-12-15,test,0,0.065,0,1,False,0,0,0.0,,,,
415c8994e0ed,apps:14875/23,2025-08-31,2025-12-15,test,0,0.065,0,1,False,0,0,0.0,,,,
415c8994e0ed,apps:278/15,2025-08-31,2025-12-15,test,0,0.065,0,1,False,0,0,0.0,,,,
415c8994e0ed,apps:23095/24,2025-08-31,2025-12-15,test,0,0.065,0,1,False,0,0,0.0,,,,
415c8994e0ed,apps:56234/16,2025-08-31,2025-12-15,test,0,0.065,0,1,False,0,0,0.0,,,,
415c8994e0ed,apps:25321/24,2025-08-31,2025-12-15,test,0,0.065,0,1,False,0,0,0.0,,,,
415c8994e0ed,apps:22971/19,2025-08-31,2025-12-15,test,0,0.065,0,1,False,0,0,0.0,,,,
415c8994e0ed,apps:587/24,2025-08-31,2025-12-15,test,0,0.065,0,1,False,0,0,0.0,,,,
415c8994e0ed,apps:22973/23,2025-08-31,2025-12-15,test,0,0.065,0,1,False,0,0,0.0,,,,
415c8994e0ed,apps:21429/24,2025-08-31,2025-12-15,test,0,0.065,0,1,False,0,0,0.0,,,,
415c8994e0ed,apps:4735/22,2025-08-31,2025-12-15,test,0,0.065,0,1,False,0,0,0.0,,,,
415c8994e0ed,apps:46115/20,2025-08-31,2025-12-15,test,0,0.065,0,1,False,0,0,0.0,,,,
415c8994e0ed,apps:38336/21,2025-08-31,2025-12-15,test,0,0.065,0,1,False,0,0,0.0,,,,
415c8994e0ed,apps:17006/20,2025-08-31,2025-12-15,test,0,0.195,0,1,False,0,0,0.0,,,,
415c8994e0ed,apps:35777/15,2025-08-31,2025-12-15,test,0,0.065,0,1,False,0,0,0.0,,,,
415c8994e0ed,apps:37957/14,2025-08-31,2025-12-15,test,0,0.195,0,1,False,0,0,0.0,,,,
415c8994e0ed,apps:41192/22,2025-08-31,2025-12-15,test,0,0.065,0,1,False,0,0,0.0,,,,
415c8994e0ed,apps:33975/21,2025-08-31,2025-12-15,test,0,0.065,0,1,False,0,0,0.0,,,,
415c8994e0ed,apps:84056/17,2025-08-31,2025-12-15,test,0,0.195,0,1,False,0,0,0.0,,,,
415c8994e0ed,apps:59813/19,2025-08-31,2025-12-15,test,0,0.195,0,1,False,0,0,0.0,,,,
415c8994e0ed,apps:3524/22,2025-08-31,2025-12-15,test,0,0.415,0,1,False,0,0,0.0,,,,
415c8994e0ed,apps:46913/20,2025-08-31,2025-12-15,test,0,0.065,0,1,False,0,0,0.0,,,,
415c8994e0ed,apps:15816/20,2025-08-31,2025-12-15,test,0,0.065,0,1,False,0,0,0.0,,,,
415c8994e0ed,apps:34012/20,2025-08-31,2025-12-15,test,0,0.195,0,1,False,0,0,0.0,,,,
415c8994e0ed,apps:24338/21,2025-08-31,2025-12-15,test,0,0.065,0,1,False,0,0,0.0,,,,
415c8994e0ed,apps:8761/23,2025-08-31,2025-12-15,test,0,0.065,0,1,False,0,0,0.0,,,,
415c8994e0ed,apps:13375/18,2025-08-31,2025-12-15,test,0,0.195,0,1,False,0,0,0.0,,,,
415c8994e0ed,apps:42975/19,2025-08-31,2025-12-15,test,0,0.195,0,1,False,0,0,0.0,,,,
415c8994e0ed,apps:31687/15,2025-08-31,2025-12-15,test,0,0.065,0,1,False,0,0,0.0,,,,
415c8994e0ed,apps:15653/22,2025-08-31,2025-12-15,test,0,1.0,1,0,False,0,0,0.0,,,,
96d370a07ab1,apps:10416/24,2025-08-31,2026-02-17,test,0,0.065,0,1,False,0,0,0.0,,,,
96d370a07ab1,apps:14875/23,2025-08-31,2026-02-17,test,0,0.065,0,1,False,0,0,0.0,,,,
96d370a07ab1,apps:278/15,2025-08-31,2026-02-17,test,0,0.415,0,1,False,0,0,0.0,,,,
96d370a07ab1,apps:23095/24,2025-08-31,2026-02-17,test,0,0.415,0,1,False,0,0,0.0,,,,
96d370a07ab1,apps:56234/16,2025-08-31,2026-02-17,test,0,0.415,0,1,False,0,0,0.0,,,,
96d370a07ab1,apps:25321/24,2025-08-31,2026-02-17,test,0,0.415,0,1,False,0,0,0.0,,,,
96d370a07ab1,apps:22971/19,2025-08-31,2026-02-17,test,0,0.065,0,1,False,0,0,0.0,,,,
96d370a07ab1,apps:587/24,2025-08-31,2026-02-17,test,0,0.415,0,1,False,0,0,0.0,,,,
96d370a07ab1,apps:22973/23,2025-08-31,2026-02-17,test,0,0.065,0,1,False,0,0,0.0,,,,
96d370a07ab1,apps:21429/24,2025-08-31,2026-02-17,test,0,0.415,0,1,False,0,0,0.0,,,,
96d370a07ab1,apps:4735/22,2025-08-31,2026-02-17,test,0,0.415,0,1,False,0,0,0.0,,,,
96d370a07ab1,apps:46115/20,2025-08-31,2026-02-17,test,0,0.065,0,1,False,0,0,0.0,,,,
96d370a07ab1,apps:38336/21,2025-08-31,2026-02-17,test,0,0.065,0,1,False,0,0,0.0,,,,
96d370a07ab1,apps:17006/20,2025-08-31,2026-02-17,test,0,0.195,0,1,False,0,0,0.0,,,,
96d370a07ab1,apps:35777/15,2025-08-31,2026-02-17,test,0,0.065,0,1,False,0,0,0.0,,,,
96d370a07ab1,apps:37957/14,2025-08-31,2026-02-17,test,0,0.195,0,1,False,0,0,0.0,,,,
96d370a07ab1,apps:41192/22,2025-08-31,2026-02-17,test,0,0.065,0,1,False,0,0,0.0,,,,
96d370a07ab1,apps:33975/21,2025-08-31,2026-02-17,test,0,0.065,0,1,False,0,0,0.0,,,,
96d370a07ab1,apps:59813/19,2025-08-31,2026-02-17,test,0,0.195,0,1,False,0,0,0.0,,,,
96d370a07ab1,apps:3524/22,2025-08-31,2026-02-17,test,0,0.065,0,1,False,0,0,0.0,,,,
96d370a07ab1,apps:46913/20,2025-08-31,2026-02-17,test,0,0.065,0,1,False,0,0,0.0,,,,
96d370a07ab1,apps:15816/20,2025-08-31,2026-02-17,test,0,0.065,0,1,False,0,0,0.0,,,,
96d370a07ab1,apps:34012/20,2025-08-31,2026-02-17,test,0,0.545,1,0,False,0,0,0.0,,,,
96d370a07ab1,apps:24338/21,2025-08-31,2026-02-17,test,0,0.065,0,1,False,0,0,0.0,,,,
96d370a07ab1,apps:8761/23,2025-08-31,2026-02-17,test,0,0.415,0,1,False,0,0,0.0,,,,
96d370a07ab1,apps:13375/18,2025-08-31,2026-02-17,test,0,0.195,0,1,False,0,0,0.0,,,,
96d370a07ab1,apps:42975/19,2025-08-31,2026-02-17,test,0,0.195,0,1,False,0,0,0.0,,,,
96d370a07ab1,apps:31687/15,2025-08-31,2026-02-17,test,0,0.415,0,1,False,0,0,0.0,,,,
96d370a07ab1,apps:15653/22,2025-08-31,2026-02-17,test,0,0.65,1,0,False,0,0,0.0,,,,
96d370a07ab1,apps:1595/20,2025-08-31,2026-02-17,test,0,0.415,0,1,False,0,0,0.0,,,,
99cd2ce32cf8,apps:10416/24,2025-08-31,2025-12-19,test,0,0.065,0,1,False,0,0,0.0,,,,
99cd2ce32cf8,apps:14875/23,2025-08-31,2025-12-19,test,0,0.065,0,1,False,0,0,0.0,,,,
99cd2ce32cf8,apps:278/15,2025-08-31,2025-12-19,test,0,0.065,0,1,False,0,0,0.0,,,,
99cd2ce32cf8,apps:23095/24,2025-08-31,2025-12-19,test,0,0.065,0,1,False,0,0,0.0,,,,
99cd2ce32cf8,apps:56234/16,2025-08-31,2025-12-19,test,0,0.065,0,1,False,0,0,0.0,,,,
99cd2ce32cf8,apps:25321/24,2025-08-31,2025-12-19,test,0,0.065,0,1,False,0,0,0.0,,,,
99cd2ce32cf8,apps:22971/19,2025-08-31,2025-12-19,test,0,0.065,0,1,False,0,0,0.0,,,,
99cd2ce32cf8,apps:587/24,2025-08-31,2025-12-19,test,0,0.065,0,1,False,0,0,0.0,,,,
99cd2ce32cf8,apps:22973/23,2025-08-31,2025-12-19,test,0,0.065,0,1,False,0,0,0.0,,,,
99cd2ce32cf8,apps:21429/24,2025-08-31,2025-12-19,test,0,0.065,0,1,False,0,0,0.0,,,,
99cd2ce32cf8,apps:4735/22,2025-08-31,2025-12-19,test,0,0.065,0,1,False,0,0,0.0,,,,
99cd2ce32cf8,apps:46115/20,2025-08-31,2025-12-19,test,0,0.065,0,1,False,0,0,0.0,,,,
99cd2ce32cf8,apps:38336/21,2025-08-31,2025-12-19,test,0,0.065,0,1,False,0,0,0.0,,,,
99cd2ce32cf8,apps:17006/20,2025-08-31,2025-12-19,test,0,0.545,1,0,False,0,0,0.0,,,,
99cd2ce32cf8,apps:35777/15,2025-08-31,2025-12-19,test,0,0.065,0,1,False,0,0,0.0,,,,
99cd2ce32cf8,apps:37957/14,2025-08-31,2025-12-19,test,0,0.195,0,1,False,0,0,0.0,,,,
99cd2ce32cf8,apps:41192/22,2025-08-31,2025-12-19,test,0,0.065,0,1,False,0,0,0.0,,,,
99cd2ce32cf8,apps:33975/21,2025-08-31,2025-12-19,test,0,0.065,0,1,False,0,0,0.0,,,,
99cd2ce32cf8,apps:84056/17,2025-08-31,2025-12-19,test,0,0.195,0,1,False,0,0,0.0,,,,
99cd2ce32cf8,apps:59813/19,2025-08-31,2025-12-19,test,0,0.545,1,0,False,0,0,0.0,,,,
99cd2ce32cf8,apps:3524/22,2025-08-31,2025-12-19,test,0,0.065,0,1,False,0,0,0.0,,,,
99cd2ce32cf8,apps:46913/20,2025-08-31,2025-12-19,test,0,0.065,0,1,False,0,0,0.0,,,,
99cd2ce32cf8,apps:15816/20,2025-08-31,2025-12-19,test,0,0.065,0,1,False,0,0,0.0,,,,
99cd2ce32cf8,apps:34012/20,2025-08-31,2025-12-19,test,0,0.195,0,1,False,0,0,0.0,,,,
99cd2ce32cf8,apps:24338/21,2025-08-31,2025-12-19,test,0,0.065,0,1,False,0,0,0.0,,,,
99cd2ce32cf8,apps:8761/23,2025-08-31,2025-12-19,test,0,0.065,0,1,False,0,0,0.0,,,,
99cd2ce32cf8,apps:13375/18,2025-08-31,2025-12-19,test,0,0.195,0,1,False,0,0,0.0,,,,
99cd2ce32cf8,apps:42975/19,2025-08-31,2025-12-19,test,0,0.195,0,1,False,0,0,0.0,,,,
99cd2ce32cf8,apps:31687/15,2025-08-31,2025-12-19,test,0,0.065,0,1,False,0,0,0.0,,,,
99cd2ce32cf8,apps:15653/22,2025-08-31,2025-12-19,test,0,1.0,1,0,False,0,0,0.0,,,,
acdaf72cea98,apps:10416/24,2025-08-31,2025-12-24,test,0,0.065,0,1,False,0,0,0.0,,,,
acdaf72cea98,apps:14875/23,2025-08-31,2025-12-24,test,0,0.415,0,1,False,0,0,0.0,,,,
acdaf72cea98,apps:278/15,2025-08-31,2025-12-24,test,0,0.065,0,1,False,0,0,0.0,,,,
acdaf72cea98,apps:23095/24,2025-08-31,2025-12-24,test,0,0.065,0,1,False,0,0,0.0,,,,
acdaf72cea98,apps:56234/16,2025-08-31,2025-12-24,test,0,0.065,0,1,False,0,0,0.0,,,,
acdaf72cea98,apps:25321/24,2025-08-31,2025-12-24,test,0,0.065,0,1,False,0,0,0.0,,,,
acdaf72cea98,apps:22971/19,2025-08-31,2025-12-24,test,0,0.415,0,1,False,0,0,0.0,,,,
acdaf72cea98,apps:587/24,2025-08-31,2025-12-24,test,0,0.415,0,1,False,0,0,0.0,,,,
acdaf72cea98,apps:22973/23,2025-08-31,2025-12-24,test,0,0.415,0,1,False,0,0,0.0,,,,
acdaf72cea98,apps:21429/24,2025-08-31,2025-12-24,test,0,0.065,0,1,False,0,0,0.0,,,,
acdaf72cea98,apps:4735/22,2025-08-31,2025-12-24,test,0,0.065,0,1,False,0,0,0.0,,,,
acdaf72cea98,apps:46115/20,2025-08-31,2025-12-24,test,0,0.415,0,1,False,0,0,0.0,,,,
acdaf72cea98,apps:38336/21,2025-08-31,2025-12-24,test,0,0.065,0,1,False,0,0,0.0,,,,
acdaf72cea98,apps:17006/20,2025-08-31,2025-12-24,test,0,0.545,1,0,False,0,0,0.0,,,,
acdaf72cea98,apps:35777/15,2025-08-31,2025-12-24,test,0,0.415,0,1,False,0,0,0.0,,,,
acdaf72cea98,apps:37957/14,2025-08-31,2025-12-24,test,0,0.195,0,1,False,0,0,0.0,,,,
acdaf72cea98,apps:41192/22,2025-08-31,2025-12-24,test,0,0.415,0,1,False,0,0,0.0,,,,
acdaf72cea98,apps:33975/21,2025-08-31,2025-12-24,test,0,0.415,0,1,False,0,0,0.0,,,,
acdaf72cea98,apps:84056/17,2025-08-31,2025-12-24,test,0,0.195,0,1,False,0,0,0.0,,,,
acdaf72cea98,apps:59813/19,2025-08-31,2025-12-24,test,0,0.545,1,0,False,0,0,0.0,,,,
acdaf72cea98,apps:3524/22,2025-08-31,2025-12-24,test,0,0.065,0,1,False,0,0,0.0,,,,
acdaf72cea98,apps:46913/20,2025-08-31,2025-12-24,test,0,0.065,0,1,False,0,0,0.0,,,,
acdaf72cea98,apps:15816/20,2025-08-31,2025-12-24,test,0,0.065,0,1,False,0,0,0.0,,,,
acdaf72cea98,apps:34012/20,2025-08-31,2025-12-24,test,0,0.195,0,1,False,0,0,0.0,,,,
acdaf72cea98,apps:24338/21,2025-08-31,2025-12-24,test,0,0.065,0,1,False,0,0,0.0,,,,
acdaf72cea98,apps:8761/23,2025-08-31,2025-12-24,test,0,0.065,0,1,False,0,0,0.0,,,,
acdaf72cea98,apps:13375/18,2025-08-31,2025-12-24,test,0,0.195,0,1,False,0,0,0.0,,,,
acdaf72cea98,apps:42975/19,2025-08-31,2025-12-24,test,0,0.195,0,1,False,0,0,0.0,,,,
acdaf72cea98,apps:31687/15,2025-08-31,2025-12-24,test,0,0.065,0,1,False,0,0,0.0,,,,
acdaf72cea98,apps:15653/22,2025-08-31,2025-12-24,test,0,1.0,1,0,False,0,0,0.0,,,,
b8a991ab1181,apps:10416/24,2025-08-31,2025-11-04,test,0,0.065,0,1,False,0,0,0.0,,,,
b8a991ab1181,apps:14875/23,2025-08-31,2025-11-04,test,0,0.065,0,1,False,0,0,0.0,,,,
b8a991ab1181,apps:278/15,2025-08-31,2025-11-04,test,0,0.065,0,1,False,0,0,0.0,,,,
b8a991ab1181,apps:23095/24,2025-08-31,2025-11-04,test,0,0.065,0,1,False,0,0,0.0,,,,
b8a991ab1181,apps:56234/16,2025-08-31,2025-11-04,test,0,0.065,0,1,False,0,0,0.0,,,,
b8a991ab1181,apps:25321/24,2025-08-31,2025-11-04,test,0,0.065,0,1,False,0,0,0.0,,,,
b8a991ab1181,apps:22971/19,2025-08-31,2025-11-04,test,0,0.065,0,1,False,0,0,0.0,,,,
b8a991ab1181,apps:587/24,2025-08-31,2025-11-04,test,0,0.065,0,1,False,0,0,0.0,,,,
b8a991ab1181,apps:22973/23,2025-08-31,2025-11-04,test,0,0.065,0,1,False,0,0,0.0,,,,
b8a991ab1181,apps:21429/24,2025-08-31,2025-11-04,test,0,0.065,0,1,False,0,0,0.0,,,,
b8a991ab1181,apps:4735/22,2025-08-31,2025-11-04,test,0,0.065,0,1,False,0,0,0.0,,,,
b8a991ab1181,apps:46115/20,2025-08-31,2025-11-04,test,0,0.065,0,1,False,0,0,0.0,,,,
b8a991ab1181,apps:38336/21,2025-08-31,2025-11-04,test,0,0.065,0,1,False,0,0,0.0,,,,
b8a991ab1181,apps:17006/20,2025-08-31,2025-11-04,test,0,0.195,0,1,False,0,0,0.0,,,,
b8a991ab1181,apps:35777/15,2025-08-31,2025-11-04,test,0,0.065,0,1,False,0,0,0.0,,,,
b8a991ab1181,apps:37957/14,2025-08-31,2025-11-04,test,0,0.195,0,1,False,0,0,0.0,,,,
b8a991ab1181,apps:41192/22,2025-08-31,2025-11-04,test,0,0.065,0,1,False,0,0,0.0,,,,
b8a991ab1181,apps:33975/21,2025-08-31,2025-11-04,test,0,0.065,0,1,False,0,0,0.0,,,,
b8a991ab1181,apps:84056/17,2025-08-31,2025-11-04,test,0,0.195,0,1,False,0,0,0.0,,,,
b8a991ab1181,apps:59813/19,2025-08-31,2025-11-04,test,0,0.195,0,1,False,0,0,0.0,,,,
b8a991ab1181,apps:3524/22,2025-08-31,2025-11-04,test,0,0.065,0,1,False,0,0,0.0,,,,
b8a991ab1181,apps:46913/20,2025-08-31,2025-11-04,test,0,0.065,0,1,False,0,0,0.0,,,,
b8a991ab1181,apps:15816/20,2025-08-31,2025-11-04,test,0,0.065,0,1,False,0,0,0.0,,,,
b8a991ab1181,apps:34012/20,2025-08-31,2025-11-04,test,0,0.195,0,1,False,0,0,0.0,,,,
b8a991ab1181,apps:24338/21,2025-08-31,2025-11-04,test,0,0.065,0,1,False,0,0,0.0,,,,
b8a991ab1181,apps:8761/23,2025-08-31,2025-11-04,test,0,0.065,0,1,False,0,0,0.0,,,,
b8a991ab1181,apps:13375/18,2025-08-31,2025-11-04,test,0,0.195,0,1,False,0,0,0.0,,,,
b8a991ab1181,apps:42975/19,2025-08-31,2025-11-04,test,0,0.195,0,1,False,0,0,0.0,,,,
b8a991ab1181,apps:31687/15,2025-08-31,2025-11-04,test,0,0.065,0,1,False,0,0,0.0,,,,
b8a991ab1181,apps:15653/22,2025-08-31,2025-11-04,test,0,0.65,1,0,False,0,0,0.0,,,,
d5256ad78e38,apps:10416/24,2025-08-31,2026-01-01,test,0,0.065,0,1,False,0,0,0.0,,,,
d5256ad78e38,apps:14875/23,2025-08-31,2026-01-01,test,0,0.065,0,1,False,0,0,0.0,,,,
d5256ad78e38,apps:278/15,2025-08-31,2026-01-01,test,0,0.065,0,1,False,0,0,0.0,,,,
d5256ad78e38,apps:23095/24,2025-08-31,2026-01-01,test,0,0.065,0,1,False,0,0,0.0,,,,
d5256ad78e38,apps:56234/16,2025-08-31,2026-01-01,test,0,0.065,0,1,False,0,0,0.0,,,,
d5256ad78e38,apps:25321/24,2025-08-31,2026-01-01,test,0,0.065,0,1,False,0,0,0.0,,,,
d5256ad78e38,apps:22971/19,2025-08-31,2026-01-01,test,0,0.065,0,1,False,0,0,0.0,,,,
d5256ad78e38,apps:587/24,2025-08-31,2026-01-01,test,0,0.065,0,1,False,0,0,0.0,,,,
d5256ad78e38,apps:22973/23,2025-08-31,2026-01-01,test,0,0.065,0,1,False,0,0,0.0,,,,
d5256ad78e38,apps:21429/24,2025-08-31,2026-01-01,test,0,0.065,0,1,False,0,0,0.0,,,,
d5256ad78e38,apps:4735/22,2025-08-31,2026-01-01,test,0,0.065,0,1,False,0,0,0.0,,,,
d5256ad78e38,apps:46115/20,2025-08-31,2026-01-01,test,0,0.065,0,1,False,0,0,0.0,,,,
d5256ad78e38,apps:38336/21,2025-08-31,2026-01-01,test,0,0.065,0,1,False,0,0,0.0,,,,
d5256ad78e38,apps:17006/20,2025-08-31,2026-01-01,test,0,0.195,0,1,False,0,0,0.0,,,,
d5256ad78e38,apps:35777/15,2025-08-31,2026-01-01,test,0,0.065,0,1,False,0,0,0.0,,,,
d5256ad78e38,apps:37957/14,2025-08-31,2026-01-01,test,0,0.195,0,1,False,0,0,0.0,,,,
d5256ad78e38,apps:41192/22,2025-08-31,2026-01-01,test,0,0.065,0,1,False,0,0,0.0,,,,
d5256ad78e38,apps:33975/21,2025-08-31,2026-01-01,test,0,0.065,0,1,False,0,0,0.0,,,,
d5256ad78e38,apps:84056/17,2025-08-31,2026-01-01,test,0,0.195,0,1,False,0,0,0.0,,,,
d5256ad78e38,apps:59813/19,2025-08-31,2026-01-01,test,0,0.195,0,1,False,0,0,0.0,,,,
d5256ad78e38,apps:3524/22,2025-08-31,2026-01-01,test,0,0.065,0,1,False,0,0,0.0,,,,
d5256ad78e38,apps:46913/20,2025-08-31,2026-01-01,test,0,0.065,0,1,False,0,0,0.0,,,,
d5256ad78e38,apps:15816/20,2025-08-31,2026-01-01,test,0,0.065,0,1,False,0,0,0.0,,,,
d5256ad78e38,apps:34012/20,2025-08-31,2026-01-01,test,0,0.195,0,1,False,0,0,0.0,,,,
d5256ad78e38,apps:24338/21,2025-08-31,2026-01-01,test,0,0.065,0,1,False,0,0,0.0,,,,
d5256ad78e38,apps:8761/23,2025-08-31,2026-01-01,test,0,0.065,0,1,False,0,0,0.0,,,,
d5256ad78e38,apps:13375/18,2025-08-31,2026-01-01,test,0,0.195,0,1,False,0,0,0.0,,,,
d5256ad78e38,apps:42975/19,2025-08-31,2026-01-01,test,0,0.195,0,1,False,0,0,0.0,,,,
d5256ad78e38,apps:31687/15,2025-08-31,2026-01-01,test,0,0.065,0,1,False,0,0,0.0,,,,
d5256ad78e38,apps:15653/22,2025-08-31,2026-01-01,test,0,0.65,1,0,False,0,0,0.0,,,,
e19a063de5b3,apps:10416/24,2025-08-31,2025-11-22,test,0,0.065,0,1,False,0,0,0.0,,,,
e19a063de5b3,apps:14875/23,2025-08-31,2025-11-22,test,0,0.065,0,1,False,0,0,0.0,,,,
e19a063de5b3,apps:278/15,2025-08-31,2025-11-22,test,0,0.065,0,1,False,0,0,0.0,,,,
e19a063de5b3,apps:23095/24,2025-08-31,2025-11-22,test,0,0.065,0,1,False,0,0,0.0,,,,
e19a063de5b3,apps:56234/16,2025-08-31,2025-11-22,test,0,0.065,0,1,False,0,0,0.0,,,,
e19a063de5b3,apps:25321/24,2025-08-31,2025-11-22,test,0,0.065,0,1,False,0,0,0.0,,,,
e19a063de5b3,apps:22971/19,2025-08-31,2025-11-22,test,0,0.065,0,1,False,0,0,0.0,,,,
e19a063de5b3,apps:587/24,2025-08-31,2025-11-22,test,0,0.065,0,1,False,0,0,0.0,,,,
e19a063de5b3,apps:22973/23,2025-08-31,2025-11-22,test,0,0.065,0,1,False,0,0,0.0,,,,
e19a063de5b3,apps:21429/24,2025-08-31,2025-11-22,test,0,0.065,0,1,False,0,0,0.0,,,,
e19a063de5b3,apps:4735/22,2025-08-31,2025-11-22,test,0,0.065,0,1,False,0,0,0.0,,,,
e19a063de5b3,apps:46115/20,2025-08-31,2025-11-22,test,0,0.065,0,1,False,0,0,0.0,,,,
e19a063de5b3,apps:38336/21,2025-08-31,2025-11-22,test,0,0.065,0,1,False,0,0,0.0,,,,
e19a063de5b3,apps:17006/20,2025-08-31,2025-11-22,test,0,0.195,0,1,False,0,0,0.0,,,,
e19a063de5b3,apps:35777/15,2025-08-31,2025-11-22,test,0,0.065,0,1,False,0,0,0.0,,,,
e19a063de5b3,apps:37957/14,2025-08-31,2025-11-22,test,0,0.195,0,1,False,0,0,0.0,,,,
e19a063de5b3,apps:41192/22,2025-08-31,2025-11-22,test,0,0.065,0,1,False,0,0,0.0,,,,
e19a063de5b3,apps:33975/21,2025-08-31,2025-11-22,test,0,0.065,0,1,False,0,0,0.0,,,,
e19a063de5b3,apps:84056/17,2025-08-31,2025-11-22,test,0,0.195,0,1,False,0,0,0.0,,,,
e19a063de5b3,apps:59813/19,2025-08-31,2025-11-22,test,0,0.195,0,1,False,0,0,0.0,,,,
e19a063de5b3,apps:3524/22,2025-08-31,2025-11-22,test,0,0.065,0,1,False,0,0,0.0,,,,
e19a063de5b3,apps:46913/20,2025-08-31,2025-11-22,test,0,0.065,0,1,False,0,0,0.0,,,,
e19a063de5b3,apps:15816/20,2025-08-31,2025-11-22,test,0,0.065,0,1,False,0,0,0.0,,,,
e19a063de5b3,apps:34012/20,2025-08-31,2025-11-22,test,0,0.195,0,1,False,0,0,0.0,,,,
e19a063de5b3,apps:24338/21,2025-08-31,2025-11-22,test,0,0.065,0,1,False,0,0,0.0,,,,
e19a063de5b3,apps:8761/23,2025-08-31,2025-11-22,test,0,0.065,0,1,False,0,0,0.0,,,,
e19a063de5b3,apps:13375/18,2025-08-31,2025-11-22,test,0,0.195,0,1,False,0,0,0.0,,,,
e19a063de5b3,apps:42975/19,2025-08-31,2025-11-22,test,0,0.195,0,1,False,0,0,0.0,,,,
e19a063de5b3,apps:31687/15,2025-08-31,2025-11-22,test,0,0.065,0,1,False,0,0,0.0,,,,
e19a063de5b3,apps:15653/22,2025-08-31,2025-11-22,test,0,0.65,1,0,False,0,0,0.0,,,,
e8704f851a2b,apps:10416/24,2025-08-31,2025-11-25,test,0,0.065,0,1,False,0,0,0.0,,,,
e8704f851a2b,apps:14875/23,2025-08-31,2025-11-25,test,0,0.065,0,1,False,0,0,0.0,,,,
e8704f851a2b,apps:278/15,2025-08-31,2025-11-25,test,0,0.065,0,1,False,0,0,0.0,,,,
e8704f851a2b,apps:23095/24,2025-08-31,2025-11-25,test,0,0.065,0,1,False,0,0,0.0,,,,
e8704f851a2b,apps:56234/16,2025-08-31,2025-11-25,test,0,0.065,0,1,False,0,0,0.0,,,,
e8704f851a2b,apps:25321/24,2025-08-31,2025-11-25,test,0,0.065,0,1,False,0,0,0.0,,,,
e8704f851a2b,apps:22971/19,2025-08-31,2025-11-25,test,0,0.065,0,1,False,0,0,0.0,,,,
e8704f851a2b,apps:587/24,2025-08-31,2025-11-25,test,0,0.065,0,1,False,0,0,0.0,,,,
e8704f851a2b,apps:22973/23,2025-08-31,2025-11-25,test,0,0.065,0,1,False,0,0,0.0,,,,
e8704f851a2b,apps:21429/24,2025-08-31,2025-11-25,test,0,0.065,0,1,False,0,0,0.0,,,,
e8704f851a2b,apps:4735/22,2025-08-31,2025-11-25,test,0,0.065,0,1,False,0,0,0.0,,,,
e8704f851a2b,apps:46115/20,2025-08-31,2025-11-25,test,0,0.065,0,1,False,0,0,0.0,,,,
e8704f851a2b,apps:38336/21,2025-08-31,2025-11-25,test,0,0.065,0,1,False,0,0,0.0,,,,
e8704f851a2b,apps:17006/20,2025-08-31,2025-11-25,test,0,0.195,0,1,False,0,0,0.0,,,,
e8704f851a2b,apps:35777/15,2025-08-31,2025-11-25,test,0,0.065,0,1,False,0,0,0.0,,,,
e8704f851a2b,apps:37957/14,2025-08-31,2025-11-25,test,0,0.195,0,1,False,0,0,0.0,,,,
e8704f851a2b,apps:41192/22,2025-08-31,2025-11-25,test,0,0.065,0,1,False,0,0,0.0,,,,
e8704f851a2b,apps:33975/21,2025-08-31,2025-11-25,test,0,0.065,0,1,False,0,0,0.0,,,,
e8704f851a2b,apps:84056/17,2025-08-31,2025-11-25,test,0,0.195,0,1,False,0,0,0.0,,,,
e8704f851a2b,apps:59813/19,2025-08-31,2025-11-25,test,0,0.195,0,1,False,0,0,0.0,,,,
e8704f851a2b,apps:3524/22,2025-08-31,2025-11-25,test,0,0.065,0,1,False,0,0,0.0,,,,
e8704f851a2b,apps:46913/20,2025-08-31,2025-11-25,test,0,0.065,0,1,False,0,0,0.0,,,,
e8704f851a2b,apps:15816/20,2025-08-31,2025-11-25,test,0,0.065,0,1,False,0,0,0.0,,,,
e8704f851a2b,apps:34012/20,2025-08-31,2025-11-25,test,0,0.195,0,1,False,0,0,0.0,,,,
e8704f851a2b,apps:24338/21,2025-08-31,2025-11-25,test,0,0.065,0,1,False,0,0,0.0,,,,
e8704f851a2b,apps:8761/23,2025-08-31,2025-11-25,test,0,0.065,0,1,False,0,0,0.0,,,,
e8704f851a2b,apps:13375/18,2025-08-31,2025-11-25,test,0,0.195,0,1,False,0,0,0.0,,,,
e8704f851a2b,apps:42975/19,2025-08-31,2025-11-25,test,0,0.195,0,1,False,0,0,0.0,,,,
e8704f851a2b,apps:31687/15,2025-08-31,2025-11-25,test,0,0.065,0,1,False,0,0,0.0,,,,
e8704f851a2b,apps:15653/22,2025-08-31,2025-11-25,test,0,0.65,1,0,False,0,0,0.0,,,,
